slug,url,keyword_1,vol_1,keyword_2,vol_2,best_keyword,best_vol,total_vol
japan-vs-mexico,https://tabiji.ai/compare/japan-vs-mexico/,japan vs mexico,4400,mexico vs japan,74000,mexico vs japan,74000,78400
south-korea-vs-mexico,https://tabiji.ai/compare/south-korea-vs-mexico/,south korea vs mexico,2900,mexico vs south korea,40500,mexico vs south korea,40500,43400
japan-vs-brazil,https://tabiji.ai/compare/japan-vs-brazil/,japan vs brazil,22200,brazil vs japan,8100,japan vs brazil,22200,30300
bahrain-vs-japan,https://tabiji.ai/compare/bahrain-vs-japan/,bahrain vs japan,5400,japan vs bahrain,4400,bahrain vs japan,5400,9800
south-korea-vs-oman,https://tabiji.ai/compare/south-korea-vs-oman/,south korea vs oman,4400,oman vs south korea,2900,south korea vs oman,4400,7300
japan-vs-australia,https://tabiji.ai/compare/japan-vs-australia/,japan vs australia,1300,australia vs japan,1900,australia vs japan,1900,3200
vietnam-vs-singapore,https://tabiji.ai/compare/vietnam-vs-singapore/,vietnam vs singapore,1600,singapore vs vietnam,1600,vietnam vs singapore,1600,3200
south-korea-vs-jordan,https://tabiji.ai/compare/south-korea-vs-jordan/,south korea vs jordan,2400,jordan vs south korea,390,south korea vs jordan,2400,2790
hong-kong-vs-sri-lanka,https://tabiji.ai/compare/hong-kong-vs-sri-lanka/,hong kong vs sri lanka,2400,sri lanka vs hong kong,320,hong kong vs sri lanka,2400,2720
taiwan-vs-thailand,https://tabiji.ai/compare/taiwan-vs-thailand/,taiwan vs thailand,1600,thailand vs taiwan,880,taiwan vs thailand,1600,2480
japan-vs-colombia,https://tabiji.ai/compare/japan-vs-colombia/,japan vs colombia,1600,colombia vs japan,720,japan vs colombia,1600,2320
japan-vs-spain,https://tabiji.ai/compare/japan-vs-spain/,japan vs spain,1300,spain vs japan,1000,japan vs spain,1300,2300
south-korea-vs-china,https://tabiji.ai/compare/south-korea-vs-china/,south korea vs china,1900,china vs south korea,210,south korea vs china,1900,2110
japan-vs-netherlands,https://tabiji.ai/compare/japan-vs-netherlands/,japan vs netherlands,50,netherlands vs japan,1900,netherlands vs japan,1900,1950
hong-kong-vs-south-korea,https://tabiji.ai/compare/hong-kong-vs-south-korea/,hong kong vs south korea,1000,south korea vs hong kong,880,hong kong vs south korea,1000,1880
japan-vs-germany,https://tabiji.ai/compare/japan-vs-germany/,japan vs germany,720,germany vs japan,880,germany vs japan,880,1600
vietnam-vs-malaysia,https://tabiji.ai/compare/vietnam-vs-malaysia/,vietnam vs malaysia,720,malaysia vs vietnam,720,vietnam vs malaysia,720,1440
hong-kong-vs-japan,https://tabiji.ai/compare/hong-kong-vs-japan/,hong kong vs japan,390,japan vs hong kong,880,japan vs hong kong,880,1270
thailand-vs-singapore,https://tabiji.ai/compare/thailand-vs-singapore/,thailand vs singapore,590,singapore vs thailand,480,thailand vs singapore,590,1070
bangkok-vs-phuket,https://tabiji.ai/compare/bangkok-vs-phuket/,bangkok vs phuket,720,phuket vs bangkok,320,bangkok vs phuket,720,1040
south-korea-vs-portugal,https://tabiji.ai/compare/south-korea-vs-portugal/,south korea vs portugal,480,portugal vs south korea,390,south korea vs portugal,480,870
seoul-vs-barcelona,https://tabiji.ai/compare/seoul-vs-barcelona/,seoul vs barcelona,260,barcelona vs seoul,590,barcelona vs seoul,590,850
dubai-vs-paris,https://tabiji.ai/compare/dubai-vs-paris/,dubai vs paris,390,paris vs dubai,390,dubai vs paris,390,780
nepal-vs-singapore,https://tabiji.ai/compare/nepal-vs-singapore/,nepal vs singapore,390,singapore vs nepal,390,nepal vs singapore,390,780
hong-kong-vs-nepal,https://tabiji.ai/compare/hong-kong-vs-nepal/,hong kong vs nepal,390,nepal vs hong kong,320,hong kong vs nepal,390,710
south-korea-vs-colombia,https://tabiji.ai/compare/south-korea-vs-colombia/,south korea vs colombia,480,colombia vs south korea,110,south korea vs colombia,480,590
barcelona-vs-dubai,https://tabiji.ai/compare/barcelona-vs-dubai/,barcelona vs dubai,20,dubai vs barcelona,480,dubai vs barcelona,480,500
japan-vs-south-africa,https://tabiji.ai/compare/japan-vs-south-africa/,japan vs south africa,170,south africa vs japan,320,south africa vs japan,320,490
hong-kong-vs-taiwan,https://tabiji.ai/compare/hong-kong-vs-taiwan/,hong kong vs taiwan,320,taiwan vs hong kong,170,hong kong vs taiwan,320,490
japan-vs-oman,https://tabiji.ai/compare/japan-vs-oman/,japan vs oman,260,oman vs japan,210,japan vs oman,260,470
paris-vs-madrid,https://tabiji.ai/compare/paris-vs-madrid/,paris vs madrid,210,madrid vs paris,260,madrid vs paris,260,470
japan-vs-uae,https://tabiji.ai/compare/japan-vs-uae/,japan vs uae,390,uae vs japan,70,japan vs uae,390,460
barcelona-vs-porto,https://tabiji.ai/compare/barcelona-vs-porto/,barcelona vs porto,320,porto vs barcelona,140,barcelona vs porto,320,460
miami-vs-paris,https://tabiji.ai/compare/miami-vs-paris/,miami vs paris,170,paris vs miami,260,paris vs miami,260,430
japan-vs-tunisia,https://tabiji.ai/compare/japan-vs-tunisia/,japan vs tunisia,30,tunisia vs japan,390,tunisia vs japan,390,420
japan-vs-belgium,https://tabiji.ai/compare/japan-vs-belgium/,japan vs belgium,140,belgium vs japan,260,belgium vs japan,260,400
bali-vs-bora-bora,https://tabiji.ai/compare/bali-vs-bora-bora/,bali vs bora bora,210,bora bora vs bali,170,bali vs bora bora,210,380
barcelona-vs-seville,https://tabiji.ai/compare/barcelona-vs-seville/,barcelona vs seville,210,seville vs barcelona,170,barcelona vs seville,210,380
japan-vs-france,https://tabiji.ai/compare/japan-vs-france/,japan vs france,210,france vs japan,140,japan vs france,210,350
budapest-vs-bucharest,https://tabiji.ai/compare/budapest-vs-bucharest/,budapest vs bucharest,210,bucharest vs budapest,140,budapest vs bucharest,210,350
japan-vs-croatia,https://tabiji.ai/compare/japan-vs-croatia/,japan vs croatia,260,croatia vs japan,30,japan vs croatia,260,290
japan-vs-ireland,https://tabiji.ai/compare/japan-vs-ireland/,japan vs ireland,30,ireland vs japan,260,ireland vs japan,260,290
paris-vs-milan,https://tabiji.ai/compare/paris-vs-milan/,paris vs milan,140,milan vs paris,140,paris vs milan,140,280
mexico-city-vs-new-york,https://tabiji.ai/compare/mexico-city-vs-new-york/,mexico city vs new york,170,new york vs mexico city,110,mexico city vs new york,170,280
japan-vs-qatar,https://tabiji.ai/compare/japan-vs-qatar/,japan vs qatar,260,qatar vs japan,20,japan vs qatar,260,280
amalfi-coast-vs-capri,https://tabiji.ai/compare/amalfi-coast-vs-capri/,amalfi coast vs capri,90,capri vs amalfi coast,170,capri vs amalfi coast,170,260
koh-samui-vs-krabi,https://tabiji.ai/compare/koh-samui-vs-krabi/,koh samui vs krabi,110,krabi vs koh samui,140,krabi vs koh samui,140,250
japan-vs-costa-rica,https://tabiji.ai/compare/japan-vs-costa-rica/,japan vs costa rica,70,costa rica vs japan,170,costa rica vs japan,170,240
south-korea-vs-italy,https://tabiji.ai/compare/south-korea-vs-italy/,south korea vs italy,30,italy vs south korea,210,italy vs south korea,210,240
japan-vs-samoa,https://tabiji.ai/compare/japan-vs-samoa/,japan vs samoa,210,samoa vs japan,30,japan vs samoa,210,240
barcelona-vs-copenhagen,https://tabiji.ai/compare/barcelona-vs-copenhagen/,barcelona vs copenhagen,210,copenhagen vs barcelona,20,barcelona vs copenhagen,210,230
japan-vs-portugal,https://tabiji.ai/compare/japan-vs-portugal/,japan vs portugal,110,portugal vs japan,110,japan vs portugal,110,220
barcelona-vs-miami,https://tabiji.ai/compare/barcelona-vs-miami/,barcelona vs miami,170,miami vs barcelona,50,barcelona vs miami,170,220
south-korea-vs-spain,https://tabiji.ai/compare/south-korea-vs-spain/,south korea vs spain,90,spain vs south korea,110,spain vs south korea,110,200
japan-vs-puerto-rico,https://tabiji.ai/compare/japan-vs-puerto-rico/,japan vs puerto rico,90,puerto rico vs japan,110,puerto rico vs japan,110,200
mallorca-vs-malta,https://tabiji.ai/compare/mallorca-vs-malta/,mallorca vs malta,90,malta vs mallorca,90,mallorca vs malta,90,180
japan-vs-argentina,https://tabiji.ai/compare/japan-vs-argentina/,japan vs argentina,70,argentina vs japan,90,argentina vs japan,90,160
ibiza-vs-mykonos,https://tabiji.ai/compare/ibiza-vs-mykonos/,ibiza vs mykonos,70,mykonos vs ibiza,90,mykonos vs ibiza,90,160
mykonos-vs-paros,https://tabiji.ai/compare/mykonos-vs-paros/,mykonos vs paros,70,paros vs mykonos,90,paros vs mykonos,90,160
chiang-mai-vs-phuket,https://tabiji.ai/compare/chiang-mai-vs-phuket/,chiang mai vs phuket,50,phuket vs chiang mai,110,phuket vs chiang mai,110,160
bahrain-vs-singapore,https://tabiji.ai/compare/bahrain-vs-singapore/,bahrain vs singapore,50,singapore vs bahrain,110,singapore vs bahrain,110,160
iran-vs-japan,https://tabiji.ai/compare/iran-vs-japan/,iran vs japan,110,japan vs iran,50,iran vs japan,110,160
new-york-vs-paris,https://tabiji.ai/compare/new-york-vs-paris/,new york vs paris,10,paris vs new york,140,paris vs new york,140,150
japan-vs-egypt,https://tabiji.ai/compare/japan-vs-egypt/,japan vs egypt,70,egypt vs japan,70,japan vs egypt,70,140
japan-vs-new-zealand,https://tabiji.ai/compare/japan-vs-new-zealand/,japan vs new zealand,70,new zealand vs japan,70,japan vs new zealand,70,140
mallorca-vs-sardinia,https://tabiji.ai/compare/mallorca-vs-sardinia/,mallorca vs sardinia,70,sardinia vs mallorca,70,mallorca vs sardinia,70,140
amsterdam-vs-prague,https://tabiji.ai/compare/amsterdam-vs-prague/,amsterdam vs prague,70,prague vs amsterdam,70,amsterdam vs prague,70,140
south-korea-vs-thailand,https://tabiji.ai/compare/south-korea-vs-thailand/,south korea vs thailand,90,thailand vs south korea,30,south korea vs thailand,90,120
mallorca-vs-canary-islands,https://tabiji.ai/compare/mallorca-vs-canary-islands/,mallorca vs canary islands,50,canary islands vs mallorca,70,canary islands vs mallorca,70,120
taiwan-vs-singapore,https://tabiji.ai/compare/taiwan-vs-singapore/,taiwan vs singapore,90,singapore vs taiwan,30,taiwan vs singapore,90,120
south-korea-vs-india,https://tabiji.ai/compare/south-korea-vs-india/,south korea vs india,40,india vs south korea,70,india vs south korea,70,110
maldives-vs-singapore,https://tabiji.ai/compare/maldives-vs-singapore/,maldives vs singapore,20,singapore vs maldives,90,singapore vs maldives,90,110
hong-kong-vs-samoa,https://tabiji.ai/compare/hong-kong-vs-samoa/,hong kong vs samoa,70,samoa vs hong kong,40,hong kong vs samoa,70,110
japan-vs-sweden,https://tabiji.ai/compare/japan-vs-sweden/,japan vs sweden,50,sweden vs japan,50,japan vs sweden,50,100
japan-vs-england,https://tabiji.ai/compare/japan-vs-england/,japan vs england,30,england vs japan,70,england vs japan,70,100
japan-vs-peru,https://tabiji.ai/compare/japan-vs-peru/,japan vs peru,50,peru vs japan,50,japan vs peru,50,100
japan-vs-chile,https://tabiji.ai/compare/japan-vs-chile/,japan vs chile,50,chile vs japan,50,japan vs chile,50,100
south-korea-vs-morocco,https://tabiji.ai/compare/south-korea-vs-morocco/,south korea vs morocco,30,morocco vs south korea,70,morocco vs south korea,70,100
south-korea-vs-argentina,https://tabiji.ai/compare/south-korea-vs-argentina/,south korea vs argentina,10,argentina vs south korea,90,argentina vs south korea,90,100
japan-vs-myanmar,https://tabiji.ai/compare/japan-vs-myanmar/,japan vs myanmar,50,myanmar vs japan,50,japan vs myanmar,50,100
south-korea-vs-singapore,https://tabiji.ai/compare/south-korea-vs-singapore/,south korea vs singapore,20,singapore vs south korea,70,singapore vs south korea,70,90
yosemite-vs-zion,https://tabiji.ai/compare/yosemite-vs-zion/,yosemite vs zion,40,zion vs yosemite,50,zion vs yosemite,50,90
santorini-vs-paros,https://tabiji.ai/compare/santorini-vs-paros/,santorini vs paros,20,paros vs santorini,70,paros vs santorini,70,90
sardinia-vs-malta,https://tabiji.ai/compare/sardinia-vs-malta/,sardinia vs malta,40,malta vs sardinia,50,malta vs sardinia,50,90
japan-vs-norway,https://tabiji.ai/compare/japan-vs-norway/,japan vs norway,40,norway vs japan,40,japan vs norway,40,80
taiwan-vs-spain,https://tabiji.ai/compare/taiwan-vs-spain/,taiwan vs spain,40,spain vs taiwan,40,taiwan vs spain,40,80
ecuador-vs-japan,https://tabiji.ai/compare/ecuador-vs-japan/,ecuador vs japan,40,japan vs ecuador,40,ecuador vs japan,40,80
japan-vs-turkey,https://tabiji.ai/compare/japan-vs-turkey/,japan vs turkey,30,turkey vs japan,40,turkey vs japan,40,70
kyoto-vs-hokkaido,https://tabiji.ai/compare/kyoto-vs-hokkaido/,kyoto vs hokkaido,0,hokkaido vs kyoto,70,hokkaido vs kyoto,70,70
osaka-vs-yokohama,https://tabiji.ai/compare/osaka-vs-yokohama/,osaka vs yokohama,0,yokohama vs osaka,70,yokohama vs osaka,70,70
guatemala-vs-japan,https://tabiji.ai/compare/guatemala-vs-japan/,guatemala vs japan,50,japan vs guatemala,20,guatemala vs japan,50,70
bali-vs-phu-quoc,https://tabiji.ai/compare/bali-vs-phu-quoc/,bali vs phu quoc,40,phu quoc vs bali,20,bali vs phu quoc,40,60
japan-vs-morocco,https://tabiji.ai/compare/japan-vs-morocco/,japan vs morocco,10,morocco vs japan,50,morocco vs japan,50,60
kyoto-vs-fukuoka,https://tabiji.ai/compare/kyoto-vs-fukuoka/,kyoto vs fukuoka,20,fukuoka vs kyoto,40,fukuoka vs kyoto,40,60
paris-vs-valencia,https://tabiji.ai/compare/paris-vs-valencia/,paris vs valencia,50,valencia vs paris,10,paris vs valencia,50,60
bali-vs-tahiti,https://tabiji.ai/compare/bali-vs-tahiti/,bali vs tahiti,30,tahiti vs bali,30,bali vs tahiti,30,60
south-korea-vs-indonesia,https://tabiji.ai/compare/south-korea-vs-indonesia/,south korea vs indonesia,30,indonesia vs south korea,30,south korea vs indonesia,30,60
south-korea-vs-philippines,https://tabiji.ai/compare/south-korea-vs-philippines/,south korea vs philippines,30,philippines vs south korea,30,south korea vs philippines,30,60
osaka-vs-hokkaido,https://tabiji.ai/compare/osaka-vs-hokkaido/,osaka vs hokkaido,40,hokkaido vs osaka,20,osaka vs hokkaido,40,60
fukuoka-vs-hiroshima,https://tabiji.ai/compare/fukuoka-vs-hiroshima/,fukuoka vs hiroshima,30,hiroshima vs fukuoka,30,fukuoka vs hiroshima,30,60
fukuoka-vs-kobe,https://tabiji.ai/compare/fukuoka-vs-kobe/,fukuoka vs kobe,40,kobe vs fukuoka,20,fukuoka vs kobe,40,60
hong-kong-vs-philippines,https://tabiji.ai/compare/hong-kong-vs-philippines/,hong kong vs philippines,20,philippines vs hong kong,40,philippines vs hong kong,40,60
japan-vs-jordan,https://tabiji.ai/compare/japan-vs-jordan/,japan vs jordan,10,jordan vs japan,40,jordan vs japan,40,50
japan-vs-georgia,https://tabiji.ai/compare/japan-vs-georgia/,japan vs georgia,20,georgia vs japan,30,georgia vs japan,30,50
paris-vs-munich,https://tabiji.ai/compare/paris-vs-munich/,paris vs munich,30,munich vs paris,20,paris vs munich,30,50
japan-vs-austria,https://tabiji.ai/compare/japan-vs-austria/,japan vs austria,30,austria vs japan,20,japan vs austria,30,50
japan-vs-denmark,https://tabiji.ai/compare/japan-vs-denmark/,japan vs denmark,40,denmark vs japan,10,japan vs denmark,40,50
japan-vs-finland,https://tabiji.ai/compare/japan-vs-finland/,japan vs finland,30,finland vs japan,20,japan vs finland,30,50
phuket-vs-da-nang,https://tabiji.ai/compare/phuket-vs-da-nang/,phuket vs da nang,0,da nang vs phuket,50,da nang vs phuket,50,50
kuala-lumpur-vs-hanoi,https://tabiji.ai/compare/kuala-lumpur-vs-hanoi/,kuala lumpur vs hanoi,20,hanoi vs kuala lumpur,30,hanoi vs kuala lumpur,30,50
tokyo-vs-kobe,https://tabiji.ai/compare/tokyo-vs-kobe/,tokyo vs kobe,20,kobe vs tokyo,30,kobe vs tokyo,30,50
taiwan-vs-indonesia,https://tabiji.ai/compare/taiwan-vs-indonesia/,taiwan vs indonesia,0,indonesia vs taiwan,50,indonesia vs taiwan,50,50
taiwan-vs-philippines,https://tabiji.ai/compare/taiwan-vs-philippines/,taiwan vs philippines,40,philippines vs taiwan,10,taiwan vs philippines,40,50
ibiza-vs-malta,https://tabiji.ai/compare/ibiza-vs-malta/,ibiza vs malta,20,malta vs ibiza,30,malta vs ibiza,30,50
hakone-vs-kamakura,https://tabiji.ai/compare/hakone-vs-kamakura/,hakone vs kamakura,20,kamakura vs hakone,30,kamakura vs hakone,30,50
cuba-vs-japan,https://tabiji.ai/compare/cuba-vs-japan/,cuba vs japan,10,japan vs cuba,40,japan vs cuba,40,50
hong-kong-vs-italy,https://tabiji.ai/compare/hong-kong-vs-italy/,hong kong vs italy,30,italy vs hong kong,20,hong kong vs italy,30,50
tuscany-vs-lake-como,https://tabiji.ai/compare/tuscany-vs-lake-como/,tuscany vs lake como,20,lake como vs tuscany,20,tuscany vs lake como,20,40
tokyo-vs-berlin,https://tabiji.ai/compare/tokyo-vs-berlin/,tokyo vs berlin,20,berlin vs tokyo,20,tokyo vs berlin,20,40
bali-vs-goa,https://tabiji.ai/compare/bali-vs-goa/,bali vs goa,20,goa vs bali,20,bali vs goa,20,40
london-vs-copenhagen,https://tabiji.ai/compare/london-vs-copenhagen/,london vs copenhagen,20,copenhagen vs london,20,london vs copenhagen,20,40
seoul-vs-manila,https://tabiji.ai/compare/seoul-vs-manila/,seoul vs manila,20,manila vs seoul,20,seoul vs manila,20,40
bali-vs-zanzibar,https://tabiji.ai/compare/bali-vs-zanzibar/,bali vs zanzibar,20,zanzibar vs bali,20,bali vs zanzibar,20,40
tokyo-vs-dubai,https://tabiji.ai/compare/tokyo-vs-dubai/,tokyo vs dubai,20,dubai vs tokyo,20,tokyo vs dubai,20,40
tokyo-vs-okinawa,https://tabiji.ai/compare/tokyo-vs-okinawa/,tokyo vs okinawa,20,okinawa vs tokyo,20,tokyo vs okinawa,20,40
bali-vs-cancun,https://tabiji.ai/compare/bali-vs-cancun/,bali vs cancun,20,cancun vs bali,20,bali vs cancun,20,40
tokyo-vs-hokkaido,https://tabiji.ai/compare/tokyo-vs-hokkaido/,tokyo vs hokkaido,20,hokkaido vs tokyo,20,tokyo vs hokkaido,20,40
tokyo-vs-mexico-city,https://tabiji.ai/compare/tokyo-vs-mexico-city/,tokyo vs mexico city,20,mexico city vs tokyo,20,tokyo vs mexico city,20,40
bali-vs-tulum,https://tabiji.ai/compare/bali-vs-tulum/,bali vs tulum,20,tulum vs bali,20,bali vs tulum,20,40
japan-vs-slovenia,https://tabiji.ai/compare/japan-vs-slovenia/,japan vs slovenia,20,slovenia vs japan,20,japan vs slovenia,20,40
paris-vs-florence,https://tabiji.ai/compare/paris-vs-florence/,paris vs florence,20,florence vs paris,20,paris vs florence,20,40
bali-vs-bahamas,https://tabiji.ai/compare/bali-vs-bahamas/,bali vs bahamas,20,bahamas vs bali,20,bali vs bahamas,20,40
japan-vs-switzerland,https://tabiji.ai/compare/japan-vs-switzerland/,japan vs switzerland,20,switzerland vs japan,20,japan vs switzerland,20,40
tokyo-vs-los-angeles,https://tabiji.ai/compare/tokyo-vs-los-angeles/,tokyo vs los angeles,20,los angeles vs tokyo,20,tokyo vs los angeles,20,40
paris-vs-venice,https://tabiji.ai/compare/paris-vs-venice/,paris vs venice,20,venice vs paris,20,paris vs venice,20,40
tokyo-vs-chicago,https://tabiji.ai/compare/tokyo-vs-chicago/,tokyo vs chicago,20,chicago vs tokyo,20,tokyo vs chicago,20,40
kyoto-vs-hakone,https://tabiji.ai/compare/kyoto-vs-hakone/,kyoto vs hakone,20,hakone vs kyoto,20,kyoto vs hakone,20,40
tokyo-vs-sydney,https://tabiji.ai/compare/tokyo-vs-sydney/,tokyo vs sydney,20,sydney vs tokyo,20,tokyo vs sydney,20,40
seoul-vs-hong-kong,https://tabiji.ai/compare/seoul-vs-hong-kong/,seoul vs hong kong,20,hong kong vs seoul,20,seoul vs hong kong,20,40
seoul-vs-singapore,https://tabiji.ai/compare/seoul-vs-singapore/,seoul vs singapore,20,singapore vs seoul,20,seoul vs singapore,20,40
paris-vs-copenhagen,https://tabiji.ai/compare/paris-vs-copenhagen/,paris vs copenhagen,20,copenhagen vs paris,20,paris vs copenhagen,20,40
japan-vs-scotland,https://tabiji.ai/compare/japan-vs-scotland/,japan vs scotland,20,scotland vs japan,20,japan vs scotland,20,40
seoul-vs-beijing,https://tabiji.ai/compare/seoul-vs-beijing/,seoul vs beijing,20,beijing vs seoul,20,seoul vs beijing,20,40
phuket-vs-palawan,https://tabiji.ai/compare/phuket-vs-palawan/,phuket vs palawan,20,palawan vs phuket,20,phuket vs palawan,20,40
kyoto-vs-okinawa,https://tabiji.ai/compare/kyoto-vs-okinawa/,kyoto vs okinawa,0,okinawa vs kyoto,40,okinawa vs kyoto,40,40
seoul-vs-london,https://tabiji.ai/compare/seoul-vs-london/,seoul vs london,20,london vs seoul,20,seoul vs london,20,40
rome-vs-porto,https://tabiji.ai/compare/rome-vs-porto/,rome vs porto,20,porto vs rome,20,rome vs porto,20,40
phuket-vs-phu-quoc,https://tabiji.ai/compare/phuket-vs-phu-quoc/,phuket vs phu quoc,20,phu quoc vs phuket,20,phuket vs phu quoc,20,40
japan-vs-panama,https://tabiji.ai/compare/japan-vs-panama/,japan vs panama,20,panama vs japan,20,japan vs panama,20,40
osaka-vs-sapporo,https://tabiji.ai/compare/osaka-vs-sapporo/,osaka vs sapporo,20,sapporo vs osaka,20,osaka vs sapporo,20,40
singapore-vs-manila,https://tabiji.ai/compare/singapore-vs-manila/,singapore vs manila,20,manila vs singapore,20,singapore vs manila,20,40
south-korea-vs-vietnam,https://tabiji.ai/compare/south-korea-vs-vietnam/,south korea vs vietnam,20,vietnam vs south korea,20,south korea vs vietnam,20,40
south-korea-vs-malaysia,https://tabiji.ai/compare/south-korea-vs-malaysia/,south korea vs malaysia,20,malaysia vs south korea,20,south korea vs malaysia,20,40
singapore-vs-phuket,https://tabiji.ai/compare/singapore-vs-phuket/,singapore vs phuket,20,phuket vs singapore,20,singapore vs phuket,20,40
bangkok-vs-jakarta,https://tabiji.ai/compare/bangkok-vs-jakarta/,bangkok vs jakarta,20,jakarta vs bangkok,20,bangkok vs jakarta,20,40
bangkok-vs-manila,https://tabiji.ai/compare/bangkok-vs-manila/,bangkok vs manila,20,manila vs bangkok,20,bangkok vs manila,20,40
south-korea-vs-sri-lanka,https://tabiji.ai/compare/south-korea-vs-sri-lanka/,south korea vs sri lanka,20,sri lanka vs south korea,20,south korea vs sri lanka,20,40
seoul-vs-new-york,https://tabiji.ai/compare/seoul-vs-new-york/,seoul vs new york,20,new york vs seoul,20,seoul vs new york,20,40
barcelona-vs-munich,https://tabiji.ai/compare/barcelona-vs-munich/,barcelona vs munich,40,munich vs barcelona,0,barcelona vs munich,40,40
south-korea-vs-france,https://tabiji.ai/compare/south-korea-vs-france/,south korea vs france,20,france vs south korea,20,south korea vs france,20,40
barcelona-vs-venice,https://tabiji.ai/compare/barcelona-vs-venice/,barcelona vs venice,20,venice vs barcelona,20,barcelona vs venice,20,40
south-korea-vs-turkey,https://tabiji.ai/compare/south-korea-vs-turkey/,south korea vs turkey,20,turkey vs south korea,20,south korea vs turkey,20,40
taipei-vs-singapore,https://tabiji.ai/compare/taipei-vs-singapore/,taipei vs singapore,20,singapore vs taipei,20,taipei vs singapore,20,40
south-korea-vs-egypt,https://tabiji.ai/compare/south-korea-vs-egypt/,south korea vs egypt,20,egypt vs south korea,20,south korea vs egypt,20,40
iceland-vs-banff,https://tabiji.ai/compare/iceland-vs-banff/,iceland vs banff,20,banff vs iceland,20,iceland vs banff,20,40
fukuoka-vs-sapporo,https://tabiji.ai/compare/fukuoka-vs-sapporo/,fukuoka vs sapporo,20,sapporo vs fukuoka,20,fukuoka vs sapporo,20,40
kuala-lumpur-vs-manila,https://tabiji.ai/compare/kuala-lumpur-vs-manila/,kuala lumpur vs manila,20,manila vs kuala lumpur,20,kuala lumpur vs manila,20,40
south-korea-vs-croatia,https://tabiji.ai/compare/south-korea-vs-croatia/,south korea vs croatia,20,croatia vs south korea,20,south korea vs croatia,20,40
banff-vs-yosemite,https://tabiji.ai/compare/banff-vs-yosemite/,banff vs yosemite,20,yosemite vs banff,20,banff vs yosemite,20,40
mallorca-vs-sicily,https://tabiji.ai/compare/mallorca-vs-sicily/,mallorca vs sicily,20,sicily vs mallorca,20,mallorca vs sicily,20,40
mallorca-vs-corsica,https://tabiji.ai/compare/mallorca-vs-corsica/,mallorca vs corsica,20,corsica vs mallorca,20,mallorca vs corsica,20,40
mallorca-vs-madeira,https://tabiji.ai/compare/mallorca-vs-madeira/,mallorca vs madeira,20,madeira vs mallorca,20,mallorca vs madeira,20,40
south-korea-vs-switzerland,https://tabiji.ai/compare/south-korea-vs-switzerland/,south korea vs switzerland,20,switzerland vs south korea,20,south korea vs switzerland,20,40
south-korea-vs-norway,https://tabiji.ai/compare/south-korea-vs-norway/,south korea vs norway,20,norway vs south korea,20,south korea vs norway,20,40
mallorca-vs-crete,https://tabiji.ai/compare/mallorca-vs-crete/,mallorca vs crete,20,crete vs mallorca,20,mallorca vs crete,20,40
south-korea-vs-peru,https://tabiji.ai/compare/south-korea-vs-peru/,south korea vs peru,20,peru vs south korea,20,south korea vs peru,20,40
south-korea-vs-chile,https://tabiji.ai/compare/south-korea-vs-chile/,south korea vs chile,20,chile vs south korea,20,south korea vs chile,20,40
south-korea-vs-new-zealand,https://tabiji.ai/compare/south-korea-vs-new-zealand/,south korea vs new zealand,20,new zealand vs south korea,20,south korea vs new zealand,20,40
fukuoka-vs-okinawa,https://tabiji.ai/compare/fukuoka-vs-okinawa/,fukuoka vs okinawa,20,okinawa vs fukuoka,20,fukuoka vs okinawa,20,40
fukuoka-vs-hokkaido,https://tabiji.ai/compare/fukuoka-vs-hokkaido/,fukuoka vs hokkaido,20,hokkaido vs fukuoka,20,fukuoka vs hokkaido,20,40
taiwan-vs-malaysia,https://tabiji.ai/compare/taiwan-vs-malaysia/,taiwan vs malaysia,20,malaysia vs taiwan,20,taiwan vs malaysia,20,40
ibiza-vs-menorca,https://tabiji.ai/compare/ibiza-vs-menorca/,ibiza vs menorca,20,menorca vs ibiza,20,ibiza vs menorca,20,40
fukuoka-vs-yokohama,https://tabiji.ai/compare/fukuoka-vs-yokohama/,fukuoka vs yokohama,20,yokohama vs fukuoka,20,fukuoka vs yokohama,20,40
ibiza-vs-sardinia,https://tabiji.ai/compare/ibiza-vs-sardinia/,ibiza vs sardinia,20,sardinia vs ibiza,20,ibiza vs sardinia,20,40
kanazawa-vs-hakone,https://tabiji.ai/compare/kanazawa-vs-hakone/,kanazawa vs hakone,20,hakone vs kanazawa,20,kanazawa vs hakone,20,40
ibiza-vs-canary-islands,https://tabiji.ai/compare/ibiza-vs-canary-islands/,ibiza vs canary islands,20,canary islands vs ibiza,20,ibiza vs canary islands,20,40
kanazawa-vs-kamakura,https://tabiji.ai/compare/kanazawa-vs-kamakura/,kanazawa vs kamakura,20,kamakura vs kanazawa,20,kanazawa vs kamakura,20,40
kanazawa-vs-hiroshima,https://tabiji.ai/compare/kanazawa-vs-hiroshima/,kanazawa vs hiroshima,20,hiroshima vs kanazawa,20,kanazawa vs hiroshima,20,40
taiwan-vs-mexico,https://tabiji.ai/compare/taiwan-vs-mexico/,taiwan vs mexico,20,mexico vs taiwan,20,taiwan vs mexico,20,40
taiwan-vs-new-zealand,https://tabiji.ai/compare/taiwan-vs-new-zealand/,taiwan vs new zealand,20,new zealand vs taiwan,20,taiwan vs new zealand,20,40
menorca-vs-sardinia,https://tabiji.ai/compare/menorca-vs-sardinia/,menorca vs sardinia,20,sardinia vs menorca,20,menorca vs sardinia,20,40
thailand-vs-portugal,https://tabiji.ai/compare/thailand-vs-portugal/,thailand vs portugal,20,portugal vs thailand,20,thailand vs portugal,20,40
takayama-vs-nagano,https://tabiji.ai/compare/takayama-vs-nagano/,takayama vs nagano,20,nagano vs takayama,20,takayama vs nagano,20,40
thailand-vs-italy,https://tabiji.ai/compare/thailand-vs-italy/,thailand vs italy,20,italy vs thailand,20,thailand vs italy,20,40
thailand-vs-greece,https://tabiji.ai/compare/thailand-vs-greece/,thailand vs greece,20,greece vs thailand,20,thailand vs greece,20,40
thailand-vs-croatia,https://tabiji.ai/compare/thailand-vs-croatia/,thailand vs croatia,20,croatia vs thailand,20,thailand vs croatia,20,40
santorini-vs-maldives,https://tabiji.ai/compare/santorini-vs-maldives/,santorini vs maldives,20,maldives vs santorini,20,santorini vs maldives,20,40
thailand-vs-turkey,https://tabiji.ai/compare/thailand-vs-turkey/,thailand vs turkey,20,turkey vs thailand,20,thailand vs turkey,20,40
thailand-vs-georgia,https://tabiji.ai/compare/thailand-vs-georgia/,thailand vs georgia,20,georgia vs thailand,20,thailand vs georgia,20,40
lisbon-vs-berlin,https://tabiji.ai/compare/lisbon-vs-berlin/,lisbon vs berlin,20,berlin vs lisbon,20,lisbon vs berlin,20,40
lisbon-vs-prague,https://tabiji.ai/compare/lisbon-vs-prague/,lisbon vs prague,20,prague vs lisbon,20,lisbon vs prague,20,40
yosemite-vs-dolomites,https://tabiji.ai/compare/yosemite-vs-dolomites/,yosemite vs dolomites,0,dolomites vs yosemite,40,dolomites vs yosemite,40,40
lisbon-vs-amsterdam,https://tabiji.ai/compare/lisbon-vs-amsterdam/,lisbon vs amsterdam,20,amsterdam vs lisbon,20,lisbon vs amsterdam,20,40
lisbon-vs-copenhagen,https://tabiji.ai/compare/lisbon-vs-copenhagen/,lisbon vs copenhagen,20,copenhagen vs lisbon,20,lisbon vs copenhagen,20,40
thailand-vs-colombia,https://tabiji.ai/compare/thailand-vs-colombia/,thailand vs colombia,20,colombia vs thailand,20,thailand vs colombia,20,40
sardinia-vs-madeira,https://tabiji.ai/compare/sardinia-vs-madeira/,sardinia vs madeira,20,madeira vs sardinia,20,sardinia vs madeira,20,40
thailand-vs-chile,https://tabiji.ai/compare/thailand-vs-chile/,thailand vs chile,20,chile vs thailand,20,thailand vs chile,20,40
lisbon-vs-dublin,https://tabiji.ai/compare/lisbon-vs-dublin/,lisbon vs dublin,20,dublin vs lisbon,20,lisbon vs dublin,20,40
thailand-vs-new-zealand,https://tabiji.ai/compare/thailand-vs-new-zealand/,thailand vs new zealand,20,new zealand vs thailand,20,thailand vs new zealand,20,40
mykonos-vs-milos,https://tabiji.ai/compare/mykonos-vs-milos/,mykonos vs milos,20,milos vs mykonos,20,mykonos vs milos,20,40
sardinia-vs-crete,https://tabiji.ai/compare/sardinia-vs-crete/,sardinia vs crete,20,crete vs sardinia,20,sardinia vs crete,20,40
lisbon-vs-valencia,https://tabiji.ai/compare/lisbon-vs-valencia/,lisbon vs valencia,20,valencia vs lisbon,20,lisbon vs valencia,20,40
vietnam-vs-spain,https://tabiji.ai/compare/vietnam-vs-spain/,vietnam vs spain,20,spain vs vietnam,20,vietnam vs spain,20,40
lisbon-vs-london,https://tabiji.ai/compare/lisbon-vs-london/,lisbon vs london,20,london vs lisbon,20,lisbon vs london,20,40
budapest-vs-paris,https://tabiji.ai/compare/budapest-vs-paris/,budapest vs paris,20,paris vs budapest,20,budapest vs paris,20,40
budapest-vs-london,https://tabiji.ai/compare/budapest-vs-london/,budapest vs london,20,london vs budapest,20,budapest vs london,20,40
barcelona-vs-budapest,https://tabiji.ai/compare/barcelona-vs-budapest/,barcelona vs budapest,20,budapest vs barcelona,20,barcelona vs budapest,20,40
barcelona-vs-london,https://tabiji.ai/compare/barcelona-vs-london/,barcelona vs london,20,london vs barcelona,20,barcelona vs london,20,40
london-vs-mexico-city,https://tabiji.ai/compare/london-vs-mexico-city/,london vs mexico city,20,mexico city vs london,20,london vs mexico city,20,40
barcelona-vs-mexico-city,https://tabiji.ai/compare/barcelona-vs-mexico-city/,barcelona vs mexico city,40,mexico city vs barcelona,0,barcelona vs mexico city,40,40
berlin-vs-paris,https://tabiji.ai/compare/berlin-vs-paris/,berlin vs paris,40,paris vs berlin,0,berlin vs paris,40,40
berlin-vs-budapest,https://tabiji.ai/compare/berlin-vs-budapest/,berlin vs budapest,20,budapest vs berlin,20,berlin vs budapest,20,40
amsterdam-vs-budapest,https://tabiji.ai/compare/amsterdam-vs-budapest/,amsterdam vs budapest,20,budapest vs amsterdam,20,amsterdam vs budapest,20,40
dubai-vs-london,https://tabiji.ai/compare/dubai-vs-london/,dubai vs london,20,london vs dubai,20,dubai vs london,20,40
buenos-aires-vs-paris,https://tabiji.ai/compare/buenos-aires-vs-paris/,buenos aires vs paris,20,paris vs buenos aires,20,buenos aires vs paris,20,40
berlin-vs-rome,https://tabiji.ai/compare/berlin-vs-rome/,berlin vs rome,20,rome vs berlin,20,berlin vs rome,20,40
budapest-vs-munich,https://tabiji.ai/compare/budapest-vs-munich/,budapest vs munich,20,munich vs budapest,20,budapest vs munich,20,40
barcelona-vs-berlin,https://tabiji.ai/compare/barcelona-vs-berlin/,barcelona vs berlin,20,berlin vs barcelona,20,barcelona vs berlin,20,40
london-vs-vienna,https://tabiji.ai/compare/london-vs-vienna/,london vs vienna,20,vienna vs london,20,london vs vienna,20,40
madrid-vs-mexico-city,https://tabiji.ai/compare/madrid-vs-mexico-city/,madrid vs mexico city,20,mexico city vs madrid,20,madrid vs mexico city,20,40
istanbul-vs-paris,https://tabiji.ai/compare/istanbul-vs-paris/,istanbul vs paris,20,paris vs istanbul,20,istanbul vs paris,20,40
budapest-vs-copenhagen,https://tabiji.ai/compare/budapest-vs-copenhagen/,budapest vs copenhagen,20,copenhagen vs budapest,20,budapest vs copenhagen,20,40
london-vs-prague,https://tabiji.ai/compare/london-vs-prague/,london vs prague,20,prague vs london,20,london vs prague,20,40
new-york-vs-rome,https://tabiji.ai/compare/new-york-vs-rome/,new york vs rome,20,rome vs new york,20,new york vs rome,20,40
rome-vs-vienna,https://tabiji.ai/compare/rome-vs-vienna/,rome vs vienna,20,vienna vs rome,20,rome vs vienna,20,40
barcelona-vs-vienna,https://tabiji.ai/compare/barcelona-vs-vienna/,barcelona vs vienna,20,vienna vs barcelona,20,barcelona vs vienna,20,40
prague-vs-rome,https://tabiji.ai/compare/prague-vs-rome/,prague vs rome,20,rome vs prague,20,prague vs rome,20,40
rome-vs-tuscany,https://tabiji.ai/compare/rome-vs-tuscany/,rome vs tuscany,20,tuscany vs rome,20,rome vs tuscany,20,40
barcelona-vs-buenos-aires,https://tabiji.ai/compare/barcelona-vs-buenos-aires/,barcelona vs buenos aires,20,buenos aires vs barcelona,20,barcelona vs buenos aires,20,40
barcelona-vs-prague,https://tabiji.ai/compare/barcelona-vs-prague/,barcelona vs prague,20,prague vs barcelona,20,barcelona vs prague,20,40
budapest-vs-istanbul,https://tabiji.ai/compare/budapest-vs-istanbul/,budapest vs istanbul,20,istanbul vs budapest,20,budapest vs istanbul,20,40
istanbul-vs-london,https://tabiji.ai/compare/istanbul-vs-london/,istanbul vs london,20,london vs istanbul,20,istanbul vs london,20,40
chiang-mai-vs-da-nang,https://tabiji.ai/compare/chiang-mai-vs-da-nang/,chiang mai vs da nang,20,da nang vs chiang mai,20,chiang mai vs da nang,20,40
istanbul-vs-rome,https://tabiji.ai/compare/istanbul-vs-rome/,istanbul vs rome,20,rome vs istanbul,20,istanbul vs rome,20,40
krakow-vs-vienna,https://tabiji.ai/compare/krakow-vs-vienna/,krakow vs vienna,20,vienna vs krakow,20,krakow vs vienna,20,40
amsterdam-vs-munich,https://tabiji.ai/compare/amsterdam-vs-munich/,amsterdam vs munich,20,munich vs amsterdam,20,amsterdam vs munich,20,40
chiang-mai-vs-hanoi,https://tabiji.ai/compare/chiang-mai-vs-hanoi/,chiang mai vs hanoi,20,hanoi vs chiang mai,20,chiang mai vs hanoi,20,40
amsterdam-vs-vienna,https://tabiji.ai/compare/amsterdam-vs-vienna/,amsterdam vs vienna,20,vienna vs amsterdam,20,amsterdam vs vienna,20,40
amsterdam-vs-milan,https://tabiji.ai/compare/amsterdam-vs-milan/,amsterdam vs milan,20,milan vs amsterdam,20,amsterdam vs milan,20,40
amsterdam-vs-stockholm,https://tabiji.ai/compare/amsterdam-vs-stockholm/,amsterdam vs stockholm,20,stockholm vs amsterdam,20,amsterdam vs stockholm,20,40
amsterdam-vs-new-york,https://tabiji.ai/compare/amsterdam-vs-new-york/,amsterdam vs new york,20,new york vs amsterdam,20,amsterdam vs new york,20,40
hong-kong-vs-thailand,https://tabiji.ai/compare/hong-kong-vs-thailand/,hong kong vs thailand,20,thailand vs hong kong,20,hong kong vs thailand,20,40
iceland-vs-south-korea,https://tabiji.ai/compare/iceland-vs-south-korea/,iceland vs south korea,20,south korea vs iceland,20,iceland vs south korea,20,40
hong-kong-vs-vietnam,https://tabiji.ai/compare/hong-kong-vs-vietnam/,hong kong vs vietnam,20,vietnam vs hong kong,20,hong kong vs vietnam,20,40
new-zealand-vs-singapore,https://tabiji.ai/compare/new-zealand-vs-singapore/,new zealand vs singapore,20,singapore vs new zealand,20,new zealand vs singapore,20,40
singapore-vs-sri-lanka,https://tabiji.ai/compare/singapore-vs-sri-lanka/,singapore vs sri lanka,20,sri lanka vs singapore,20,singapore vs sri lanka,20,40
cambodia-vs-japan,https://tabiji.ai/compare/cambodia-vs-japan/,cambodia vs japan,20,japan vs cambodia,20,cambodia vs japan,20,40
qatar-vs-singapore,https://tabiji.ai/compare/qatar-vs-singapore/,qatar vs singapore,20,singapore vs qatar,20,qatar vs singapore,20,40
japan-vs-kyrgyzstan,https://tabiji.ai/compare/japan-vs-kyrgyzstan/,japan vs kyrgyzstan,20,kyrgyzstan vs japan,20,japan vs kyrgyzstan,20,40
japan-vs-uzbekistan,https://tabiji.ai/compare/japan-vs-uzbekistan/,japan vs uzbekistan,20,uzbekistan vs japan,20,japan vs uzbekistan,20,40
argentina-vs-hong-kong,https://tabiji.ai/compare/argentina-vs-hong-kong/,argentina vs hong kong,20,hong kong vs argentina,20,argentina vs hong kong,20,40
bhutan-vs-hong-kong,https://tabiji.ai/compare/bhutan-vs-hong-kong/,bhutan vs hong kong,20,hong kong vs bhutan,20,bhutan vs hong kong,20,40
greece-vs-iceland,https://tabiji.ai/compare/greece-vs-iceland/,greece vs iceland,20,iceland vs greece,20,greece vs iceland,20,40
iceland-vs-peru,https://tabiji.ai/compare/iceland-vs-peru/,iceland vs peru,20,peru vs iceland,20,iceland vs peru,20,40
tokyo-vs-hiroshima,https://tabiji.ai/compare/tokyo-vs-hiroshima/,tokyo vs hiroshima,30,hiroshima vs tokyo,0,tokyo vs hiroshima,30,30
paris-vs-porto,https://tabiji.ai/compare/paris-vs-porto/,paris vs porto,10,porto vs paris,20,porto vs paris,20,30
kyoto-vs-yokohama,https://tabiji.ai/compare/kyoto-vs-yokohama/,kyoto vs yokohama,30,yokohama vs kyoto,0,kyoto vs yokohama,30,30
kyoto-vs-nagasaki,https://tabiji.ai/compare/kyoto-vs-nagasaki/,kyoto vs nagasaki,30,nagasaki vs kyoto,0,kyoto vs nagasaki,30,30
rome-vs-seville,https://tabiji.ai/compare/rome-vs-seville/,rome vs seville,10,seville vs rome,20,seville vs rome,20,30
fukuoka-vs-kanazawa,https://tabiji.ai/compare/fukuoka-vs-kanazawa/,fukuoka vs kanazawa,20,kanazawa vs fukuoka,10,fukuoka vs kanazawa,20,30
banff-vs-yellowstone,https://tabiji.ai/compare/banff-vs-yellowstone/,banff vs yellowstone,10,yellowstone vs banff,20,yellowstone vs banff,20,30
banff-vs-dolomites,https://tabiji.ai/compare/banff-vs-dolomites/,banff vs dolomites,10,dolomites vs banff,20,dolomites vs banff,20,30
lake-como-vs-capri,https://tabiji.ai/compare/lake-como-vs-capri/,lake como vs capri,20,capri vs lake como,10,lake como vs capri,20,30
yosemite-vs-glacier-national-park,https://tabiji.ai/compare/yosemite-vs-glacier-national-park/,yosemite vs glacier national park,10,glacier national park vs yosemite,20,glacier national park vs yosemite,20,30
vietnam-vs-portugal,https://tabiji.ai/compare/vietnam-vs-portugal/,vietnam vs portugal,20,portugal vs vietnam,10,vietnam vs portugal,20,30
bangkok-vs-paris,https://tabiji.ai/compare/bangkok-vs-paris/,bangkok vs paris,20,paris vs bangkok,10,bangkok vs paris,20,30
dubai-vs-phuket,https://tabiji.ai/compare/dubai-vs-phuket/,dubai vs phuket,10,phuket vs dubai,20,phuket vs dubai,20,30
dubai-vs-munich,https://tabiji.ai/compare/dubai-vs-munich/,dubai vs munich,0,munich vs dubai,30,munich vs dubai,30,30
japan-vs-maldives,https://tabiji.ai/compare/japan-vs-maldives/,japan vs maldives,20,maldives vs japan,10,japan vs maldives,20,30
ireland-vs-singapore,https://tabiji.ai/compare/ireland-vs-singapore/,ireland vs singapore,10,singapore vs ireland,20,singapore vs ireland,20,30
oman-vs-singapore,https://tabiji.ai/compare/oman-vs-singapore/,oman vs singapore,20,singapore vs oman,10,oman vs singapore,20,30
hong-kong-vs-portugal,https://tabiji.ai/compare/hong-kong-vs-portugal/,hong kong vs portugal,10,portugal vs hong kong,20,portugal vs hong kong,20,30
hong-kong-vs-oman,https://tabiji.ai/compare/hong-kong-vs-oman/,hong kong vs oman,10,oman vs hong kong,20,oman vs hong kong,20,30
croatia-vs-iceland,https://tabiji.ai/compare/croatia-vs-iceland/,croatia vs iceland,10,iceland vs croatia,20,iceland vs croatia,20,30
santorini-vs-sardinia,https://tabiji.ai/compare/santorini-vs-sardinia/,santorini vs sardinia,20,sardinia vs santorini,10,santorini vs sardinia,20,30
tokyo-vs-nagasaki,https://tabiji.ai/compare/tokyo-vs-nagasaki/,tokyo vs nagasaki,0,nagasaki vs tokyo,20,nagasaki vs tokyo,20,20
japan-vs-greece,https://tabiji.ai/compare/japan-vs-greece/,japan vs greece,20,greece vs japan,0,japan vs greece,20,20
bali-vs-mauritius,https://tabiji.ai/compare/bali-vs-mauritius/,bali vs mauritius,20,mauritius vs bali,0,bali vs mauritius,20,20
london-vs-stockholm,https://tabiji.ai/compare/london-vs-stockholm/,london vs stockholm,20,stockholm vs london,0,london vs stockholm,20,20
seoul-vs-jeju,https://tabiji.ai/compare/seoul-vs-jeju/,seoul vs jeju,0,jeju vs seoul,20,jeju vs seoul,20,20
tokyo-vs-kansai,https://tabiji.ai/compare/tokyo-vs-kansai/,tokyo vs kansai,0,kansai vs tokyo,20,kansai vs tokyo,20,20
bali-vs-jamaica,https://tabiji.ai/compare/bali-vs-jamaica/,bali vs jamaica,20,jamaica vs bali,0,bali vs jamaica,20,20
kyoto-vs-takayama,https://tabiji.ai/compare/kyoto-vs-takayama/,kyoto vs takayama,0,takayama vs kyoto,20,takayama vs kyoto,20,20
kyoto-vs-nikko,https://tabiji.ai/compare/kyoto-vs-nikko/,kyoto vs nikko,0,nikko vs kyoto,20,nikko vs kyoto,20,20
tokyo-vs-melbourne,https://tabiji.ai/compare/tokyo-vs-melbourne/,tokyo vs melbourne,10,melbourne vs tokyo,10,tokyo vs melbourne,10,20
kyoto-vs-nagano,https://tabiji.ai/compare/kyoto-vs-nagano/,kyoto vs nagano,0,nagano vs kyoto,20,nagano vs kyoto,20,20
kyoto-vs-kamakura,https://tabiji.ai/compare/kyoto-vs-kamakura/,kyoto vs kamakura,0,kamakura vs kyoto,20,kamakura vs kyoto,20,20
paris-vs-edinburgh,https://tabiji.ai/compare/paris-vs-edinburgh/,paris vs edinburgh,0,edinburgh vs paris,20,edinburgh vs paris,20,20
paris-vs-stockholm,https://tabiji.ai/compare/paris-vs-stockholm/,paris vs stockholm,0,stockholm vs paris,20,stockholm vs paris,20,20
phuket-vs-boracay,https://tabiji.ai/compare/phuket-vs-boracay/,phuket vs boracay,0,boracay vs phuket,20,boracay vs phuket,20,20
seoul-vs-paris,https://tabiji.ai/compare/seoul-vs-paris/,seoul vs paris,20,paris vs seoul,0,seoul vs paris,20,20
phuket-vs-nha-trang,https://tabiji.ai/compare/phuket-vs-nha-trang/,phuket vs nha trang,0,nha trang vs phuket,20,nha trang vs phuket,20,20
phuket-vs-goa,https://tabiji.ai/compare/phuket-vs-goa/,phuket vs goa,0,goa vs phuket,20,goa vs phuket,20,20
osaka-vs-kanazawa,https://tabiji.ai/compare/osaka-vs-kanazawa/,osaka vs kanazawa,20,kanazawa vs osaka,0,osaka vs kanazawa,20,20
iceland-vs-lofoten,https://tabiji.ai/compare/iceland-vs-lofoten/,iceland vs lofoten,0,lofoten vs iceland,20,lofoten vs iceland,20,20
iceland-vs-lapland,https://tabiji.ai/compare/iceland-vs-lapland/,iceland vs lapland,20,lapland vs iceland,0,iceland vs lapland,20,20
south-korea-vs-nepal,https://tabiji.ai/compare/south-korea-vs-nepal/,south korea vs nepal,0,nepal vs south korea,20,nepal vs south korea,20,20
seoul-vs-los-angeles,https://tabiji.ai/compare/seoul-vs-los-angeles/,seoul vs los angeles,20,los angeles vs seoul,0,seoul vs los angeles,20,20
osaka-vs-okinawa,https://tabiji.ai/compare/osaka-vs-okinawa/,osaka vs okinawa,20,okinawa vs osaka,0,osaka vs okinawa,20,20
south-korea-vs-greece,https://tabiji.ai/compare/south-korea-vs-greece/,south korea vs greece,0,greece vs south korea,20,greece vs south korea,20,20
barcelona-vs-naples,https://tabiji.ai/compare/barcelona-vs-naples/,barcelona vs naples,20,naples vs barcelona,0,barcelona vs naples,20,20
barcelona-vs-dublin,https://tabiji.ai/compare/barcelona-vs-dublin/,barcelona vs dublin,0,dublin vs barcelona,20,dublin vs barcelona,20,20
south-korea-vs-uae,https://tabiji.ai/compare/south-korea-vs-uae/,south korea vs uae,20,uae vs south korea,0,south korea vs uae,20,20
iceland-vs-yellowstone,https://tabiji.ai/compare/iceland-vs-yellowstone/,iceland vs yellowstone,20,yellowstone vs iceland,0,iceland vs yellowstone,20,20
south-korea-vs-georgia,https://tabiji.ai/compare/south-korea-vs-georgia/,south korea vs georgia,20,georgia vs south korea,0,south korea vs georgia,20,20
amalfi-coast-vs-mallorca,https://tabiji.ai/compare/amalfi-coast-vs-mallorca/,amalfi coast vs mallorca,0,mallorca vs amalfi coast,20,mallorca vs amalfi coast,20,20
mallorca-vs-cyprus,https://tabiji.ai/compare/mallorca-vs-cyprus/,mallorca vs cyprus,0,cyprus vs mallorca,20,cyprus vs mallorca,20,20
south-korea-vs-finland,https://tabiji.ai/compare/south-korea-vs-finland/,south korea vs finland,10,finland vs south korea,10,south korea vs finland,10,20
south-korea-vs-ireland,https://tabiji.ai/compare/south-korea-vs-ireland/,south korea vs ireland,20,ireland vs south korea,0,south korea vs ireland,20,20
mallorca-vs-mykonos,https://tabiji.ai/compare/mallorca-vs-mykonos/,mallorca vs mykonos,20,mykonos vs mallorca,0,mallorca vs mykonos,20,20
banff-vs-swiss-alps,https://tabiji.ai/compare/banff-vs-swiss-alps/,banff vs swiss alps,20,swiss alps vs banff,0,banff vs swiss alps,20,20
mexico-city-vs-bangkok,https://tabiji.ai/compare/mexico-city-vs-bangkok/,mexico city vs bangkok,20,bangkok vs mexico city,0,mexico city vs bangkok,20,20
kanazawa-vs-nagano,https://tabiji.ai/compare/kanazawa-vs-nagano/,kanazawa vs nagano,0,nagano vs kanazawa,20,nagano vs kanazawa,20,20
takayama-vs-hakone,https://tabiji.ai/compare/takayama-vs-hakone/,takayama vs hakone,20,hakone vs takayama,0,takayama vs hakone,20,20
santorini-vs-mallorca,https://tabiji.ai/compare/santorini-vs-mallorca/,santorini vs mallorca,0,mallorca vs santorini,20,mallorca vs santorini,20,20
thailand-vs-spain,https://tabiji.ai/compare/thailand-vs-spain/,thailand vs spain,0,spain vs thailand,20,spain vs thailand,20,20
santorini-vs-ibiza,https://tabiji.ai/compare/santorini-vs-ibiza/,santorini vs ibiza,0,ibiza vs santorini,20,ibiza vs santorini,20,20
thailand-vs-morocco,https://tabiji.ai/compare/thailand-vs-morocco/,thailand vs morocco,0,morocco vs thailand,20,morocco vs thailand,20,20
lisbon-vs-vienna,https://tabiji.ai/compare/lisbon-vs-vienna/,lisbon vs vienna,20,vienna vs lisbon,0,lisbon vs vienna,20,20
thailand-vs-norway,https://tabiji.ai/compare/thailand-vs-norway/,thailand vs norway,0,norway vs thailand,20,norway vs thailand,20,20
thailand-vs-ireland,https://tabiji.ai/compare/thailand-vs-ireland/,thailand vs ireland,0,ireland vs thailand,20,ireland vs thailand,20,20
sardinia-vs-cyprus,https://tabiji.ai/compare/sardinia-vs-cyprus/,sardinia vs cyprus,0,cyprus vs sardinia,20,cyprus vs sardinia,20,20
vietnam-vs-italy,https://tabiji.ai/compare/vietnam-vs-italy/,vietnam vs italy,20,italy vs vietnam,0,vietnam vs italy,20,20
lisbon-vs-munich,https://tabiji.ai/compare/lisbon-vs-munich/,lisbon vs munich,20,munich vs lisbon,0,lisbon vs munich,20,20
miami-vs-tokyo,https://tabiji.ai/compare/miami-vs-tokyo/,miami vs tokyo,20,tokyo vs miami,0,miami vs tokyo,20,20
kuala-lumpur-vs-phuket,https://tabiji.ai/compare/kuala-lumpur-vs-phuket/,kuala lumpur vs phuket,0,phuket vs kuala lumpur,20,phuket vs kuala lumpur,20,20
mexico-city-vs-paris,https://tabiji.ai/compare/mexico-city-vs-paris/,mexico city vs paris,20,paris vs mexico city,0,mexico city vs paris,20,20
bangkok-vs-london,https://tabiji.ai/compare/bangkok-vs-london/,bangkok vs london,0,london vs bangkok,20,london vs bangkok,20,20
budapest-vs-rome,https://tabiji.ai/compare/budapest-vs-rome/,budapest vs rome,20,rome vs budapest,0,budapest vs rome,20,20
istanbul-vs-lisbon,https://tabiji.ai/compare/istanbul-vs-lisbon/,istanbul vs lisbon,0,lisbon vs istanbul,20,lisbon vs istanbul,20,20
barcelona-vs-medellin,https://tabiji.ai/compare/barcelona-vs-medellin/,barcelona vs medellin,20,medellin vs barcelona,0,barcelona vs medellin,20,20
belgrade-vs-paris,https://tabiji.ai/compare/belgrade-vs-paris/,belgrade vs paris,10,paris vs belgrade,10,belgrade vs paris,10,20
shanghai-vs-taipei,https://tabiji.ai/compare/shanghai-vs-taipei/,shanghai vs taipei,0,taipei vs shanghai,20,taipei vs shanghai,20,20
barcelona-vs-new-york,https://tabiji.ai/compare/barcelona-vs-new-york/,barcelona vs new york,20,new york vs barcelona,0,barcelona vs new york,20,20
london-vs-miami,https://tabiji.ai/compare/london-vs-miami/,london vs miami,20,miami vs london,0,london vs miami,20,20
berlin-vs-krakow,https://tabiji.ai/compare/berlin-vs-krakow/,berlin vs krakow,20,krakow vs berlin,0,berlin vs krakow,20,20
los-angeles-vs-mexico-city,https://tabiji.ai/compare/los-angeles-vs-mexico-city/,los angeles vs mexico city,0,mexico city vs los angeles,20,mexico city vs los angeles,20,20
chicago-vs-mexico-city,https://tabiji.ai/compare/chicago-vs-mexico-city/,chicago vs mexico city,0,mexico city vs chicago,20,mexico city vs chicago,20,20
dubai-vs-kuala-lumpur,https://tabiji.ai/compare/dubai-vs-kuala-lumpur/,dubai vs kuala lumpur,0,kuala lumpur vs dubai,20,kuala lumpur vs dubai,20,20
dubai-vs-milan,https://tabiji.ai/compare/dubai-vs-milan/,dubai vs milan,0,milan vs dubai,20,milan vs dubai,20,20
berlin-vs-milan,https://tabiji.ai/compare/berlin-vs-milan/,berlin vs milan,20,milan vs berlin,0,berlin vs milan,20,20
berlin-vs-new-york,https://tabiji.ai/compare/berlin-vs-new-york/,berlin vs new york,20,new york vs berlin,0,berlin vs new york,20,20
amsterdam-vs-oslo,https://tabiji.ai/compare/amsterdam-vs-oslo/,amsterdam vs oslo,0,oslo vs amsterdam,20,oslo vs amsterdam,20,20
iceland-vs-japan,https://tabiji.ai/compare/iceland-vs-japan/,iceland vs japan,0,japan vs iceland,20,japan vs iceland,20,20
iceland-vs-thailand,https://tabiji.ai/compare/iceland-vs-thailand/,iceland vs thailand,20,thailand vs iceland,0,iceland vs thailand,20,20
hong-kong-vs-maldives,https://tabiji.ai/compare/hong-kong-vs-maldives/,hong kong vs maldives,10,maldives vs hong kong,10,hong kong vs maldives,10,20
singapore-vs-turkey,https://tabiji.ai/compare/singapore-vs-turkey/,singapore vs turkey,20,turkey vs singapore,0,singapore vs turkey,20,20
fiji-vs-singapore,https://tabiji.ai/compare/fiji-vs-singapore/,fiji vs singapore,10,singapore vs fiji,10,fiji vs singapore,10,20
portugal-vs-singapore,https://tabiji.ai/compare/portugal-vs-singapore/,portugal vs singapore,0,singapore vs portugal,20,singapore vs portugal,20,20
jordan-vs-singapore,https://tabiji.ai/compare/jordan-vs-singapore/,jordan vs singapore,10,singapore vs jordan,10,jordan vs singapore,10,20
bhutan-vs-japan,https://tabiji.ai/compare/bhutan-vs-japan/,bhutan vs japan,20,japan vs bhutan,0,bhutan vs japan,20,20
bhutan-vs-singapore,https://tabiji.ai/compare/bhutan-vs-singapore/,bhutan vs singapore,20,singapore vs bhutan,0,bhutan vs singapore,20,20
fiji-vs-hong-kong,https://tabiji.ai/compare/fiji-vs-hong-kong/,fiji vs hong kong,10,hong kong vs fiji,10,fiji vs hong kong,10,20
samoa-vs-singapore,https://tabiji.ai/compare/samoa-vs-singapore/,samoa vs singapore,0,singapore vs samoa,20,singapore vs samoa,20,20
macau-vs-singapore,https://tabiji.ai/compare/macau-vs-singapore/,macau vs singapore,20,singapore vs macau,0,macau vs singapore,20,20
ethiopia-vs-japan,https://tabiji.ai/compare/ethiopia-vs-japan/,ethiopia vs japan,0,japan vs ethiopia,20,japan vs ethiopia,20,20
hong-kong-vs-new-zealand,https://tabiji.ai/compare/hong-kong-vs-new-zealand/,hong kong vs new zealand,0,new zealand vs hong kong,20,new zealand vs hong kong,20,20
hong-kong-vs-jordan,https://tabiji.ai/compare/hong-kong-vs-jordan/,hong kong vs jordan,10,jordan vs hong kong,10,hong kong vs jordan,10,20
seoul-vs-jakarta,https://tabiji.ai/compare/seoul-vs-jakarta/,seoul vs jakarta,0,jakarta vs seoul,10,jakarta vs seoul,10,10
paris-vs-naples,https://tabiji.ai/compare/paris-vs-naples/,paris vs naples,0,naples vs paris,10,naples vs paris,10,10
phuket-vs-mauritius,https://tabiji.ai/compare/phuket-vs-mauritius/,phuket vs mauritius,10,mauritius vs phuket,0,phuket vs mauritius,10,10
phuket-vs-seychelles,https://tabiji.ai/compare/phuket-vs-seychelles/,phuket vs seychelles,0,seychelles vs phuket,10,seychelles vs phuket,10,10
japan-vs-tanzania,https://tabiji.ai/compare/japan-vs-tanzania/,japan vs tanzania,0,tanzania vs japan,10,tanzania vs japan,10,10
osaka-vs-hakone,https://tabiji.ai/compare/osaka-vs-hakone/,osaka vs hakone,0,hakone vs osaka,10,hakone vs osaka,10,10
bangkok-vs-chengdu,https://tabiji.ai/compare/bangkok-vs-chengdu/,bangkok vs chengdu,0,chengdu vs bangkok,10,chengdu vs bangkok,10,10
singapore-vs-barcelona,https://tabiji.ai/compare/singapore-vs-barcelona/,singapore vs barcelona,0,barcelona vs singapore,10,barcelona vs singapore,10,10
south-korea-vs-austria,https://tabiji.ai/compare/south-korea-vs-austria/,south korea vs austria,0,austria vs south korea,10,austria vs south korea,10,10
taiwan-vs-italy,https://tabiji.ai/compare/taiwan-vs-italy/,taiwan vs italy,0,italy vs taiwan,10,italy vs taiwan,10,10
kanazawa-vs-yokohama,https://tabiji.ai/compare/kanazawa-vs-yokohama/,kanazawa vs yokohama,0,yokohama vs kanazawa,10,yokohama vs kanazawa,10,10
thailand-vs-argentina,https://tabiji.ai/compare/thailand-vs-argentina/,thailand vs argentina,10,argentina vs thailand,0,thailand vs argentina,10,10
lisbon-vs-naples,https://tabiji.ai/compare/lisbon-vs-naples/,lisbon vs naples,0,naples vs lisbon,10,naples vs lisbon,10,10
kuala-lumpur-vs-london,https://tabiji.ai/compare/kuala-lumpur-vs-london/,kuala lumpur vs london,0,london vs kuala lumpur,10,london vs kuala lumpur,10,10
berlin-vs-dubai,https://tabiji.ai/compare/berlin-vs-dubai/,berlin vs dubai,0,dubai vs berlin,10,dubai vs berlin,10,10
seychelles-vs-singapore,https://tabiji.ai/compare/seychelles-vs-singapore/,seychelles vs singapore,0,singapore vs seychelles,10,singapore vs seychelles,10,10
italy-vs-singapore,https://tabiji.ai/compare/italy-vs-singapore/,italy vs singapore,10,singapore vs italy,0,italy vs singapore,10,10
norway-vs-singapore,https://tabiji.ai/compare/norway-vs-singapore/,norway vs singapore,0,singapore vs norway,10,singapore vs norway,10,10
kenya-vs-singapore,https://tabiji.ai/compare/kenya-vs-singapore/,kenya vs singapore,0,singapore vs kenya,10,singapore vs kenya,10,10
japan-vs-macau,https://tabiji.ai/compare/japan-vs-macau/,japan vs macau,10,macau vs japan,0,japan vs macau,10,10
kyrgyzstan-vs-singapore,https://tabiji.ai/compare/kyrgyzstan-vs-singapore/,kyrgyzstan vs singapore,10,singapore vs kyrgyzstan,0,kyrgyzstan vs singapore,10,10
hong-kong-vs-ireland,https://tabiji.ai/compare/hong-kong-vs-ireland/,hong kong vs ireland,0,ireland vs hong kong,10,ireland vs hong kong,10,10
hong-kong-vs-south-africa,https://tabiji.ai/compare/hong-kong-vs-south-africa/,hong kong vs south africa,10,south africa vs hong kong,0,hong kong vs south africa,10,10
tokyo-vs-lisbon,https://tabiji.ai/compare/tokyo-vs-lisbon/,tokyo vs lisbon,0,lisbon vs tokyo,0,tokyo vs lisbon,0,0
tokyo-vs-chiang-mai,https://tabiji.ai/compare/tokyo-vs-chiang-mai/,tokyo vs chiang mai,0,chiang mai vs tokyo,0,tokyo vs chiang mai,0,0
london-vs-seville,https://tabiji.ai/compare/london-vs-seville/,london vs seville,0,seville vs london,0,london vs seville,0,0
patagonia-vs-lapland,https://tabiji.ai/compare/patagonia-vs-lapland/,patagonia vs lapland,0,lapland vs patagonia,0,patagonia vs lapland,0,0
tokyo-vs-ubud,https://tabiji.ai/compare/tokyo-vs-ubud/,tokyo vs ubud,0,ubud vs tokyo,0,tokyo vs ubud,0,0
london-vs-valencia,https://tabiji.ai/compare/london-vs-valencia/,london vs valencia,0,valencia vs london,0,london vs valencia,0,0
patagonia-vs-galapagos,https://tabiji.ai/compare/patagonia-vs-galapagos/,patagonia vs galapagos,0,galapagos vs patagonia,0,patagonia vs galapagos,0,0
tokyo-vs-canggu,https://tabiji.ai/compare/tokyo-vs-canggu/,tokyo vs canggu,0,canggu vs tokyo,0,tokyo vs canggu,0,0
bali-vs-nha-trang,https://tabiji.ai/compare/bali-vs-nha-trang/,bali vs nha trang,0,nha trang vs bali,0,bali vs nha trang,0,0
patagonia-vs-amazon,https://tabiji.ai/compare/patagonia-vs-amazon/,patagonia vs amazon,0,amazon vs patagonia,0,patagonia vs amazon,0,0
monaco-vs-capri,https://tabiji.ai/compare/monaco-vs-capri/,monaco vs capri,0,capri vs monaco,0,monaco vs capri,0,0
tokyo-vs-vienna,https://tabiji.ai/compare/tokyo-vs-vienna/,tokyo vs vienna,0,vienna vs tokyo,0,tokyo vs vienna,0,0
tokyo-vs-penang,https://tabiji.ai/compare/tokyo-vs-penang/,tokyo vs penang,0,penang vs tokyo,0,tokyo vs penang,0,0
patagonia-vs-borneo,https://tabiji.ai/compare/patagonia-vs-borneo/,patagonia vs borneo,0,borneo vs patagonia,0,patagonia vs borneo,0,0
tokyo-vs-naoshima,https://tabiji.ai/compare/tokyo-vs-naoshima/,tokyo vs naoshima,0,naoshima vs tokyo,0,tokyo vs naoshima,0,0
tokyo-vs-prague,https://tabiji.ai/compare/tokyo-vs-prague/,tokyo vs prague,0,prague vs tokyo,0,tokyo vs prague,0,0
patagonia-vs-raja-ampat,https://tabiji.ai/compare/patagonia-vs-raja-ampat/,patagonia vs raja ampat,0,raja ampat vs patagonia,0,patagonia vs raja ampat,0,0
tokyo-vs-miyajima,https://tabiji.ai/compare/tokyo-vs-miyajima/,tokyo vs miyajima,0,miyajima vs tokyo,0,tokyo vs miyajima,0,0
tokyo-vs-budapest,https://tabiji.ai/compare/tokyo-vs-budapest/,tokyo vs budapest,0,budapest vs tokyo,0,tokyo vs budapest,0,0
patagonia-vs-great-barrier-reef,https://tabiji.ai/compare/patagonia-vs-great-barrier-reef/,patagonia vs great barrier reef,0,great barrier reef vs patagonia,0,patagonia vs great barrier reef,0,0
tokyo-vs-koyasan,https://tabiji.ai/compare/tokyo-vs-koyasan/,tokyo vs koyasan,0,koyasan vs tokyo,0,tokyo vs koyasan,0,0
tokyo-vs-istanbul,https://tabiji.ai/compare/tokyo-vs-istanbul/,tokyo vs istanbul,0,istanbul vs tokyo,0,tokyo vs istanbul,0,0
seoul-vs-chengdu,https://tabiji.ai/compare/seoul-vs-chengdu/,seoul vs chengdu,0,chengdu vs seoul,0,seoul vs chengdu,0,0
london-vs-oslo,https://tabiji.ai/compare/london-vs-oslo/,london vs oslo,0,oslo vs london,0,london vs oslo,0,0
bali-vs-maui,https://tabiji.ai/compare/bali-vs-maui/,bali vs maui,0,maui vs bali,0,bali vs maui,0,0
patagonia-vs-komodo,https://tabiji.ai/compare/patagonia-vs-komodo/,patagonia vs komodo,0,komodo vs patagonia,0,patagonia vs komodo,0,0
tokyo-vs-yakushima,https://tabiji.ai/compare/tokyo-vs-yakushima/,tokyo vs yakushima,0,yakushima vs tokyo,0,tokyo vs yakushima,0,0
tokyo-vs-athens,https://tabiji.ai/compare/tokyo-vs-athens/,tokyo vs athens,0,athens vs tokyo,0,tokyo vs athens,0,0
london-vs-helsinki,https://tabiji.ai/compare/london-vs-helsinki/,london vs helsinki,0,helsinki vs london,0,london vs helsinki,0,0
bali-vs-oahu,https://tabiji.ai/compare/bali-vs-oahu/,bali vs oahu,0,oahu vs bali,0,bali vs oahu,0,0
patagonia-vs-serengeti,https://tabiji.ai/compare/patagonia-vs-serengeti/,patagonia vs serengeti,0,serengeti vs patagonia,0,patagonia vs serengeti,0,0
tokyo-vs-ishigaki,https://tabiji.ai/compare/tokyo-vs-ishigaki/,tokyo vs ishigaki,0,ishigaki vs tokyo,0,tokyo vs ishigaki,0,0
seoul-vs-da-nang,https://tabiji.ai/compare/seoul-vs-da-nang/,seoul vs da nang,0,da nang vs seoul,0,seoul vs da nang,0,0
london-vs-krakow,https://tabiji.ai/compare/london-vs-krakow/,london vs krakow,0,krakow vs london,0,london vs krakow,0,0
bali-vs-kauai,https://tabiji.ai/compare/bali-vs-kauai/,bali vs kauai,0,kauai vs bali,0,bali vs kauai,0,0
patagonia-vs-masai-mara,https://tabiji.ai/compare/patagonia-vs-masai-mara/,patagonia vs masai mara,0,masai mara vs patagonia,0,patagonia vs masai mara,0,0
tokyo-vs-miyakojima,https://tabiji.ai/compare/tokyo-vs-miyakojima/,tokyo vs miyakojima,0,miyakojima vs tokyo,0,tokyo vs miyakojima,0,0
tokyo-vs-marrakech,https://tabiji.ai/compare/tokyo-vs-marrakech/,tokyo vs marrakech,0,marrakech vs tokyo,0,tokyo vs marrakech,0,0
seoul-vs-phuket,https://tabiji.ai/compare/seoul-vs-phuket/,seoul vs phuket,0,phuket vs seoul,0,seoul vs phuket,0,0
london-vs-tbilisi,https://tabiji.ai/compare/london-vs-tbilisi/,london vs tbilisi,0,tbilisi vs london,0,london vs tbilisi,0,0
bali-vs-big-island,https://tabiji.ai/compare/bali-vs-big-island/,bali vs big island,0,big island vs bali,0,bali vs big island,0,0
patagonia-vs-kruger,https://tabiji.ai/compare/patagonia-vs-kruger/,patagonia vs kruger,0,kruger vs patagonia,0,patagonia vs kruger,0,0
tokyo-vs-cape-town,https://tabiji.ai/compare/tokyo-vs-cape-town/,tokyo vs cape town,0,cape town vs tokyo,0,tokyo vs cape town,0,0
seoul-vs-chiang-mai,https://tabiji.ai/compare/seoul-vs-chiang-mai/,seoul vs chiang mai,0,chiang mai vs seoul,0,seoul vs chiang mai,0,0
london-vs-yerevan,https://tabiji.ai/compare/london-vs-yerevan/,london vs yerevan,0,yerevan vs london,0,london vs yerevan,0,0
patagonia-vs-okavango-delta,https://tabiji.ai/compare/patagonia-vs-okavango-delta/,patagonia vs okavango delta,0,okavango delta vs patagonia,0,patagonia vs okavango delta,0,0
seoul-vs-ubud,https://tabiji.ai/compare/seoul-vs-ubud/,seoul vs ubud,0,ubud vs seoul,0,seoul vs ubud,0,0
london-vs-dubrovnik,https://tabiji.ai/compare/london-vs-dubrovnik/,london vs dubrovnik,0,dubrovnik vs london,0,london vs dubrovnik,0,0
japan-vs-armenia,https://tabiji.ai/compare/japan-vs-armenia/,japan vs armenia,0,armenia vs japan,0,japan vs armenia,0,0
patagonia-vs-ngorongoro,https://tabiji.ai/compare/patagonia-vs-ngorongoro/,patagonia vs ngorongoro,0,ngorongoro vs patagonia,0,patagonia vs ngorongoro,0,0
tokyo-vs-kyushu,https://tabiji.ai/compare/tokyo-vs-kyushu/,tokyo vs kyushu,0,kyushu vs tokyo,0,tokyo vs kyushu,0,0
tokyo-vs-buenos-aires,https://tabiji.ai/compare/tokyo-vs-buenos-aires/,tokyo vs buenos aires,0,buenos aires vs tokyo,0,tokyo vs buenos aires,0,0
seoul-vs-canggu,https://tabiji.ai/compare/seoul-vs-canggu/,seoul vs canggu,0,canggu vs seoul,0,seoul vs canggu,0,0
bali-vs-puerto-vallarta,https://tabiji.ai/compare/bali-vs-puerto-vallarta/,bali vs puerto vallarta,0,puerto vallarta vs bali,0,bali vs puerto vallarta,0,0
patagonia-vs-kilimanjaro,https://tabiji.ai/compare/patagonia-vs-kilimanjaro/,patagonia vs kilimanjaro,0,kilimanjaro vs patagonia,0,patagonia vs kilimanjaro,0,0
seoul-vs-penang,https://tabiji.ai/compare/seoul-vs-penang/,seoul vs penang,0,penang vs seoul,0,seoul vs penang,0,0
bali-vs-cabo,https://tabiji.ai/compare/bali-vs-cabo/,bali vs cabo,0,cabo vs bali,0,bali vs cabo,0,0
patagonia-vs-everest-base-camp,https://tabiji.ai/compare/patagonia-vs-everest-base-camp/,patagonia vs everest base camp,0,everest base camp vs patagonia,0,patagonia vs everest base camp,0,0
tokyo-vs-kanto,https://tabiji.ai/compare/tokyo-vs-kanto/,tokyo vs kanto,0,kanto vs tokyo,0,tokyo vs kanto,0,0
tokyo-vs-rio-de-janeiro,https://tabiji.ai/compare/tokyo-vs-rio-de-janeiro/,tokyo vs rio de janeiro,0,rio de janeiro vs tokyo,0,tokyo vs rio de janeiro,0,0
taipei-vs-jakarta,https://tabiji.ai/compare/taipei-vs-jakarta/,taipei vs jakarta,0,jakarta vs taipei,0,taipei vs jakarta,0,0
bali-vs-punta-cana,https://tabiji.ai/compare/bali-vs-punta-cana/,bali vs punta cana,0,punta cana vs bali,0,bali vs punta cana,0,0
patagonia-vs-annapurna-circuit,https://tabiji.ai/compare/patagonia-vs-annapurna-circuit/,patagonia vs annapurna circuit,0,annapurna circuit vs patagonia,0,patagonia vs annapurna circuit,0,0
taipei-vs-manila,https://tabiji.ai/compare/taipei-vs-manila/,taipei vs manila,0,manila vs taipei,0,taipei vs manila,0,0
patagonia-vs-inca-trail,https://tabiji.ai/compare/patagonia-vs-inca-trail/,patagonia vs inca trail,0,inca trail vs patagonia,0,patagonia vs inca trail,0,0
taipei-vs-chengdu,https://tabiji.ai/compare/taipei-vs-chengdu/,taipei vs chengdu,0,chengdu vs taipei,0,taipei vs chengdu,0,0
patagonia-vs-w-trek,https://tabiji.ai/compare/patagonia-vs-w-trek/,patagonia vs w trek,0,w trek vs patagonia,0,patagonia vs w trek,0,0
taipei-vs-busan,https://tabiji.ai/compare/taipei-vs-busan/,taipei vs busan,0,busan vs taipei,0,taipei vs busan,0,0
bali-vs-barbados,https://tabiji.ai/compare/bali-vs-barbados/,bali vs barbados,0,barbados vs bali,0,bali vs barbados,0,0
patagonia-vs-torres-del-paine,https://tabiji.ai/compare/patagonia-vs-torres-del-paine/,patagonia vs torres del paine,0,torres del paine vs patagonia,0,patagonia vs torres del paine,0,0
tokyo-vs-montreal,https://tabiji.ai/compare/tokyo-vs-montreal/,tokyo vs montreal,0,montreal vs tokyo,0,tokyo vs montreal,0,0
taipei-vs-jeju,https://tabiji.ai/compare/taipei-vs-jeju/,taipei vs jeju,0,jeju vs taipei,0,taipei vs jeju,0,0
bali-vs-st-lucia,https://tabiji.ai/compare/bali-vs-st-lucia/,bali vs st lucia,0,st lucia vs bali,0,bali vs st lucia,0,0
taipei-vs-da-nang,https://tabiji.ai/compare/taipei-vs-da-nang/,taipei vs da nang,0,da nang vs taipei,0,taipei vs da nang,0,0
paris-vs-seville,https://tabiji.ai/compare/paris-vs-seville/,paris vs seville,0,seville vs paris,0,paris vs seville,0,0
bali-vs-aruba,https://tabiji.ai/compare/bali-vs-aruba/,bali vs aruba,0,aruba vs bali,0,bali vs aruba,0,0
patagonia-vs-jasper,https://tabiji.ai/compare/patagonia-vs-jasper/,patagonia vs jasper,0,jasper vs patagonia,0,patagonia vs jasper,0,0
taipei-vs-phuket,https://tabiji.ai/compare/taipei-vs-phuket/,taipei vs phuket,0,phuket vs taipei,0,taipei vs phuket,0,0
bali-vs-curacao,https://tabiji.ai/compare/bali-vs-curacao/,bali vs curacao,0,curacao vs bali,0,bali vs curacao,0,0
patagonia-vs-yellowstone,https://tabiji.ai/compare/patagonia-vs-yellowstone/,patagonia vs yellowstone,0,yellowstone vs patagonia,0,patagonia vs yellowstone,0,0
taipei-vs-chiang-mai,https://tabiji.ai/compare/taipei-vs-chiang-mai/,taipei vs chiang mai,0,chiang mai vs taipei,0,taipei vs chiang mai,0,0
paris-vs-dublin,https://tabiji.ai/compare/paris-vs-dublin/,paris vs dublin,0,dublin vs paris,0,paris vs dublin,0,0
patagonia-vs-yosemite,https://tabiji.ai/compare/patagonia-vs-yosemite/,patagonia vs yosemite,0,yosemite vs patagonia,0,patagonia vs yosemite,0,0
taipei-vs-ubud,https://tabiji.ai/compare/taipei-vs-ubud/,taipei vs ubud,0,ubud vs taipei,0,taipei vs ubud,0,0
patagonia-vs-zion,https://tabiji.ai/compare/patagonia-vs-zion/,patagonia vs zion,0,zion vs patagonia,0,patagonia vs zion,0,0
taipei-vs-canggu,https://tabiji.ai/compare/taipei-vs-canggu/,taipei vs canggu,0,canggu vs taipei,0,taipei vs canggu,0,0
bali-vs-whitsundays,https://tabiji.ai/compare/bali-vs-whitsundays/,bali vs whitsundays,0,whitsundays vs bali,0,bali vs whitsundays,0,0
patagonia-vs-grand-canyon,https://tabiji.ai/compare/patagonia-vs-grand-canyon/,patagonia vs grand canyon,0,grand canyon vs patagonia,0,patagonia vs grand canyon,0,0
bali-vs-gold-coast,https://tabiji.ai/compare/bali-vs-gold-coast/,bali vs gold coast,0,gold coast vs bali,0,bali vs gold coast,0,0
patagonia-vs-glacier-national-park,https://tabiji.ai/compare/patagonia-vs-glacier-national-park/,patagonia vs glacier national park,0,glacier national park vs patagonia,0,patagonia vs glacier national park,0,0
kyoto-vs-naoshima,https://tabiji.ai/compare/kyoto-vs-naoshima/,kyoto vs naoshima,0,naoshima vs kyoto,0,kyoto vs naoshima,0,0
seoul-vs-hanoi,https://tabiji.ai/compare/seoul-vs-hanoi/,seoul vs hanoi,0,hanoi vs seoul,0,seoul vs hanoi,0,0
hong-kong-vs-jakarta,https://tabiji.ai/compare/hong-kong-vs-jakarta/,hong kong vs jakarta,0,jakarta vs hong kong,0,hong kong vs jakarta,0,0
paris-vs-oslo,https://tabiji.ai/compare/paris-vs-oslo/,paris vs oslo,0,oslo vs paris,0,paris vs oslo,0,0
bali-vs-byron-bay,https://tabiji.ai/compare/bali-vs-byron-bay/,bali vs byron bay,0,byron bay vs bali,0,bali vs byron bay,0,0
patagonia-vs-death-valley,https://tabiji.ai/compare/patagonia-vs-death-valley/,patagonia vs death valley,0,death valley vs patagonia,0,patagonia vs death valley,0,0
kyoto-vs-miyajima,https://tabiji.ai/compare/kyoto-vs-miyajima/,kyoto vs miyajima,0,miyajima vs kyoto,0,kyoto vs miyajima,0,0
seoul-vs-ho-chi-minh-city,https://tabiji.ai/compare/seoul-vs-ho-chi-minh-city/,seoul vs ho chi minh city,0,ho chi minh city vs seoul,0,seoul vs ho chi minh city,0,0
hong-kong-vs-manila,https://tabiji.ai/compare/hong-kong-vs-manila/,hong kong vs manila,0,manila vs hong kong,0,hong kong vs manila,0,0
paris-vs-helsinki,https://tabiji.ai/compare/paris-vs-helsinki/,paris vs helsinki,0,helsinki vs paris,0,paris vs helsinki,0,0
patagonia-vs-joshua-tree,https://tabiji.ai/compare/patagonia-vs-joshua-tree/,patagonia vs joshua tree,0,joshua tree vs patagonia,0,patagonia vs joshua tree,0,0
kyoto-vs-koyasan,https://tabiji.ai/compare/kyoto-vs-koyasan/,kyoto vs koyasan,0,koyasan vs kyoto,0,kyoto vs koyasan,0,0
seoul-vs-kuala-lumpur,https://tabiji.ai/compare/seoul-vs-kuala-lumpur/,seoul vs kuala lumpur,0,kuala lumpur vs seoul,0,seoul vs kuala lumpur,0,0
hong-kong-vs-chengdu,https://tabiji.ai/compare/hong-kong-vs-chengdu/,hong kong vs chengdu,0,chengdu vs hong kong,0,hong kong vs chengdu,0,0
paris-vs-krakow,https://tabiji.ai/compare/paris-vs-krakow/,paris vs krakow,0,krakow vs paris,0,paris vs krakow,0,0
patagonia-vs-milford-sound,https://tabiji.ai/compare/patagonia-vs-milford-sound/,patagonia vs milford sound,0,milford sound vs patagonia,0,patagonia vs milford sound,0,0
kyoto-vs-yakushima,https://tabiji.ai/compare/kyoto-vs-yakushima/,kyoto vs yakushima,0,yakushima vs kyoto,0,kyoto vs yakushima,0,0
hong-kong-vs-busan,https://tabiji.ai/compare/hong-kong-vs-busan/,hong kong vs busan,0,busan vs hong kong,0,hong kong vs busan,0,0
paris-vs-tbilisi,https://tabiji.ai/compare/paris-vs-tbilisi/,paris vs tbilisi,0,tbilisi vs paris,0,paris vs tbilisi,0,0
phuket-vs-siargao,https://tabiji.ai/compare/phuket-vs-siargao/,phuket vs siargao,0,siargao vs phuket,0,phuket vs siargao,0,0
patagonia-vs-abel-tasman,https://tabiji.ai/compare/patagonia-vs-abel-tasman/,patagonia vs abel tasman,0,abel tasman vs patagonia,0,patagonia vs abel tasman,0,0
kyoto-vs-ishigaki,https://tabiji.ai/compare/kyoto-vs-ishigaki/,kyoto vs ishigaki,0,ishigaki vs kyoto,0,kyoto vs ishigaki,0,0
hong-kong-vs-jeju,https://tabiji.ai/compare/hong-kong-vs-jeju/,hong kong vs jeju,0,jeju vs hong kong,0,hong kong vs jeju,0,0
paris-vs-yerevan,https://tabiji.ai/compare/paris-vs-yerevan/,paris vs yerevan,0,yerevan vs paris,0,paris vs yerevan,0,0
phuket-vs-el-nido,https://tabiji.ai/compare/phuket-vs-el-nido/,phuket vs el nido,0,el nido vs phuket,0,phuket vs el nido,0,0
patagonia-vs-queenstown,https://tabiji.ai/compare/patagonia-vs-queenstown/,patagonia vs queenstown,0,queenstown vs patagonia,0,patagonia vs queenstown,0,0
kyoto-vs-miyakojima,https://tabiji.ai/compare/kyoto-vs-miyakojima/,kyoto vs miyakojima,0,miyakojima vs kyoto,0,kyoto vs miyakojima,0,0
hong-kong-vs-da-nang,https://tabiji.ai/compare/hong-kong-vs-da-nang/,hong kong vs da nang,0,da nang vs hong kong,0,hong kong vs da nang,0,0
paris-vs-dubrovnik,https://tabiji.ai/compare/paris-vs-dubrovnik/,paris vs dubrovnik,0,dubrovnik vs paris,0,paris vs dubrovnik,0,0
patagonia-vs-wanaka,https://tabiji.ai/compare/patagonia-vs-wanaka/,patagonia vs wanaka,0,wanaka vs patagonia,0,patagonia vs wanaka,0,0
hong-kong-vs-phuket,https://tabiji.ai/compare/hong-kong-vs-phuket/,hong kong vs phuket,0,phuket vs hong kong,0,hong kong vs phuket,0,0
iceland-vs-norwegian-fjords,https://tabiji.ai/compare/iceland-vs-norwegian-fjords/,iceland vs norwegian fjords,0,norwegian fjords vs iceland,0,iceland vs norwegian fjords,0,0
seoul-vs-rome,https://tabiji.ai/compare/seoul-vs-rome/,seoul vs rome,0,rome vs seoul,0,seoul vs rome,0,0
hong-kong-vs-chiang-mai,https://tabiji.ai/compare/hong-kong-vs-chiang-mai/,hong kong vs chiang mai,0,chiang mai vs hong kong,0,hong kong vs chiang mai,0,0
rome-vs-munich,https://tabiji.ai/compare/rome-vs-munich/,rome vs munich,0,munich vs rome,0,rome vs munich,0,0
iceland-vs-swiss-alps,https://tabiji.ai/compare/iceland-vs-swiss-alps/,iceland vs swiss alps,0,swiss alps vs iceland,0,iceland vs swiss alps,0,0
kyoto-vs-kyushu,https://tabiji.ai/compare/kyoto-vs-kyushu/,kyoto vs kyushu,0,kyushu vs kyoto,0,kyoto vs kyushu,0,0
hong-kong-vs-ubud,https://tabiji.ai/compare/hong-kong-vs-ubud/,hong kong vs ubud,0,ubud vs hong kong,0,hong kong vs ubud,0,0
iceland-vs-dolomites,https://tabiji.ai/compare/iceland-vs-dolomites/,iceland vs dolomites,0,dolomites vs iceland,0,iceland vs dolomites,0,0
kyoto-vs-kansai,https://tabiji.ai/compare/kyoto-vs-kansai/,kyoto vs kansai,0,kansai vs kyoto,0,kyoto vs kansai,0,0
seoul-vs-lisbon,https://tabiji.ai/compare/seoul-vs-lisbon/,seoul vs lisbon,0,lisbon vs seoul,0,seoul vs lisbon,0,0
hong-kong-vs-canggu,https://tabiji.ai/compare/hong-kong-vs-canggu/,hong kong vs canggu,0,canggu vs hong kong,0,hong kong vs canggu,0,0
iceland-vs-canadian-rockies,https://tabiji.ai/compare/iceland-vs-canadian-rockies/,iceland vs canadian rockies,0,canadian rockies vs iceland,0,iceland vs canadian rockies,0,0
kyoto-vs-kanto,https://tabiji.ai/compare/kyoto-vs-kanto/,kyoto vs kanto,0,kanto vs kyoto,0,kyoto vs kanto,0,0
seoul-vs-amsterdam,https://tabiji.ai/compare/seoul-vs-amsterdam/,seoul vs amsterdam,0,amsterdam vs seoul,0,seoul vs amsterdam,0,0
hong-kong-vs-penang,https://tabiji.ai/compare/hong-kong-vs-penang/,hong kong vs penang,0,penang vs hong kong,0,hong kong vs penang,0,0
iceland-vs-scottish-highlands,https://tabiji.ai/compare/iceland-vs-scottish-highlands/,iceland vs scottish highlands,0,scottish highlands vs iceland,0,iceland vs scottish highlands,0,0
seoul-vs-berlin,https://tabiji.ai/compare/seoul-vs-berlin/,seoul vs berlin,0,berlin vs seoul,0,seoul vs berlin,0,0
seoul-vs-vienna,https://tabiji.ai/compare/seoul-vs-vienna/,seoul vs vienna,0,vienna vs seoul,0,seoul vs vienna,0,0
rome-vs-valencia,https://tabiji.ai/compare/rome-vs-valencia/,rome vs valencia,0,valencia vs rome,0,rome vs valencia,0,0
japan-vs-kenya,https://tabiji.ai/compare/japan-vs-kenya/,japan vs kenya,0,kenya vs japan,0,japan vs kenya,0,0
osaka-vs-takayama,https://tabiji.ai/compare/osaka-vs-takayama/,osaka vs takayama,0,takayama vs osaka,0,osaka vs takayama,0,0
seoul-vs-prague,https://tabiji.ai/compare/seoul-vs-prague/,seoul vs prague,0,prague vs seoul,0,seoul vs prague,0,0
singapore-vs-chengdu,https://tabiji.ai/compare/singapore-vs-chengdu/,singapore vs chengdu,0,chengdu vs singapore,0,singapore vs chengdu,0,0
rome-vs-dublin,https://tabiji.ai/compare/rome-vs-dublin/,rome vs dublin,0,dublin vs rome,0,rome vs dublin,0,0
phuket-vs-zanzibar,https://tabiji.ai/compare/phuket-vs-zanzibar/,phuket vs zanzibar,0,zanzibar vs phuket,0,phuket vs zanzibar,0,0
seoul-vs-budapest,https://tabiji.ai/compare/seoul-vs-budapest/,seoul vs budapest,0,budapest vs seoul,0,seoul vs budapest,0,0
singapore-vs-busan,https://tabiji.ai/compare/singapore-vs-busan/,singapore vs busan,0,busan vs singapore,0,singapore vs busan,0,0
rome-vs-edinburgh,https://tabiji.ai/compare/rome-vs-edinburgh/,rome vs edinburgh,0,edinburgh vs rome,0,rome vs edinburgh,0,0
phuket-vs-maui,https://tabiji.ai/compare/phuket-vs-maui/,phuket vs maui,0,maui vs phuket,0,phuket vs maui,0,0
iceland-vs-galapagos,https://tabiji.ai/compare/iceland-vs-galapagos/,iceland vs galapagos,0,galapagos vs iceland,0,iceland vs galapagos,0,0
osaka-vs-nikko,https://tabiji.ai/compare/osaka-vs-nikko/,osaka vs nikko,0,nikko vs osaka,0,osaka vs nikko,0,0
seoul-vs-istanbul,https://tabiji.ai/compare/seoul-vs-istanbul/,seoul vs istanbul,0,istanbul vs seoul,0,seoul vs istanbul,0,0
singapore-vs-jeju,https://tabiji.ai/compare/singapore-vs-jeju/,singapore vs jeju,0,jeju vs singapore,0,singapore vs jeju,0,0
rome-vs-copenhagen,https://tabiji.ai/compare/rome-vs-copenhagen/,rome vs copenhagen,0,copenhagen vs rome,0,rome vs copenhagen,0,0
phuket-vs-oahu,https://tabiji.ai/compare/phuket-vs-oahu/,phuket vs oahu,0,oahu vs phuket,0,phuket vs oahu,0,0
iceland-vs-amazon,https://tabiji.ai/compare/iceland-vs-amazon/,iceland vs amazon,0,amazon vs iceland,0,iceland vs amazon,0,0
osaka-vs-nagano,https://tabiji.ai/compare/osaka-vs-nagano/,osaka vs nagano,0,nagano vs osaka,0,osaka vs nagano,0,0
seoul-vs-athens,https://tabiji.ai/compare/seoul-vs-athens/,seoul vs athens,0,athens vs seoul,0,seoul vs athens,0,0
singapore-vs-da-nang,https://tabiji.ai/compare/singapore-vs-da-nang/,singapore vs da nang,0,da nang vs singapore,0,singapore vs da nang,0,0
rome-vs-stockholm,https://tabiji.ai/compare/rome-vs-stockholm/,rome vs stockholm,0,stockholm vs rome,0,rome vs stockholm,0,0
phuket-vs-kauai,https://tabiji.ai/compare/phuket-vs-kauai/,phuket vs kauai,0,kauai vs phuket,0,phuket vs kauai,0,0
iceland-vs-borneo,https://tabiji.ai/compare/iceland-vs-borneo/,iceland vs borneo,0,borneo vs iceland,0,iceland vs borneo,0,0
osaka-vs-kamakura,https://tabiji.ai/compare/osaka-vs-kamakura/,osaka vs kamakura,0,kamakura vs osaka,0,osaka vs kamakura,0,0
seoul-vs-dubai,https://tabiji.ai/compare/seoul-vs-dubai/,seoul vs dubai,0,dubai vs seoul,0,seoul vs dubai,0,0
rome-vs-oslo,https://tabiji.ai/compare/rome-vs-oslo/,rome vs oslo,0,oslo vs rome,0,rome vs oslo,0,0
phuket-vs-big-island,https://tabiji.ai/compare/phuket-vs-big-island/,phuket vs big island,0,big island vs phuket,0,phuket vs big island,0,0
iceland-vs-raja-ampat,https://tabiji.ai/compare/iceland-vs-raja-ampat/,iceland vs raja ampat,0,raja ampat vs iceland,0,iceland vs raja ampat,0,0
seoul-vs-marrakech,https://tabiji.ai/compare/seoul-vs-marrakech/,seoul vs marrakech,0,marrakech vs seoul,0,seoul vs marrakech,0,0
singapore-vs-chiang-mai,https://tabiji.ai/compare/singapore-vs-chiang-mai/,singapore vs chiang mai,0,chiang mai vs singapore,0,singapore vs chiang mai,0,0
rome-vs-helsinki,https://tabiji.ai/compare/rome-vs-helsinki/,rome vs helsinki,0,helsinki vs rome,0,rome vs helsinki,0,0
phuket-vs-cancun,https://tabiji.ai/compare/phuket-vs-cancun/,phuket vs cancun,0,cancun vs phuket,0,phuket vs cancun,0,0
iceland-vs-great-barrier-reef,https://tabiji.ai/compare/iceland-vs-great-barrier-reef/,iceland vs great barrier reef,0,great barrier reef vs iceland,0,iceland vs great barrier reef,0,0
seoul-vs-cape-town,https://tabiji.ai/compare/seoul-vs-cape-town/,seoul vs cape town,0,cape town vs seoul,0,seoul vs cape town,0,0
singapore-vs-ubud,https://tabiji.ai/compare/singapore-vs-ubud/,singapore vs ubud,0,ubud vs singapore,0,singapore vs ubud,0,0
rome-vs-krakow,https://tabiji.ai/compare/rome-vs-krakow/,rome vs krakow,0,krakow vs rome,0,rome vs krakow,0,0
phuket-vs-tulum,https://tabiji.ai/compare/phuket-vs-tulum/,phuket vs tulum,0,tulum vs phuket,0,phuket vs tulum,0,0
iceland-vs-komodo,https://tabiji.ai/compare/iceland-vs-komodo/,iceland vs komodo,0,komodo vs iceland,0,iceland vs komodo,0,0
osaka-vs-nagasaki,https://tabiji.ai/compare/osaka-vs-nagasaki/,osaka vs nagasaki,0,nagasaki vs osaka,0,osaka vs nagasaki,0,0
seoul-vs-mexico-city,https://tabiji.ai/compare/seoul-vs-mexico-city/,seoul vs mexico city,0,mexico city vs seoul,0,seoul vs mexico city,0,0
singapore-vs-canggu,https://tabiji.ai/compare/singapore-vs-canggu/,singapore vs canggu,0,canggu vs singapore,0,singapore vs canggu,0,0
rome-vs-tbilisi,https://tabiji.ai/compare/rome-vs-tbilisi/,rome vs tbilisi,0,tbilisi vs rome,0,rome vs tbilisi,0,0
phuket-vs-puerto-vallarta,https://tabiji.ai/compare/phuket-vs-puerto-vallarta/,phuket vs puerto vallarta,0,puerto vallarta vs phuket,0,phuket vs puerto vallarta,0,0
iceland-vs-serengeti,https://tabiji.ai/compare/iceland-vs-serengeti/,iceland vs serengeti,0,serengeti vs iceland,0,iceland vs serengeti,0,0
osaka-vs-naoshima,https://tabiji.ai/compare/osaka-vs-naoshima/,osaka vs naoshima,0,naoshima vs osaka,0,osaka vs naoshima,0,0
seoul-vs-buenos-aires,https://tabiji.ai/compare/seoul-vs-buenos-aires/,seoul vs buenos aires,0,buenos aires vs seoul,0,seoul vs buenos aires,0,0
rome-vs-yerevan,https://tabiji.ai/compare/rome-vs-yerevan/,rome vs yerevan,0,yerevan vs rome,0,rome vs yerevan,0,0
phuket-vs-cabo,https://tabiji.ai/compare/phuket-vs-cabo/,phuket vs cabo,0,cabo vs phuket,0,phuket vs cabo,0,0
iceland-vs-masai-mara,https://tabiji.ai/compare/iceland-vs-masai-mara/,iceland vs masai mara,0,masai mara vs iceland,0,iceland vs masai mara,0,0
osaka-vs-miyajima,https://tabiji.ai/compare/osaka-vs-miyajima/,osaka vs miyajima,0,miyajima vs osaka,0,osaka vs miyajima,0,0
seoul-vs-lima,https://tabiji.ai/compare/seoul-vs-lima/,seoul vs lima,0,lima vs seoul,0,seoul vs lima,0,0
rome-vs-dubrovnik,https://tabiji.ai/compare/rome-vs-dubrovnik/,rome vs dubrovnik,0,dubrovnik vs rome,0,rome vs dubrovnik,0,0
phuket-vs-punta-cana,https://tabiji.ai/compare/phuket-vs-punta-cana/,phuket vs punta cana,0,punta cana vs phuket,0,phuket vs punta cana,0,0
iceland-vs-kruger,https://tabiji.ai/compare/iceland-vs-kruger/,iceland vs kruger,0,kruger vs iceland,0,iceland vs kruger,0,0
osaka-vs-koyasan,https://tabiji.ai/compare/osaka-vs-koyasan/,osaka vs koyasan,0,koyasan vs osaka,0,osaka vs koyasan,0,0
seoul-vs-rio-de-janeiro,https://tabiji.ai/compare/seoul-vs-rio-de-janeiro/,seoul vs rio de janeiro,0,rio de janeiro vs seoul,0,seoul vs rio de janeiro,0,0
phuket-vs-bahamas,https://tabiji.ai/compare/phuket-vs-bahamas/,phuket vs bahamas,0,bahamas vs phuket,0,phuket vs bahamas,0,0
iceland-vs-okavango-delta,https://tabiji.ai/compare/iceland-vs-okavango-delta/,iceland vs okavango delta,0,okavango delta vs iceland,0,iceland vs okavango delta,0,0
osaka-vs-yakushima,https://tabiji.ai/compare/osaka-vs-yakushima/,osaka vs yakushima,0,yakushima vs osaka,0,osaka vs yakushima,0,0
bangkok-vs-busan,https://tabiji.ai/compare/bangkok-vs-busan/,bangkok vs busan,0,busan vs bangkok,0,bangkok vs busan,0,0
phuket-vs-jamaica,https://tabiji.ai/compare/phuket-vs-jamaica/,phuket vs jamaica,0,jamaica vs phuket,0,phuket vs jamaica,0,0
iceland-vs-ngorongoro,https://tabiji.ai/compare/iceland-vs-ngorongoro/,iceland vs ngorongoro,0,ngorongoro vs iceland,0,iceland vs ngorongoro,0,0
osaka-vs-ishigaki,https://tabiji.ai/compare/osaka-vs-ishigaki/,osaka vs ishigaki,0,ishigaki vs osaka,0,osaka vs ishigaki,0,0
bangkok-vs-jeju,https://tabiji.ai/compare/bangkok-vs-jeju/,bangkok vs jeju,0,jeju vs bangkok,0,bangkok vs jeju,0,0
phuket-vs-barbados,https://tabiji.ai/compare/phuket-vs-barbados/,phuket vs barbados,0,barbados vs phuket,0,phuket vs barbados,0,0
iceland-vs-kilimanjaro,https://tabiji.ai/compare/iceland-vs-kilimanjaro/,iceland vs kilimanjaro,0,kilimanjaro vs iceland,0,iceland vs kilimanjaro,0,0
osaka-vs-miyakojima,https://tabiji.ai/compare/osaka-vs-miyakojima/,osaka vs miyakojima,0,miyakojima vs osaka,0,osaka vs miyakojima,0,0
seoul-vs-chicago,https://tabiji.ai/compare/seoul-vs-chicago/,seoul vs chicago,0,chicago vs seoul,0,seoul vs chicago,0,0
bangkok-vs-da-nang,https://tabiji.ai/compare/bangkok-vs-da-nang/,bangkok vs da nang,0,da nang vs bangkok,0,bangkok vs da nang,0,0
phuket-vs-st-lucia,https://tabiji.ai/compare/phuket-vs-st-lucia/,phuket vs st lucia,0,st lucia vs phuket,0,phuket vs st lucia,0,0
iceland-vs-everest-base-camp,https://tabiji.ai/compare/iceland-vs-everest-base-camp/,iceland vs everest base camp,0,everest base camp vs iceland,0,iceland vs everest base camp,0,0
seoul-vs-montreal,https://tabiji.ai/compare/seoul-vs-montreal/,seoul vs montreal,0,montreal vs seoul,0,seoul vs montreal,0,0
phuket-vs-aruba,https://tabiji.ai/compare/phuket-vs-aruba/,phuket vs aruba,0,aruba vs phuket,0,phuket vs aruba,0,0
iceland-vs-annapurna-circuit,https://tabiji.ai/compare/iceland-vs-annapurna-circuit/,iceland vs annapurna circuit,0,annapurna circuit vs iceland,0,iceland vs annapurna circuit,0,0
seoul-vs-melbourne,https://tabiji.ai/compare/seoul-vs-melbourne/,seoul vs melbourne,0,melbourne vs seoul,0,seoul vs melbourne,0,0
bangkok-vs-ubud,https://tabiji.ai/compare/bangkok-vs-ubud/,bangkok vs ubud,0,ubud vs bangkok,0,bangkok vs ubud,0,0
phuket-vs-curacao,https://tabiji.ai/compare/phuket-vs-curacao/,phuket vs curacao,0,curacao vs phuket,0,phuket vs curacao,0,0
iceland-vs-inca-trail,https://tabiji.ai/compare/iceland-vs-inca-trail/,iceland vs inca trail,0,inca trail vs iceland,0,iceland vs inca trail,0,0
osaka-vs-kyushu,https://tabiji.ai/compare/osaka-vs-kyushu/,osaka vs kyushu,0,kyushu vs osaka,0,osaka vs kyushu,0,0
seoul-vs-sydney,https://tabiji.ai/compare/seoul-vs-sydney/,seoul vs sydney,0,sydney vs seoul,0,seoul vs sydney,0,0
bangkok-vs-canggu,https://tabiji.ai/compare/bangkok-vs-canggu/,bangkok vs canggu,0,canggu vs bangkok,0,bangkok vs canggu,0,0
phuket-vs-bora-bora,https://tabiji.ai/compare/phuket-vs-bora-bora/,phuket vs bora bora,0,bora bora vs phuket,0,phuket vs bora bora,0,0
iceland-vs-w-trek,https://tabiji.ai/compare/iceland-vs-w-trek/,iceland vs w trek,0,w trek vs iceland,0,iceland vs w trek,0,0
osaka-vs-kansai,https://tabiji.ai/compare/osaka-vs-kansai/,osaka vs kansai,0,kansai vs osaka,0,osaka vs kansai,0,0
phuket-vs-tahiti,https://tabiji.ai/compare/phuket-vs-tahiti/,phuket vs tahiti,0,tahiti vs phuket,0,phuket vs tahiti,0,0
iceland-vs-torres-del-paine,https://tabiji.ai/compare/iceland-vs-torres-del-paine/,iceland vs torres del paine,0,torres del paine vs iceland,0,iceland vs torres del paine,0,0
osaka-vs-kanto,https://tabiji.ai/compare/osaka-vs-kanto/,osaka vs kanto,0,kanto vs osaka,0,osaka vs kanto,0,0
kuala-lumpur-vs-ho-chi-minh-city,https://tabiji.ai/compare/kuala-lumpur-vs-ho-chi-minh-city/,kuala lumpur vs ho chi minh city,0,ho chi minh city vs kuala lumpur,0,kuala lumpur vs ho chi minh city,0,0
phuket-vs-fiji,https://tabiji.ai/compare/phuket-vs-fiji/,phuket vs fiji,0,fiji vs phuket,0,phuket vs fiji,0,0
taipei-vs-kyoto,https://tabiji.ai/compare/taipei-vs-kyoto/,taipei vs kyoto,0,kyoto vs taipei,0,taipei vs kyoto,0,0
phuket-vs-whitsundays,https://tabiji.ai/compare/phuket-vs-whitsundays/,phuket vs whitsundays,0,whitsundays vs phuket,0,phuket vs whitsundays,0,0
iceland-vs-jasper,https://tabiji.ai/compare/iceland-vs-jasper/,iceland vs jasper,0,jasper vs iceland,0,iceland vs jasper,0,0
barcelona-vs-edinburgh,https://tabiji.ai/compare/barcelona-vs-edinburgh/,barcelona vs edinburgh,0,edinburgh vs barcelona,0,barcelona vs edinburgh,0,0
phuket-vs-gold-coast,https://tabiji.ai/compare/phuket-vs-gold-coast/,phuket vs gold coast,0,gold coast vs phuket,0,phuket vs gold coast,0,0
fukuoka-vs-takayama,https://tabiji.ai/compare/fukuoka-vs-takayama/,fukuoka vs takayama,0,takayama vs fukuoka,0,fukuoka vs takayama,0,0
taipei-vs-hanoi,https://tabiji.ai/compare/taipei-vs-hanoi/,taipei vs hanoi,0,hanoi vs taipei,0,taipei vs hanoi,0,0
phuket-vs-byron-bay,https://tabiji.ai/compare/phuket-vs-byron-bay/,phuket vs byron bay,0,byron bay vs phuket,0,phuket vs byron bay,0,0
iceland-vs-yosemite,https://tabiji.ai/compare/iceland-vs-yosemite/,iceland vs yosemite,0,yosemite vs iceland,0,iceland vs yosemite,0,0
fukuoka-vs-hakone,https://tabiji.ai/compare/fukuoka-vs-hakone/,fukuoka vs hakone,0,hakone vs fukuoka,0,fukuoka vs hakone,0,0
taipei-vs-ho-chi-minh-city,https://tabiji.ai/compare/taipei-vs-ho-chi-minh-city/,taipei vs ho chi minh city,0,ho chi minh city vs taipei,0,taipei vs ho chi minh city,0,0
kuala-lumpur-vs-osaka,https://tabiji.ai/compare/kuala-lumpur-vs-osaka/,kuala lumpur vs osaka,0,osaka vs kuala lumpur,0,kuala lumpur vs osaka,0,0
barcelona-vs-stockholm,https://tabiji.ai/compare/barcelona-vs-stockholm/,barcelona vs stockholm,0,stockholm vs barcelona,0,barcelona vs stockholm,0,0
iceland-vs-zion,https://tabiji.ai/compare/iceland-vs-zion/,iceland vs zion,0,zion vs iceland,0,iceland vs zion,0,0
fukuoka-vs-nikko,https://tabiji.ai/compare/fukuoka-vs-nikko/,fukuoka vs nikko,0,nikko vs fukuoka,0,fukuoka vs nikko,0,0
taipei-vs-kuala-lumpur,https://tabiji.ai/compare/taipei-vs-kuala-lumpur/,taipei vs kuala lumpur,0,kuala lumpur vs taipei,0,taipei vs kuala lumpur,0,0
mexico-city-vs-porto,https://tabiji.ai/compare/mexico-city-vs-porto/,mexico city vs porto,0,porto vs mexico city,0,mexico city vs porto,0,0
singapore-vs-lisbon,https://tabiji.ai/compare/singapore-vs-lisbon/,singapore vs lisbon,0,lisbon vs singapore,0,singapore vs lisbon,0,0
south-korea-vs-armenia,https://tabiji.ai/compare/south-korea-vs-armenia/,south korea vs armenia,0,armenia vs south korea,0,south korea vs armenia,0,0
amalfi-coast-vs-mykonos,https://tabiji.ai/compare/amalfi-coast-vs-mykonos/,amalfi coast vs mykonos,0,mykonos vs amalfi coast,0,amalfi coast vs mykonos,0,0
south-korea-vs-slovenia,https://tabiji.ai/compare/south-korea-vs-slovenia/,south korea vs slovenia,0,slovenia vs south korea,0,south korea vs slovenia,0,0
banff-vs-zion,https://tabiji.ai/compare/banff-vs-zion/,banff vs zion,0,zion vs banff,0,banff vs zion,0,0
mexico-city-vs-krakow,https://tabiji.ai/compare/mexico-city-vs-krakow/,mexico city vs krakow,0,krakow vs mexico city,0,mexico city vs krakow,0,0
singapore-vs-madrid,https://tabiji.ai/compare/singapore-vs-madrid/,singapore vs madrid,0,madrid vs singapore,0,singapore vs madrid,0,0
amalfi-coast-vs-ibiza,https://tabiji.ai/compare/amalfi-coast-vs-ibiza/,amalfi coast vs ibiza,0,ibiza vs amalfi coast,0,amalfi coast vs ibiza,0,0
mexico-city-vs-tbilisi,https://tabiji.ai/compare/mexico-city-vs-tbilisi/,mexico city vs tbilisi,0,tbilisi vs mexico city,0,mexico city vs tbilisi,0,0
singapore-vs-berlin,https://tabiji.ai/compare/singapore-vs-berlin/,singapore vs berlin,0,berlin vs singapore,0,singapore vs berlin,0,0
banff-vs-lofoten,https://tabiji.ai/compare/banff-vs-lofoten/,banff vs lofoten,0,lofoten vs banff,0,banff vs lofoten,0,0
fukuoka-vs-nagano,https://tabiji.ai/compare/fukuoka-vs-nagano/,fukuoka vs nagano,0,nagano vs fukuoka,0,fukuoka vs nagano,0,0
mexico-city-vs-sofia,https://tabiji.ai/compare/mexico-city-vs-sofia/,mexico city vs sofia,0,sofia vs mexico city,0,mexico city vs sofia,0,0
singapore-vs-vienna,https://tabiji.ai/compare/singapore-vs-vienna/,singapore vs vienna,0,vienna vs singapore,0,singapore vs vienna,0,0
banff-vs-faroe-islands,https://tabiji.ai/compare/banff-vs-faroe-islands/,banff vs faroe islands,0,faroe islands vs banff,0,banff vs faroe islands,0,0
fukuoka-vs-kamakura,https://tabiji.ai/compare/fukuoka-vs-kamakura/,fukuoka vs kamakura,0,kamakura vs fukuoka,0,fukuoka vs kamakura,0,0
amalfi-coast-vs-monaco,https://tabiji.ai/compare/amalfi-coast-vs-monaco/,amalfi coast vs monaco,0,monaco vs amalfi coast,0,amalfi coast vs monaco,0,0
mexico-city-vs-belgrade,https://tabiji.ai/compare/mexico-city-vs-belgrade/,mexico city vs belgrade,0,belgrade vs mexico city,0,mexico city vs belgrade,0,0
singapore-vs-prague,https://tabiji.ai/compare/singapore-vs-prague/,singapore vs prague,0,prague vs singapore,0,singapore vs prague,0,0
amalfi-coast-vs-st-barts,https://tabiji.ai/compare/amalfi-coast-vs-st-barts/,amalfi coast vs st barts,0,st barts vs amalfi coast,0,amalfi coast vs st barts,0,0
mexico-city-vs-bucharest,https://tabiji.ai/compare/mexico-city-vs-bucharest/,mexico city vs bucharest,0,bucharest vs mexico city,0,mexico city vs bucharest,0,0
singapore-vs-budapest,https://tabiji.ai/compare/singapore-vs-budapest/,singapore vs budapest,0,budapest vs singapore,0,singapore vs budapest,0,0
banff-vs-lapland,https://tabiji.ai/compare/banff-vs-lapland/,banff vs lapland,0,lapland vs banff,0,banff vs lapland,0,0
amalfi-coast-vs-maldives,https://tabiji.ai/compare/amalfi-coast-vs-maldives/,amalfi coast vs maldives,0,maldives vs amalfi coast,0,amalfi coast vs maldives,0,0
mexico-city-vs-yerevan,https://tabiji.ai/compare/mexico-city-vs-yerevan/,mexico city vs yerevan,0,yerevan vs mexico city,0,mexico city vs yerevan,0,0
singapore-vs-amsterdam,https://tabiji.ai/compare/singapore-vs-amsterdam/,singapore vs amsterdam,0,amsterdam vs singapore,0,singapore vs amsterdam,0,0
mallorca-vs-rhodes,https://tabiji.ai/compare/mallorca-vs-rhodes/,mallorca vs rhodes,0,rhodes vs mallorca,0,mallorca vs rhodes,0,0
banff-vs-scottish-highlands,https://tabiji.ai/compare/banff-vs-scottish-highlands/,banff vs scottish highlands,0,scottish highlands vs banff,0,banff vs scottish highlands,0,0
fukuoka-vs-naoshima,https://tabiji.ai/compare/fukuoka-vs-naoshima/,fukuoka vs naoshima,0,naoshima vs fukuoka,0,fukuoka vs naoshima,0,0
amalfi-coast-vs-seychelles,https://tabiji.ai/compare/amalfi-coast-vs-seychelles/,amalfi coast vs seychelles,0,seychelles vs amalfi coast,0,amalfi coast vs seychelles,0,0
singapore-vs-copenhagen,https://tabiji.ai/compare/singapore-vs-copenhagen/,singapore vs copenhagen,0,copenhagen vs singapore,0,singapore vs copenhagen,0,0
fukuoka-vs-miyajima,https://tabiji.ai/compare/fukuoka-vs-miyajima/,fukuoka vs miyajima,0,miyajima vs fukuoka,0,fukuoka vs miyajima,0,0
amalfi-coast-vs-mauritius,https://tabiji.ai/compare/amalfi-coast-vs-mauritius/,amalfi coast vs mauritius,0,mauritius vs amalfi coast,0,amalfi coast vs mauritius,0,0
singapore-vs-stockholm,https://tabiji.ai/compare/singapore-vs-stockholm/,singapore vs stockholm,0,stockholm vs singapore,0,singapore vs stockholm,0,0
mallorca-vs-zanzibar,https://tabiji.ai/compare/mallorca-vs-zanzibar/,mallorca vs zanzibar,0,zanzibar vs mallorca,0,mallorca vs zanzibar,0,0
fukuoka-vs-koyasan,https://tabiji.ai/compare/fukuoka-vs-koyasan/,fukuoka vs koyasan,0,koyasan vs fukuoka,0,fukuoka vs koyasan,0,0
amalfi-coast-vs-dubai,https://tabiji.ai/compare/amalfi-coast-vs-dubai/,amalfi coast vs dubai,0,dubai vs amalfi coast,0,amalfi coast vs dubai,0,0
mexico-city-vs-kuala-lumpur,https://tabiji.ai/compare/mexico-city-vs-kuala-lumpur/,mexico city vs kuala lumpur,0,kuala lumpur vs mexico city,0,mexico city vs kuala lumpur,0,0
singapore-vs-helsinki,https://tabiji.ai/compare/singapore-vs-helsinki/,singapore vs helsinki,0,helsinki vs singapore,0,singapore vs helsinki,0,0
mallorca-vs-mauritius,https://tabiji.ai/compare/mallorca-vs-mauritius/,mallorca vs mauritius,0,mauritius vs mallorca,0,mallorca vs mauritius,0,0
banff-vs-norwegian-fjords,https://tabiji.ai/compare/banff-vs-norwegian-fjords/,banff vs norwegian fjords,0,norwegian fjords vs banff,0,banff vs norwegian fjords,0,0
fukuoka-vs-yakushima,https://tabiji.ai/compare/fukuoka-vs-yakushima/,fukuoka vs yakushima,0,yakushima vs fukuoka,0,fukuoka vs yakushima,0,0
singapore-vs-oslo,https://tabiji.ai/compare/singapore-vs-oslo/,singapore vs oslo,0,oslo vs singapore,0,singapore vs oslo,0,0
mallorca-vs-seychelles,https://tabiji.ai/compare/mallorca-vs-seychelles/,mallorca vs seychelles,0,seychelles vs mallorca,0,mallorca vs seychelles,0,0
banff-vs-torres-del-paine,https://tabiji.ai/compare/banff-vs-torres-del-paine/,banff vs torres del paine,0,torres del paine vs banff,0,banff vs torres del paine,0,0
fukuoka-vs-ishigaki,https://tabiji.ai/compare/fukuoka-vs-ishigaki/,fukuoka vs ishigaki,0,ishigaki vs fukuoka,0,fukuoka vs ishigaki,0,0
amalfi-coast-vs-paros,https://tabiji.ai/compare/amalfi-coast-vs-paros/,amalfi coast vs paros,0,paros vs amalfi coast,0,amalfi coast vs paros,0,0
mexico-city-vs-chiang-mai,https://tabiji.ai/compare/mexico-city-vs-chiang-mai/,mexico city vs chiang mai,0,chiang mai vs mexico city,0,mexico city vs chiang mai,0,0
singapore-vs-dublin,https://tabiji.ai/compare/singapore-vs-dublin/,singapore vs dublin,0,dublin vs singapore,0,singapore vs dublin,0,0
mallorca-vs-koh-phangan,https://tabiji.ai/compare/mallorca-vs-koh-phangan/,mallorca vs koh phangan,0,koh phangan vs mallorca,0,mallorca vs koh phangan,0,0
banff-vs-fitz-roy,https://tabiji.ai/compare/banff-vs-fitz-roy/,banff vs fitz roy,0,fitz roy vs banff,0,banff vs fitz roy,0,0
fukuoka-vs-miyakojima,https://tabiji.ai/compare/fukuoka-vs-miyakojima/,fukuoka vs miyakojima,0,miyakojima vs fukuoka,0,fukuoka vs miyakojima,0,0
amalfi-coast-vs-milos,https://tabiji.ai/compare/amalfi-coast-vs-milos/,amalfi coast vs milos,0,milos vs amalfi coast,0,amalfi coast vs milos,0,0
mexico-city-vs-hoi-an,https://tabiji.ai/compare/mexico-city-vs-hoi-an/,mexico city vs hoi an,0,hoi an vs mexico city,0,mexico city vs hoi an,0,0
singapore-vs-edinburgh,https://tabiji.ai/compare/singapore-vs-edinburgh/,singapore vs edinburgh,0,edinburgh vs singapore,0,singapore vs edinburgh,0,0
mallorca-vs-koh-tao,https://tabiji.ai/compare/mallorca-vs-koh-tao/,mallorca vs koh tao,0,koh tao vs mallorca,0,mallorca vs koh tao,0,0
banff-vs-amazon,https://tabiji.ai/compare/banff-vs-amazon/,banff vs amazon,0,amazon vs banff,0,banff vs amazon,0,0
mexico-city-vs-da-nang,https://tabiji.ai/compare/mexico-city-vs-da-nang/,mexico city vs da nang,0,da nang vs mexico city,0,mexico city vs da nang,0,0
singapore-vs-seville,https://tabiji.ai/compare/singapore-vs-seville/,singapore vs seville,0,seville vs singapore,0,singapore vs seville,0,0
mallorca-vs-lombok,https://tabiji.ai/compare/mallorca-vs-lombok/,mallorca vs lombok,0,lombok vs mallorca,0,mallorca vs lombok,0,0
banff-vs-galapagos,https://tabiji.ai/compare/banff-vs-galapagos/,banff vs galapagos,0,galapagos vs banff,0,banff vs galapagos,0,0
french-riviera-vs-santorini,https://tabiji.ai/compare/french-riviera-vs-santorini/,french riviera vs santorini,0,santorini vs french riviera,0,french riviera vs santorini,0,0
mexico-city-vs-penang,https://tabiji.ai/compare/mexico-city-vs-penang/,mexico city vs penang,0,penang vs mexico city,0,mexico city vs penang,0,0
singapore-vs-valencia,https://tabiji.ai/compare/singapore-vs-valencia/,singapore vs valencia,0,valencia vs singapore,0,singapore vs valencia,0,0
mallorca-vs-gili-islands,https://tabiji.ai/compare/mallorca-vs-gili-islands/,mallorca vs gili islands,0,gili islands vs mallorca,0,mallorca vs gili islands,0,0
banff-vs-borneo,https://tabiji.ai/compare/banff-vs-borneo/,banff vs borneo,0,borneo vs banff,0,banff vs borneo,0,0
fukuoka-vs-kyushu,https://tabiji.ai/compare/fukuoka-vs-kyushu/,fukuoka vs kyushu,0,kyushu vs fukuoka,0,fukuoka vs kyushu,0,0
french-riviera-vs-mykonos,https://tabiji.ai/compare/french-riviera-vs-mykonos/,french riviera vs mykonos,0,mykonos vs french riviera,0,french riviera vs mykonos,0,0
mexico-city-vs-taipei,https://tabiji.ai/compare/mexico-city-vs-taipei/,mexico city vs taipei,0,taipei vs mexico city,0,mexico city vs taipei,0,0
singapore-vs-florence,https://tabiji.ai/compare/singapore-vs-florence/,singapore vs florence,0,florence vs singapore,0,singapore vs florence,0,0
mallorca-vs-nusa-penida,https://tabiji.ai/compare/mallorca-vs-nusa-penida/,mallorca vs nusa penida,0,nusa penida vs mallorca,0,mallorca vs nusa penida,0,0
banff-vs-raja-ampat,https://tabiji.ai/compare/banff-vs-raja-ampat/,banff vs raja ampat,0,raja ampat vs banff,0,banff vs raja ampat,0,0
fukuoka-vs-kansai,https://tabiji.ai/compare/fukuoka-vs-kansai/,fukuoka vs kansai,0,kansai vs fukuoka,0,fukuoka vs kansai,0,0
french-riviera-vs-mallorca,https://tabiji.ai/compare/french-riviera-vs-mallorca/,french riviera vs mallorca,0,mallorca vs french riviera,0,french riviera vs mallorca,0,0
singapore-vs-venice,https://tabiji.ai/compare/singapore-vs-venice/,singapore vs venice,0,venice vs singapore,0,singapore vs venice,0,0
mallorca-vs-samui,https://tabiji.ai/compare/mallorca-vs-samui/,mallorca vs samui,0,samui vs mallorca,0,mallorca vs samui,0,0
banff-vs-great-barrier-reef,https://tabiji.ai/compare/banff-vs-great-barrier-reef/,banff vs great barrier reef,0,great barrier reef vs banff,0,banff vs great barrier reef,0,0
fukuoka-vs-kanto,https://tabiji.ai/compare/fukuoka-vs-kanto/,fukuoka vs kanto,0,kanto vs fukuoka,0,fukuoka vs kanto,0,0
french-riviera-vs-ibiza,https://tabiji.ai/compare/french-riviera-vs-ibiza/,french riviera vs ibiza,0,ibiza vs french riviera,0,french riviera vs ibiza,0,0
lisbon-vs-krakow,https://tabiji.ai/compare/lisbon-vs-krakow/,lisbon vs krakow,0,krakow vs lisbon,0,lisbon vs krakow,0,0
singapore-vs-milan,https://tabiji.ai/compare/singapore-vs-milan/,singapore vs milan,0,milan vs singapore,0,singapore vs milan,0,0
taiwan-vs-portugal,https://tabiji.ai/compare/taiwan-vs-portugal/,taiwan vs portugal,0,portugal vs taiwan,0,taiwan vs portugal,0,0
banff-vs-komodo,https://tabiji.ai/compare/banff-vs-komodo/,banff vs komodo,0,komodo vs banff,0,banff vs komodo,0,0
french-riviera-vs-capri,https://tabiji.ai/compare/french-riviera-vs-capri/,french riviera vs capri,0,capri vs french riviera,0,french riviera vs capri,0,0
lisbon-vs-sofia,https://tabiji.ai/compare/lisbon-vs-sofia/,lisbon vs sofia,0,sofia vs lisbon,0,lisbon vs sofia,0,0
singapore-vs-naples,https://tabiji.ai/compare/singapore-vs-naples/,singapore vs naples,0,naples vs singapore,0,singapore vs naples,0,0
banff-vs-serengeti,https://tabiji.ai/compare/banff-vs-serengeti/,banff vs serengeti,0,serengeti vs banff,0,banff vs serengeti,0,0
french-riviera-vs-monaco,https://tabiji.ai/compare/french-riviera-vs-monaco/,french riviera vs monaco,0,monaco vs french riviera,0,french riviera vs monaco,0,0
lisbon-vs-belgrade,https://tabiji.ai/compare/lisbon-vs-belgrade/,lisbon vs belgrade,0,belgrade vs lisbon,0,lisbon vs belgrade,0,0
singapore-vs-porto,https://tabiji.ai/compare/singapore-vs-porto/,singapore vs porto,0,porto vs singapore,0,singapore vs porto,0,0
ibiza-vs-sicily,https://tabiji.ai/compare/ibiza-vs-sicily/,ibiza vs sicily,0,sicily vs ibiza,0,ibiza vs sicily,0,0
banff-vs-kruger,https://tabiji.ai/compare/banff-vs-kruger/,banff vs kruger,0,kruger vs banff,0,banff vs kruger,0,0
french-riviera-vs-st-barts,https://tabiji.ai/compare/french-riviera-vs-st-barts/,french riviera vs st barts,0,st barts vs french riviera,0,french riviera vs st barts,0,0
lisbon-vs-bucharest,https://tabiji.ai/compare/lisbon-vs-bucharest/,lisbon vs bucharest,0,bucharest vs lisbon,0,lisbon vs bucharest,0,0
singapore-vs-munich,https://tabiji.ai/compare/singapore-vs-munich/,singapore vs munich,0,munich vs singapore,0,singapore vs munich,0,0
ibiza-vs-corsica,https://tabiji.ai/compare/ibiza-vs-corsica/,ibiza vs corsica,0,corsica vs ibiza,0,ibiza vs corsica,0,0
taiwan-vs-greece,https://tabiji.ai/compare/taiwan-vs-greece/,taiwan vs greece,0,greece vs taiwan,0,taiwan vs greece,0,0
banff-vs-masai-mara,https://tabiji.ai/compare/banff-vs-masai-mara/,banff vs masai mara,0,masai mara vs banff,0,banff vs masai mara,0,0
french-riviera-vs-maldives,https://tabiji.ai/compare/french-riviera-vs-maldives/,french riviera vs maldives,0,maldives vs french riviera,0,french riviera vs maldives,0,0
lisbon-vs-yerevan,https://tabiji.ai/compare/lisbon-vs-yerevan/,lisbon vs yerevan,0,yerevan vs lisbon,0,lisbon vs yerevan,0,0
singapore-vs-krakow,https://tabiji.ai/compare/singapore-vs-krakow/,singapore vs krakow,0,krakow vs singapore,0,singapore vs krakow,0,0
ibiza-vs-madeira,https://tabiji.ai/compare/ibiza-vs-madeira/,ibiza vs madeira,0,madeira vs ibiza,0,ibiza vs madeira,0,0
taiwan-vs-croatia,https://tabiji.ai/compare/taiwan-vs-croatia/,taiwan vs croatia,0,croatia vs taiwan,0,taiwan vs croatia,0,0
banff-vs-okavango-delta,https://tabiji.ai/compare/banff-vs-okavango-delta/,banff vs okavango delta,0,okavango delta vs banff,0,banff vs okavango delta,0,0
kanazawa-vs-nikko,https://tabiji.ai/compare/kanazawa-vs-nikko/,kanazawa vs nikko,0,nikko vs kanazawa,0,kanazawa vs nikko,0,0
french-riviera-vs-seychelles,https://tabiji.ai/compare/french-riviera-vs-seychelles/,french riviera vs seychelles,0,seychelles vs french riviera,0,french riviera vs seychelles,0,0
lisbon-vs-medellin,https://tabiji.ai/compare/lisbon-vs-medellin/,lisbon vs medellin,0,medellin vs lisbon,0,lisbon vs medellin,0,0
singapore-vs-tbilisi,https://tabiji.ai/compare/singapore-vs-tbilisi/,singapore vs tbilisi,0,tbilisi vs singapore,0,singapore vs tbilisi,0,0
taiwan-vs-turkey,https://tabiji.ai/compare/taiwan-vs-turkey/,taiwan vs turkey,0,turkey vs taiwan,0,taiwan vs turkey,0,0
banff-vs-ngorongoro,https://tabiji.ai/compare/banff-vs-ngorongoro/,banff vs ngorongoro,0,ngorongoro vs banff,0,banff vs ngorongoro,0,0
french-riviera-vs-mauritius,https://tabiji.ai/compare/french-riviera-vs-mauritius/,french riviera vs mauritius,0,mauritius vs french riviera,0,french riviera vs mauritius,0,0
lisbon-vs-lima,https://tabiji.ai/compare/lisbon-vs-lima/,lisbon vs lima,0,lima vs lisbon,0,lisbon vs lima,0,0
singapore-vs-yerevan,https://tabiji.ai/compare/singapore-vs-yerevan/,singapore vs yerevan,0,yerevan vs singapore,0,singapore vs yerevan,0,0
taiwan-vs-morocco,https://tabiji.ai/compare/taiwan-vs-morocco/,taiwan vs morocco,0,morocco vs taiwan,0,taiwan vs morocco,0,0
jasper-vs-yosemite,https://tabiji.ai/compare/jasper-vs-yosemite/,jasper vs yosemite,0,yosemite vs jasper,0,jasper vs yosemite,0,0
french-riviera-vs-dubai,https://tabiji.ai/compare/french-riviera-vs-dubai/,french riviera vs dubai,0,dubai vs french riviera,0,french riviera vs dubai,0,0
lisbon-vs-buenos-aires,https://tabiji.ai/compare/lisbon-vs-buenos-aires/,lisbon vs buenos aires,0,buenos aires vs lisbon,0,lisbon vs buenos aires,0,0
singapore-vs-dubrovnik,https://tabiji.ai/compare/singapore-vs-dubrovnik/,singapore vs dubrovnik,0,dubrovnik vs singapore,0,singapore vs dubrovnik,0,0
ibiza-vs-cyprus,https://tabiji.ai/compare/ibiza-vs-cyprus/,ibiza vs cyprus,0,cyprus vs ibiza,0,ibiza vs cyprus,0,0
taiwan-vs-georgia,https://tabiji.ai/compare/taiwan-vs-georgia/,taiwan vs georgia,0,georgia vs taiwan,0,taiwan vs georgia,0,0
jasper-vs-yellowstone,https://tabiji.ai/compare/jasper-vs-yellowstone/,jasper vs yellowstone,0,yellowstone vs jasper,0,jasper vs yellowstone,0,0
french-riviera-vs-tuscany,https://tabiji.ai/compare/french-riviera-vs-tuscany/,french riviera vs tuscany,0,tuscany vs french riviera,0,french riviera vs tuscany,0,0
lisbon-vs-kuala-lumpur,https://tabiji.ai/compare/lisbon-vs-kuala-lumpur/,lisbon vs kuala lumpur,0,kuala lumpur vs lisbon,0,lisbon vs kuala lumpur,0,0
hong-kong-vs-lisbon,https://tabiji.ai/compare/hong-kong-vs-lisbon/,hong kong vs lisbon,0,lisbon vs hong kong,0,hong kong vs lisbon,0,0
ibiza-vs-crete,https://tabiji.ai/compare/ibiza-vs-crete/,ibiza vs crete,0,crete vs ibiza,0,ibiza vs crete,0,0
taiwan-vs-armenia,https://tabiji.ai/compare/taiwan-vs-armenia/,taiwan vs armenia,0,armenia vs taiwan,0,taiwan vs armenia,0,0
jasper-vs-zion,https://tabiji.ai/compare/jasper-vs-zion/,jasper vs zion,0,zion vs jasper,0,jasper vs zion,0,0
kanazawa-vs-nagasaki,https://tabiji.ai/compare/kanazawa-vs-nagasaki/,kanazawa vs nagasaki,0,nagasaki vs kanazawa,0,kanazawa vs nagasaki,0,0
french-riviera-vs-paros,https://tabiji.ai/compare/french-riviera-vs-paros/,french riviera vs paros,0,paros vs french riviera,0,french riviera vs paros,0,0
lisbon-vs-bangkok,https://tabiji.ai/compare/lisbon-vs-bangkok/,lisbon vs bangkok,0,bangkok vs lisbon,0,lisbon vs bangkok,0,0
hong-kong-vs-barcelona,https://tabiji.ai/compare/hong-kong-vs-barcelona/,hong kong vs barcelona,0,barcelona vs hong kong,0,hong kong vs barcelona,0,0
ibiza-vs-rhodes,https://tabiji.ai/compare/ibiza-vs-rhodes/,ibiza vs rhodes,0,rhodes vs ibiza,0,ibiza vs rhodes,0,0
taiwan-vs-slovenia,https://tabiji.ai/compare/taiwan-vs-slovenia/,taiwan vs slovenia,0,slovenia vs taiwan,0,taiwan vs slovenia,0,0
jasper-vs-glacier-national-park,https://tabiji.ai/compare/jasper-vs-glacier-national-park/,jasper vs glacier national park,0,glacier national park vs jasper,0,jasper vs glacier national park,0,0
kanazawa-vs-naoshima,https://tabiji.ai/compare/kanazawa-vs-naoshima/,kanazawa vs naoshima,0,naoshima vs kanazawa,0,kanazawa vs naoshima,0,0
french-riviera-vs-milos,https://tabiji.ai/compare/french-riviera-vs-milos/,french riviera vs milos,0,milos vs french riviera,0,french riviera vs milos,0,0
lisbon-vs-chiang-mai,https://tabiji.ai/compare/lisbon-vs-chiang-mai/,lisbon vs chiang mai,0,chiang mai vs lisbon,0,lisbon vs chiang mai,0,0
hong-kong-vs-madrid,https://tabiji.ai/compare/hong-kong-vs-madrid/,hong kong vs madrid,0,madrid vs hong kong,0,hong kong vs madrid,0,0
taiwan-vs-austria,https://tabiji.ai/compare/taiwan-vs-austria/,taiwan vs austria,0,austria vs taiwan,0,taiwan vs austria,0,0
jasper-vs-lofoten,https://tabiji.ai/compare/jasper-vs-lofoten/,jasper vs lofoten,0,lofoten vs jasper,0,jasper vs lofoten,0,0
kanazawa-vs-miyajima,https://tabiji.ai/compare/kanazawa-vs-miyajima/,kanazawa vs miyajima,0,miyajima vs kanazawa,0,kanazawa vs miyajima,0,0
lake-como-vs-mykonos,https://tabiji.ai/compare/lake-como-vs-mykonos/,lake como vs mykonos,0,mykonos vs lake como,0,lake como vs mykonos,0,0
lisbon-vs-hoi-an,https://tabiji.ai/compare/lisbon-vs-hoi-an/,lisbon vs hoi an,0,hoi an vs lisbon,0,lisbon vs hoi an,0,0
hong-kong-vs-berlin,https://tabiji.ai/compare/hong-kong-vs-berlin/,hong kong vs berlin,0,berlin vs hong kong,0,hong kong vs berlin,0,0
ibiza-vs-ibiza,https://tabiji.ai/compare/ibiza-vs-ibiza/,ibiza vs ibiza,0,ibiza vs ibiza,0,ibiza vs ibiza,0,0
taiwan-vs-switzerland,https://tabiji.ai/compare/taiwan-vs-switzerland/,taiwan vs switzerland,0,switzerland vs taiwan,0,taiwan vs switzerland,0,0
jasper-vs-faroe-islands,https://tabiji.ai/compare/jasper-vs-faroe-islands/,jasper vs faroe islands,0,faroe islands vs jasper,0,jasper vs faroe islands,0,0
kanazawa-vs-koyasan,https://tabiji.ai/compare/kanazawa-vs-koyasan/,kanazawa vs koyasan,0,koyasan vs kanazawa,0,kanazawa vs koyasan,0,0
lake-como-vs-mallorca,https://tabiji.ai/compare/lake-como-vs-mallorca/,lake como vs mallorca,0,mallorca vs lake como,0,lake como vs mallorca,0,0
lisbon-vs-da-nang,https://tabiji.ai/compare/lisbon-vs-da-nang/,lisbon vs da nang,0,da nang vs lisbon,0,lisbon vs da nang,0,0
hong-kong-vs-vienna,https://tabiji.ai/compare/hong-kong-vs-vienna/,hong kong vs vienna,0,vienna vs hong kong,0,hong kong vs vienna,0,0
ibiza-vs-zanzibar,https://tabiji.ai/compare/ibiza-vs-zanzibar/,ibiza vs zanzibar,0,zanzibar vs ibiza,0,ibiza vs zanzibar,0,0
taiwan-vs-norway,https://tabiji.ai/compare/taiwan-vs-norway/,taiwan vs norway,0,norway vs taiwan,0,taiwan vs norway,0,0
kanazawa-vs-yakushima,https://tabiji.ai/compare/kanazawa-vs-yakushima/,kanazawa vs yakushima,0,yakushima vs kanazawa,0,kanazawa vs yakushima,0,0
lake-como-vs-ibiza,https://tabiji.ai/compare/lake-como-vs-ibiza/,lake como vs ibiza,0,ibiza vs lake como,0,lake como vs ibiza,0,0
lisbon-vs-penang,https://tabiji.ai/compare/lisbon-vs-penang/,lisbon vs penang,0,penang vs lisbon,0,lisbon vs penang,0,0
hong-kong-vs-prague,https://tabiji.ai/compare/hong-kong-vs-prague/,hong kong vs prague,0,prague vs hong kong,0,hong kong vs prague,0,0
ibiza-vs-mauritius,https://tabiji.ai/compare/ibiza-vs-mauritius/,ibiza vs mauritius,0,mauritius vs ibiza,0,ibiza vs mauritius,0,0
taiwan-vs-finland,https://tabiji.ai/compare/taiwan-vs-finland/,taiwan vs finland,0,finland vs taiwan,0,taiwan vs finland,0,0
jasper-vs-lapland,https://tabiji.ai/compare/jasper-vs-lapland/,jasper vs lapland,0,lapland vs jasper,0,jasper vs lapland,0,0
kanazawa-vs-ishigaki,https://tabiji.ai/compare/kanazawa-vs-ishigaki/,kanazawa vs ishigaki,0,ishigaki vs kanazawa,0,kanazawa vs ishigaki,0,0
lisbon-vs-taipei,https://tabiji.ai/compare/lisbon-vs-taipei/,lisbon vs taipei,0,taipei vs lisbon,0,lisbon vs taipei,0,0
hong-kong-vs-budapest,https://tabiji.ai/compare/hong-kong-vs-budapest/,hong kong vs budapest,0,budapest vs hong kong,0,hong kong vs budapest,0,0
ibiza-vs-seychelles,https://tabiji.ai/compare/ibiza-vs-seychelles/,ibiza vs seychelles,0,seychelles vs ibiza,0,ibiza vs seychelles,0,0
taiwan-vs-ireland,https://tabiji.ai/compare/taiwan-vs-ireland/,taiwan vs ireland,0,ireland vs taiwan,0,taiwan vs ireland,0,0
jasper-vs-scottish-highlands,https://tabiji.ai/compare/jasper-vs-scottish-highlands/,jasper vs scottish highlands,0,scottish highlands vs jasper,0,jasper vs scottish highlands,0,0
kanazawa-vs-miyakojima,https://tabiji.ai/compare/kanazawa-vs-miyakojima/,kanazawa vs miyakojima,0,miyakojima vs kanazawa,0,kanazawa vs miyakojima,0,0
lake-como-vs-monaco,https://tabiji.ai/compare/lake-como-vs-monaco/,lake como vs monaco,0,monaco vs lake como,0,lake como vs monaco,0,0
porto-vs-budapest,https://tabiji.ai/compare/porto-vs-budapest/,porto vs budapest,0,budapest vs porto,0,porto vs budapest,0,0
hong-kong-vs-amsterdam,https://tabiji.ai/compare/hong-kong-vs-amsterdam/,hong kong vs amsterdam,0,amsterdam vs hong kong,0,hong kong vs amsterdam,0,0
ibiza-vs-koh-phangan,https://tabiji.ai/compare/ibiza-vs-koh-phangan/,ibiza vs koh phangan,0,koh phangan vs ibiza,0,ibiza vs koh phangan,0,0
jasper-vs-dolomites,https://tabiji.ai/compare/jasper-vs-dolomites/,jasper vs dolomites,0,dolomites vs jasper,0,jasper vs dolomites,0,0
kanazawa-vs-okinawa,https://tabiji.ai/compare/kanazawa-vs-okinawa/,kanazawa vs okinawa,0,okinawa vs kanazawa,0,kanazawa vs okinawa,0,0
lake-como-vs-st-barts,https://tabiji.ai/compare/lake-como-vs-st-barts/,lake como vs st barts,0,st barts vs lake como,0,lake como vs st barts,0,0
porto-vs-tbilisi,https://tabiji.ai/compare/porto-vs-tbilisi/,porto vs tbilisi,0,tbilisi vs porto,0,porto vs tbilisi,0,0
hong-kong-vs-copenhagen,https://tabiji.ai/compare/hong-kong-vs-copenhagen/,hong kong vs copenhagen,0,copenhagen vs hong kong,0,hong kong vs copenhagen,0,0
ibiza-vs-koh-tao,https://tabiji.ai/compare/ibiza-vs-koh-tao/,ibiza vs koh tao,0,koh tao vs ibiza,0,ibiza vs koh tao,0,0
taiwan-vs-colombia,https://tabiji.ai/compare/taiwan-vs-colombia/,taiwan vs colombia,0,colombia vs taiwan,0,taiwan vs colombia,0,0
jasper-vs-swiss-alps,https://tabiji.ai/compare/jasper-vs-swiss-alps/,jasper vs swiss alps,0,swiss alps vs jasper,0,jasper vs swiss alps,0,0
kanazawa-vs-hokkaido,https://tabiji.ai/compare/kanazawa-vs-hokkaido/,kanazawa vs hokkaido,0,hokkaido vs kanazawa,0,kanazawa vs hokkaido,0,0
lake-como-vs-maldives,https://tabiji.ai/compare/lake-como-vs-maldives/,lake como vs maldives,0,maldives vs lake como,0,lake como vs maldives,0,0
porto-vs-sofia,https://tabiji.ai/compare/porto-vs-sofia/,porto vs sofia,0,sofia vs porto,0,porto vs sofia,0,0
hong-kong-vs-stockholm,https://tabiji.ai/compare/hong-kong-vs-stockholm/,hong kong vs stockholm,0,stockholm vs hong kong,0,hong kong vs stockholm,0,0
ibiza-vs-lombok,https://tabiji.ai/compare/ibiza-vs-lombok/,ibiza vs lombok,0,lombok vs ibiza,0,ibiza vs lombok,0,0
taiwan-vs-peru,https://tabiji.ai/compare/taiwan-vs-peru/,taiwan vs peru,0,peru vs taiwan,0,taiwan vs peru,0,0
jasper-vs-norwegian-fjords,https://tabiji.ai/compare/jasper-vs-norwegian-fjords/,jasper vs norwegian fjords,0,norwegian fjords vs jasper,0,jasper vs norwegian fjords,0,0
kanazawa-vs-kyushu,https://tabiji.ai/compare/kanazawa-vs-kyushu/,kanazawa vs kyushu,0,kyushu vs kanazawa,0,kanazawa vs kyushu,0,0
lake-como-vs-seychelles,https://tabiji.ai/compare/lake-como-vs-seychelles/,lake como vs seychelles,0,seychelles vs lake como,0,lake como vs seychelles,0,0
porto-vs-belgrade,https://tabiji.ai/compare/porto-vs-belgrade/,porto vs belgrade,0,belgrade vs porto,0,porto vs belgrade,0,0
hong-kong-vs-helsinki,https://tabiji.ai/compare/hong-kong-vs-helsinki/,hong kong vs helsinki,0,helsinki vs hong kong,0,hong kong vs helsinki,0,0
ibiza-vs-gili-islands,https://tabiji.ai/compare/ibiza-vs-gili-islands/,ibiza vs gili islands,0,gili islands vs ibiza,0,ibiza vs gili islands,0,0
taiwan-vs-chile,https://tabiji.ai/compare/taiwan-vs-chile/,taiwan vs chile,0,chile vs taiwan,0,taiwan vs chile,0,0
jasper-vs-torres-del-paine,https://tabiji.ai/compare/jasper-vs-torres-del-paine/,jasper vs torres del paine,0,torres del paine vs jasper,0,jasper vs torres del paine,0,0
kanazawa-vs-kansai,https://tabiji.ai/compare/kanazawa-vs-kansai/,kanazawa vs kansai,0,kansai vs kanazawa,0,kanazawa vs kansai,0,0
lake-como-vs-mauritius,https://tabiji.ai/compare/lake-como-vs-mauritius/,lake como vs mauritius,0,mauritius vs lake como,0,lake como vs mauritius,0,0
porto-vs-bucharest,https://tabiji.ai/compare/porto-vs-bucharest/,porto vs bucharest,0,bucharest vs porto,0,porto vs bucharest,0,0
hong-kong-vs-oslo,https://tabiji.ai/compare/hong-kong-vs-oslo/,hong kong vs oslo,0,oslo vs hong kong,0,hong kong vs oslo,0,0
ibiza-vs-nusa-penida,https://tabiji.ai/compare/ibiza-vs-nusa-penida/,ibiza vs nusa penida,0,nusa penida vs ibiza,0,ibiza vs nusa penida,0,0
taiwan-vs-argentina,https://tabiji.ai/compare/taiwan-vs-argentina/,taiwan vs argentina,0,argentina vs taiwan,0,taiwan vs argentina,0,0
jasper-vs-fitz-roy,https://tabiji.ai/compare/jasper-vs-fitz-roy/,jasper vs fitz roy,0,fitz roy vs jasper,0,jasper vs fitz roy,0,0
kanazawa-vs-kanto,https://tabiji.ai/compare/kanazawa-vs-kanto/,kanazawa vs kanto,0,kanto vs kanazawa,0,kanazawa vs kanto,0,0
lake-como-vs-dubai,https://tabiji.ai/compare/lake-como-vs-dubai/,lake como vs dubai,0,dubai vs lake como,0,lake como vs dubai,0,0
porto-vs-yerevan,https://tabiji.ai/compare/porto-vs-yerevan/,porto vs yerevan,0,yerevan vs porto,0,porto vs yerevan,0,0
hong-kong-vs-dublin,https://tabiji.ai/compare/hong-kong-vs-dublin/,hong kong vs dublin,0,dublin vs hong kong,0,hong kong vs dublin,0,0
ibiza-vs-samui,https://tabiji.ai/compare/ibiza-vs-samui/,ibiza vs samui,0,samui vs ibiza,0,ibiza vs samui,0,0
jasper-vs-amazon,https://tabiji.ai/compare/jasper-vs-amazon/,jasper vs amazon,0,amazon vs jasper,0,jasper vs amazon,0,0
porto-vs-medellin,https://tabiji.ai/compare/porto-vs-medellin/,porto vs medellin,0,medellin vs porto,0,porto vs medellin,0,0
hong-kong-vs-edinburgh,https://tabiji.ai/compare/hong-kong-vs-edinburgh/,hong kong vs edinburgh,0,edinburgh vs hong kong,0,hong kong vs edinburgh,0,0
jasper-vs-galapagos,https://tabiji.ai/compare/jasper-vs-galapagos/,jasper vs galapagos,0,galapagos vs jasper,0,jasper vs galapagos,0,0
kanazawa-vs-kobe,https://tabiji.ai/compare/kanazawa-vs-kobe/,kanazawa vs kobe,0,kobe vs kanazawa,0,kanazawa vs kobe,0,0
lake-como-vs-paros,https://tabiji.ai/compare/lake-como-vs-paros/,lake como vs paros,0,paros vs lake como,0,lake como vs paros,0,0
porto-vs-lima,https://tabiji.ai/compare/porto-vs-lima/,porto vs lima,0,lima vs porto,0,porto vs lima,0,0
hong-kong-vs-seville,https://tabiji.ai/compare/hong-kong-vs-seville/,hong kong vs seville,0,seville vs hong kong,0,hong kong vs seville,0,0
menorca-vs-sicily,https://tabiji.ai/compare/menorca-vs-sicily/,menorca vs sicily,0,sicily vs menorca,0,menorca vs sicily,0,0
jasper-vs-borneo,https://tabiji.ai/compare/jasper-vs-borneo/,jasper vs borneo,0,borneo vs jasper,0,jasper vs borneo,0,0
kanazawa-vs-sapporo,https://tabiji.ai/compare/kanazawa-vs-sapporo/,kanazawa vs sapporo,0,sapporo vs kanazawa,0,kanazawa vs sapporo,0,0
lake-como-vs-milos,https://tabiji.ai/compare/lake-como-vs-milos/,lake como vs milos,0,milos vs lake como,0,lake como vs milos,0,0
porto-vs-kuala-lumpur,https://tabiji.ai/compare/porto-vs-kuala-lumpur/,porto vs kuala lumpur,0,kuala lumpur vs porto,0,porto vs kuala lumpur,0,0
hong-kong-vs-valencia,https://tabiji.ai/compare/hong-kong-vs-valencia/,hong kong vs valencia,0,valencia vs hong kong,0,hong kong vs valencia,0,0
menorca-vs-corsica,https://tabiji.ai/compare/menorca-vs-corsica/,menorca vs corsica,0,corsica vs menorca,0,menorca vs corsica,0,0
jasper-vs-raja-ampat,https://tabiji.ai/compare/jasper-vs-raja-ampat/,jasper vs raja ampat,0,raja ampat vs jasper,0,jasper vs raja ampat,0,0
porto-vs-bangkok,https://tabiji.ai/compare/porto-vs-bangkok/,porto vs bangkok,0,bangkok vs porto,0,porto vs bangkok,0,0
hong-kong-vs-florence,https://tabiji.ai/compare/hong-kong-vs-florence/,hong kong vs florence,0,florence vs hong kong,0,hong kong vs florence,0,0
menorca-vs-madeira,https://tabiji.ai/compare/menorca-vs-madeira/,menorca vs madeira,0,madeira vs menorca,0,menorca vs madeira,0,0
jasper-vs-great-barrier-reef,https://tabiji.ai/compare/jasper-vs-great-barrier-reef/,jasper vs great barrier reef,0,great barrier reef vs jasper,0,jasper vs great barrier reef,0,0
takayama-vs-nikko,https://tabiji.ai/compare/takayama-vs-nikko/,takayama vs nikko,0,nikko vs takayama,0,takayama vs nikko,0,0
porto-vs-chiang-mai,https://tabiji.ai/compare/porto-vs-chiang-mai/,porto vs chiang mai,0,chiang mai vs porto,0,porto vs chiang mai,0,0
hong-kong-vs-venice,https://tabiji.ai/compare/hong-kong-vs-venice/,hong kong vs venice,0,venice vs hong kong,0,hong kong vs venice,0,0
menorca-vs-canary-islands,https://tabiji.ai/compare/menorca-vs-canary-islands/,menorca vs canary islands,0,canary islands vs menorca,0,menorca vs canary islands,0,0
jasper-vs-komodo,https://tabiji.ai/compare/jasper-vs-komodo/,jasper vs komodo,0,komodo vs jasper,0,jasper vs komodo,0,0
porto-vs-hoi-an,https://tabiji.ai/compare/porto-vs-hoi-an/,porto vs hoi an,0,hoi an vs porto,0,porto vs hoi an,0,0
hong-kong-vs-milan,https://tabiji.ai/compare/hong-kong-vs-milan/,hong kong vs milan,0,milan vs hong kong,0,hong kong vs milan,0,0
menorca-vs-malta,https://tabiji.ai/compare/menorca-vs-malta/,menorca vs malta,0,malta vs menorca,0,menorca vs malta,0,0
jasper-vs-serengeti,https://tabiji.ai/compare/jasper-vs-serengeti/,jasper vs serengeti,0,serengeti vs jasper,0,jasper vs serengeti,0,0
takayama-vs-kamakura,https://tabiji.ai/compare/takayama-vs-kamakura/,takayama vs kamakura,0,kamakura vs takayama,0,takayama vs kamakura,0,0
santorini-vs-monaco,https://tabiji.ai/compare/santorini-vs-monaco/,santorini vs monaco,0,monaco vs santorini,0,santorini vs monaco,0,0
porto-vs-da-nang,https://tabiji.ai/compare/porto-vs-da-nang/,porto vs da nang,0,da nang vs porto,0,porto vs da nang,0,0
hong-kong-vs-naples,https://tabiji.ai/compare/hong-kong-vs-naples/,hong kong vs naples,0,naples vs hong kong,0,hong kong vs naples,0,0
menorca-vs-cyprus,https://tabiji.ai/compare/menorca-vs-cyprus/,menorca vs cyprus,0,cyprus vs menorca,0,menorca vs cyprus,0,0
jasper-vs-kruger,https://tabiji.ai/compare/jasper-vs-kruger/,jasper vs kruger,0,kruger vs jasper,0,jasper vs kruger,0,0
takayama-vs-hiroshima,https://tabiji.ai/compare/takayama-vs-hiroshima/,takayama vs hiroshima,0,hiroshima vs takayama,0,takayama vs hiroshima,0,0
santorini-vs-st-barts,https://tabiji.ai/compare/santorini-vs-st-barts/,santorini vs st barts,0,st barts vs santorini,0,santorini vs st barts,0,0
porto-vs-penang,https://tabiji.ai/compare/porto-vs-penang/,porto vs penang,0,penang vs porto,0,porto vs penang,0,0
hong-kong-vs-porto,https://tabiji.ai/compare/hong-kong-vs-porto/,hong kong vs porto,0,porto vs hong kong,0,hong kong vs porto,0,0
menorca-vs-crete,https://tabiji.ai/compare/menorca-vs-crete/,menorca vs crete,0,crete vs menorca,0,menorca vs crete,0,0
jasper-vs-masai-mara,https://tabiji.ai/compare/jasper-vs-masai-mara/,jasper vs masai mara,0,masai mara vs jasper,0,jasper vs masai mara,0,0
takayama-vs-nagasaki,https://tabiji.ai/compare/takayama-vs-nagasaki/,takayama vs nagasaki,0,nagasaki vs takayama,0,takayama vs nagasaki,0,0
porto-vs-taipei,https://tabiji.ai/compare/porto-vs-taipei/,porto vs taipei,0,taipei vs porto,0,porto vs taipei,0,0
hong-kong-vs-munich,https://tabiji.ai/compare/hong-kong-vs-munich/,hong kong vs munich,0,munich vs hong kong,0,hong kong vs munich,0,0
menorca-vs-rhodes,https://tabiji.ai/compare/menorca-vs-rhodes/,menorca vs rhodes,0,rhodes vs menorca,0,menorca vs rhodes,0,0
jasper-vs-okavango-delta,https://tabiji.ai/compare/jasper-vs-okavango-delta/,jasper vs okavango delta,0,okavango delta vs jasper,0,jasper vs okavango delta,0,0
takayama-vs-naoshima,https://tabiji.ai/compare/takayama-vs-naoshima/,takayama vs naoshima,0,naoshima vs takayama,0,takayama vs naoshima,0,0
santorini-vs-seychelles,https://tabiji.ai/compare/santorini-vs-seychelles/,santorini vs seychelles,0,seychelles vs santorini,0,santorini vs seychelles,0,0
budapest-vs-tbilisi,https://tabiji.ai/compare/budapest-vs-tbilisi/,budapest vs tbilisi,0,tbilisi vs budapest,0,budapest vs tbilisi,0,0
hong-kong-vs-krakow,https://tabiji.ai/compare/hong-kong-vs-krakow/,hong kong vs krakow,0,krakow vs hong kong,0,hong kong vs krakow,0,0
menorca-vs-mykonos,https://tabiji.ai/compare/menorca-vs-mykonos/,menorca vs mykonos,0,mykonos vs menorca,0,menorca vs mykonos,0,0
jasper-vs-ngorongoro,https://tabiji.ai/compare/jasper-vs-ngorongoro/,jasper vs ngorongoro,0,ngorongoro vs jasper,0,jasper vs ngorongoro,0,0
takayama-vs-miyajima,https://tabiji.ai/compare/takayama-vs-miyajima/,takayama vs miyajima,0,miyajima vs takayama,0,takayama vs miyajima,0,0
santorini-vs-mauritius,https://tabiji.ai/compare/santorini-vs-mauritius/,santorini vs mauritius,0,mauritius vs santorini,0,santorini vs mauritius,0,0
hong-kong-vs-tbilisi,https://tabiji.ai/compare/hong-kong-vs-tbilisi/,hong kong vs tbilisi,0,tbilisi vs hong kong,0,hong kong vs tbilisi,0,0
takayama-vs-koyasan,https://tabiji.ai/compare/takayama-vs-koyasan/,takayama vs koyasan,0,koyasan vs takayama,0,takayama vs koyasan,0,0
hong-kong-vs-yerevan,https://tabiji.ai/compare/hong-kong-vs-yerevan/,hong kong vs yerevan,0,yerevan vs hong kong,0,hong kong vs yerevan,0,0
menorca-vs-zanzibar,https://tabiji.ai/compare/menorca-vs-zanzibar/,menorca vs zanzibar,0,zanzibar vs menorca,0,menorca vs zanzibar,0,0
thailand-vs-armenia,https://tabiji.ai/compare/thailand-vs-armenia/,thailand vs armenia,0,armenia vs thailand,0,thailand vs armenia,0,0
takayama-vs-yakushima,https://tabiji.ai/compare/takayama-vs-yakushima/,takayama vs yakushima,0,yakushima vs takayama,0,takayama vs yakushima,0,0
budapest-vs-yerevan,https://tabiji.ai/compare/budapest-vs-yerevan/,budapest vs yerevan,0,yerevan vs budapest,0,budapest vs yerevan,0,0
hong-kong-vs-dubrovnik,https://tabiji.ai/compare/hong-kong-vs-dubrovnik/,hong kong vs dubrovnik,0,dubrovnik vs hong kong,0,hong kong vs dubrovnik,0,0
menorca-vs-mauritius,https://tabiji.ai/compare/menorca-vs-mauritius/,menorca vs mauritius,0,mauritius vs menorca,0,menorca vs mauritius,0,0
thailand-vs-slovenia,https://tabiji.ai/compare/thailand-vs-slovenia/,thailand vs slovenia,0,slovenia vs thailand,0,thailand vs slovenia,0,0
yosemite-vs-lofoten,https://tabiji.ai/compare/yosemite-vs-lofoten/,yosemite vs lofoten,0,lofoten vs yosemite,0,yosemite vs lofoten,0,0
takayama-vs-ishigaki,https://tabiji.ai/compare/takayama-vs-ishigaki/,takayama vs ishigaki,0,ishigaki vs takayama,0,takayama vs ishigaki,0,0
budapest-vs-medellin,https://tabiji.ai/compare/budapest-vs-medellin/,budapest vs medellin,0,medellin vs budapest,0,budapest vs medellin,0,0
menorca-vs-seychelles,https://tabiji.ai/compare/menorca-vs-seychelles/,menorca vs seychelles,0,seychelles vs menorca,0,menorca vs seychelles,0,0
thailand-vs-austria,https://tabiji.ai/compare/thailand-vs-austria/,thailand vs austria,0,austria vs thailand,0,thailand vs austria,0,0
yosemite-vs-faroe-islands,https://tabiji.ai/compare/yosemite-vs-faroe-islands/,yosemite vs faroe islands,0,faroe islands vs yosemite,0,yosemite vs faroe islands,0,0
takayama-vs-miyakojima,https://tabiji.ai/compare/takayama-vs-miyakojima/,takayama vs miyakojima,0,miyakojima vs takayama,0,takayama vs miyakojima,0,0
budapest-vs-lima,https://tabiji.ai/compare/budapest-vs-lima/,budapest vs lima,0,lima vs budapest,0,budapest vs lima,0,0
menorca-vs-koh-phangan,https://tabiji.ai/compare/menorca-vs-koh-phangan/,menorca vs koh phangan,0,koh phangan vs menorca,0,menorca vs koh phangan,0,0
thailand-vs-switzerland,https://tabiji.ai/compare/thailand-vs-switzerland/,thailand vs switzerland,0,switzerland vs thailand,0,thailand vs switzerland,0,0
takayama-vs-okinawa,https://tabiji.ai/compare/takayama-vs-okinawa/,takayama vs okinawa,0,okinawa vs takayama,0,takayama vs okinawa,0,0
budapest-vs-buenos-aires,https://tabiji.ai/compare/budapest-vs-buenos-aires/,budapest vs buenos aires,0,buenos aires vs budapest,0,budapest vs buenos aires,0,0
menorca-vs-koh-tao,https://tabiji.ai/compare/menorca-vs-koh-tao/,menorca vs koh tao,0,koh tao vs menorca,0,menorca vs koh tao,0,0
yosemite-vs-lapland,https://tabiji.ai/compare/yosemite-vs-lapland/,yosemite vs lapland,0,lapland vs yosemite,0,yosemite vs lapland,0,0
takayama-vs-hokkaido,https://tabiji.ai/compare/takayama-vs-hokkaido/,takayama vs hokkaido,0,hokkaido vs takayama,0,takayama vs hokkaido,0,0
mykonos-vs-capri,https://tabiji.ai/compare/mykonos-vs-capri/,mykonos vs capri,0,capri vs mykonos,0,mykonos vs capri,0,0
budapest-vs-kuala-lumpur,https://tabiji.ai/compare/budapest-vs-kuala-lumpur/,budapest vs kuala lumpur,0,kuala lumpur vs budapest,0,budapest vs kuala lumpur,0,0
menorca-vs-lombok,https://tabiji.ai/compare/menorca-vs-lombok/,menorca vs lombok,0,lombok vs menorca,0,menorca vs lombok,0,0
thailand-vs-finland,https://tabiji.ai/compare/thailand-vs-finland/,thailand vs finland,0,finland vs thailand,0,thailand vs finland,0,0
yosemite-vs-scottish-highlands,https://tabiji.ai/compare/yosemite-vs-scottish-highlands/,yosemite vs scottish highlands,0,scottish highlands vs yosemite,0,yosemite vs scottish highlands,0,0
takayama-vs-kyushu,https://tabiji.ai/compare/takayama-vs-kyushu/,takayama vs kyushu,0,kyushu vs takayama,0,takayama vs kyushu,0,0
mykonos-vs-monaco,https://tabiji.ai/compare/mykonos-vs-monaco/,mykonos vs monaco,0,monaco vs mykonos,0,mykonos vs monaco,0,0
budapest-vs-bangkok,https://tabiji.ai/compare/budapest-vs-bangkok/,budapest vs bangkok,0,bangkok vs budapest,0,budapest vs bangkok,0,0
menorca-vs-gili-islands,https://tabiji.ai/compare/menorca-vs-gili-islands/,menorca vs gili islands,0,gili islands vs menorca,0,menorca vs gili islands,0,0
takayama-vs-kansai,https://tabiji.ai/compare/takayama-vs-kansai/,takayama vs kansai,0,kansai vs takayama,0,takayama vs kansai,0,0
mykonos-vs-st-barts,https://tabiji.ai/compare/mykonos-vs-st-barts/,mykonos vs st barts,0,st barts vs mykonos,0,mykonos vs st barts,0,0
budapest-vs-chiang-mai,https://tabiji.ai/compare/budapest-vs-chiang-mai/,budapest vs chiang mai,0,chiang mai vs budapest,0,budapest vs chiang mai,0,0
menorca-vs-nusa-penida,https://tabiji.ai/compare/menorca-vs-nusa-penida/,menorca vs nusa penida,0,nusa penida vs menorca,0,menorca vs nusa penida,0,0
yosemite-vs-swiss-alps,https://tabiji.ai/compare/yosemite-vs-swiss-alps/,yosemite vs swiss alps,0,swiss alps vs yosemite,0,yosemite vs swiss alps,0,0
takayama-vs-kanto,https://tabiji.ai/compare/takayama-vs-kanto/,takayama vs kanto,0,kanto vs takayama,0,takayama vs kanto,0,0
mykonos-vs-maldives,https://tabiji.ai/compare/mykonos-vs-maldives/,mykonos vs maldives,0,maldives vs mykonos,0,mykonos vs maldives,0,0
budapest-vs-hoi-an,https://tabiji.ai/compare/budapest-vs-hoi-an/,budapest vs hoi an,0,hoi an vs budapest,0,budapest vs hoi an,0,0
menorca-vs-samui,https://tabiji.ai/compare/menorca-vs-samui/,menorca vs samui,0,samui vs menorca,0,menorca vs samui,0,0
yosemite-vs-norwegian-fjords,https://tabiji.ai/compare/yosemite-vs-norwegian-fjords/,yosemite vs norwegian fjords,0,norwegian fjords vs yosemite,0,yosemite vs norwegian fjords,0,0
takayama-vs-yokohama,https://tabiji.ai/compare/takayama-vs-yokohama/,takayama vs yokohama,0,yokohama vs takayama,0,takayama vs yokohama,0,0
mykonos-vs-seychelles,https://tabiji.ai/compare/mykonos-vs-seychelles/,mykonos vs seychelles,0,seychelles vs mykonos,0,mykonos vs seychelles,0,0
budapest-vs-da-nang,https://tabiji.ai/compare/budapest-vs-da-nang/,budapest vs da nang,0,da nang vs budapest,0,budapest vs da nang,0,0
lisbon-vs-stockholm,https://tabiji.ai/compare/lisbon-vs-stockholm/,lisbon vs stockholm,0,stockholm vs lisbon,0,lisbon vs stockholm,0,0
thailand-vs-peru,https://tabiji.ai/compare/thailand-vs-peru/,thailand vs peru,0,peru vs thailand,0,thailand vs peru,0,0
yosemite-vs-torres-del-paine,https://tabiji.ai/compare/yosemite-vs-torres-del-paine/,yosemite vs torres del paine,0,torres del paine vs yosemite,0,yosemite vs torres del paine,0,0
takayama-vs-kobe,https://tabiji.ai/compare/takayama-vs-kobe/,takayama vs kobe,0,kobe vs takayama,0,takayama vs kobe,0,0
mykonos-vs-mauritius,https://tabiji.ai/compare/mykonos-vs-mauritius/,mykonos vs mauritius,0,mauritius vs mykonos,0,mykonos vs mauritius,0,0
budapest-vs-penang,https://tabiji.ai/compare/budapest-vs-penang/,budapest vs penang,0,penang vs budapest,0,budapest vs penang,0,0
lisbon-vs-helsinki,https://tabiji.ai/compare/lisbon-vs-helsinki/,lisbon vs helsinki,0,helsinki vs lisbon,0,lisbon vs helsinki,0,0
yosemite-vs-fitz-roy,https://tabiji.ai/compare/yosemite-vs-fitz-roy/,yosemite vs fitz roy,0,fitz roy vs yosemite,0,yosemite vs fitz roy,0,0
takayama-vs-sapporo,https://tabiji.ai/compare/takayama-vs-sapporo/,takayama vs sapporo,0,sapporo vs takayama,0,takayama vs sapporo,0,0
mykonos-vs-dubai,https://tabiji.ai/compare/mykonos-vs-dubai/,mykonos vs dubai,0,dubai vs mykonos,0,mykonos vs dubai,0,0
budapest-vs-taipei,https://tabiji.ai/compare/budapest-vs-taipei/,budapest vs taipei,0,taipei vs budapest,0,budapest vs taipei,0,0
lisbon-vs-oslo,https://tabiji.ai/compare/lisbon-vs-oslo/,lisbon vs oslo,0,oslo vs lisbon,0,lisbon vs oslo,0,0
sardinia-vs-canary-islands,https://tabiji.ai/compare/sardinia-vs-canary-islands/,sardinia vs canary islands,0,canary islands vs sardinia,0,sardinia vs canary islands,0,0
yosemite-vs-amazon,https://tabiji.ai/compare/yosemite-vs-amazon/,yosemite vs amazon,0,amazon vs yosemite,0,yosemite vs amazon,0,0
mykonos-vs-tuscany,https://tabiji.ai/compare/mykonos-vs-tuscany/,mykonos vs tuscany,0,tuscany vs mykonos,0,mykonos vs tuscany,0,0
krakow-vs-tbilisi,https://tabiji.ai/compare/krakow-vs-tbilisi/,krakow vs tbilisi,0,tbilisi vs krakow,0,krakow vs tbilisi,0,0
yosemite-vs-galapagos,https://tabiji.ai/compare/yosemite-vs-galapagos/,yosemite vs galapagos,0,galapagos vs yosemite,0,yosemite vs galapagos,0,0
krakow-vs-sofia,https://tabiji.ai/compare/krakow-vs-sofia/,krakow vs sofia,0,sofia vs krakow,0,krakow vs sofia,0,0
lisbon-vs-edinburgh,https://tabiji.ai/compare/lisbon-vs-edinburgh/,lisbon vs edinburgh,0,edinburgh vs lisbon,0,lisbon vs edinburgh,0,0
yosemite-vs-borneo,https://tabiji.ai/compare/yosemite-vs-borneo/,yosemite vs borneo,0,borneo vs yosemite,0,yosemite vs borneo,0,0
hakone-vs-hiroshima,https://tabiji.ai/compare/hakone-vs-hiroshima/,hakone vs hiroshima,0,hiroshima vs hakone,0,hakone vs hiroshima,0,0
krakow-vs-belgrade,https://tabiji.ai/compare/krakow-vs-belgrade/,krakow vs belgrade,0,belgrade vs krakow,0,krakow vs belgrade,0,0
yosemite-vs-raja-ampat,https://tabiji.ai/compare/yosemite-vs-raja-ampat/,yosemite vs raja ampat,0,raja ampat vs yosemite,0,yosemite vs raja ampat,0,0
hakone-vs-nagasaki,https://tabiji.ai/compare/hakone-vs-nagasaki/,hakone vs nagasaki,0,nagasaki vs hakone,0,hakone vs nagasaki,0,0
mallorca-vs-capri,https://tabiji.ai/compare/mallorca-vs-capri/,mallorca vs capri,0,capri vs mallorca,0,mallorca vs capri,0,0
krakow-vs-bucharest,https://tabiji.ai/compare/krakow-vs-bucharest/,krakow vs bucharest,0,bucharest vs krakow,0,krakow vs bucharest,0,0
sardinia-vs-rhodes,https://tabiji.ai/compare/sardinia-vs-rhodes/,sardinia vs rhodes,0,rhodes vs sardinia,0,sardinia vs rhodes,0,0
yosemite-vs-great-barrier-reef,https://tabiji.ai/compare/yosemite-vs-great-barrier-reef/,yosemite vs great barrier reef,0,great barrier reef vs yosemite,0,yosemite vs great barrier reef,0,0
hakone-vs-naoshima,https://tabiji.ai/compare/hakone-vs-naoshima/,hakone vs naoshima,0,naoshima vs hakone,0,hakone vs naoshima,0,0
mallorca-vs-monaco,https://tabiji.ai/compare/mallorca-vs-monaco/,mallorca vs monaco,0,monaco vs mallorca,0,mallorca vs monaco,0,0
krakow-vs-yerevan,https://tabiji.ai/compare/krakow-vs-yerevan/,krakow vs yerevan,0,yerevan vs krakow,0,krakow vs yerevan,0,0
lisbon-vs-florence,https://tabiji.ai/compare/lisbon-vs-florence/,lisbon vs florence,0,florence vs lisbon,0,lisbon vs florence,0,0
sardinia-vs-mykonos,https://tabiji.ai/compare/sardinia-vs-mykonos/,sardinia vs mykonos,0,mykonos vs sardinia,0,sardinia vs mykonos,0,0
yosemite-vs-komodo,https://tabiji.ai/compare/yosemite-vs-komodo/,yosemite vs komodo,0,komodo vs yosemite,0,yosemite vs komodo,0,0
hakone-vs-miyajima,https://tabiji.ai/compare/hakone-vs-miyajima/,hakone vs miyajima,0,miyajima vs hakone,0,hakone vs miyajima,0,0
mallorca-vs-st-barts,https://tabiji.ai/compare/mallorca-vs-st-barts/,mallorca vs st barts,0,st barts vs mallorca,0,mallorca vs st barts,0,0
krakow-vs-medellin,https://tabiji.ai/compare/krakow-vs-medellin/,krakow vs medellin,0,medellin vs krakow,0,krakow vs medellin,0,0
lisbon-vs-venice,https://tabiji.ai/compare/lisbon-vs-venice/,lisbon vs venice,0,venice vs lisbon,0,lisbon vs venice,0,0
yosemite-vs-serengeti,https://tabiji.ai/compare/yosemite-vs-serengeti/,yosemite vs serengeti,0,serengeti vs yosemite,0,yosemite vs serengeti,0,0
hakone-vs-koyasan,https://tabiji.ai/compare/hakone-vs-koyasan/,hakone vs koyasan,0,koyasan vs hakone,0,hakone vs koyasan,0,0
mallorca-vs-maldives,https://tabiji.ai/compare/mallorca-vs-maldives/,mallorca vs maldives,0,maldives vs mallorca,0,mallorca vs maldives,0,0
krakow-vs-lima,https://tabiji.ai/compare/krakow-vs-lima/,krakow vs lima,0,lima vs krakow,0,krakow vs lima,0,0
lisbon-vs-milan,https://tabiji.ai/compare/lisbon-vs-milan/,lisbon vs milan,0,milan vs lisbon,0,lisbon vs milan,0,0
sardinia-vs-zanzibar,https://tabiji.ai/compare/sardinia-vs-zanzibar/,sardinia vs zanzibar,0,zanzibar vs sardinia,0,sardinia vs zanzibar,0,0
vietnam-vs-greece,https://tabiji.ai/compare/vietnam-vs-greece/,vietnam vs greece,0,greece vs vietnam,0,vietnam vs greece,0,0
yosemite-vs-kruger,https://tabiji.ai/compare/yosemite-vs-kruger/,yosemite vs kruger,0,kruger vs yosemite,0,yosemite vs kruger,0,0
hakone-vs-yakushima,https://tabiji.ai/compare/hakone-vs-yakushima/,hakone vs yakushima,0,yakushima vs hakone,0,hakone vs yakushima,0,0
krakow-vs-buenos-aires,https://tabiji.ai/compare/krakow-vs-buenos-aires/,krakow vs buenos aires,0,buenos aires vs krakow,0,krakow vs buenos aires,0,0
sardinia-vs-mauritius,https://tabiji.ai/compare/sardinia-vs-mauritius/,sardinia vs mauritius,0,mauritius vs sardinia,0,sardinia vs mauritius,0,0
vietnam-vs-croatia,https://tabiji.ai/compare/vietnam-vs-croatia/,vietnam vs croatia,0,croatia vs vietnam,0,vietnam vs croatia,0,0
yosemite-vs-masai-mara,https://tabiji.ai/compare/yosemite-vs-masai-mara/,yosemite vs masai mara,0,masai mara vs yosemite,0,yosemite vs masai mara,0,0
hakone-vs-ishigaki,https://tabiji.ai/compare/hakone-vs-ishigaki/,hakone vs ishigaki,0,ishigaki vs hakone,0,hakone vs ishigaki,0,0
krakow-vs-kuala-lumpur,https://tabiji.ai/compare/krakow-vs-kuala-lumpur/,krakow vs kuala lumpur,0,kuala lumpur vs krakow,0,krakow vs kuala lumpur,0,0
sardinia-vs-seychelles,https://tabiji.ai/compare/sardinia-vs-seychelles/,sardinia vs seychelles,0,seychelles vs sardinia,0,sardinia vs seychelles,0,0
vietnam-vs-turkey,https://tabiji.ai/compare/vietnam-vs-turkey/,vietnam vs turkey,0,turkey vs vietnam,0,vietnam vs turkey,0,0
yosemite-vs-okavango-delta,https://tabiji.ai/compare/yosemite-vs-okavango-delta/,yosemite vs okavango delta,0,okavango delta vs yosemite,0,yosemite vs okavango delta,0,0
hakone-vs-miyakojima,https://tabiji.ai/compare/hakone-vs-miyakojima/,hakone vs miyakojima,0,miyakojima vs hakone,0,hakone vs miyakojima,0,0
mallorca-vs-dubai,https://tabiji.ai/compare/mallorca-vs-dubai/,mallorca vs dubai,0,dubai vs mallorca,0,mallorca vs dubai,0,0
porto-vs-tokyo,https://tabiji.ai/compare/porto-vs-tokyo/,porto vs tokyo,0,tokyo vs porto,0,porto vs tokyo,0,0
krakow-vs-tokyo,https://tabiji.ai/compare/krakow-vs-tokyo/,krakow vs tokyo,0,tokyo vs krakow,0,krakow vs tokyo,0,0
lisbon-vs-phuket,https://tabiji.ai/compare/lisbon-vs-phuket/,lisbon vs phuket,0,phuket vs lisbon,0,lisbon vs phuket,0,0
medellin-vs-tokyo,https://tabiji.ai/compare/medellin-vs-tokyo/,medellin vs tokyo,0,tokyo vs medellin,0,medellin vs tokyo,0,0
tbilisi-vs-tokyo,https://tabiji.ai/compare/tbilisi-vs-tokyo/,tbilisi vs tokyo,0,tokyo vs tbilisi,0,tbilisi vs tokyo,0,0
madrid-vs-tokyo,https://tabiji.ai/compare/madrid-vs-tokyo/,madrid vs tokyo,0,tokyo vs madrid,0,madrid vs tokyo,0,0
munich-vs-tokyo,https://tabiji.ai/compare/munich-vs-tokyo/,munich vs tokyo,0,tokyo vs munich,0,munich vs tokyo,0,0
naples-vs-tokyo,https://tabiji.ai/compare/naples-vs-tokyo/,naples vs tokyo,0,tokyo vs naples,0,naples vs tokyo,0,0
tokyo-vs-yerevan,https://tabiji.ai/compare/tokyo-vs-yerevan/,tokyo vs yerevan,0,yerevan vs tokyo,0,tokyo vs yerevan,0,0
seville-vs-tokyo,https://tabiji.ai/compare/seville-vs-tokyo/,seville vs tokyo,0,tokyo vs seville,0,seville vs tokyo,0,0
edinburgh-vs-tokyo,https://tabiji.ai/compare/edinburgh-vs-tokyo/,edinburgh vs tokyo,0,tokyo vs edinburgh,0,edinburgh vs tokyo,0,0
tokyo-vs-venice,https://tabiji.ai/compare/tokyo-vs-venice/,tokyo vs venice,0,venice vs tokyo,0,tokyo vs venice,0,0
milan-vs-tokyo,https://tabiji.ai/compare/milan-vs-tokyo/,milan vs tokyo,0,tokyo vs milan,0,milan vs tokyo,0,0
oslo-vs-tokyo,https://tabiji.ai/compare/oslo-vs-tokyo/,oslo vs tokyo,0,tokyo vs oslo,0,oslo vs tokyo,0,0
stockholm-vs-tokyo,https://tabiji.ai/compare/stockholm-vs-tokyo/,stockholm vs tokyo,0,tokyo vs stockholm,0,stockholm vs tokyo,0,0
hoi-an-vs-tokyo,https://tabiji.ai/compare/hoi-an-vs-tokyo/,hoi an vs tokyo,0,tokyo vs hoi an,0,hoi an vs tokyo,0,0
florence-vs-tokyo,https://tabiji.ai/compare/florence-vs-tokyo/,florence vs tokyo,0,tokyo vs florence,0,florence vs tokyo,0,0
kinshasa-vs-tokyo,https://tabiji.ai/compare/kinshasa-vs-tokyo/,kinshasa vs tokyo,0,tokyo vs kinshasa,0,kinshasa vs tokyo,0,0
copenhagen-vs-tokyo,https://tabiji.ai/compare/copenhagen-vs-tokyo/,copenhagen vs tokyo,0,tokyo vs copenhagen,0,copenhagen vs tokyo,0,0
tokyo-vs-tuscany,https://tabiji.ai/compare/tokyo-vs-tuscany/,tokyo vs tuscany,0,tuscany vs tokyo,0,tokyo vs tuscany,0,0
sofia-vs-tokyo,https://tabiji.ai/compare/sofia-vs-tokyo/,sofia vs tokyo,0,tokyo vs sofia,0,sofia vs tokyo,0,0
lisbon-vs-osaka,https://tabiji.ai/compare/lisbon-vs-osaka/,lisbon vs osaka,0,osaka vs lisbon,0,lisbon vs osaka,0,0
osaka-vs-phuket,https://tabiji.ai/compare/osaka-vs-phuket/,osaka vs phuket,0,phuket vs osaka,0,osaka vs phuket,0,0
budapest-vs-phuket,https://tabiji.ai/compare/budapest-vs-phuket/,budapest vs phuket,0,phuket vs budapest,0,budapest vs phuket,0,0
kanazawa-vs-seoul,https://tabiji.ai/compare/kanazawa-vs-seoul/,kanazawa vs seoul,0,seoul vs kanazawa,0,kanazawa vs seoul,0,0
london-vs-phuket,https://tabiji.ai/compare/london-vs-phuket/,london vs phuket,0,phuket vs london,0,london vs phuket,0,0
mexico-city-vs-phuket,https://tabiji.ai/compare/mexico-city-vs-phuket/,mexico city vs phuket,0,phuket vs mexico city,0,mexico city vs phuket,0,0
barcelona-vs-phuket,https://tabiji.ai/compare/barcelona-vs-phuket/,barcelona vs phuket,0,phuket vs barcelona,0,barcelona vs phuket,0,0
krakow-vs-seoul,https://tabiji.ai/compare/krakow-vs-seoul/,krakow vs seoul,0,seoul vs krakow,0,krakow vs seoul,0,0
kanazawa-vs-phuket,https://tabiji.ai/compare/kanazawa-vs-phuket/,kanazawa vs phuket,0,phuket vs kanazawa,0,kanazawa vs phuket,0,0
osaka-vs-paris,https://tabiji.ai/compare/osaka-vs-paris/,osaka vs paris,0,paris vs osaka,0,osaka vs paris,0,0
medellin-vs-seoul,https://tabiji.ai/compare/medellin-vs-seoul/,medellin vs seoul,0,seoul vs medellin,0,medellin vs seoul,0,0
seoul-vs-tbilisi,https://tabiji.ai/compare/seoul-vs-tbilisi/,seoul vs tbilisi,0,tbilisi vs seoul,0,seoul vs tbilisi,0,0
budapest-vs-osaka,https://tabiji.ai/compare/budapest-vs-osaka/,budapest vs osaka,0,osaka vs budapest,0,budapest vs osaka,0,0
dubai-vs-lisbon,https://tabiji.ai/compare/dubai-vs-lisbon/,dubai vs lisbon,0,lisbon vs dubai,0,dubai vs lisbon,0,0
madrid-vs-seoul,https://tabiji.ai/compare/madrid-vs-seoul/,madrid vs seoul,0,seoul vs madrid,0,madrid vs seoul,0,0
munich-vs-seoul,https://tabiji.ai/compare/munich-vs-seoul/,munich vs seoul,0,seoul vs munich,0,munich vs seoul,0,0
paris-vs-taipei,https://tabiji.ai/compare/paris-vs-taipei/,paris vs taipei,0,taipei vs paris,0,paris vs taipei,0,0
london-vs-osaka,https://tabiji.ai/compare/london-vs-osaka/,london vs osaka,0,osaka vs london,0,london vs osaka,0,0
naples-vs-seoul,https://tabiji.ai/compare/naples-vs-seoul/,naples vs seoul,0,seoul vs naples,0,naples vs seoul,0,0
mexico-city-vs-osaka,https://tabiji.ai/compare/mexico-city-vs-osaka/,mexico city vs osaka,0,osaka vs mexico city,0,mexico city vs osaka,0,0
osaka-vs-rome,https://tabiji.ai/compare/osaka-vs-rome/,osaka vs rome,0,rome vs osaka,0,osaka vs rome,0,0
seoul-vs-yerevan,https://tabiji.ai/compare/seoul-vs-yerevan/,seoul vs yerevan,0,yerevan vs seoul,0,seoul vs yerevan,0,0
seoul-vs-seville,https://tabiji.ai/compare/seoul-vs-seville/,seoul vs seville,0,seville vs seoul,0,seoul vs seville,0,0
barcelona-vs-osaka,https://tabiji.ai/compare/barcelona-vs-osaka/,barcelona vs osaka,0,osaka vs barcelona,0,barcelona vs osaka,0,0
edinburgh-vs-seoul,https://tabiji.ai/compare/edinburgh-vs-seoul/,edinburgh vs seoul,0,seoul vs edinburgh,0,edinburgh vs seoul,0,0
phuket-vs-tbilisi,https://tabiji.ai/compare/phuket-vs-tbilisi/,phuket vs tbilisi,0,tbilisi vs phuket,0,phuket vs tbilisi,0,0
medellin-vs-phuket,https://tabiji.ai/compare/medellin-vs-phuket/,medellin vs phuket,0,phuket vs medellin,0,medellin vs phuket,0,0
milan-vs-seoul,https://tabiji.ai/compare/milan-vs-seoul/,milan vs seoul,0,seoul vs milan,0,milan vs seoul,0,0
seoul-vs-venice,https://tabiji.ai/compare/seoul-vs-venice/,seoul vs venice,0,venice vs seoul,0,seoul vs venice,0,0
oslo-vs-seoul,https://tabiji.ai/compare/oslo-vs-seoul/,oslo vs seoul,0,seoul vs oslo,0,oslo vs seoul,0,0
seoul-vs-stockholm,https://tabiji.ai/compare/seoul-vs-stockholm/,seoul vs stockholm,0,stockholm vs seoul,0,seoul vs stockholm,0,0
hoi-an-vs-seoul,https://tabiji.ai/compare/hoi-an-vs-seoul/,hoi an vs seoul,0,seoul vs hoi an,0,hoi an vs seoul,0,0
berlin-vs-phuket,https://tabiji.ai/compare/berlin-vs-phuket/,berlin vs phuket,0,phuket vs berlin,0,berlin vs phuket,0,0
florence-vs-seoul,https://tabiji.ai/compare/florence-vs-seoul/,florence vs seoul,0,seoul vs florence,0,florence vs seoul,0,0
seoul-vs-tuscany,https://tabiji.ai/compare/seoul-vs-tuscany/,seoul vs tuscany,0,tuscany vs seoul,0,seoul vs tuscany,0,0
kinshasa-vs-seoul,https://tabiji.ai/compare/kinshasa-vs-seoul/,kinshasa vs seoul,0,seoul vs kinshasa,0,kinshasa vs seoul,0,0
copenhagen-vs-seoul,https://tabiji.ai/compare/copenhagen-vs-seoul/,copenhagen vs seoul,0,seoul vs copenhagen,0,copenhagen vs seoul,0,0
london-vs-taipei,https://tabiji.ai/compare/london-vs-taipei/,london vs taipei,0,taipei vs london,0,london vs taipei,0,0
miami-vs-seoul,https://tabiji.ai/compare/miami-vs-seoul/,miami vs seoul,0,seoul vs miami,0,miami vs seoul,0,0
seoul-vs-sofia,https://tabiji.ai/compare/seoul-vs-sofia/,seoul vs sofia,0,sofia vs seoul,0,seoul vs sofia,0,0
lisbon-vs-new-york,https://tabiji.ai/compare/lisbon-vs-new-york/,lisbon vs new york,0,new york vs lisbon,0,lisbon vs new york,0,0
rome-vs-taipei,https://tabiji.ai/compare/rome-vs-taipei/,rome vs taipei,0,taipei vs rome,0,rome vs taipei,0,0
bangkok-vs-rome,https://tabiji.ai/compare/bangkok-vs-rome/,bangkok vs rome,0,rome vs bangkok,0,bangkok vs rome,0,0
madrid-vs-phuket,https://tabiji.ai/compare/madrid-vs-phuket/,madrid vs phuket,0,phuket vs madrid,0,madrid vs phuket,0,0
munich-vs-phuket,https://tabiji.ai/compare/munich-vs-phuket/,munich vs phuket,0,phuket vs munich,0,munich vs phuket,0,0
bangkok-vs-barcelona,https://tabiji.ai/compare/bangkok-vs-barcelona/,bangkok vs barcelona,0,barcelona vs bangkok,0,bangkok vs barcelona,0,0
barcelona-vs-taipei,https://tabiji.ai/compare/barcelona-vs-taipei/,barcelona vs taipei,0,taipei vs barcelona,0,barcelona vs taipei,0,0
lisbon-vs-tuscany,https://tabiji.ai/compare/lisbon-vs-tuscany/,lisbon vs tuscany,0,tuscany vs lisbon,0,lisbon vs tuscany,0,0
buenos-aires-vs-phuket,https://tabiji.ai/compare/buenos-aires-vs-phuket/,buenos aires vs phuket,0,phuket vs buenos aires,0,buenos aires vs phuket,0,0
lisbon-vs-marrakech,https://tabiji.ai/compare/lisbon-vs-marrakech/,lisbon vs marrakech,0,marrakech vs lisbon,0,lisbon vs marrakech,0,0
new-york-vs-phuket,https://tabiji.ai/compare/new-york-vs-phuket/,new york vs phuket,0,phuket vs new york,0,new york vs phuket,0,0
phuket-vs-yerevan,https://tabiji.ai/compare/phuket-vs-yerevan/,phuket vs yerevan,0,yerevan vs phuket,0,phuket vs yerevan,0,0
kinshasa-vs-lisbon,https://tabiji.ai/compare/kinshasa-vs-lisbon/,kinshasa vs lisbon,0,lisbon vs kinshasa,0,kinshasa vs lisbon,0,0
mexico-city-vs-rome,https://tabiji.ai/compare/mexico-city-vs-rome/,mexico city vs rome,0,rome vs mexico city,0,mexico city vs rome,0,0
oslo-vs-phuket,https://tabiji.ai/compare/oslo-vs-phuket/,oslo vs phuket,0,phuket vs oslo,0,oslo vs phuket,0,0
capri-vs-lisbon,https://tabiji.ai/compare/capri-vs-lisbon/,capri vs lisbon,0,lisbon vs capri,0,capri vs lisbon,0,0
milan-vs-phuket,https://tabiji.ai/compare/milan-vs-phuket/,milan vs phuket,0,phuket vs milan,0,milan vs phuket,0,0
phuket-vs-vienna,https://tabiji.ai/compare/phuket-vs-vienna/,phuket vs vienna,0,vienna vs phuket,0,phuket vs vienna,0,0
jakarta-vs-lisbon,https://tabiji.ai/compare/jakarta-vs-lisbon/,jakarta vs lisbon,0,lisbon vs jakarta,0,jakarta vs lisbon,0,0
lisbon-vs-miami,https://tabiji.ai/compare/lisbon-vs-miami/,lisbon vs miami,0,miami vs lisbon,0,lisbon vs miami,0,0
jakarta-vs-phuket,https://tabiji.ai/compare/jakarta-vs-phuket/,jakarta vs phuket,0,phuket vs jakarta,0,jakarta vs phuket,0,0
krakow-vs-osaka,https://tabiji.ai/compare/krakow-vs-osaka/,krakow vs osaka,0,osaka vs krakow,0,krakow vs osaka,0,0
phuket-vs-tuscany,https://tabiji.ai/compare/phuket-vs-tuscany/,phuket vs tuscany,0,tuscany vs phuket,0,phuket vs tuscany,0,0
dubrovnik-vs-lisbon,https://tabiji.ai/compare/dubrovnik-vs-lisbon/,dubrovnik vs lisbon,0,lisbon vs dubrovnik,0,dubrovnik vs lisbon,0,0
galapagos-vs-phuket,https://tabiji.ai/compare/galapagos-vs-phuket/,galapagos vs phuket,0,phuket vs galapagos,0,galapagos vs phuket,0,0
bangkok-vs-kanazawa,https://tabiji.ai/compare/bangkok-vs-kanazawa/,bangkok vs kanazawa,0,kanazawa vs bangkok,0,bangkok vs kanazawa,0,0
hoi-an-vs-phuket,https://tabiji.ai/compare/hoi-an-vs-phuket/,hoi an vs phuket,0,phuket vs hoi an,0,hoi an vs phuket,0,0
kanazawa-vs-taipei,https://tabiji.ai/compare/kanazawa-vs-taipei/,kanazawa vs taipei,0,taipei vs kanazawa,0,kanazawa vs taipei,0,0
phuket-vs-swiss-alps,https://tabiji.ai/compare/phuket-vs-swiss-alps/,phuket vs swiss alps,0,swiss alps vs phuket,0,phuket vs swiss alps,0,0
kinshasa-vs-phuket,https://tabiji.ai/compare/kinshasa-vs-phuket/,kinshasa vs phuket,0,phuket vs kinshasa,0,kinshasa vs phuket,0,0
busan-vs-phuket,https://tabiji.ai/compare/busan-vs-phuket/,busan vs phuket,0,phuket vs busan,0,busan vs phuket,0,0
canggu-vs-phuket,https://tabiji.ai/compare/canggu-vs-phuket/,canggu vs phuket,0,phuket vs canggu,0,canggu vs phuket,0,0
miami-vs-phuket,https://tabiji.ai/compare/miami-vs-phuket/,miami vs phuket,0,phuket vs miami,0,miami vs phuket,0,0
capri-vs-phuket,https://tabiji.ai/compare/capri-vs-phuket/,capri vs phuket,0,phuket vs capri,0,capri vs phuket,0,0
chiang-mai-vs-osaka,https://tabiji.ai/compare/chiang-mai-vs-osaka/,chiang mai vs osaka,0,osaka vs chiang mai,0,chiang mai vs osaka,0,0
borneo-vs-phuket,https://tabiji.ai/compare/borneo-vs-phuket/,borneo vs phuket,0,phuket vs borneo,0,borneo vs phuket,0,0
busan-vs-lisbon,https://tabiji.ai/compare/busan-vs-lisbon/,busan vs lisbon,0,lisbon vs busan,0,busan vs lisbon,0,0
great-barrier-reef-vs-phuket,https://tabiji.ai/compare/great-barrier-reef-vs-phuket/,great barrier reef vs phuket,0,phuket vs great barrier reef,0,great barrier reef vs phuket,0,0
canggu-vs-lisbon,https://tabiji.ai/compare/canggu-vs-lisbon/,canggu vs lisbon,0,lisbon vs canggu,0,canggu vs lisbon,0,0
lisbon-vs-xi-an,https://tabiji.ai/compare/lisbon-vs-xi-an/,lisbon vs xi an,0,xi an vs lisbon,0,lisbon vs xi an,0,0
chengdu-vs-lisbon,https://tabiji.ai/compare/chengdu-vs-lisbon/,chengdu vs lisbon,0,lisbon vs chengdu,0,chengdu vs lisbon,0,0
bordeaux-vs-lisbon,https://tabiji.ai/compare/bordeaux-vs-lisbon/,bordeaux vs lisbon,0,lisbon vs bordeaux,0,bordeaux vs lisbon,0,0
lisbon-vs-warsaw,https://tabiji.ai/compare/lisbon-vs-warsaw/,lisbon vs warsaw,0,warsaw vs lisbon,0,lisbon vs warsaw,0,0
hanoi-vs-lisbon,https://tabiji.ai/compare/hanoi-vs-lisbon/,hanoi vs lisbon,0,lisbon vs hanoi,0,hanoi vs lisbon,0,0
chiang-mai-vs-paris,https://tabiji.ai/compare/chiang-mai-vs-paris/,chiang mai vs paris,0,paris vs chiang mai,0,chiang mai vs paris,0,0
kanazawa-vs-rome,https://tabiji.ai/compare/kanazawa-vs-rome/,kanazawa vs rome,0,rome vs kanazawa,0,kanazawa vs rome,0,0
krakow-vs-taipei,https://tabiji.ai/compare/krakow-vs-taipei/,krakow vs taipei,0,taipei vs krakow,0,krakow vs taipei,0,0
barcelona-vs-kanazawa,https://tabiji.ai/compare/barcelona-vs-kanazawa/,barcelona vs kanazawa,0,kanazawa vs barcelona,0,barcelona vs kanazawa,0,0
da-nang-vs-osaka,https://tabiji.ai/compare/da-nang-vs-osaka/,da nang vs osaka,0,osaka vs da nang,0,da nang vs osaka,0,0
osaka-vs-penang,https://tabiji.ai/compare/osaka-vs-penang/,osaka vs penang,0,penang vs osaka,0,osaka vs penang,0,0
kuala-lumpur-vs-paris,https://tabiji.ai/compare/kuala-lumpur-vs-paris/,kuala lumpur vs paris,0,paris vs kuala lumpur,0,kuala lumpur vs paris,0,0
medellin-vs-osaka,https://tabiji.ai/compare/medellin-vs-osaka/,medellin vs osaka,0,osaka vs medellin,0,medellin vs osaka,0,0
barcelona-vs-krakow,https://tabiji.ai/compare/barcelona-vs-krakow/,barcelona vs krakow,0,krakow vs barcelona,0,barcelona vs krakow,0,0
da-nang-vs-paris,https://tabiji.ai/compare/da-nang-vs-paris/,da nang vs paris,0,paris vs da nang,0,da nang vs paris,0,0
osaka-vs-tbilisi,https://tabiji.ai/compare/osaka-vs-tbilisi/,osaka vs tbilisi,0,tbilisi vs osaka,0,osaka vs tbilisi,0,0
berlin-vs-osaka,https://tabiji.ai/compare/berlin-vs-osaka/,berlin vs osaka,0,osaka vs berlin,0,berlin vs osaka,0,0
amsterdam-vs-osaka,https://tabiji.ai/compare/amsterdam-vs-osaka/,amsterdam vs osaka,0,osaka vs amsterdam,0,amsterdam vs osaka,0,0
chiang-mai-vs-london,https://tabiji.ai/compare/chiang-mai-vs-london/,chiang mai vs london,0,london vs chiang mai,0,chiang mai vs london,0,0
lima-vs-osaka,https://tabiji.ai/compare/lima-vs-osaka/,lima vs osaka,0,osaka vs lima,0,lima vs osaka,0,0
medellin-vs-paris,https://tabiji.ai/compare/medellin-vs-paris/,medellin vs paris,0,paris vs medellin,0,medellin vs paris,0,0
paris-vs-penang,https://tabiji.ai/compare/paris-vs-penang/,paris vs penang,0,penang vs paris,0,paris vs penang,0,0
chiang-mai-vs-rome,https://tabiji.ai/compare/chiang-mai-vs-rome/,chiang mai vs rome,0,rome vs chiang mai,0,chiang mai vs rome,0,0
lima-vs-paris,https://tabiji.ai/compare/lima-vs-paris/,lima vs paris,0,paris vs lima,0,lima vs paris,0,0
madrid-vs-osaka,https://tabiji.ai/compare/madrid-vs-osaka/,madrid vs osaka,0,osaka vs madrid,0,madrid vs osaka,0,0
barcelona-vs-chiang-mai,https://tabiji.ai/compare/barcelona-vs-chiang-mai/,barcelona vs chiang mai,0,chiang mai vs barcelona,0,barcelona vs chiang mai,0,0
budapest-vs-dubai,https://tabiji.ai/compare/budapest-vs-dubai/,budapest vs dubai,0,dubai vs budapest,0,budapest vs dubai,0,0
dubai-vs-taipei,https://tabiji.ai/compare/dubai-vs-taipei/,dubai vs taipei,0,taipei vs dubai,0,dubai vs taipei,0,0
munich-vs-osaka,https://tabiji.ai/compare/munich-vs-osaka/,munich vs osaka,0,osaka vs munich,0,munich vs osaka,0,0
naples-vs-osaka,https://tabiji.ai/compare/naples-vs-osaka/,naples vs osaka,0,osaka vs naples,0,naples vs osaka,0,0
new-york-vs-osaka,https://tabiji.ai/compare/new-york-vs-osaka/,new york vs osaka,0,osaka vs new york,0,new york vs osaka,0,0
osaka-vs-yerevan,https://tabiji.ai/compare/osaka-vs-yerevan/,osaka vs yerevan,0,yerevan vs osaka,0,osaka vs yerevan,0,0
buenos-aires-vs-osaka,https://tabiji.ai/compare/buenos-aires-vs-osaka/,buenos aires vs osaka,0,osaka vs buenos aires,0,buenos aires vs osaka,0,0
da-nang-vs-london,https://tabiji.ai/compare/da-nang-vs-london/,da nang vs london,0,london vs da nang,0,da nang vs london,0,0
lima-vs-taipei,https://tabiji.ai/compare/lima-vs-taipei/,lima vs taipei,0,taipei vs lima,0,lima vs taipei,0,0
medellin-vs-taipei,https://tabiji.ai/compare/medellin-vs-taipei/,medellin vs taipei,0,taipei vs medellin,0,medellin vs taipei,0,0
osaka-vs-seville,https://tabiji.ai/compare/osaka-vs-seville/,osaka vs seville,0,seville vs osaka,0,osaka vs seville,0,0
kanazawa-vs-krakow,https://tabiji.ai/compare/kanazawa-vs-krakow/,kanazawa vs krakow,0,krakow vs kanazawa,0,kanazawa vs krakow,0,0
taipei-vs-tbilisi,https://tabiji.ai/compare/taipei-vs-tbilisi/,taipei vs tbilisi,0,tbilisi vs taipei,0,taipei vs tbilisi,0,0
amsterdam-vs-taipei,https://tabiji.ai/compare/amsterdam-vs-taipei/,amsterdam vs taipei,0,taipei vs amsterdam,0,amsterdam vs taipei,0,0
berlin-vs-taipei,https://tabiji.ai/compare/berlin-vs-taipei/,berlin vs taipei,0,taipei vs berlin,0,berlin vs taipei,0,0
chiang-mai-vs-kanazawa,https://tabiji.ai/compare/chiang-mai-vs-kanazawa/,chiang mai vs kanazawa,0,kanazawa vs chiang mai,0,chiang mai vs kanazawa,0,0
edinburgh-vs-osaka,https://tabiji.ai/compare/edinburgh-vs-osaka/,edinburgh vs osaka,0,osaka vs edinburgh,0,edinburgh vs osaka,0,0
kuala-lumpur-vs-rome,https://tabiji.ai/compare/kuala-lumpur-vs-rome/,kuala lumpur vs rome,0,rome vs kuala lumpur,0,kuala lumpur vs rome,0,0
london-vs-medellin,https://tabiji.ai/compare/london-vs-medellin/,london vs medellin,0,medellin vs london,0,london vs medellin,0,0
marrakech-vs-osaka,https://tabiji.ai/compare/marrakech-vs-osaka/,marrakech vs osaka,0,osaka vs marrakech,0,marrakech vs osaka,0,0
osaka-vs-venice,https://tabiji.ai/compare/osaka-vs-venice/,osaka vs venice,0,venice vs osaka,0,osaka vs venice,0,0
osaka-vs-vienna,https://tabiji.ai/compare/osaka-vs-vienna/,osaka vs vienna,0,vienna vs osaka,0,osaka vs vienna,0,0
dubai-vs-mexico-city,https://tabiji.ai/compare/dubai-vs-mexico-city/,dubai vs mexico city,0,mexico city vs dubai,0,dubai vs mexico city,0,0
dubai-vs-rome,https://tabiji.ai/compare/dubai-vs-rome/,dubai vs rome,0,rome vs dubai,0,dubai vs rome,0,0
london-vs-penang,https://tabiji.ai/compare/london-vs-penang/,london vs penang,0,penang vs london,0,london vs penang,0,0
milan-vs-osaka,https://tabiji.ai/compare/milan-vs-osaka/,milan vs osaka,0,osaka vs milan,0,milan vs osaka,0,0
barcelona-vs-da-nang,https://tabiji.ai/compare/barcelona-vs-da-nang/,barcelona vs da nang,0,da nang vs barcelona,0,barcelona vs da nang,0,0
budapest-vs-madrid,https://tabiji.ai/compare/budapest-vs-madrid/,budapest vs madrid,0,madrid vs budapest,0,budapest vs madrid,0,0
osaka-vs-oslo,https://tabiji.ai/compare/osaka-vs-oslo/,osaka vs oslo,0,oslo vs osaka,0,osaka vs oslo,0,0
osaka-vs-stockholm,https://tabiji.ai/compare/osaka-vs-stockholm/,osaka vs stockholm,0,stockholm vs osaka,0,osaka vs stockholm,0,0
paris-vs-tuscany,https://tabiji.ai/compare/paris-vs-tuscany/,paris vs tuscany,0,tuscany vs paris,0,paris vs tuscany,0,0
lima-vs-london,https://tabiji.ai/compare/lima-vs-london/,lima vs london,0,london vs lima,0,lima vs london,0,0
budapest-vs-naples,https://tabiji.ai/compare/budapest-vs-naples/,budapest vs naples,0,naples vs budapest,0,budapest vs naples,0,0
hoi-an-vs-osaka,https://tabiji.ai/compare/hoi-an-vs-osaka/,hoi an vs osaka,0,osaka vs hoi an,0,hoi an vs osaka,0,0
penang-vs-rome,https://tabiji.ai/compare/penang-vs-rome/,penang vs rome,0,rome vs penang,0,penang vs rome,0,0
barcelona-vs-kuala-lumpur,https://tabiji.ai/compare/barcelona-vs-kuala-lumpur/,barcelona vs kuala lumpur,0,kuala lumpur vs barcelona,0,barcelona vs kuala lumpur,0,0
florence-vs-osaka,https://tabiji.ai/compare/florence-vs-osaka/,florence vs osaka,0,osaka vs florence,0,florence vs osaka,0,0
jakarta-vs-osaka,https://tabiji.ai/compare/jakarta-vs-osaka/,jakarta vs osaka,0,osaka vs jakarta,0,jakarta vs osaka,0,0
osaka-vs-prague,https://tabiji.ai/compare/osaka-vs-prague/,osaka vs prague,0,prague vs osaka,0,osaka vs prague,0,0
osaka-vs-tuscany,https://tabiji.ai/compare/osaka-vs-tuscany/,osaka vs tuscany,0,tuscany vs osaka,0,osaka vs tuscany,0,0
berlin-vs-mexico-city,https://tabiji.ai/compare/berlin-vs-mexico-city/,berlin vs mexico city,0,mexico city vs berlin,0,berlin vs mexico city,0,0
marrakech-vs-paris,https://tabiji.ai/compare/marrakech-vs-paris/,marrakech vs paris,0,paris vs marrakech,0,marrakech vs paris,0,0
naples-vs-taipei,https://tabiji.ai/compare/naples-vs-taipei/,naples vs taipei,0,taipei vs naples,0,naples vs taipei,0,0
kinshasa-vs-osaka,https://tabiji.ai/compare/kinshasa-vs-osaka/,kinshasa vs osaka,0,osaka vs kinshasa,0,kinshasa vs osaka,0,0
copenhagen-vs-osaka,https://tabiji.ai/compare/copenhagen-vs-osaka/,copenhagen vs osaka,0,osaka vs copenhagen,0,copenhagen vs osaka,0,0
madrid-vs-taipei,https://tabiji.ai/compare/madrid-vs-taipei/,madrid vs taipei,0,taipei vs madrid,0,madrid vs taipei,0,0
medellin-vs-rome,https://tabiji.ai/compare/medellin-vs-rome/,medellin vs rome,0,rome vs medellin,0,medellin vs rome,0,0
amsterdam-vs-mexico-city,https://tabiji.ai/compare/amsterdam-vs-mexico-city/,amsterdam vs mexico city,0,mexico city vs amsterdam,0,amsterdam vs mexico city,0,0
paris-vs-sofia,https://tabiji.ai/compare/paris-vs-sofia/,paris vs sofia,0,sofia vs paris,0,paris vs sofia,0,0
budapest-vs-seville,https://tabiji.ai/compare/budapest-vs-seville/,budapest vs seville,0,seville vs budapest,0,budapest vs seville,0,0
munich-vs-taipei,https://tabiji.ai/compare/munich-vs-taipei/,munich vs taipei,0,taipei vs munich,0,munich vs taipei,0,0
busan-vs-osaka,https://tabiji.ai/compare/busan-vs-osaka/,busan vs osaka,0,osaka vs busan,0,busan vs osaka,0,0
canggu-vs-osaka,https://tabiji.ai/compare/canggu-vs-osaka/,canggu vs osaka,0,osaka vs canggu,0,canggu vs osaka,0,0
chengdu-vs-osaka,https://tabiji.ai/compare/chengdu-vs-osaka/,chengdu vs osaka,0,osaka vs chengdu,0,chengdu vs osaka,0,0
lima-vs-rome,https://tabiji.ai/compare/lima-vs-rome/,lima vs rome,0,rome vs lima,0,lima vs rome,0,0
taipei-vs-yerevan,https://tabiji.ai/compare/taipei-vs-yerevan/,taipei vs yerevan,0,yerevan vs taipei,0,taipei vs yerevan,0,0
miami-vs-osaka,https://tabiji.ai/compare/miami-vs-osaka/,miami vs osaka,0,osaka vs miami,0,miami vs osaka,0,0
osaka-vs-sofia,https://tabiji.ai/compare/osaka-vs-sofia/,osaka vs sofia,0,sofia vs osaka,0,osaka vs sofia,0,0
capri-vs-paris,https://tabiji.ai/compare/capri-vs-paris/,capri vs paris,0,paris vs capri,0,capri vs paris,0,0
hoi-an-vs-paris,https://tabiji.ai/compare/hoi-an-vs-paris/,hoi an vs paris,0,paris vs hoi an,0,hoi an vs paris,0,0
osaka-vs-xi-an,https://tabiji.ai/compare/osaka-vs-xi-an/,osaka vs xi an,0,xi an vs osaka,0,osaka vs xi an,0,0
kinshasa-vs-paris,https://tabiji.ai/compare/kinshasa-vs-paris/,kinshasa vs paris,0,paris vs kinshasa,0,kinshasa vs paris,0,0
bucharest-vs-paris,https://tabiji.ai/compare/bucharest-vs-paris/,bucharest vs paris,0,paris vs bucharest,0,bucharest vs paris,0,0
seville-vs-taipei,https://tabiji.ai/compare/seville-vs-taipei/,seville vs taipei,0,taipei vs seville,0,seville vs taipei,0,0
budapest-vs-edinburgh,https://tabiji.ai/compare/budapest-vs-edinburgh/,budapest vs edinburgh,0,edinburgh vs budapest,0,budapest vs edinburgh,0,0
budapest-vs-oslo,https://tabiji.ai/compare/budapest-vs-oslo/,budapest vs oslo,0,oslo vs budapest,0,budapest vs oslo,0,0
budapest-vs-stockholm,https://tabiji.ai/compare/budapest-vs-stockholm/,budapest vs stockholm,0,stockholm vs budapest,0,budapest vs stockholm,0,0
barcelona-vs-lima,https://tabiji.ai/compare/barcelona-vs-lima/,barcelona vs lima,0,lima vs barcelona,0,barcelona vs lima,0,0
barcelona-vs-tbilisi,https://tabiji.ai/compare/barcelona-vs-tbilisi/,barcelona vs tbilisi,0,tbilisi vs barcelona,0,barcelona vs tbilisi,0,0
budapest-vs-milan,https://tabiji.ai/compare/budapest-vs-milan/,budapest vs milan,0,milan vs budapest,0,budapest vs milan,0,0
budapest-vs-new-york,https://tabiji.ai/compare/budapest-vs-new-york/,budapest vs new york,0,new york vs budapest,0,budapest vs new york,0,0
budapest-vs-venice,https://tabiji.ai/compare/budapest-vs-venice/,budapest vs venice,0,venice vs budapest,0,budapest vs venice,0,0
buenos-aires-vs-taipei,https://tabiji.ai/compare/buenos-aires-vs-taipei/,buenos aires vs taipei,0,taipei vs buenos aires,0,buenos aires vs taipei,0,0
da-nang-vs-kanazawa,https://tabiji.ai/compare/da-nang-vs-kanazawa/,da nang vs kanazawa,0,kanazawa vs da nang,0,da nang vs kanazawa,0,0
new-york-vs-taipei,https://tabiji.ai/compare/new-york-vs-taipei/,new york vs taipei,0,taipei vs new york,0,new york vs taipei,0,0
jakarta-vs-paris,https://tabiji.ai/compare/jakarta-vs-paris/,jakarta vs paris,0,paris vs jakarta,0,jakarta vs paris,0,0
chiang-mai-vs-krakow,https://tabiji.ai/compare/chiang-mai-vs-krakow/,chiang mai vs krakow,0,krakow vs chiang mai,0,chiang mai vs krakow,0,0
kanazawa-vs-kuala-lumpur,https://tabiji.ai/compare/kanazawa-vs-kuala-lumpur/,kanazawa vs kuala lumpur,0,kuala lumpur vs kanazawa,0,kanazawa vs kuala lumpur,0,0
cape-town-vs-paris,https://tabiji.ai/compare/cape-town-vs-paris/,cape town vs paris,0,paris vs cape town,0,cape town vs paris,0,0
edinburgh-vs-taipei,https://tabiji.ai/compare/edinburgh-vs-taipei/,edinburgh vs taipei,0,taipei vs edinburgh,0,edinburgh vs taipei,0,0
mexico-city-vs-naples,https://tabiji.ai/compare/mexico-city-vs-naples/,mexico city vs naples,0,naples vs mexico city,0,mexico city vs naples,0,0
taipei-vs-vienna,https://tabiji.ai/compare/taipei-vs-vienna/,taipei vs vienna,0,vienna vs taipei,0,taipei vs vienna,0,0
mexico-city-vs-munich,https://tabiji.ai/compare/mexico-city-vs-munich/,mexico city vs munich,0,munich vs mexico city,0,mexico city vs munich,0,0
milan-vs-taipei,https://tabiji.ai/compare/milan-vs-taipei/,milan vs taipei,0,taipei vs milan,0,milan vs taipei,0,0
taipei-vs-venice,https://tabiji.ai/compare/taipei-vs-venice/,taipei vs venice,0,venice vs taipei,0,taipei vs venice,0,0
budapest-vs-florence,https://tabiji.ai/compare/budapest-vs-florence/,budapest vs florence,0,florence vs budapest,0,budapest vs florence,0,0
buenos-aires-vs-london,https://tabiji.ai/compare/buenos-aires-vs-london/,buenos aires vs london,0,london vs buenos aires,0,buenos aires vs london,0,0
kanazawa-vs-penang,https://tabiji.ai/compare/kanazawa-vs-penang/,kanazawa vs penang,0,penang vs kanazawa,0,kanazawa vs penang,0,0
marrakech-vs-taipei,https://tabiji.ai/compare/marrakech-vs-taipei/,marrakech vs taipei,0,taipei vs marrakech,0,marrakech vs taipei,0,0
oslo-vs-taipei,https://tabiji.ai/compare/oslo-vs-taipei/,oslo vs taipei,0,taipei vs oslo,0,oslo vs taipei,0,0
stockholm-vs-taipei,https://tabiji.ai/compare/stockholm-vs-taipei/,stockholm vs taipei,0,taipei vs stockholm,0,stockholm vs taipei,0,0
budapest-vs-marrakech,https://tabiji.ai/compare/budapest-vs-marrakech/,budapest vs marrakech,0,marrakech vs budapest,0,budapest vs marrakech,0,0
budapest-vs-tuscany,https://tabiji.ai/compare/budapest-vs-tuscany/,budapest vs tuscany,0,tuscany vs budapest,0,budapest vs tuscany,0,0
copenhagen-vs-taipei,https://tabiji.ai/compare/copenhagen-vs-taipei/,copenhagen vs taipei,0,taipei vs copenhagen,0,copenhagen vs taipei,0,0
hoi-an-vs-taipei,https://tabiji.ai/compare/hoi-an-vs-taipei/,hoi an vs taipei,0,taipei vs hoi an,0,hoi an vs taipei,0,0
kanazawa-vs-tbilisi,https://tabiji.ai/compare/kanazawa-vs-tbilisi/,kanazawa vs tbilisi,0,tbilisi vs kanazawa,0,kanazawa vs tbilisi,0,0
mexico-city-vs-seville,https://tabiji.ai/compare/mexico-city-vs-seville/,mexico city vs seville,0,seville vs mexico city,0,mexico city vs seville,0,0
prague-vs-taipei,https://tabiji.ai/compare/prague-vs-taipei/,prague vs taipei,0,taipei vs prague,0,prague vs taipei,0,0
kinshasa-vs-taipei,https://tabiji.ai/compare/kinshasa-vs-taipei/,kinshasa vs taipei,0,taipei vs kinshasa,0,kinshasa vs taipei,0,0
florence-vs-taipei,https://tabiji.ai/compare/florence-vs-taipei/,florence vs taipei,0,taipei vs florence,0,florence vs taipei,0,0
budapest-vs-kinshasa,https://tabiji.ai/compare/budapest-vs-kinshasa/,budapest vs kinshasa,0,kinshasa vs budapest,0,budapest vs kinshasa,0,0
kanazawa-vs-medellin,https://tabiji.ai/compare/kanazawa-vs-medellin/,kanazawa vs medellin,0,medellin vs kanazawa,0,kanazawa vs medellin,0,0
london-vs-marrakech,https://tabiji.ai/compare/london-vs-marrakech/,london vs marrakech,0,marrakech vs london,0,london vs marrakech,0,0
london-vs-tuscany,https://tabiji.ai/compare/london-vs-tuscany/,london vs tuscany,0,tuscany vs london,0,london vs tuscany,0,0
taipei-vs-tuscany,https://tabiji.ai/compare/taipei-vs-tuscany/,taipei vs tuscany,0,tuscany vs taipei,0,taipei vs tuscany,0,0
barcelona-vs-oslo,https://tabiji.ai/compare/barcelona-vs-oslo/,barcelona vs oslo,0,oslo vs barcelona,0,barcelona vs oslo,0,0
budapest-vs-capri,https://tabiji.ai/compare/budapest-vs-capri/,budapest vs capri,0,capri vs budapest,0,budapest vs capri,0,0
budapest-vs-dublin,https://tabiji.ai/compare/budapest-vs-dublin/,budapest vs dublin,0,dublin vs budapest,0,budapest vs dublin,0,0
buenos-aires-vs-rome,https://tabiji.ai/compare/buenos-aires-vs-rome/,buenos aires vs rome,0,rome vs buenos aires,0,buenos aires vs rome,0,0
budapest-vs-jakarta,https://tabiji.ai/compare/budapest-vs-jakarta/,budapest vs jakarta,0,jakarta vs budapest,0,budapest vs jakarta,0,0
edinburgh-vs-mexico-city,https://tabiji.ai/compare/edinburgh-vs-mexico-city/,edinburgh vs mexico city,0,mexico city vs edinburgh,0,edinburgh vs mexico city,0,0
london-vs-sofia,https://tabiji.ai/compare/london-vs-sofia/,london vs sofia,0,sofia vs london,0,london vs sofia,0,0
marrakech-vs-rome,https://tabiji.ai/compare/marrakech-vs-rome/,marrakech vs rome,0,rome vs marrakech,0,marrakech vs rome,0,0
mexico-city-vs-vienna,https://tabiji.ai/compare/mexico-city-vs-vienna/,mexico city vs vienna,0,vienna vs mexico city,0,mexico city vs vienna,0,0
budapest-vs-helsinki,https://tabiji.ai/compare/budapest-vs-helsinki/,budapest vs helsinki,0,helsinki vs budapest,0,budapest vs helsinki,0,0
budapest-vs-miami,https://tabiji.ai/compare/budapest-vs-miami/,budapest vs miami,0,miami vs budapest,0,budapest vs miami,0,0
budapest-vs-valencia,https://tabiji.ai/compare/budapest-vs-valencia/,budapest vs valencia,0,valencia vs budapest,0,budapest vs valencia,0,0
marrakech-vs-mexico-city,https://tabiji.ai/compare/marrakech-vs-mexico-city/,marrakech vs mexico city,0,mexico city vs marrakech,0,marrakech vs mexico city,0,0
mexico-city-vs-milan,https://tabiji.ai/compare/mexico-city-vs-milan/,mexico city vs milan,0,milan vs mexico city,0,mexico city vs milan,0,0
mexico-city-vs-venice,https://tabiji.ai/compare/mexico-city-vs-venice/,mexico city vs venice,0,venice vs mexico city,0,mexico city vs venice,0,0
sofia-vs-taipei,https://tabiji.ai/compare/sofia-vs-taipei/,sofia vs taipei,0,taipei vs sofia,0,sofia vs taipei,0,0
taipei-vs-xi-an,https://tabiji.ai/compare/taipei-vs-xi-an/,taipei vs xi an,0,xi an vs taipei,0,taipei vs xi an,0,0
mexico-city-vs-oslo,https://tabiji.ai/compare/mexico-city-vs-oslo/,mexico city vs oslo,0,oslo vs mexico city,0,mexico city vs oslo,0,0
mexico-city-vs-stockholm,https://tabiji.ai/compare/mexico-city-vs-stockholm/,mexico city vs stockholm,0,stockholm vs mexico city,0,mexico city vs stockholm,0,0
miami-vs-taipei,https://tabiji.ai/compare/miami-vs-taipei/,miami vs taipei,0,taipei vs miami,0,miami vs taipei,0,0
kinshasa-vs-london,https://tabiji.ai/compare/kinshasa-vs-london/,kinshasa vs london,0,london vs kinshasa,0,kinshasa vs london,0,0
capri-vs-london,https://tabiji.ai/compare/capri-vs-london/,capri vs london,0,london vs capri,0,capri vs london,0,0
mexico-city-vs-prague,https://tabiji.ai/compare/mexico-city-vs-prague/,mexico city vs prague,0,prague vs mexico city,0,mexico city vs prague,0,0
bucharest-vs-london,https://tabiji.ai/compare/bucharest-vs-london/,bucharest vs london,0,london vs bucharest,0,bucharest vs london,0,0
dublin-vs-taipei,https://tabiji.ai/compare/dublin-vs-taipei/,dublin vs taipei,0,taipei vs dublin,0,dublin vs taipei,0,0
helsinki-vs-taipei,https://tabiji.ai/compare/helsinki-vs-taipei/,helsinki vs taipei,0,taipei vs helsinki,0,helsinki vs taipei,0,0
hoi-an-vs-london,https://tabiji.ai/compare/hoi-an-vs-london/,hoi an vs london,0,london vs hoi an,0,hoi an vs london,0,0
mexico-city-vs-miami,https://tabiji.ai/compare/mexico-city-vs-miami/,mexico city vs miami,0,miami vs mexico city,0,mexico city vs miami,0,0
taipei-vs-valencia,https://tabiji.ai/compare/taipei-vs-valencia/,taipei vs valencia,0,valencia vs taipei,0,taipei vs valencia,0,0
florence-vs-mexico-city,https://tabiji.ai/compare/florence-vs-mexico-city/,florence vs mexico city,0,mexico city vs florence,0,florence vs mexico city,0,0
kinshasa-vs-mexico-city,https://tabiji.ai/compare/kinshasa-vs-mexico-city/,kinshasa vs mexico city,0,mexico city vs kinshasa,0,kinshasa vs mexico city,0,0
barcelona-vs-tuscany,https://tabiji.ai/compare/barcelona-vs-tuscany/,barcelona vs tuscany,0,tuscany vs barcelona,0,barcelona vs tuscany,0,0
barcelona-vs-yerevan,https://tabiji.ai/compare/barcelona-vs-yerevan/,barcelona vs yerevan,0,yerevan vs barcelona,0,barcelona vs yerevan,0,0
budapest-vs-busan,https://tabiji.ai/compare/budapest-vs-busan/,budapest vs busan,0,busan vs budapest,0,budapest vs busan,0,0
budapest-vs-cape-town,https://tabiji.ai/compare/budapest-vs-cape-town/,budapest vs cape town,0,cape town vs budapest,0,budapest vs cape town,0,0
budapest-vs-dubrovnik,https://tabiji.ai/compare/budapest-vs-dubrovnik/,budapest vs dubrovnik,0,dubrovnik vs budapest,0,budapest vs dubrovnik,0,0
capri-vs-rome,https://tabiji.ai/compare/capri-vs-rome/,capri vs rome,0,rome vs capri,0,capri vs rome,0,0
copenhagen-vs-mexico-city,https://tabiji.ai/compare/copenhagen-vs-mexico-city/,copenhagen vs mexico city,0,mexico city vs copenhagen,0,copenhagen vs mexico city,0,0
rome-vs-sofia,https://tabiji.ai/compare/rome-vs-sofia/,rome vs sofia,0,sofia vs rome,0,rome vs sofia,0,0
budapest-vs-canggu,https://tabiji.ai/compare/budapest-vs-canggu/,budapest vs canggu,0,canggu vs budapest,0,budapest vs canggu,0,0
budapest-vs-xi-an,https://tabiji.ai/compare/budapest-vs-xi-an/,budapest vs xi an,0,xi an vs budapest,0,budapest vs xi an,0,0
jakarta-vs-london,https://tabiji.ai/compare/jakarta-vs-london/,jakarta vs london,0,london vs jakarta,0,jakarta vs london,0,0
mexico-city-vs-tuscany,https://tabiji.ai/compare/mexico-city-vs-tuscany/,mexico city vs tuscany,0,tuscany vs mexico city,0,mexico city vs tuscany,0,0
barcelona-vs-marrakech,https://tabiji.ai/compare/barcelona-vs-marrakech/,barcelona vs marrakech,0,marrakech vs barcelona,0,barcelona vs marrakech,0,0
budapest-vs-chengdu,https://tabiji.ai/compare/budapest-vs-chengdu/,budapest vs chengdu,0,chengdu vs budapest,0,budapest vs chengdu,0,0
da-nang-vs-krakow,https://tabiji.ai/compare/da-nang-vs-krakow/,da nang vs krakow,0,krakow vs da nang,0,da nang vs krakow,0,0
barcelona-vs-capri,https://tabiji.ai/compare/barcelona-vs-capri/,barcelona vs capri,0,capri vs barcelona,0,barcelona vs capri,0,0
chiang-mai-vs-kuala-lumpur,https://tabiji.ai/compare/chiang-mai-vs-kuala-lumpur/,chiang mai vs kuala lumpur,0,kuala lumpur vs chiang mai,0,chiang mai vs kuala lumpur,0,0
jakarta-vs-mexico-city,https://tabiji.ai/compare/jakarta-vs-mexico-city/,jakarta vs mexico city,0,mexico city vs jakarta,0,jakarta vs mexico city,0,0
krakow-vs-penang,https://tabiji.ai/compare/krakow-vs-penang/,krakow vs penang,0,penang vs krakow,0,krakow vs penang,0,0
kinshasa-vs-rome,https://tabiji.ai/compare/kinshasa-vs-rome/,kinshasa vs rome,0,rome vs kinshasa,0,kinshasa vs rome,0,0
amsterdam-vs-krakow,https://tabiji.ai/compare/amsterdam-vs-krakow/,amsterdam vs krakow,0,krakow vs amsterdam,0,amsterdam vs krakow,0,0
barcelona-vs-kinshasa,https://tabiji.ai/compare/barcelona-vs-kinshasa/,barcelona vs kinshasa,0,kinshasa vs barcelona,0,barcelona vs kinshasa,0,0
barcelona-vs-sofia,https://tabiji.ai/compare/barcelona-vs-sofia/,barcelona vs sofia,0,sofia vs barcelona,0,barcelona vs sofia,0,0
bucharest-vs-rome,https://tabiji.ai/compare/bucharest-vs-rome/,bucharest vs rome,0,rome vs bucharest,0,bucharest vs rome,0,0
budapest-vs-hanoi,https://tabiji.ai/compare/budapest-vs-hanoi/,budapest vs hanoi,0,hanoi vs budapest,0,budapest vs hanoi,0,0
budapest-vs-los-angeles,https://tabiji.ai/compare/budapest-vs-los-angeles/,budapest vs los angeles,0,los angeles vs budapest,0,budapest vs los angeles,0,0
budapest-vs-shanghai,https://tabiji.ai/compare/budapest-vs-shanghai/,budapest vs shanghai,0,shanghai vs budapest,0,budapest vs shanghai,0,0
hoi-an-vs-rome,https://tabiji.ai/compare/hoi-an-vs-rome/,hoi an vs rome,0,rome vs hoi an,0,hoi an vs rome,0,0
dublin-vs-mexico-city,https://tabiji.ai/compare/dublin-vs-mexico-city/,dublin vs mexico city,0,mexico city vs dublin,0,dublin vs mexico city,0,0
cape-town-vs-rome,https://tabiji.ai/compare/cape-town-vs-rome/,cape town vs rome,0,rome vs cape town,0,cape town vs rome,0,0
barcelona-vs-bucharest,https://tabiji.ai/compare/barcelona-vs-bucharest/,barcelona vs bucharest,0,bucharest vs barcelona,0,barcelona vs bucharest,0,0
helsinki-vs-mexico-city,https://tabiji.ai/compare/helsinki-vs-mexico-city/,helsinki vs mexico city,0,mexico city vs helsinki,0,helsinki vs mexico city,0,0
chengdu-vs-rome,https://tabiji.ai/compare/chengdu-vs-rome/,chengdu vs rome,0,rome vs chengdu,0,chengdu vs rome,0,0
busan-vs-mexico-city,https://tabiji.ai/compare/busan-vs-mexico-city/,busan vs mexico city,0,mexico city vs busan,0,busan vs mexico city,0,0
cape-town-vs-mexico-city,https://tabiji.ai/compare/cape-town-vs-mexico-city/,cape town vs mexico city,0,mexico city vs cape town,0,cape town vs mexico city,0,0
chengdu-vs-mexico-city,https://tabiji.ai/compare/chengdu-vs-mexico-city/,chengdu vs mexico city,0,mexico city vs chengdu,0,chengdu vs mexico city,0,0
canggu-vs-mexico-city,https://tabiji.ai/compare/canggu-vs-mexico-city/,canggu vs mexico city,0,mexico city vs canggu,0,canggu vs mexico city,0,0
kanazawa-vs-new-york,https://tabiji.ai/compare/kanazawa-vs-new-york/,kanazawa vs new york,0,new york vs kanazawa,0,kanazawa vs new york,0,0
mexico-city-vs-xi-an,https://tabiji.ai/compare/mexico-city-vs-xi-an/,mexico city vs xi an,0,xi an vs mexico city,0,mexico city vs xi an,0,0
kanazawa-vs-yerevan,https://tabiji.ai/compare/kanazawa-vs-yerevan/,kanazawa vs yerevan,0,yerevan vs kanazawa,0,kanazawa vs yerevan,0,0
chiang-mai-vs-tbilisi,https://tabiji.ai/compare/chiang-mai-vs-tbilisi/,chiang mai vs tbilisi,0,tbilisi vs chiang mai,0,chiang mai vs tbilisi,0,0
kanazawa-vs-oslo,https://tabiji.ai/compare/kanazawa-vs-oslo/,kanazawa vs oslo,0,oslo vs kanazawa,0,kanazawa vs oslo,0,0
krakow-vs-naples,https://tabiji.ai/compare/krakow-vs-naples/,krakow vs naples,0,naples vs krakow,0,krakow vs naples,0,0
krakow-vs-munich,https://tabiji.ai/compare/krakow-vs-munich/,krakow vs munich,0,munich vs krakow,0,krakow vs munich,0,0
kanazawa-vs-marrakech,https://tabiji.ai/compare/kanazawa-vs-marrakech/,kanazawa vs marrakech,0,marrakech vs kanazawa,0,kanazawa vs marrakech,0,0
kanazawa-vs-stockholm,https://tabiji.ai/compare/kanazawa-vs-stockholm/,kanazawa vs stockholm,0,stockholm vs kanazawa,0,kanazawa vs stockholm,0,0
da-nang-vs-kuala-lumpur,https://tabiji.ai/compare/da-nang-vs-kuala-lumpur/,da nang vs kuala lumpur,0,kuala lumpur vs da nang,0,da nang vs kuala lumpur,0,0
kanazawa-vs-tuscany,https://tabiji.ai/compare/kanazawa-vs-tuscany/,kanazawa vs tuscany,0,tuscany vs kanazawa,0,kanazawa vs tuscany,0,0
krakow-vs-seville,https://tabiji.ai/compare/krakow-vs-seville/,krakow vs seville,0,seville vs krakow,0,krakow vs seville,0,0
amsterdam-vs-chiang-mai,https://tabiji.ai/compare/amsterdam-vs-chiang-mai/,amsterdam vs chiang mai,0,chiang mai vs amsterdam,0,amsterdam vs chiang mai,0,0
berlin-vs-chiang-mai,https://tabiji.ai/compare/berlin-vs-chiang-mai/,berlin vs chiang mai,0,chiang mai vs berlin,0,berlin vs chiang mai,0,0
chiang-mai-vs-lima,https://tabiji.ai/compare/chiang-mai-vs-lima/,chiang mai vs lima,0,lima vs chiang mai,0,chiang mai vs lima,0,0
galapagos-vs-kanazawa,https://tabiji.ai/compare/galapagos-vs-kanazawa/,galapagos vs kanazawa,0,kanazawa vs galapagos,0,galapagos vs kanazawa,0,0
kanazawa-vs-swiss-alps,https://tabiji.ai/compare/kanazawa-vs-swiss-alps/,kanazawa vs swiss alps,0,swiss alps vs kanazawa,0,kanazawa vs swiss alps,0,0
borneo-vs-kanazawa,https://tabiji.ai/compare/borneo-vs-kanazawa/,borneo vs kanazawa,0,kanazawa vs borneo,0,borneo vs kanazawa,0,0
hoi-an-vs-kanazawa,https://tabiji.ai/compare/hoi-an-vs-kanazawa/,hoi an vs kanazawa,0,kanazawa vs hoi an,0,hoi an vs kanazawa,0,0
jakarta-vs-kanazawa,https://tabiji.ai/compare/jakarta-vs-kanazawa/,jakarta vs kanazawa,0,kanazawa vs jakarta,0,jakarta vs kanazawa,0,0
krakow-vs-new-york,https://tabiji.ai/compare/krakow-vs-new-york/,krakow vs new york,0,new york vs krakow,0,krakow vs new york,0,0
busan-vs-kanazawa,https://tabiji.ai/compare/busan-vs-kanazawa/,busan vs kanazawa,0,kanazawa vs busan,0,busan vs kanazawa,0,0
capri-vs-kanazawa,https://tabiji.ai/compare/capri-vs-kanazawa/,capri vs kanazawa,0,kanazawa vs capri,0,capri vs kanazawa,0,0
krakow-vs-oslo,https://tabiji.ai/compare/krakow-vs-oslo/,krakow vs oslo,0,oslo vs krakow,0,krakow vs oslo,0,0
krakow-vs-stockholm,https://tabiji.ai/compare/krakow-vs-stockholm/,krakow vs stockholm,0,stockholm vs krakow,0,krakow vs stockholm,0,0
chengdu-vs-kanazawa,https://tabiji.ai/compare/chengdu-vs-kanazawa/,chengdu vs kanazawa,0,kanazawa vs chengdu,0,chengdu vs kanazawa,0,0
krakow-vs-milan,https://tabiji.ai/compare/krakow-vs-milan/,krakow vs milan,0,milan vs krakow,0,krakow vs milan,0,0
krakow-vs-venice,https://tabiji.ai/compare/krakow-vs-venice/,krakow vs venice,0,venice vs krakow,0,krakow vs venice,0,0
da-nang-vs-dubai,https://tabiji.ai/compare/da-nang-vs-dubai/,da nang vs dubai,0,dubai vs da nang,0,da nang vs dubai,0,0
da-nang-vs-penang,https://tabiji.ai/compare/da-nang-vs-penang/,da nang vs penang,0,penang vs da nang,0,da nang vs penang,0,0
great-barrier-reef-vs-kanazawa,https://tabiji.ai/compare/great-barrier-reef-vs-kanazawa/,great barrier reef vs kanazawa,0,kanazawa vs great barrier reef,0,great barrier reef vs kanazawa,0,0
kanazawa-vs-serengeti,https://tabiji.ai/compare/kanazawa-vs-serengeti/,kanazawa vs serengeti,0,serengeti vs kanazawa,0,kanazawa vs serengeti,0,0
canggu-vs-kanazawa,https://tabiji.ai/compare/canggu-vs-kanazawa/,canggu vs kanazawa,0,kanazawa vs canggu,0,canggu vs kanazawa,0,0
krakow-vs-marrakech,https://tabiji.ai/compare/krakow-vs-marrakech/,krakow vs marrakech,0,marrakech vs krakow,0,krakow vs marrakech,0,0
krakow-vs-tuscany,https://tabiji.ai/compare/krakow-vs-tuscany/,krakow vs tuscany,0,tuscany vs krakow,0,krakow vs tuscany,0,0
cape-town-vs-kanazawa,https://tabiji.ai/compare/cape-town-vs-kanazawa/,cape town vs kanazawa,0,kanazawa vs cape town,0,cape town vs kanazawa,0,0
da-nang-vs-tbilisi,https://tabiji.ai/compare/da-nang-vs-tbilisi/,da nang vs tbilisi,0,tbilisi vs da nang,0,da nang vs tbilisi,0,0
chiang-mai-vs-naples,https://tabiji.ai/compare/chiang-mai-vs-naples/,chiang mai vs naples,0,naples vs chiang mai,0,chiang mai vs naples,0,0
florence-vs-krakow,https://tabiji.ai/compare/florence-vs-krakow/,florence vs krakow,0,krakow vs florence,0,florence vs krakow,0,0
kanazawa-vs-ubud,https://tabiji.ai/compare/kanazawa-vs-ubud/,kanazawa vs ubud,0,ubud vs kanazawa,0,kanazawa vs ubud,0,0
kanazawa-vs-xi-an,https://tabiji.ai/compare/kanazawa-vs-xi-an/,kanazawa vs xi an,0,xi an vs kanazawa,0,kanazawa vs xi an,0,0
krakow-vs-swiss-alps,https://tabiji.ai/compare/krakow-vs-swiss-alps/,krakow vs swiss alps,0,swiss alps vs krakow,0,krakow vs swiss alps,0,0
kuala-lumpur-vs-medellin,https://tabiji.ai/compare/kuala-lumpur-vs-medellin/,kuala lumpur vs medellin,0,medellin vs kuala lumpur,0,kuala lumpur vs medellin,0,0
kuala-lumpur-vs-tbilisi,https://tabiji.ai/compare/kuala-lumpur-vs-tbilisi/,kuala lumpur vs tbilisi,0,tbilisi vs kuala lumpur,0,kuala lumpur vs tbilisi,0,0
chiang-mai-vs-munich,https://tabiji.ai/compare/chiang-mai-vs-munich/,chiang mai vs munich,0,munich vs chiang mai,0,chiang mai vs munich,0,0
copenhagen-vs-krakow,https://tabiji.ai/compare/copenhagen-vs-krakow/,copenhagen vs krakow,0,krakow vs copenhagen,0,copenhagen vs krakow,0,0
da-nang-vs-medellin,https://tabiji.ai/compare/da-nang-vs-medellin/,da nang vs medellin,0,medellin vs da nang,0,da nang vs medellin,0,0
dubai-vs-medellin,https://tabiji.ai/compare/dubai-vs-medellin/,dubai vs medellin,0,medellin vs dubai,0,dubai vs medellin,0,0
kuala-lumpur-vs-lima,https://tabiji.ai/compare/kuala-lumpur-vs-lima/,kuala lumpur vs lima,0,lima vs kuala lumpur,0,kuala lumpur vs lima,0,0
hanoi-vs-kanazawa,https://tabiji.ai/compare/hanoi-vs-kanazawa/,hanoi vs kanazawa,0,kanazawa vs hanoi,0,hanoi vs kanazawa,0,0
kanazawa-vs-shanghai,https://tabiji.ai/compare/kanazawa-vs-shanghai/,kanazawa vs shanghai,0,shanghai vs kanazawa,0,kanazawa vs shanghai,0,0
amsterdam-vs-kuala-lumpur,https://tabiji.ai/compare/amsterdam-vs-kuala-lumpur/,amsterdam vs kuala lumpur,0,kuala lumpur vs amsterdam,0,amsterdam vs kuala lumpur,0,0
berlin-vs-kuala-lumpur,https://tabiji.ai/compare/berlin-vs-kuala-lumpur/,berlin vs kuala lumpur,0,kuala lumpur vs berlin,0,berlin vs kuala lumpur,0,0
chiang-mai-vs-new-york,https://tabiji.ai/compare/chiang-mai-vs-new-york/,chiang mai vs new york,0,new york vs chiang mai,0,chiang mai vs new york,0,0
chiang-mai-vs-yerevan,https://tabiji.ai/compare/chiang-mai-vs-yerevan/,chiang mai vs yerevan,0,yerevan vs chiang mai,0,chiang mai vs yerevan,0,0
kanazawa-vs-lofoten,https://tabiji.ai/compare/kanazawa-vs-lofoten/,kanazawa vs lofoten,0,lofoten vs kanazawa,0,kanazawa vs lofoten,0,0
kanazawa-vs-raja-ampat,https://tabiji.ai/compare/kanazawa-vs-raja-ampat/,kanazawa vs raja ampat,0,raja ampat vs kanazawa,0,kanazawa vs raja ampat,0,0
amsterdam-vs-dubai,https://tabiji.ai/compare/amsterdam-vs-dubai/,amsterdam vs dubai,0,dubai vs amsterdam,0,amsterdam vs dubai,0,0
capri-vs-krakow,https://tabiji.ai/compare/capri-vs-krakow/,capri vs krakow,0,krakow vs capri,0,capri vs krakow,0,0
chiang-mai-vs-seville,https://tabiji.ai/compare/chiang-mai-vs-seville/,chiang mai vs seville,0,seville vs chiang mai,0,chiang mai vs seville,0,0
amsterdam-vs-da-nang,https://tabiji.ai/compare/amsterdam-vs-da-nang/,amsterdam vs da nang,0,da nang vs amsterdam,0,amsterdam vs da nang,0,0
berlin-vs-da-nang,https://tabiji.ai/compare/berlin-vs-da-nang/,berlin vs da nang,0,da nang vs berlin,0,berlin vs da nang,0,0
bora-bora-vs-kanazawa,https://tabiji.ai/compare/bora-bora-vs-kanazawa/,bora bora vs kanazawa,0,kanazawa vs bora bora,0,bora bora vs kanazawa,0,0
buenos-aires-vs-chiang-mai,https://tabiji.ai/compare/buenos-aires-vs-chiang-mai/,buenos aires vs chiang mai,0,chiang mai vs buenos aires,0,buenos aires vs chiang mai,0,0
da-nang-vs-lima,https://tabiji.ai/compare/da-nang-vs-lima/,da nang vs lima,0,lima vs da nang,0,da nang vs lima,0,0
dubai-vs-lima,https://tabiji.ai/compare/dubai-vs-lima/,dubai vs lima,0,lima vs dubai,0,dubai vs lima,0,0
galapagos-vs-krakow,https://tabiji.ai/compare/galapagos-vs-krakow/,galapagos vs krakow,0,krakow vs galapagos,0,galapagos vs krakow,0,0
kanazawa-vs-yellowstone,https://tabiji.ai/compare/kanazawa-vs-yellowstone/,kanazawa vs yellowstone,0,yellowstone vs kanazawa,0,kanazawa vs yellowstone,0,0
penang-vs-tbilisi,https://tabiji.ai/compare/penang-vs-tbilisi/,penang vs tbilisi,0,tbilisi vs penang,0,penang vs tbilisi,0,0
beijing-vs-kanazawa,https://tabiji.ai/compare/beijing-vs-kanazawa/,beijing vs kanazawa,0,kanazawa vs beijing,0,beijing vs kanazawa,0,0
chiang-mai-vs-marrakech,https://tabiji.ai/compare/chiang-mai-vs-marrakech/,chiang mai vs marrakech,0,marrakech vs chiang mai,0,chiang mai vs marrakech,0,0
kanazawa-vs-manila,https://tabiji.ai/compare/kanazawa-vs-manila/,kanazawa vs manila,0,manila vs kanazawa,0,kanazawa vs manila,0,0
berlin-vs-medellin,https://tabiji.ai/compare/berlin-vs-medellin/,berlin vs medellin,0,medellin vs berlin,0,berlin vs medellin,0,0
chiang-mai-vs-oslo,https://tabiji.ai/compare/chiang-mai-vs-oslo/,chiang mai vs oslo,0,oslo vs chiang mai,0,chiang mai vs oslo,0,0
kinshasa-vs-krakow,https://tabiji.ai/compare/kinshasa-vs-krakow/,kinshasa vs krakow,0,krakow vs kinshasa,0,kinshasa vs krakow,0,0
dublin-vs-krakow,https://tabiji.ai/compare/dublin-vs-krakow/,dublin vs krakow,0,krakow vs dublin,0,dublin vs krakow,0,0
helsinki-vs-krakow,https://tabiji.ai/compare/helsinki-vs-krakow/,helsinki vs krakow,0,krakow vs helsinki,0,helsinki vs krakow,0,0
hoi-an-vs-krakow,https://tabiji.ai/compare/hoi-an-vs-krakow/,hoi an vs krakow,0,krakow vs hoi an,0,hoi an vs krakow,0,0
kanazawa-vs-rhodes,https://tabiji.ai/compare/kanazawa-vs-rhodes/,kanazawa vs rhodes,0,rhodes vs kanazawa,0,kanazawa vs rhodes,0,0
amsterdam-vs-medellin,https://tabiji.ai/compare/amsterdam-vs-medellin/,amsterdam vs medellin,0,medellin vs amsterdam,0,amsterdam vs medellin,0,0
chiang-mai-vs-stockholm,https://tabiji.ai/compare/chiang-mai-vs-stockholm/,chiang mai vs stockholm,0,stockholm vs chiang mai,0,chiang mai vs stockholm,0,0
chiang-mai-vs-vienna,https://tabiji.ai/compare/chiang-mai-vs-vienna/,chiang mai vs vienna,0,vienna vs chiang mai,0,chiang mai vs vienna,0,0
goa-vs-kanazawa,https://tabiji.ai/compare/goa-vs-kanazawa/,goa vs kanazawa,0,kanazawa vs goa,0,goa vs kanazawa,0,0
kanazawa-vs-komodo,https://tabiji.ai/compare/kanazawa-vs-komodo/,kanazawa vs komodo,0,komodo vs kanazawa,0,kanazawa vs komodo,0,0
kanazawa-vs-langkawi,https://tabiji.ai/compare/kanazawa-vs-langkawi/,kanazawa vs langkawi,0,langkawi vs kanazawa,0,kanazawa vs langkawi,0,0
kanazawa-vs-lombok,https://tabiji.ai/compare/kanazawa-vs-lombok/,kanazawa vs lombok,0,lombok vs kanazawa,0,kanazawa vs lombok,0,0
kanazawa-vs-luang-prabang,https://tabiji.ai/compare/kanazawa-vs-luang-prabang/,kanazawa vs luang prabang,0,luang prabang vs kanazawa,0,kanazawa vs luang prabang,0,0
kanazawa-vs-siargao,https://tabiji.ai/compare/kanazawa-vs-siargao/,kanazawa vs siargao,0,siargao vs kanazawa,0,kanazawa vs siargao,0,0
amsterdam-vs-penang,https://tabiji.ai/compare/amsterdam-vs-penang/,amsterdam vs penang,0,penang vs amsterdam,0,amsterdam vs penang,0,0
berlin-vs-penang,https://tabiji.ai/compare/berlin-vs-penang/,berlin vs penang,0,penang vs berlin,0,berlin vs penang,0,0
chiang-mai-vs-milan,https://tabiji.ai/compare/chiang-mai-vs-milan/,chiang mai vs milan,0,milan vs chiang mai,0,chiang mai vs milan,0,0
chiang-mai-vs-venice,https://tabiji.ai/compare/chiang-mai-vs-venice/,chiang mai vs venice,0,venice vs chiang mai,0,chiang mai vs venice,0,0
great-barrier-reef-vs-krakow,https://tabiji.ai/compare/great-barrier-reef-vs-krakow/,great barrier reef vs krakow,0,krakow vs great barrier reef,0,great barrier reef vs krakow,0,0
krakow-vs-serengeti,https://tabiji.ai/compare/krakow-vs-serengeti/,krakow vs serengeti,0,serengeti vs krakow,0,krakow vs serengeti,0,0
kuala-lumpur-vs-naples,https://tabiji.ai/compare/kuala-lumpur-vs-naples/,kuala lumpur vs naples,0,naples vs kuala lumpur,0,kuala lumpur vs naples,0,0
lima-vs-penang,https://tabiji.ai/compare/lima-vs-penang/,lima vs penang,0,penang vs lima,0,lima vs penang,0,0
chiang-mai-vs-tuscany,https://tabiji.ai/compare/chiang-mai-vs-tuscany/,chiang mai vs tuscany,0,tuscany vs chiang mai,0,chiang mai vs tuscany,0,0
jakarta-vs-krakow,https://tabiji.ai/compare/jakarta-vs-krakow/,jakarta vs krakow,0,krakow vs jakarta,0,jakarta vs krakow,0,0
amsterdam-vs-lima,https://tabiji.ai/compare/amsterdam-vs-lima/,amsterdam vs lima,0,lima vs amsterdam,0,amsterdam vs lima,0,0
berlin-vs-lima,https://tabiji.ai/compare/berlin-vs-lima/,berlin vs lima,0,lima vs berlin,0,berlin vs lima,0,0
chengdu-vs-krakow,https://tabiji.ai/compare/chengdu-vs-krakow/,chengdu vs krakow,0,krakow vs chengdu,0,chengdu vs krakow,0,0
borneo-vs-krakow,https://tabiji.ai/compare/borneo-vs-krakow/,borneo vs krakow,0,krakow vs borneo,0,borneo vs krakow,0,0
chiang-mai-vs-prague,https://tabiji.ai/compare/chiang-mai-vs-prague/,chiang mai vs prague,0,prague vs chiang mai,0,chiang mai vs prague,0,0
istanbul-vs-krakow,https://tabiji.ai/compare/istanbul-vs-krakow/,istanbul vs krakow,0,krakow vs istanbul,0,istanbul vs krakow,0,0
kuala-lumpur-vs-munich,https://tabiji.ai/compare/kuala-lumpur-vs-munich/,kuala lumpur vs munich,0,munich vs kuala lumpur,0,kuala lumpur vs munich,0,0
kuala-lumpur-vs-yerevan,https://tabiji.ai/compare/kuala-lumpur-vs-yerevan/,kuala lumpur vs yerevan,0,yerevan vs kuala lumpur,0,kuala lumpur vs yerevan,0,0
cape-town-vs-krakow,https://tabiji.ai/compare/cape-town-vs-krakow/,cape town vs krakow,0,krakow vs cape town,0,cape town vs krakow,0,0
da-nang-vs-munich,https://tabiji.ai/compare/da-nang-vs-munich/,da nang vs munich,0,munich vs da nang,0,da nang vs munich,0,0
da-nang-vs-naples,https://tabiji.ai/compare/da-nang-vs-naples/,da nang vs naples,0,naples vs da nang,0,da nang vs naples,0,0
dubrovnik-vs-krakow,https://tabiji.ai/compare/dubrovnik-vs-krakow/,dubrovnik vs krakow,0,krakow vs dubrovnik,0,dubrovnik vs krakow,0,0
borneo-vs-chiang-mai,https://tabiji.ai/compare/borneo-vs-chiang-mai/,borneo vs chiang mai,0,chiang mai vs borneo,0,borneo vs chiang mai,0,0
chiang-mai-vs-florence,https://tabiji.ai/compare/chiang-mai-vs-florence/,chiang mai vs florence,0,florence vs chiang mai,0,chiang mai vs florence,0,0
chiang-mai-vs-galapagos,https://tabiji.ai/compare/chiang-mai-vs-galapagos/,chiang mai vs galapagos,0,galapagos vs chiang mai,0,chiang mai vs galapagos,0,0
chiang-mai-vs-jakarta,https://tabiji.ai/compare/chiang-mai-vs-jakarta/,chiang mai vs jakarta,0,jakarta vs chiang mai,0,chiang mai vs jakarta,0,0
chiang-mai-vs-swiss-alps,https://tabiji.ai/compare/chiang-mai-vs-swiss-alps/,chiang mai vs swiss alps,0,swiss alps vs chiang mai,0,chiang mai vs swiss alps,0,0
dubai-vs-naples,https://tabiji.ai/compare/dubai-vs-naples/,dubai vs naples,0,naples vs dubai,0,dubai vs naples,0,0
amsterdam-vs-tbilisi,https://tabiji.ai/compare/amsterdam-vs-tbilisi/,amsterdam vs tbilisi,0,tbilisi vs amsterdam,0,amsterdam vs tbilisi,0,0
berlin-vs-tbilisi,https://tabiji.ai/compare/berlin-vs-tbilisi/,berlin vs tbilisi,0,tbilisi vs berlin,0,berlin vs tbilisi,0,0
chengdu-vs-chiang-mai,https://tabiji.ai/compare/chengdu-vs-chiang-mai/,chengdu vs chiang mai,0,chiang mai vs chengdu,0,chengdu vs chiang mai,0,0
chiang-mai-vs-copenhagen,https://tabiji.ai/compare/chiang-mai-vs-copenhagen/,chiang mai vs copenhagen,0,copenhagen vs chiang mai,0,chiang mai vs copenhagen,0,0
lima-vs-tbilisi,https://tabiji.ai/compare/lima-vs-tbilisi/,lima vs tbilisi,0,tbilisi vs lima,0,lima vs tbilisi,0,0
amsterdam-vs-naples,https://tabiji.ai/compare/amsterdam-vs-naples/,amsterdam vs naples,0,naples vs amsterdam,0,amsterdam vs naples,0,0
berlin-vs-naples,https://tabiji.ai/compare/berlin-vs-naples/,berlin vs naples,0,naples vs berlin,0,berlin vs naples,0,0
kuala-lumpur-vs-seville,https://tabiji.ai/compare/kuala-lumpur-vs-seville/,kuala lumpur vs seville,0,seville vs kuala lumpur,0,kuala lumpur vs seville,0,0
chiang-mai-vs-kinshasa,https://tabiji.ai/compare/chiang-mai-vs-kinshasa/,chiang mai vs kinshasa,0,kinshasa vs chiang mai,0,chiang mai vs kinshasa,0,0
amsterdam-vs-seville,https://tabiji.ai/compare/amsterdam-vs-seville/,amsterdam vs seville,0,seville vs amsterdam,0,amsterdam vs seville,0,0
buenos-aires-vs-dubai,https://tabiji.ai/compare/buenos-aires-vs-dubai/,buenos aires vs dubai,0,dubai vs buenos aires,0,buenos aires vs dubai,0,0
buenos-aires-vs-kuala-lumpur,https://tabiji.ai/compare/buenos-aires-vs-kuala-lumpur/,buenos aires vs kuala lumpur,0,kuala lumpur vs buenos aires,0,buenos aires vs kuala lumpur,0,0
capri-vs-chiang-mai,https://tabiji.ai/compare/capri-vs-chiang-mai/,capri vs chiang mai,0,chiang mai vs capri,0,capri vs chiang mai,0,0
chiang-mai-vs-great-barrier-reef,https://tabiji.ai/compare/chiang-mai-vs-great-barrier-reef/,chiang mai vs great barrier reef,0,great barrier reef vs chiang mai,0,chiang mai vs great barrier reef,0,0
chiang-mai-vs-serengeti,https://tabiji.ai/compare/chiang-mai-vs-serengeti/,chiang mai vs serengeti,0,serengeti vs chiang mai,0,chiang mai vs serengeti,0,0
da-nang-vs-yerevan,https://tabiji.ai/compare/da-nang-vs-yerevan/,da nang vs yerevan,0,yerevan vs da nang,0,da nang vs yerevan,0,0
dubai-vs-seville,https://tabiji.ai/compare/dubai-vs-seville/,dubai vs seville,0,seville vs dubai,0,dubai vs seville,0,0
buenos-aires-vs-da-nang,https://tabiji.ai/compare/buenos-aires-vs-da-nang/,buenos aires vs da nang,0,da nang vs buenos aires,0,buenos aires vs da nang,0,0
chiang-mai-vs-sofia,https://tabiji.ai/compare/chiang-mai-vs-sofia/,chiang mai vs sofia,0,sofia vs chiang mai,0,chiang mai vs sofia,0,0
kuala-lumpur-vs-new-york,https://tabiji.ai/compare/kuala-lumpur-vs-new-york/,kuala lumpur vs new york,0,new york vs kuala lumpur,0,kuala lumpur vs new york,0,0
naples-vs-penang,https://tabiji.ai/compare/naples-vs-penang/,naples vs penang,0,penang vs naples,0,naples vs penang,0,0
busan-vs-chiang-mai,https://tabiji.ai/compare/busan-vs-chiang-mai/,busan vs chiang mai,0,chiang mai vs busan,0,busan vs chiang mai,0,0
cape-town-vs-chiang-mai,https://tabiji.ai/compare/cape-town-vs-chiang-mai/,cape town vs chiang mai,0,chiang mai vs cape town,0,cape town vs chiang mai,0,0
da-nang-vs-seville,https://tabiji.ai/compare/da-nang-vs-seville/,da nang vs seville,0,seville vs da nang,0,da nang vs seville,0,0
lima-vs-naples,https://tabiji.ai/compare/lima-vs-naples/,lima vs naples,0,naples vs lima,0,lima vs naples,0,0
medellin-vs-munich,https://tabiji.ai/compare/medellin-vs-munich/,medellin vs munich,0,munich vs medellin,0,medellin vs munich,0,0
medellin-vs-naples,https://tabiji.ai/compare/medellin-vs-naples/,medellin vs naples,0,naples vs medellin,0,medellin vs naples,0,0
munich-vs-penang,https://tabiji.ai/compare/munich-vs-penang/,munich vs penang,0,penang vs munich,0,munich vs penang,0,0
berlin-vs-seville,https://tabiji.ai/compare/berlin-vs-seville/,berlin vs seville,0,seville vs berlin,0,berlin vs seville,0,0
dubai-vs-vienna,https://tabiji.ai/compare/dubai-vs-vienna/,dubai vs vienna,0,vienna vs dubai,0,dubai vs vienna,0,0
kuala-lumpur-vs-vienna,https://tabiji.ai/compare/kuala-lumpur-vs-vienna/,kuala lumpur vs vienna,0,vienna vs kuala lumpur,0,kuala lumpur vs vienna,0,0
da-nang-vs-oslo,https://tabiji.ai/compare/da-nang-vs-oslo/,da nang vs oslo,0,oslo vs da nang,0,da nang vs oslo,0,0
dubai-vs-venice,https://tabiji.ai/compare/dubai-vs-venice/,dubai vs venice,0,venice vs dubai,0,dubai vs venice,0,0
kuala-lumpur-vs-marrakech,https://tabiji.ai/compare/kuala-lumpur-vs-marrakech/,kuala lumpur vs marrakech,0,marrakech vs kuala lumpur,0,kuala lumpur vs marrakech,0,0
kuala-lumpur-vs-milan,https://tabiji.ai/compare/kuala-lumpur-vs-milan/,kuala lumpur vs milan,0,milan vs kuala lumpur,0,kuala lumpur vs milan,0,0
kuala-lumpur-vs-venice,https://tabiji.ai/compare/kuala-lumpur-vs-venice/,kuala lumpur vs venice,0,venice vs kuala lumpur,0,kuala lumpur vs venice,0,0
lima-vs-munich,https://tabiji.ai/compare/lima-vs-munich/,lima vs munich,0,munich vs lima,0,lima vs munich,0,0
new-york-vs-penang,https://tabiji.ai/compare/new-york-vs-penang/,new york vs penang,0,penang vs new york,0,new york vs penang,0,0
penang-vs-yerevan,https://tabiji.ai/compare/penang-vs-yerevan/,penang vs yerevan,0,yerevan vs penang,0,penang vs yerevan,0,0
kuala-lumpur-vs-oslo,https://tabiji.ai/compare/kuala-lumpur-vs-oslo/,kuala lumpur vs oslo,0,oslo vs kuala lumpur,0,kuala lumpur vs oslo,0,0
medellin-vs-new-york,https://tabiji.ai/compare/medellin-vs-new-york/,medellin vs new york,0,new york vs medellin,0,medellin vs new york,0,0
medellin-vs-seville,https://tabiji.ai/compare/medellin-vs-seville/,medellin vs seville,0,seville vs medellin,0,medellin vs seville,0,0
da-nang-vs-milan,https://tabiji.ai/compare/da-nang-vs-milan/,da nang vs milan,0,milan vs da nang,0,da nang vs milan,0,0
da-nang-vs-stockholm,https://tabiji.ai/compare/da-nang-vs-stockholm/,da nang vs stockholm,0,stockholm vs da nang,0,da nang vs stockholm,0,0
da-nang-vs-venice,https://tabiji.ai/compare/da-nang-vs-venice/,da nang vs venice,0,venice vs da nang,0,da nang vs venice,0,0
da-nang-vs-vienna,https://tabiji.ai/compare/da-nang-vs-vienna/,da nang vs vienna,0,vienna vs da nang,0,da nang vs vienna,0,0
dubai-vs-oslo,https://tabiji.ai/compare/dubai-vs-oslo/,dubai vs oslo,0,oslo vs dubai,0,dubai vs oslo,0,0
dubai-vs-stockholm,https://tabiji.ai/compare/dubai-vs-stockholm/,dubai vs stockholm,0,stockholm vs dubai,0,dubai vs stockholm,0,0
dubai-vs-yerevan,https://tabiji.ai/compare/dubai-vs-yerevan/,dubai vs yerevan,0,yerevan vs dubai,0,dubai vs yerevan,0,0
da-nang-vs-marrakech,https://tabiji.ai/compare/da-nang-vs-marrakech/,da nang vs marrakech,0,marrakech vs da nang,0,da nang vs marrakech,0,0
dubai-vs-prague,https://tabiji.ai/compare/dubai-vs-prague/,dubai vs prague,0,prague vs dubai,0,dubai vs prague,0,0
naples-vs-tbilisi,https://tabiji.ai/compare/naples-vs-tbilisi/,naples vs tbilisi,0,tbilisi vs naples,0,naples vs tbilisi,0,0
amsterdam-vs-buenos-aires,https://tabiji.ai/compare/amsterdam-vs-buenos-aires/,amsterdam vs buenos aires,0,buenos aires vs amsterdam,0,amsterdam vs buenos aires,0,0
berlin-vs-buenos-aires,https://tabiji.ai/compare/berlin-vs-buenos-aires/,berlin vs buenos aires,0,buenos aires vs berlin,0,berlin vs buenos aires,0,0
berlin-vs-venice,https://tabiji.ai/compare/berlin-vs-venice/,berlin vs venice,0,venice vs berlin,0,berlin vs venice,0,0
lima-vs-seville,https://tabiji.ai/compare/lima-vs-seville/,lima vs seville,0,seville vs lima,0,lima vs seville,0,0
munich-vs-naples,https://tabiji.ai/compare/munich-vs-naples/,munich vs naples,0,naples vs munich,0,munich vs naples,0,0
berlin-vs-oslo,https://tabiji.ai/compare/berlin-vs-oslo/,berlin vs oslo,0,oslo vs berlin,0,berlin vs oslo,0,0
da-nang-vs-jakarta,https://tabiji.ai/compare/da-nang-vs-jakarta/,da nang vs jakarta,0,jakarta vs da nang,0,da nang vs jakarta,0,0
dubai-vs-florence,https://tabiji.ai/compare/dubai-vs-florence/,dubai vs florence,0,florence vs dubai,0,dubai vs florence,0,0
amsterdam-vs-florence,https://tabiji.ai/compare/amsterdam-vs-florence/,amsterdam vs florence,0,florence vs amsterdam,0,amsterdam vs florence,0,0
da-nang-vs-prague,https://tabiji.ai/compare/da-nang-vs-prague/,da nang vs prague,0,prague vs da nang,0,da nang vs prague,0,0
dubai-vs-tuscany,https://tabiji.ai/compare/dubai-vs-tuscany/,dubai vs tuscany,0,tuscany vs dubai,0,dubai vs tuscany,0,0
lima-vs-new-york,https://tabiji.ai/compare/lima-vs-new-york/,lima vs new york,0,new york vs lima,0,lima vs new york,0,0
medellin-vs-oslo,https://tabiji.ai/compare/medellin-vs-oslo/,medellin vs oslo,0,oslo vs medellin,0,medellin vs oslo,0,0
medellin-vs-stockholm,https://tabiji.ai/compare/medellin-vs-stockholm/,medellin vs stockholm,0,stockholm vs medellin,0,medellin vs stockholm,0,0
medellin-vs-vienna,https://tabiji.ai/compare/medellin-vs-vienna/,medellin vs vienna,0,vienna vs medellin,0,medellin vs vienna,0,0
medellin-vs-yerevan,https://tabiji.ai/compare/medellin-vs-yerevan/,medellin vs yerevan,0,yerevan vs medellin,0,medellin vs yerevan,0,0
buenos-aires-vs-tbilisi,https://tabiji.ai/compare/buenos-aires-vs-tbilisi/,buenos aires vs tbilisi,0,tbilisi vs buenos aires,0,buenos aires vs tbilisi,0,0
copenhagen-vs-da-nang,https://tabiji.ai/compare/copenhagen-vs-da-nang/,copenhagen vs da nang,0,da nang vs copenhagen,0,copenhagen vs da nang,0,0
copenhagen-vs-dubai,https://tabiji.ai/compare/copenhagen-vs-dubai/,copenhagen vs dubai,0,dubai vs copenhagen,0,copenhagen vs dubai,0,0
da-nang-vs-florence,https://tabiji.ai/compare/da-nang-vs-florence/,da nang vs florence,0,florence vs da nang,0,da nang vs florence,0,0
da-nang-vs-galapagos,https://tabiji.ai/compare/da-nang-vs-galapagos/,da nang vs galapagos,0,galapagos vs da nang,0,da nang vs galapagos,0,0
da-nang-vs-tuscany,https://tabiji.ai/compare/da-nang-vs-tuscany/,da nang vs tuscany,0,tuscany vs da nang,0,da nang vs tuscany,0,0
lima-vs-yerevan,https://tabiji.ai/compare/lima-vs-yerevan/,lima vs yerevan,0,yerevan vs lima,0,lima vs yerevan,0,0
medellin-vs-milan,https://tabiji.ai/compare/medellin-vs-milan/,medellin vs milan,0,milan vs medellin,0,medellin vs milan,0,0
medellin-vs-venice,https://tabiji.ai/compare/medellin-vs-venice/,medellin vs venice,0,venice vs medellin,0,medellin vs venice,0,0
marrakech-vs-medellin,https://tabiji.ai/compare/marrakech-vs-medellin/,marrakech vs medellin,0,medellin vs marrakech,0,marrakech vs medellin,0,0
new-york-vs-tbilisi,https://tabiji.ai/compare/new-york-vs-tbilisi/,new york vs tbilisi,0,tbilisi vs new york,0,new york vs tbilisi,0,0
seville-vs-tbilisi,https://tabiji.ai/compare/seville-vs-tbilisi/,seville vs tbilisi,0,tbilisi vs seville,0,seville vs tbilisi,0,0
da-nang-vs-kinshasa,https://tabiji.ai/compare/da-nang-vs-kinshasa/,da nang vs kinshasa,0,kinshasa vs da nang,0,da nang vs kinshasa,0,0
dubai-vs-kinshasa,https://tabiji.ai/compare/dubai-vs-kinshasa/,dubai vs kinshasa,0,kinshasa vs dubai,0,dubai vs kinshasa,0,0
amsterdam-vs-tuscany,https://tabiji.ai/compare/amsterdam-vs-tuscany/,amsterdam vs tuscany,0,tuscany vs amsterdam,0,amsterdam vs tuscany,0,0
amsterdam-vs-yerevan,https://tabiji.ai/compare/amsterdam-vs-yerevan/,amsterdam vs yerevan,0,yerevan vs amsterdam,0,amsterdam vs yerevan,0,0
berlin-vs-florence,https://tabiji.ai/compare/berlin-vs-florence/,berlin vs florence,0,florence vs berlin,0,berlin vs florence,0,0
berlin-vs-yerevan,https://tabiji.ai/compare/berlin-vs-yerevan/,berlin vs yerevan,0,yerevan vs berlin,0,berlin vs yerevan,0,0
lima-vs-vienna,https://tabiji.ai/compare/lima-vs-vienna/,lima vs vienna,0,vienna vs lima,0,lima vs vienna,0,0
naples-vs-seville,https://tabiji.ai/compare/naples-vs-seville/,naples vs seville,0,seville vs naples,0,naples vs seville,0,0
busan-vs-da-nang,https://tabiji.ai/compare/busan-vs-da-nang/,busan vs da nang,0,da nang vs busan,0,busan vs da nang,0,0
capri-vs-da-nang,https://tabiji.ai/compare/capri-vs-da-nang/,capri vs da nang,0,da nang vs capri,0,capri vs da nang,0,0
da-nang-vs-miami,https://tabiji.ai/compare/da-nang-vs-miami/,da nang vs miami,0,miami vs da nang,0,da nang vs miami,0,0
iceland-vs-singapore,https://tabiji.ai/compare/iceland-vs-singapore/,iceland vs singapore,0,singapore vs iceland,0,iceland vs singapore,0,0
hong-kong-vs-iceland,https://tabiji.ai/compare/hong-kong-vs-iceland/,hong kong vs iceland,0,iceland vs hong kong,0,hong kong vs iceland,0,0
iceland-vs-taiwan,https://tabiji.ai/compare/iceland-vs-taiwan/,iceland vs taiwan,0,taiwan vs iceland,0,iceland vs taiwan,0,0
greece-vs-singapore,https://tabiji.ai/compare/greece-vs-singapore/,greece vs singapore,0,singapore vs greece,0,greece vs singapore,0,0
croatia-vs-singapore,https://tabiji.ai/compare/croatia-vs-singapore/,croatia vs singapore,0,singapore vs croatia,0,croatia vs singapore,0,0
hong-kong-vs-seychelles,https://tabiji.ai/compare/hong-kong-vs-seychelles/,hong kong vs seychelles,0,seychelles vs hong kong,0,hong kong vs seychelles,0,0
maldives-vs-south-korea,https://tabiji.ai/compare/maldives-vs-south-korea/,maldives vs south korea,0,south korea vs maldives,0,maldives vs south korea,0,0
morocco-vs-singapore,https://tabiji.ai/compare/morocco-vs-singapore/,morocco vs singapore,0,singapore vs morocco,0,morocco vs singapore,0,0
peru-vs-singapore,https://tabiji.ai/compare/peru-vs-singapore/,peru vs singapore,0,singapore vs peru,0,peru vs singapore,0,0
iceland-vs-maldives,https://tabiji.ai/compare/iceland-vs-maldives/,iceland vs maldives,0,maldives vs iceland,0,iceland vs maldives,0,0
costa-rica-vs-singapore,https://tabiji.ai/compare/costa-rica-vs-singapore/,costa rica vs singapore,0,singapore vs costa rica,0,costa rica vs singapore,0,0
colombia-vs-singapore,https://tabiji.ai/compare/colombia-vs-singapore/,colombia vs singapore,0,singapore vs colombia,0,colombia vs singapore,0,0
barbados-vs-singapore,https://tabiji.ai/compare/barbados-vs-singapore/,barbados vs singapore,0,singapore vs barbados,0,barbados vs singapore,0,0
austria-vs-singapore,https://tabiji.ai/compare/austria-vs-singapore/,austria vs singapore,0,singapore vs austria,0,austria vs singapore,0,0
faroe-islands-vs-japan,https://tabiji.ai/compare/faroe-islands-vs-japan/,faroe islands vs japan,0,japan vs faroe islands,0,faroe islands vs japan,0,0
georgia-vs-singapore,https://tabiji.ai/compare/georgia-vs-singapore/,georgia vs singapore,0,singapore vs georgia,0,georgia vs singapore,0,0
japan-vs-malta,https://tabiji.ai/compare/japan-vs-malta/,japan vs malta,0,malta vs japan,0,japan vs malta,0,0
singapore-vs-slovenia,https://tabiji.ai/compare/singapore-vs-slovenia/,singapore vs slovenia,0,slovenia vs singapore,0,singapore vs slovenia,0,0
cyprus-vs-japan,https://tabiji.ai/compare/cyprus-vs-japan/,cyprus vs japan,0,japan vs cyprus,0,cyprus vs japan,0,0
armenia-vs-singapore,https://tabiji.ai/compare/armenia-vs-singapore/,armenia vs singapore,0,singapore vs armenia,0,armenia vs singapore,0,0
hong-kong-vs-turkey,https://tabiji.ai/compare/hong-kong-vs-turkey/,hong kong vs turkey,0,turkey vs hong kong,0,hong kong vs turkey,0,0
japan-vs-laos,https://tabiji.ai/compare/japan-vs-laos/,japan vs laos,0,laos vs japan,0,japan vs laos,0,0
cuba-vs-singapore,https://tabiji.ai/compare/cuba-vs-singapore/,cuba vs singapore,0,singapore vs cuba,0,cuba vs singapore,0,0
greece-vs-hong-kong,https://tabiji.ai/compare/greece-vs-hong-kong/,greece vs hong kong,0,hong kong vs greece,0,greece vs hong kong,0,0
croatia-vs-hong-kong,https://tabiji.ai/compare/croatia-vs-hong-kong/,croatia vs hong kong,0,hong kong vs croatia,0,croatia vs hong kong,0,0
iceland-vs-vietnam,https://tabiji.ai/compare/iceland-vs-vietnam/,iceland vs vietnam,0,vietnam vs iceland,0,iceland vs vietnam,0,0
new-caledonia-vs-singapore,https://tabiji.ai/compare/new-caledonia-vs-singapore/,new caledonia vs singapore,0,singapore vs new caledonia,0,new caledonia vs singapore,0,0
hong-kong-vs-peru,https://tabiji.ai/compare/hong-kong-vs-peru/,hong kong vs peru,0,peru vs hong kong,0,hong kong vs peru,0,0
japan-vs-new-caledonia,https://tabiji.ai/compare/japan-vs-new-caledonia/,japan vs new caledonia,0,new caledonia vs japan,0,japan vs new caledonia,0,0
hong-kong-vs-morocco,https://tabiji.ai/compare/hong-kong-vs-morocco/,hong kong vs morocco,0,morocco vs hong kong,0,hong kong vs morocco,0,0
puerto-rico-vs-singapore,https://tabiji.ai/compare/puerto-rico-vs-singapore/,puerto rico vs singapore,0,singapore vs puerto rico,0,puerto rico vs singapore,0,0
costa-rica-vs-hong-kong,https://tabiji.ai/compare/costa-rica-vs-hong-kong/,costa rica vs hong kong,0,hong kong vs costa rica,0,costa rica vs hong kong,0,0
albania-vs-japan,https://tabiji.ai/compare/albania-vs-japan/,albania vs japan,0,japan vs albania,0,albania vs japan,0,0
botswana-vs-singapore,https://tabiji.ai/compare/botswana-vs-singapore/,botswana vs singapore,0,singapore vs botswana,0,botswana vs singapore,0,0
palau-vs-singapore,https://tabiji.ai/compare/palau-vs-singapore/,palau vs singapore,0,singapore vs palau,0,palau vs singapore,0,0
iceland-vs-seychelles,https://tabiji.ai/compare/iceland-vs-seychelles/,iceland vs seychelles,0,seychelles vs iceland,0,iceland vs seychelles,0,0
japan-vs-vanuatu,https://tabiji.ai/compare/japan-vs-vanuatu/,japan vs vanuatu,0,vanuatu vs japan,0,japan vs vanuatu,0,0
botswana-vs-japan,https://tabiji.ai/compare/botswana-vs-japan/,botswana vs japan,0,japan vs botswana,0,botswana vs japan,0,0
japan-vs-palau,https://tabiji.ai/compare/japan-vs-palau/,japan vs palau,0,palau vs japan,0,japan vs palau,0,0
hong-kong-vs-norway,https://tabiji.ai/compare/hong-kong-vs-norway/,hong kong vs norway,0,norway vs hong kong,0,hong kong vs norway,0,0
belize-vs-japan,https://tabiji.ai/compare/belize-vs-japan/,belize vs japan,0,japan vs belize,0,belize vs japan,0,0
colombia-vs-hong-kong,https://tabiji.ai/compare/colombia-vs-hong-kong/,colombia vs hong kong,0,hong kong vs colombia,0,colombia vs hong kong,0,0
japan-vs-slovakia,https://tabiji.ai/compare/japan-vs-slovakia/,japan vs slovakia,0,slovakia vs japan,0,japan vs slovakia,0,0
austria-vs-hong-kong,https://tabiji.ai/compare/austria-vs-hong-kong/,austria vs hong kong,0,hong kong vs austria,0,austria vs hong kong,0,0
barbados-vs-hong-kong,https://tabiji.ai/compare/barbados-vs-hong-kong/,barbados vs hong kong,0,hong kong vs barbados,0,barbados vs hong kong,0,0
georgia-vs-hong-kong,https://tabiji.ai/compare/georgia-vs-hong-kong/,georgia vs hong kong,0,hong kong vs georgia,0,georgia vs hong kong,0,0
hong-kong-vs-slovenia,https://tabiji.ai/compare/hong-kong-vs-slovenia/,hong kong vs slovenia,0,slovenia vs hong kong,0,hong kong vs slovenia,0,0
armenia-vs-hong-kong,https://tabiji.ai/compare/armenia-vs-hong-kong/,armenia vs hong kong,0,hong kong vs armenia,0,armenia vs hong kong,0,0
egypt-vs-hong-kong,https://tabiji.ai/compare/egypt-vs-hong-kong/,egypt vs hong kong,0,hong kong vs egypt,0,egypt vs hong kong,0,0
chile-vs-hong-kong,https://tabiji.ai/compare/chile-vs-hong-kong/,chile vs hong kong,0,hong kong vs chile,0,chile vs hong kong,0,0
hong-kong-vs-kenya,https://tabiji.ai/compare/hong-kong-vs-kenya/,hong kong vs kenya,0,kenya vs hong kong,0,hong kong vs kenya,0,0
hong-kong-vs-switzerland,https://tabiji.ai/compare/hong-kong-vs-switzerland/,hong kong vs switzerland,0,switzerland vs hong kong,0,hong kong vs switzerland,0,0
finland-vs-hong-kong,https://tabiji.ai/compare/finland-vs-hong-kong/,finland vs hong kong,0,hong kong vs finland,0,finland vs hong kong,0,0
aruba-vs-hong-kong,https://tabiji.ai/compare/aruba-vs-hong-kong/,aruba vs hong kong,0,hong kong vs aruba,0,aruba vs hong kong,0,0
cuba-vs-hong-kong,https://tabiji.ai/compare/cuba-vs-hong-kong/,cuba vs hong kong,0,hong kong vs cuba,0,cuba vs hong kong,0,0
curacao-vs-hong-kong,https://tabiji.ai/compare/curacao-vs-hong-kong/,curacao vs hong kong,0,hong kong vs curacao,0,curacao vs hong kong,0,0
ecuador-vs-hong-kong,https://tabiji.ai/compare/ecuador-vs-hong-kong/,ecuador vs hong kong,0,hong kong vs ecuador,0,ecuador vs hong kong,0,0
hong-kong-vs-new-caledonia,https://tabiji.ai/compare/hong-kong-vs-new-caledonia/,hong kong vs new caledonia,0,new caledonia vs hong kong,0,hong kong vs new caledonia,0,0
botswana-vs-hong-kong,https://tabiji.ai/compare/botswana-vs-hong-kong/,botswana vs hong kong,0,hong kong vs botswana,0,botswana vs hong kong,0,0
bali-vs-patagonia,https://tabiji.ai/compare/bali-vs-patagonia/,bali vs patagonia,0,patagonia vs bali,0,bali vs patagonia,0,0
bali-vs-santorini,https://tabiji.ai/compare/bali-vs-santorini/,bali vs santorini,0,santorini vs bali,0,bali vs santorini,0,0
amalfi-coast-vs-bali,https://tabiji.ai/compare/amalfi-coast-vs-bali/,amalfi coast vs bali,0,bali vs amalfi coast,0,amalfi coast vs bali,0,0
bali-vs-mykonos,https://tabiji.ai/compare/bali-vs-mykonos/,bali vs mykonos,0,mykonos vs bali,0,bali vs mykonos,0,0
bali-vs-lake-como,https://tabiji.ai/compare/bali-vs-lake-como/,bali vs lake como,0,lake como vs bali,0,bali vs lake como,0,0
bali-vs-sardinia,https://tabiji.ai/compare/bali-vs-sardinia/,bali vs sardinia,0,sardinia vs bali,0,bali vs sardinia,0,0
patagonia-vs-santorini,https://tabiji.ai/compare/patagonia-vs-santorini/,patagonia vs santorini,0,santorini vs patagonia,0,patagonia vs santorini,0,0
bali-vs-crete,https://tabiji.ai/compare/bali-vs-crete/,bali vs crete,0,crete vs bali,0,bali vs crete,0,0
amalfi-coast-vs-patagonia,https://tabiji.ai/compare/amalfi-coast-vs-patagonia/,amalfi coast vs patagonia,0,patagonia vs amalfi coast,0,amalfi coast vs patagonia,0,0
bali-vs-sicily,https://tabiji.ai/compare/bali-vs-sicily/,bali vs sicily,0,sicily vs bali,0,bali vs sicily,0,0
lake-como-vs-patagonia,https://tabiji.ai/compare/lake-como-vs-patagonia/,lake como vs patagonia,0,patagonia vs lake como,0,lake como vs patagonia,0,0
patagonia-vs-sardinia,https://tabiji.ai/compare/patagonia-vs-sardinia/,patagonia vs sardinia,0,sardinia vs patagonia,0,patagonia vs sardinia,0,0
patagonia-vs-zanzibar,https://tabiji.ai/compare/patagonia-vs-zanzibar/,patagonia vs zanzibar,0,zanzibar vs patagonia,0,patagonia vs zanzibar,0,0
andaman-islands-vs-bali,https://tabiji.ai/compare/andaman-islands-vs-bali/,andaman islands vs bali,0,bali vs andaman islands,0,andaman islands vs bali,0,0
bali-vs-lake-atitlan,https://tabiji.ai/compare/bali-vs-lake-atitlan/,bali vs lake atitlan,0,lake atitlan vs bali,0,bali vs lake atitlan,0,0
bali-vs-lake-bled,https://tabiji.ai/compare/bali-vs-lake-bled/,bali vs lake bled,0,lake bled vs bali,0,bali vs lake bled,0,0
bali-vs-inle-lake,https://tabiji.ai/compare/bali-vs-inle-lake/,bali vs inle lake,0,inle lake vs bali,0,bali vs inle lake,0,0
bali-vs-sunshine-coast,https://tabiji.ai/compare/bali-vs-sunshine-coast/,bali vs sunshine coast,0,sunshine coast vs bali,0,bali vs sunshine coast,0,0
banff-vs-santorini,https://tabiji.ai/compare/banff-vs-santorini/,banff vs santorini,0,santorini vs banff,0,banff vs santorini,0,0
bali-vs-lake-garda,https://tabiji.ai/compare/bali-vs-lake-garda/,bali vs lake garda,0,lake garda vs bali,0,bali vs lake garda,0,0
bali-vs-easter-island,https://tabiji.ai/compare/bali-vs-easter-island/,bali vs easter island,0,easter island vs bali,0,bali vs easter island,0,0
amalfi-coast-vs-banff,https://tabiji.ai/compare/amalfi-coast-vs-banff/,amalfi coast vs banff,0,banff vs amalfi coast,0,amalfi coast vs banff,0,0
banff-vs-lake-como,https://tabiji.ai/compare/banff-vs-lake-como/,banff vs lake como,0,lake como vs banff,0,banff vs lake como,0,0
amalfi-coast-vs-yosemite,https://tabiji.ai/compare/amalfi-coast-vs-yosemite/,amalfi coast vs yosemite,0,yosemite vs amalfi coast,0,amalfi coast vs yosemite,0,0
banff-vs-sardinia,https://tabiji.ai/compare/banff-vs-sardinia/,banff vs sardinia,0,sardinia vs banff,0,banff vs sardinia,0,0
lake-como-vs-yosemite,https://tabiji.ai/compare/lake-como-vs-yosemite/,lake como vs yosemite,0,yosemite vs lake como,0,lake como vs yosemite,0,0
interlaken-vs-patagonia,https://tabiji.ai/compare/interlaken-vs-patagonia/,interlaken vs patagonia,0,patagonia vs interlaken,0,interlaken vs patagonia,0,0
patagonia-vs-salt-lake-city,https://tabiji.ai/compare/patagonia-vs-salt-lake-city/,patagonia vs salt lake city,0,salt lake city vs patagonia,0,patagonia vs salt lake city,0,0
lake-atitlan-vs-patagonia,https://tabiji.ai/compare/lake-atitlan-vs-patagonia/,lake atitlan vs patagonia,0,patagonia vs lake atitlan,0,lake atitlan vs patagonia,0,0
lake-bled-vs-patagonia,https://tabiji.ai/compare/lake-bled-vs-patagonia/,lake bled vs patagonia,0,patagonia vs lake bled,0,lake bled vs patagonia,0,0
andaman-islands-vs-patagonia,https://tabiji.ai/compare/andaman-islands-vs-patagonia/,andaman islands vs patagonia,0,patagonia vs andaman islands,0,andaman islands vs patagonia,0,0
patagonia-vs-simien-mountains,https://tabiji.ai/compare/patagonia-vs-simien-mountains/,patagonia vs simien mountains,0,simien mountains vs patagonia,0,patagonia vs simien mountains,0,0
easter-island-vs-patagonia,https://tabiji.ai/compare/easter-island-vs-patagonia/,easter island vs patagonia,0,patagonia vs easter island,0,easter island vs patagonia,0,0
patagonia-vs-sunshine-coast,https://tabiji.ai/compare/patagonia-vs-sunshine-coast/,patagonia vs sunshine coast,0,sunshine coast vs patagonia,0,patagonia vs sunshine coast,0,0
inle-lake-vs-patagonia,https://tabiji.ai/compare/inle-lake-vs-patagonia/,inle lake vs patagonia,0,patagonia vs inle lake,0,inle lake vs patagonia,0,0
lake-garda-vs-patagonia,https://tabiji.ai/compare/lake-garda-vs-patagonia/,lake garda vs patagonia,0,patagonia vs lake garda,0,lake garda vs patagonia,0,0
sardinia-vs-yosemite,https://tabiji.ai/compare/sardinia-vs-yosemite/,sardinia vs yosemite,0,yosemite vs sardinia,0,sardinia vs yosemite,0,0
santorini-vs-zanzibar,https://tabiji.ai/compare/santorini-vs-zanzibar/,santorini vs zanzibar,0,zanzibar vs santorini,0,santorini vs zanzibar,0,0
banff-vs-sicily,https://tabiji.ai/compare/banff-vs-sicily/,banff vs sicily,0,sicily vs banff,0,banff vs sicily,0,0
amalfi-coast-vs-zanzibar,https://tabiji.ai/compare/amalfi-coast-vs-zanzibar/,amalfi coast vs zanzibar,0,zanzibar vs amalfi coast,0,amalfi coast vs zanzibar,0,0
mykonos-vs-zanzibar,https://tabiji.ai/compare/mykonos-vs-zanzibar/,mykonos vs zanzibar,0,zanzibar vs mykonos,0,mykonos vs zanzibar,0,0
lake-como-vs-zanzibar,https://tabiji.ai/compare/lake-como-vs-zanzibar/,lake como vs zanzibar,0,zanzibar vs lake como,0,lake como vs zanzibar,0,0
banff-vs-salt-lake-city,https://tabiji.ai/compare/banff-vs-salt-lake-city/,banff vs salt lake city,0,salt lake city vs banff,0,banff vs salt lake city,0,0
banff-vs-lake-atitlan,https://tabiji.ai/compare/banff-vs-lake-atitlan/,banff vs lake atitlan,0,lake atitlan vs banff,0,banff vs lake atitlan,0,0
banff-vs-interlaken,https://tabiji.ai/compare/banff-vs-interlaken/,banff vs interlaken,0,interlaken vs banff,0,banff vs interlaken,0,0
banff-vs-lake-bled,https://tabiji.ai/compare/banff-vs-lake-bled/,banff vs lake bled,0,lake bled vs banff,0,banff vs lake bled,0,0
andaman-islands-vs-banff,https://tabiji.ai/compare/andaman-islands-vs-banff/,andaman islands vs banff,0,banff vs andaman islands,0,andaman islands vs banff,0,0
banff-vs-simien-mountains,https://tabiji.ai/compare/banff-vs-simien-mountains/,banff vs simien mountains,0,simien mountains vs banff,0,banff vs simien mountains,0,0
banff-vs-inle-lake,https://tabiji.ai/compare/banff-vs-inle-lake/,banff vs inle lake,0,inle lake vs banff,0,banff vs inle lake,0,0
lake-atitlan-vs-yosemite,https://tabiji.ai/compare/lake-atitlan-vs-yosemite/,lake atitlan vs yosemite,0,yosemite vs lake atitlan,0,lake atitlan vs yosemite,0,0
interlaken-vs-yosemite,https://tabiji.ai/compare/interlaken-vs-yosemite/,interlaken vs yosemite,0,yosemite vs interlaken,0,interlaken vs yosemite,0,0
andaman-islands-vs-yosemite,https://tabiji.ai/compare/andaman-islands-vs-yosemite/,andaman islands vs yosemite,0,yosemite vs andaman islands,0,andaman islands vs yosemite,0,0
gold-coast-vs-santorini,https://tabiji.ai/compare/gold-coast-vs-santorini/,gold coast vs santorini,0,santorini vs gold coast,0,gold coast vs santorini,0,0
lake-bled-vs-yosemite,https://tabiji.ai/compare/lake-bled-vs-yosemite/,lake bled vs yosemite,0,yosemite vs lake bled,0,lake bled vs yosemite,0,0
simien-mountains-vs-yosemite,https://tabiji.ai/compare/simien-mountains-vs-yosemite/,simien mountains vs yosemite,0,yosemite vs simien mountains,0,simien mountains vs yosemite,0,0
lake-bled-vs-santorini,https://tabiji.ai/compare/lake-bled-vs-santorini/,lake bled vs santorini,0,santorini vs lake bled,0,lake bled vs santorini,0,0
inle-lake-vs-yosemite,https://tabiji.ai/compare/inle-lake-vs-yosemite/,inle lake vs yosemite,0,yosemite vs inle lake,0,inle lake vs yosemite,0,0
interlaken-vs-santorini,https://tabiji.ai/compare/interlaken-vs-santorini/,interlaken vs santorini,0,santorini vs interlaken,0,interlaken vs santorini,0,0
andaman-islands-vs-santorini,https://tabiji.ai/compare/andaman-islands-vs-santorini/,andaman islands vs santorini,0,santorini vs andaman islands,0,andaman islands vs santorini,0,0
lake-atitlan-vs-santorini,https://tabiji.ai/compare/lake-atitlan-vs-santorini/,lake atitlan vs santorini,0,santorini vs lake atitlan,0,lake atitlan vs santorini,0,0
santorini-vs-sunshine-coast,https://tabiji.ai/compare/santorini-vs-sunshine-coast/,santorini vs sunshine coast,0,sunshine coast vs santorini,0,santorini vs sunshine coast,0,0
salt-lake-city-vs-santorini,https://tabiji.ai/compare/salt-lake-city-vs-santorini/,salt lake city vs santorini,0,santorini vs salt lake city,0,salt lake city vs santorini,0,0
gold-coast-vs-mykonos,https://tabiji.ai/compare/gold-coast-vs-mykonos/,gold coast vs mykonos,0,mykonos vs gold coast,0,gold coast vs mykonos,0,0
crete-vs-zanzibar,https://tabiji.ai/compare/crete-vs-zanzibar/,crete vs zanzibar,0,zanzibar vs crete,0,crete vs zanzibar,0,0
easter-island-vs-santorini,https://tabiji.ai/compare/easter-island-vs-santorini/,easter island vs santorini,0,santorini vs easter island,0,easter island vs santorini,0,0
santorini-vs-simien-mountains,https://tabiji.ai/compare/santorini-vs-simien-mountains/,santorini vs simien mountains,0,simien mountains vs santorini,0,santorini vs simien mountains,0,0
interlaken-vs-mykonos,https://tabiji.ai/compare/interlaken-vs-mykonos/,interlaken vs mykonos,0,mykonos vs interlaken,0,interlaken vs mykonos,0,0
lake-bled-vs-mykonos,https://tabiji.ai/compare/lake-bled-vs-mykonos/,lake bled vs mykonos,0,mykonos vs lake bled,0,lake bled vs mykonos,0,0
andaman-islands-vs-mykonos,https://tabiji.ai/compare/andaman-islands-vs-mykonos/,andaman islands vs mykonos,0,mykonos vs andaman islands,0,andaman islands vs mykonos,0,0
easter-island-vs-mykonos,https://tabiji.ai/compare/easter-island-vs-mykonos/,easter island vs mykonos,0,mykonos vs easter island,0,easter island vs mykonos,0,0
gold-coast-vs-zanzibar,https://tabiji.ai/compare/gold-coast-vs-zanzibar/,gold coast vs zanzibar,0,zanzibar vs gold coast,0,gold coast vs zanzibar,0,0
sunshine-coast-vs-zanzibar,https://tabiji.ai/compare/sunshine-coast-vs-zanzibar/,sunshine coast vs zanzibar,0,zanzibar vs sunshine coast,0,sunshine coast vs zanzibar,0,0
lake-atitlan-vs-zanzibar,https://tabiji.ai/compare/lake-atitlan-vs-zanzibar/,lake atitlan vs zanzibar,0,zanzibar vs lake atitlan,0,lake atitlan vs zanzibar,0,0
lake-bled-vs-zanzibar,https://tabiji.ai/compare/lake-bled-vs-zanzibar/,lake bled vs zanzibar,0,zanzibar vs lake bled,0,lake bled vs zanzibar,0,0
andaman-islands-vs-zanzibar,https://tabiji.ai/compare/andaman-islands-vs-zanzibar/,andaman islands vs zanzibar,0,zanzibar vs andaman islands,0,andaman islands vs zanzibar,0,0
simien-mountains-vs-zanzibar,https://tabiji.ai/compare/simien-mountains-vs-zanzibar/,simien mountains vs zanzibar,0,zanzibar vs simien mountains,0,simien mountains vs zanzibar,0,0
easter-island-vs-zanzibar,https://tabiji.ai/compare/easter-island-vs-zanzibar/,easter island vs zanzibar,0,zanzibar vs easter island,0,easter island vs zanzibar,0,0
crete-vs-gold-coast,https://tabiji.ai/compare/crete-vs-gold-coast/,crete vs gold coast,0,gold coast vs crete,0,crete vs gold coast,0,0
crete-vs-lake-bled,https://tabiji.ai/compare/crete-vs-lake-bled/,crete vs lake bled,0,lake bled vs crete,0,crete vs lake bled,0,0
crete-vs-interlaken,https://tabiji.ai/compare/crete-vs-interlaken/,crete vs interlaken,0,interlaken vs crete,0,crete vs interlaken,0,0
andaman-islands-vs-crete,https://tabiji.ai/compare/andaman-islands-vs-crete/,andaman islands vs crete,0,crete vs andaman islands,0,andaman islands vs crete,0,0
crete-vs-lake-atitlan,https://tabiji.ai/compare/crete-vs-lake-atitlan/,crete vs lake atitlan,0,lake atitlan vs crete,0,crete vs lake atitlan,0,0
crete-vs-sunshine-coast,https://tabiji.ai/compare/crete-vs-sunshine-coast/,crete vs sunshine coast,0,sunshine coast vs crete,0,crete vs sunshine coast,0,0
crete-vs-easter-island,https://tabiji.ai/compare/crete-vs-easter-island/,crete vs easter island,0,easter island vs crete,0,crete vs easter island,0,0
crete-vs-inle-lake,https://tabiji.ai/compare/crete-vs-inle-lake/,crete vs inle lake,0,inle lake vs crete,0,crete vs inle lake,0,0
andaman-islands-vs-gold-coast,https://tabiji.ai/compare/andaman-islands-vs-gold-coast/,andaman islands vs gold coast,0,gold coast vs andaman islands,0,andaman islands vs gold coast,0,0
interlaken-vs-lake-bled,https://tabiji.ai/compare/interlaken-vs-lake-bled/,interlaken vs lake bled,0,lake bled vs interlaken,0,interlaken vs lake bled,0,0
interlaken-vs-salt-lake-city,https://tabiji.ai/compare/interlaken-vs-salt-lake-city/,interlaken vs salt lake city,0,salt lake city vs interlaken,0,interlaken vs salt lake city,0,0
lake-atitlan-vs-salt-lake-city,https://tabiji.ai/compare/lake-atitlan-vs-salt-lake-city/,lake atitlan vs salt lake city,0,salt lake city vs lake atitlan,0,lake atitlan vs salt lake city,0,0
easter-island-vs-gold-coast,https://tabiji.ai/compare/easter-island-vs-gold-coast/,easter island vs gold coast,0,gold coast vs easter island,0,easter island vs gold coast,0,0
gold-coast-vs-inle-lake,https://tabiji.ai/compare/gold-coast-vs-inle-lake/,gold coast vs inle lake,0,inle lake vs gold coast,0,gold coast vs inle lake,0,0
andaman-islands-vs-inle-lake,https://tabiji.ai/compare/andaman-islands-vs-inle-lake/,andaman islands vs inle lake,0,inle lake vs andaman islands,0,andaman islands vs inle lake,0,0
salt-lake-city-vs-simien-mountains,https://tabiji.ai/compare/salt-lake-city-vs-simien-mountains/,salt lake city vs simien mountains,0,simien mountains vs salt lake city,0,salt lake city vs simien mountains,0,0
andaman-islands-vs-lake-atitlan,https://tabiji.ai/compare/andaman-islands-vs-lake-atitlan/,andaman islands vs lake atitlan,0,lake atitlan vs andaman islands,0,andaman islands vs lake atitlan,0,0
interlaken-vs-simien-mountains,https://tabiji.ai/compare/interlaken-vs-simien-mountains/,interlaken vs simien mountains,0,simien mountains vs interlaken,0,interlaken vs simien mountains,0,0
lake-atitlan-vs-sunshine-coast,https://tabiji.ai/compare/lake-atitlan-vs-sunshine-coast/,lake atitlan vs sunshine coast,0,sunshine coast vs lake atitlan,0,lake atitlan vs sunshine coast,0,0
lake-bled-vs-salt-lake-city,https://tabiji.ai/compare/lake-bled-vs-salt-lake-city/,lake bled vs salt lake city,0,salt lake city vs lake bled,0,lake bled vs salt lake city,0,0
