slug,url,keyword_1,vol_1,keyword_2,vol_2,best_keyword,best_vol,total_vol
england-vs-india,https://tabiji.ai/compare/england-vs-india/,england vs india,90500,india vs england,550000,india vs england,550000,640500
mexico-vs-usa,https://tabiji.ai/compare/mexico-vs-usa/,mexico vs usa,201000,usa vs mexico,165000,mexico vs usa,201000,366000
australia-vs-india,https://tabiji.ai/compare/australia-vs-india/,australia vs india,74000,india vs australia,201000,india vs australia,201000,275000
honduras-vs-mexico,https://tabiji.ai/compare/honduras-vs-mexico/,honduras vs mexico,49500,mexico vs honduras,165000,mexico vs honduras,165000,214500
india-vs-south-africa,https://tabiji.ai/compare/india-vs-south-africa/,india vs south africa,110000,south africa vs india,40500,india vs south africa,110000,150500
mexico-vs-panama,https://tabiji.ai/compare/mexico-vs-panama/,mexico vs panama,135000,panama vs mexico,8100,mexico vs panama,135000,143100
guatemala-vs-usa,https://tabiji.ai/compare/guatemala-vs-usa/,guatemala vs usa,49500,usa vs guatemala,90500,usa vs guatemala,90500,140000
georgia-vs-texas,https://tabiji.ai/compare/georgia-vs-texas/,georgia vs texas,27100,texas vs georgia,110000,texas vs georgia,110000,137100
argentina-vs-colombia,https://tabiji.ai/compare/argentina-vs-colombia/,argentina vs colombia,90500,colombia vs argentina,40500,argentina vs colombia,90500,131000
canada-vs-usa,https://tabiji.ai/compare/canada-vs-usa/,canada vs usa,33100,usa vs canada,74000,usa vs canada,74000,107100
canada-vs-mexico,https://tabiji.ai/compare/canada-vs-mexico/,canada vs mexico,27100,mexico vs canada,74000,mexico vs canada,74000,101100
brazil-vs-colombia,https://tabiji.ai/compare/brazil-vs-colombia/,brazil vs colombia,60500,colombia vs brazil,33100,brazil vs colombia,60500,93600
denmark-vs-portugal,https://tabiji.ai/compare/denmark-vs-portugal/,denmark vs portugal,18100,portugal vs denmark,74000,portugal vs denmark,74000,92100
germany-vs-portugal,https://tabiji.ai/compare/germany-vs-portugal/,germany vs portugal,49500,portugal vs germany,40500,germany vs portugal,49500,90000
florida-vs-georgia,https://tabiji.ai/compare/florida-vs-georgia/,florida vs georgia,9900,georgia vs florida,74000,georgia vs florida,74000,83900
india-vs-new-zealand,https://tabiji.ai/compare/india-vs-new-zealand/,india vs new zealand,60500,new zealand vs india,22200,india vs new zealand,60500,82700
guatemala-vs-panama,https://tabiji.ai/compare/guatemala-vs-panama/,guatemala vs panama,60500,panama vs guatemala,18100,guatemala vs panama,60500,78600
dominican-republic-vs-mexico,https://tabiji.ai/compare/dominican-republic-vs-mexico/,dominican republic vs mexico,1300,mexico vs dominican republic,74000,mexico vs dominican republic,74000,75300
barcelona-vs-mallorca,https://tabiji.ai/compare/barcelona-vs-mallorca/,barcelona vs mallorca,40500,mallorca vs barcelona,33100,barcelona vs mallorca,40500,73600
ecuador-vs-mexico,https://tabiji.ai/compare/ecuador-vs-mexico/,ecuador vs mexico,9900,mexico vs ecuador,60500,mexico vs ecuador,60500,70400
costa-rica-vs-usa,https://tabiji.ai/compare/costa-rica-vs-usa/,costa rica vs usa,8100,usa vs costa rica,60500,usa vs costa rica,60500,68600
netherlands-vs-spain,https://tabiji.ai/compare/netherlands-vs-spain/,netherlands vs spain,18100,spain vs netherlands,49500,spain vs netherlands,49500,67600
argentina-vs-uruguay,https://tabiji.ai/compare/argentina-vs-uruguay/,argentina vs uruguay,22200,uruguay vs argentina,40500,uruguay vs argentina,40500,62700
armenia-vs-portugal,https://tabiji.ai/compare/armenia-vs-portugal/,armenia vs portugal,18100,portugal vs armenia,40500,portugal vs armenia,40500,58600
brazil-vs-ecuador,https://tabiji.ai/compare/brazil-vs-ecuador/,brazil vs ecuador,18100,ecuador vs brazil,40500,ecuador vs brazil,40500,58600
croatia-vs-france,https://tabiji.ai/compare/croatia-vs-france/,croatia vs france,14800,france vs croatia,40500,france vs croatia,40500,55300
mexico-vs-uruguay,https://tabiji.ai/compare/mexico-vs-uruguay/,mexico vs uruguay,49500,uruguay vs mexico,5400,mexico vs uruguay,49500,54900
ireland-vs-portugal,https://tabiji.ai/compare/ireland-vs-portugal/,ireland vs portugal,27100,portugal vs ireland,27100,ireland vs portugal,27100,54200
argentina-vs-ecuador,https://tabiji.ai/compare/argentina-vs-ecuador/,argentina vs ecuador,12100,ecuador vs argentina,40500,ecuador vs argentina,40500,52600
barcelona-vs-guadalajara,https://tabiji.ai/compare/barcelona-vs-guadalajara/,barcelona vs guadalajara,1900,guadalajara vs barcelona,49500,guadalajara vs barcelona,49500,51400
costa-rica-vs-honduras,https://tabiji.ai/compare/costa-rica-vs-honduras/,costa rica vs honduras,18100,honduras vs costa rica,33100,honduras vs costa rica,33100,51200
panama-vs-usa,https://tabiji.ai/compare/panama-vs-usa/,panama vs usa,5400,usa vs panama,40500,usa vs panama,40500,45900
australia-vs-south-africa,https://tabiji.ai/compare/australia-vs-south-africa/,australia vs south africa,33100,south africa vs australia,12100,australia vs south africa,33100,45200
bolivia-vs-brazil,https://tabiji.ai/compare/bolivia-vs-brazil/,bolivia vs brazil,33100,brazil vs bolivia,12100,bolivia vs brazil,33100,45200
france-vs-germany,https://tabiji.ai/compare/france-vs-germany/,france vs germany,12100,germany vs france,33100,germany vs france,33100,45200
australia-vs-england,https://tabiji.ai/compare/australia-vs-england/,australia vs england,18100,england vs australia,27100,england vs australia,27100,45200
canada-vs-guatemala,https://tabiji.ai/compare/canada-vs-guatemala/,canada vs guatemala,27100,guatemala vs canada,18100,canada vs guatemala,27100,45200
hungary-vs-portugal,https://tabiji.ai/compare/hungary-vs-portugal/,hungary vs portugal,14800,portugal vs hungary,27100,portugal vs hungary,27100,41900
mexico-vs-switzerland,https://tabiji.ai/compare/mexico-vs-switzerland/,mexico vs switzerland,40500,switzerland vs mexico,480,mexico vs switzerland,40500,40980
italy-vs-norway,https://tabiji.ai/compare/italy-vs-norway/,italy vs norway,18100,norway vs italy,22200,norway vs italy,22200,40300
bolivia-vs-colombia,https://tabiji.ai/compare/bolivia-vs-colombia/,bolivia vs colombia,4400,colombia vs bolivia,33100,colombia vs bolivia,33100,37500
canada-vs-colombia,https://tabiji.ai/compare/canada-vs-colombia/,canada vs colombia,4400,colombia vs canada,33100,colombia vs canada,33100,37500
mexico-vs-turkey,https://tabiji.ai/compare/mexico-vs-turkey/,mexico vs turkey,33100,turkey vs mexico,2900,mexico vs turkey,33100,36000
germany-vs-italy,https://tabiji.ai/compare/germany-vs-italy/,germany vs italy,18100,italy vs germany,14800,germany vs italy,18100,32900
honduras-vs-nicaragua,https://tabiji.ai/compare/honduras-vs-nicaragua/,honduras vs nicaragua,18100,nicaragua vs honduras,14800,honduras vs nicaragua,18100,32900
honduras-vs-panama,https://tabiji.ai/compare/honduras-vs-panama/,honduras vs panama,14800,panama vs honduras,18100,panama vs honduras,18100,32900
uruguay-vs-usa,https://tabiji.ai/compare/uruguay-vs-usa/,uruguay vs usa,4400,usa vs uruguay,27100,usa vs uruguay,27100,31500
argentina-vs-mexico,https://tabiji.ai/compare/argentina-vs-mexico/,argentina vs mexico,8100,mexico vs argentina,22200,mexico vs argentina,22200,30300
argentina-vs-puerto-rico,https://tabiji.ai/compare/argentina-vs-puerto-rico/,argentina vs puerto rico,8100,puerto rico vs argentina,22200,puerto rico vs argentina,22200,30300
ecuador-vs-usa,https://tabiji.ai/compare/ecuador-vs-usa/,ecuador vs usa,12100,usa vs ecuador,18100,usa vs ecuador,18100,30200
england-vs-spain,https://tabiji.ai/compare/england-vs-spain/,england vs spain,18100,spain vs england,12100,england vs spain,18100,30200
japan-vs-usa,https://tabiji.ai/compare/japan-vs-usa/,japan vs usa,1900,usa vs japan,27100,usa vs japan,27100,29000
albania-vs-serbia,https://tabiji.ai/compare/albania-vs-serbia/,albania vs serbia,18100,serbia vs albania,9900,albania vs serbia,18100,28000
bolivia-vs-chile,https://tabiji.ai/compare/bolivia-vs-chile/,bolivia vs chile,9900,chile vs bolivia,18100,chile vs bolivia,18100,28000
bulgaria-vs-spain,https://tabiji.ai/compare/bulgaria-vs-spain/,bulgaria vs spain,9900,spain vs bulgaria,18100,spain vs bulgaria,18100,28000
georgia-vs-spain,https://tabiji.ai/compare/georgia-vs-spain/,georgia vs spain,9900,spain vs georgia,18100,spain vs georgia,18100,28000
chile-vs-ecuador,https://tabiji.ai/compare/chile-vs-ecuador/,chile vs ecuador,14800,ecuador vs chile,12100,chile vs ecuador,14800,26900
guatemala-vs-jamaica,https://tabiji.ai/compare/guatemala-vs-jamaica/,guatemala vs jamaica,12100,jamaica vs guatemala,14800,jamaica vs guatemala,14800,26900
bolivia-vs-uruguay,https://tabiji.ai/compare/bolivia-vs-uruguay/,bolivia vs uruguay,22200,uruguay vs bolivia,3600,bolivia vs uruguay,22200,25800
india-vs-sri-lanka,https://tabiji.ai/compare/india-vs-sri-lanka/,india vs sri lanka,22200,sri lanka vs india,2900,india vs sri lanka,22200,25100
england-vs-serbia,https://tabiji.ai/compare/england-vs-serbia/,england vs serbia,14800,serbia vs england,9900,england vs serbia,14800,24700
england-vs-south-africa,https://tabiji.ai/compare/england-vs-south-africa/,england vs south africa,14800,south africa vs england,9900,england vs south africa,14800,24700
israel-vs-italy,https://tabiji.ai/compare/israel-vs-italy/,israel vs italy,9900,italy vs israel,14800,italy vs israel,14800,24700
south-korea-vs-usa,https://tabiji.ai/compare/south-korea-vs-usa/,south korea vs usa,1300,usa vs south korea,22200,usa vs south korea,22200,23500
albania-vs-england,https://tabiji.ai/compare/albania-vs-england/,albania vs england,8100,england vs albania,14800,england vs albania,14800,22900
france-vs-iceland,https://tabiji.ai/compare/france-vs-iceland/,france vs iceland,14800,iceland vs france,6600,france vs iceland,14800,21400
new-zealand-vs-south-africa,https://tabiji.ai/compare/new-zealand-vs-south-africa/,new zealand vs south africa,14800,south africa vs new zealand,5400,new zealand vs south africa,14800,20200
brazil-vs-south-korea,https://tabiji.ai/compare/brazil-vs-south-korea/,brazil vs south korea,4400,south korea vs brazil,14800,south korea vs brazil,14800,19200
canada-vs-honduras,https://tabiji.ai/compare/canada-vs-honduras/,canada vs honduras,14800,honduras vs canada,4400,canada vs honduras,14800,19200
brazil-vs-senegal,https://tabiji.ai/compare/brazil-vs-senegal/,brazil vs senegal,18100,senegal vs brazil,720,brazil vs senegal,18100,18820
england-vs-latvia,https://tabiji.ai/compare/england-vs-latvia/,england vs latvia,12100,latvia vs england,6600,england vs latvia,12100,18700
australia-vs-usa,https://tabiji.ai/compare/australia-vs-usa/,australia vs usa,590,usa vs australia,18100,usa vs australia,18100,18690
brazil-vs-usa,https://tabiji.ai/compare/brazil-vs-usa/,brazil vs usa,4400,usa vs brazil,12100,usa vs brazil,12100,16500
azerbaijan-vs-france,https://tabiji.ai/compare/azerbaijan-vs-france/,azerbaijan vs france,6600,france vs azerbaijan,9900,france vs azerbaijan,9900,16500
england-vs-senegal,https://tabiji.ai/compare/england-vs-senegal/,england vs senegal,14800,senegal vs england,1600,england vs senegal,14800,16400
germany-vs-spain,https://tabiji.ai/compare/germany-vs-spain/,germany vs spain,8100,spain vs germany,8100,germany vs spain,8100,16200
spain-vs-turkey,https://tabiji.ai/compare/spain-vs-turkey/,spain vs turkey,9900,turkey vs spain,5400,spain vs turkey,9900,15300
australia-vs-colombia,https://tabiji.ai/compare/australia-vs-colombia/,australia vs colombia,2900,colombia vs australia,12100,colombia vs australia,12100,15000
australia-vs-sri-lanka,https://tabiji.ai/compare/australia-vs-sri-lanka/,australia vs sri lanka,6600,sri lanka vs australia,8100,sri lanka vs australia,8100,14700
greece-vs-scotland,https://tabiji.ai/compare/greece-vs-scotland/,greece vs scotland,8100,scotland vs greece,6600,greece vs scotland,8100,14700
netherlands-vs-poland,https://tabiji.ai/compare/netherlands-vs-poland/,netherlands vs poland,6600,poland vs netherlands,8100,poland vs netherlands,8100,14700
sweden-vs-usa,https://tabiji.ai/compare/sweden-vs-usa/,sweden vs usa,2400,usa vs sweden,12100,usa vs sweden,12100,14500
england-vs-italy,https://tabiji.ai/compare/england-vs-italy/,england vs italy,12100,italy vs england,1600,england vs italy,12100,13700
argentina-vs-france,https://tabiji.ai/compare/argentina-vs-france/,argentina vs france,9900,france vs argentina,3600,argentina vs france,9900,13500
germany-vs-slovakia,https://tabiji.ai/compare/germany-vs-slovakia/,germany vs slovakia,9900,slovakia vs germany,3600,germany vs slovakia,9900,13500
mexico-vs-portugal,https://tabiji.ai/compare/mexico-vs-portugal/,mexico vs portugal,9900,portugal vs mexico,3600,mexico vs portugal,9900,13500
jamaica-vs-trinidad-and-tobago,https://tabiji.ai/compare/jamaica-vs-trinidad-and-tobago/,jamaica vs trinidad and tobago,6600,trinidad and tobago vs jamaica,6600,jamaica vs trinidad and tobago,6600,13200
brazil-vs-chile,https://tabiji.ai/compare/brazil-vs-chile/,brazil vs chile,12100,chile vs brazil,1000,brazil vs chile,12100,13100
liverpool-vs-milan,https://tabiji.ai/compare/liverpool-vs-milan/,liverpool vs milan,12100,milan vs liverpool,1000,liverpool vs milan,12100,13100
finland-vs-usa,https://tabiji.ai/compare/finland-vs-usa/,finland vs usa,880,usa vs finland,12100,usa vs finland,12100,12980
egypt-vs-south-africa,https://tabiji.ai/compare/egypt-vs-south-africa/,egypt vs south africa,12100,south africa vs egypt,720,egypt vs south africa,12100,12820
israel-vs-norway,https://tabiji.ai/compare/israel-vs-norway/,israel vs norway,2900,norway vs israel,9900,norway vs israel,9900,12800
california-vs-hawaii,https://tabiji.ai/compare/california-vs-hawaii/,california vs hawaii,8100,hawaii vs california,4400,california vs hawaii,8100,12500
hungary-vs-ireland,https://tabiji.ai/compare/hungary-vs-ireland/,hungary vs ireland,8100,ireland vs hungary,4400,hungary vs ireland,8100,12500
colombia-vs-new-zealand,https://tabiji.ai/compare/colombia-vs-new-zealand/,colombia vs new zealand,12100,new zealand vs colombia,210,colombia vs new zealand,12100,12310
denmark-vs-scotland,https://tabiji.ai/compare/denmark-vs-scotland/,denmark vs scotland,2400,scotland vs denmark,9900,scotland vs denmark,9900,12300
india-vs-oman,https://tabiji.ai/compare/india-vs-oman/,india vs oman,9900,oman vs india,2400,india vs oman,9900,12300
mexico-vs-south-africa,https://tabiji.ai/compare/mexico-vs-south-africa/,mexico vs south africa,12100,south africa vs mexico,140,mexico vs south africa,12100,12240
colombia-vs-usa,https://tabiji.ai/compare/colombia-vs-usa/,colombia vs usa,1300,usa vs colombia,9900,usa vs colombia,9900,11200
germany-vs-luxembourg,https://tabiji.ai/compare/germany-vs-luxembourg/,germany vs luxembourg,8100,luxembourg vs germany,2900,germany vs luxembourg,8100,11000
canada-vs-ecuador,https://tabiji.ai/compare/canada-vs-ecuador/,canada vs ecuador,6600,ecuador vs canada,4400,canada vs ecuador,6600,11000
france-vs-portugal,https://tabiji.ai/compare/france-vs-portugal/,france vs portugal,4400,portugal vs france,6600,portugal vs france,6600,11000
switzerland-vs-usa,https://tabiji.ai/compare/switzerland-vs-usa/,switzerland vs usa,880,usa vs switzerland,9900,usa vs switzerland,9900,10780
sweden-vs-switzerland,https://tabiji.ai/compare/sweden-vs-switzerland/,sweden vs switzerland,8100,switzerland vs sweden,2400,sweden vs switzerland,8100,10500
brazil-vs-morocco,https://tabiji.ai/compare/brazil-vs-morocco/,brazil vs morocco,9900,morocco vs brazil,480,brazil vs morocco,9900,10380
peru-vs-uruguay,https://tabiji.ai/compare/peru-vs-uruguay/,peru vs uruguay,3600,uruguay vs peru,6600,uruguay vs peru,6600,10200
ecuador-vs-new-zealand,https://tabiji.ai/compare/ecuador-vs-new-zealand/,ecuador vs new zealand,9900,new zealand vs ecuador,210,ecuador vs new zealand,9900,10110
chile-vs-mexico,https://tabiji.ai/compare/chile-vs-mexico/,chile vs mexico,1900,mexico vs chile,8100,mexico vs chile,8100,10000
india-vs-uae,https://tabiji.ai/compare/india-vs-uae/,india vs uae,5400,uae vs india,4400,india vs uae,5400,9800
germany-vs-netherlands,https://tabiji.ai/compare/germany-vs-netherlands/,germany vs netherlands,2900,netherlands vs germany,6600,netherlands vs germany,6600,9500
curacao-vs-jamaica,https://tabiji.ai/compare/curacao-vs-jamaica/,curacao vs jamaica,1300,jamaica vs curacao,8100,jamaica vs curacao,8100,9400
brazil-vs-mexico,https://tabiji.ai/compare/brazil-vs-mexico/,brazil vs mexico,2400,mexico vs brazil,6600,mexico vs brazil,6600,9000
colombia-vs-portugal,https://tabiji.ai/compare/colombia-vs-portugal/,colombia vs portugal,6600,portugal vs colombia,2400,colombia vs portugal,6600,9000
seattle-vs-toronto,https://tabiji.ai/compare/seattle-vs-toronto/,seattle vs toronto,5400,toronto vs seattle,3600,seattle vs toronto,5400,9000
argentina-vs-spain,https://tabiji.ai/compare/argentina-vs-spain/,argentina vs spain,4400,spain vs argentina,4400,argentina vs spain,4400,8800
costa-rica-vs-dominican-republic,https://tabiji.ai/compare/costa-rica-vs-dominican-republic/,costa rica vs dominican republic,8100,dominican republic vs costa rica,480,costa rica vs dominican republic,8100,8580
bermuda-vs-honduras,https://tabiji.ai/compare/bermuda-vs-honduras/,bermuda vs honduras,1900,honduras vs bermuda,6600,honduras vs bermuda,6600,8500
chile-vs-uruguay,https://tabiji.ai/compare/chile-vs-uruguay/,chile vs uruguay,5400,uruguay vs chile,2900,chile vs uruguay,5400,8300
estonia-vs-italy,https://tabiji.ai/compare/estonia-vs-italy/,estonia vs italy,2900,italy vs estonia,5400,italy vs estonia,5400,8300
estonia-vs-norway,https://tabiji.ai/compare/estonia-vs-norway/,estonia vs norway,2900,norway vs estonia,5400,norway vs estonia,5400,8300
nepal-vs-netherlands,https://tabiji.ai/compare/nepal-vs-netherlands/,nepal vs netherlands,5400,netherlands vs nepal,2900,nepal vs netherlands,5400,8300
portugal-vs-usa,https://tabiji.ai/compare/portugal-vs-usa/,portugal vs usa,2900,usa vs portugal,5400,usa vs portugal,5400,8300
england-vs-new-zealand,https://tabiji.ai/compare/england-vs-new-zealand/,england vs new zealand,6600,new zealand vs england,1600,england vs new zealand,6600,8200
australia-vs-indonesia,https://tabiji.ai/compare/australia-vs-indonesia/,australia vs indonesia,1300,indonesia vs australia,6600,indonesia vs australia,6600,7900
bermuda-vs-jamaica,https://tabiji.ai/compare/bermuda-vs-jamaica/,bermuda vs jamaica,2400,jamaica vs bermuda,5400,jamaica vs bermuda,5400,7800
jamaica-vs-mexico,https://tabiji.ai/compare/jamaica-vs-mexico/,jamaica vs mexico,1000,mexico vs jamaica,6600,mexico vs jamaica,6600,7600
canada-vs-finland,https://tabiji.ai/compare/canada-vs-finland/,canada vs finland,6600,finland vs canada,880,canada vs finland,6600,7480
bulgaria-vs-georgia,https://tabiji.ai/compare/bulgaria-vs-georgia/,bulgaria vs georgia,2900,georgia vs bulgaria,4400,georgia vs bulgaria,4400,7300
finland-vs-poland,https://tabiji.ai/compare/finland-vs-poland/,finland vs poland,2900,poland vs finland,4400,poland vs finland,4400,7300
belgium-vs-north-macedonia,https://tabiji.ai/compare/belgium-vs-north-macedonia/,belgium vs north macedonia,3600,north macedonia vs belgium,3600,belgium vs north macedonia,3600,7200
barcelona-vs-frankfurt,https://tabiji.ai/compare/barcelona-vs-frankfurt/,barcelona vs frankfurt,6600,frankfurt vs barcelona,480,barcelona vs frankfurt,6600,7080
england-vs-finland,https://tabiji.ai/compare/england-vs-finland/,england vs finland,5400,finland vs england,1600,england vs finland,5400,7000
turkey-vs-usa,https://tabiji.ai/compare/turkey-vs-usa/,turkey vs usa,1600,usa vs turkey,5400,usa vs turkey,5400,7000
egypt-vs-ethiopia,https://tabiji.ai/compare/egypt-vs-ethiopia/,egypt vs ethiopia,4400,ethiopia vs egypt,2400,egypt vs ethiopia,4400,6800
slovenia-vs-sweden,https://tabiji.ai/compare/slovenia-vs-sweden/,slovenia vs sweden,4400,sweden vs slovenia,2400,slovenia vs sweden,4400,6800
armenia-vs-ireland,https://tabiji.ai/compare/armenia-vs-ireland/,armenia vs ireland,2900,ireland vs armenia,3600,ireland vs armenia,3600,6500
england-vs-sweden,https://tabiji.ai/compare/england-vs-sweden/,england vs sweden,2900,sweden vs england,3600,sweden vs england,3600,6500
greece-vs-lithuania,https://tabiji.ai/compare/greece-vs-lithuania/,greece vs lithuania,2900,lithuania vs greece,3600,lithuania vs greece,3600,6500
lithuania-vs-netherlands,https://tabiji.ai/compare/lithuania-vs-netherlands/,lithuania vs netherlands,2900,netherlands vs lithuania,3600,netherlands vs lithuania,3600,6500
canada-vs-sweden,https://tabiji.ai/compare/canada-vs-sweden/,canada vs sweden,5400,sweden vs canada,1000,canada vs sweden,5400,6400
chicago-vs-new-england,https://tabiji.ai/compare/chicago-vs-new-england/,chicago vs new england,1000,new england vs chicago,5400,new england vs chicago,5400,6400
england-vs-netherlands,https://tabiji.ai/compare/england-vs-netherlands/,england vs netherlands,4400,netherlands vs england,1900,england vs netherlands,4400,6300
jamaica-vs-panama,https://tabiji.ai/compare/jamaica-vs-panama/,jamaica vs panama,720,panama vs jamaica,5400,panama vs jamaica,5400,6120
germany-vs-slovenia,https://tabiji.ai/compare/germany-vs-slovenia/,germany vs slovenia,4400,slovenia vs germany,1600,germany vs slovenia,4400,6000
marseille-vs-strasbourg,https://tabiji.ai/compare/marseille-vs-strasbourg/,marseille vs strasbourg,1600,strasbourg vs marseille,4400,strasbourg vs marseille,4400,6000
nepal-vs-uae,https://tabiji.ai/compare/nepal-vs-uae/,nepal vs uae,4400,uae vs nepal,1600,nepal vs uae,4400,6000
denmark-vs-greece,https://tabiji.ai/compare/denmark-vs-greece/,denmark vs greece,2400,greece vs denmark,3600,greece vs denmark,3600,6000
finland-vs-netherlands,https://tabiji.ai/compare/finland-vs-netherlands/,finland vs netherlands,2400,netherlands vs finland,3600,netherlands vs finland,3600,6000
malta-vs-netherlands,https://tabiji.ai/compare/malta-vs-netherlands/,malta vs netherlands,2400,netherlands vs malta,3600,netherlands vs malta,3600,6000
england-vs-united-kingdom,https://tabiji.ai/compare/england-vs-united-kingdom/,england vs united kingdom,2900,united kingdom vs england,2900,england vs united kingdom,2900,5800
malta-vs-poland,https://tabiji.ai/compare/malta-vs-poland/,malta vs poland,2900,poland vs malta,2900,malta vs poland,2900,5800
nepal-vs-scotland,https://tabiji.ai/compare/nepal-vs-scotland/,nepal vs scotland,2900,scotland vs nepal,2900,nepal vs scotland,2900,5800
miami-vs-vancouver,https://tabiji.ai/compare/miami-vs-vancouver/,miami vs vancouver,5400,vancouver vs miami,390,miami vs vancouver,5400,5790
latvia-vs-serbia,https://tabiji.ai/compare/latvia-vs-serbia/,latvia vs serbia,1300,serbia vs latvia,4400,serbia vs latvia,4400,5700
armenia-vs-hungary,https://tabiji.ai/compare/armenia-vs-hungary/,armenia vs hungary,1900,hungary vs armenia,3600,hungary vs armenia,3600,5500
botswana-vs-senegal,https://tabiji.ai/compare/botswana-vs-senegal/,botswana vs senegal,90,senegal vs botswana,5400,senegal vs botswana,5400,5490
argentina-vs-portugal,https://tabiji.ai/compare/argentina-vs-portugal/,argentina vs portugal,2400,portugal vs argentina,2900,portugal vs argentina,2900,5300
lithuania-vs-poland,https://tabiji.ai/compare/lithuania-vs-poland/,lithuania vs poland,2400,poland vs lithuania,2900,poland vs lithuania,2900,5300
bahrain-vs-indonesia,https://tabiji.ai/compare/bahrain-vs-indonesia/,bahrain vs indonesia,1600,indonesia vs bahrain,3600,indonesia vs bahrain,3600,5200
new-zealand-vs-sri-lanka,https://tabiji.ai/compare/new-zealand-vs-sri-lanka/,new zealand vs sri lanka,1600,sri lanka vs new zealand,3600,sri lanka vs new zealand,3600,5200
france-vs-netherlands,https://tabiji.ai/compare/france-vs-netherlands/,france vs netherlands,720,netherlands vs france,4400,netherlands vs france,4400,5120
jamaica-vs-usa,https://tabiji.ai/compare/jamaica-vs-usa/,jamaica vs usa,590,usa vs jamaica,4400,usa vs jamaica,4400,4990
brazil-vs-spain,https://tabiji.ai/compare/brazil-vs-spain/,brazil vs spain,1900,spain vs brazil,2900,spain vs brazil,2900,4800
ghana-vs-japan,https://tabiji.ai/compare/ghana-vs-japan/,ghana vs japan,1900,japan vs ghana,2900,japan vs ghana,2900,4800
curacao-vs-honduras,https://tabiji.ai/compare/curacao-vs-honduras/,curacao vs honduras,320,honduras vs curacao,4400,honduras vs curacao,4400,4720
dominican-republic-vs-guatemala,https://tabiji.ai/compare/dominican-republic-vs-guatemala/,dominican republic vs guatemala,260,guatemala vs dominican republic,4400,guatemala vs dominican republic,4400,4660
morocco-vs-senegal,https://tabiji.ai/compare/morocco-vs-senegal/,morocco vs senegal,3600,senegal vs morocco,720,morocco vs senegal,3600,4320
finland-vs-germany,https://tabiji.ai/compare/finland-vs-germany/,finland vs germany,1900,germany vs finland,2400,germany vs finland,2400,4300
finland-vs-sweden,https://tabiji.ai/compare/finland-vs-sweden/,finland vs sweden,1900,sweden vs finland,2400,sweden vs finland,2400,4300
lyon-vs-nice,https://tabiji.ai/compare/lyon-vs-nice/,lyon vs nice,1900,nice vs lyon,2400,nice vs lyon,2400,4300
barcelona-vs-monaco,https://tabiji.ai/compare/barcelona-vs-monaco/,barcelona vs monaco,1900,monaco vs barcelona,2400,monaco vs barcelona,2400,4300
morocco-vs-tanzania,https://tabiji.ai/compare/morocco-vs-tanzania/,morocco vs tanzania,2400,tanzania vs morocco,1900,morocco vs tanzania,2400,4300
slovenia-vs-switzerland,https://tabiji.ai/compare/slovenia-vs-switzerland/,slovenia vs switzerland,1900,switzerland vs slovenia,2400,switzerland vs slovenia,2400,4300
ghana-vs-south-korea,https://tabiji.ai/compare/ghana-vs-south-korea/,ghana vs south korea,1300,south korea vs ghana,2900,south korea vs ghana,2900,4200
costa-rica-vs-germany,https://tabiji.ai/compare/costa-rica-vs-germany/,costa rica vs germany,590,germany vs costa rica,3600,germany vs costa rica,3600,4190
nepal-vs-qatar,https://tabiji.ai/compare/nepal-vs-qatar/,nepal vs qatar,3600,qatar vs nepal,590,nepal vs qatar,3600,4190
curacao-vs-trinidad-and-tobago,https://tabiji.ai/compare/curacao-vs-trinidad-and-tobago/,curacao vs trinidad and tobago,2400,trinidad and tobago vs curacao,1600,curacao vs trinidad and tobago,2400,4000
honduras-vs-jamaica,https://tabiji.ai/compare/honduras-vs-jamaica/,honduras vs jamaica,2400,jamaica vs honduras,1600,honduras vs jamaica,2400,4000
italy-vs-slovenia,https://tabiji.ai/compare/italy-vs-slovenia/,italy vs slovenia,2400,slovenia vs italy,1600,italy vs slovenia,2400,4000
new-zealand-vs-usa,https://tabiji.ai/compare/new-zealand-vs-usa/,new zealand vs usa,390,usa vs new zealand,3600,usa vs new zealand,3600,3990
uruguay-vs-uzbekistan,https://tabiji.ai/compare/uruguay-vs-uzbekistan/,uruguay vs uzbekistan,320,uzbekistan vs uruguay,3600,uzbekistan vs uruguay,3600,3920
cuba-vs-nicaragua,https://tabiji.ai/compare/cuba-vs-nicaragua/,cuba vs nicaragua,2900,nicaragua vs cuba,1000,cuba vs nicaragua,2900,3900
finland-vs-lithuania,https://tabiji.ai/compare/finland-vs-lithuania/,finland vs lithuania,2900,lithuania vs finland,1000,finland vs lithuania,2900,3900
germany-vs-sweden,https://tabiji.ai/compare/germany-vs-sweden/,germany vs sweden,1000,sweden vs germany,2900,sweden vs germany,2900,3900
mexico-vs-morocco,https://tabiji.ai/compare/mexico-vs-morocco/,mexico vs morocco,3600,morocco vs mexico,260,mexico vs morocco,3600,3860
madrid-vs-mallorca,https://tabiji.ai/compare/madrid-vs-mallorca/,madrid vs mallorca,3600,mallorca vs madrid,210,madrid vs mallorca,3600,3810
argentina-vs-canada,https://tabiji.ai/compare/argentina-vs-canada/,argentina vs canada,1900,canada vs argentina,1900,argentina vs canada,1900,3800
serbia-vs-turkey,https://tabiji.ai/compare/serbia-vs-turkey/,serbia vs turkey,1900,turkey vs serbia,1900,serbia vs turkey,1900,3800
china-vs-taiwan,https://tabiji.ai/compare/china-vs-taiwan/,china vs taiwan,1900,taiwan vs china,1900,china vs taiwan,1900,3800
austria-vs-romania,https://tabiji.ai/compare/austria-vs-romania/,austria vs romania,1300,romania vs austria,2400,romania vs austria,2400,3700
costa-rica-vs-trinidad-and-tobago,https://tabiji.ai/compare/costa-rica-vs-trinidad-and-tobago/,costa rica vs trinidad and tobago,1300,trinidad and tobago vs costa rica,2400,trinidad and tobago vs costa rica,2400,3700
ghana-vs-madagascar,https://tabiji.ai/compare/ghana-vs-madagascar/,ghana vs madagascar,1300,madagascar vs ghana,2400,madagascar vs ghana,2400,3700
mexico-vs-spain,https://tabiji.ai/compare/mexico-vs-spain/,mexico vs spain,2400,spain vs mexico,1300,mexico vs spain,2400,3700
argentina-vs-morocco,https://tabiji.ai/compare/argentina-vs-morocco/,argentina vs morocco,1900,morocco vs argentina,1600,argentina vs morocco,1900,3500
nicaragua-vs-panama,https://tabiji.ai/compare/nicaragua-vs-panama/,nicaragua vs panama,1600,panama vs nicaragua,1900,panama vs nicaragua,1900,3500
spain-vs-switzerland,https://tabiji.ai/compare/spain-vs-switzerland/,spain vs switzerland,1900,switzerland vs spain,1600,spain vs switzerland,1900,3500
chile-vs-panama,https://tabiji.ai/compare/chile-vs-panama/,chile vs panama,2400,panama vs chile,1000,chile vs panama,2400,3400
germany-vs-mexico,https://tabiji.ai/compare/germany-vs-mexico/,germany vs mexico,1000,mexico vs germany,2400,mexico vs germany,2400,3400
finland-vs-serbia,https://tabiji.ai/compare/finland-vs-serbia/,finland vs serbia,390,serbia vs finland,2900,serbia vs finland,2900,3290
australia-vs-united-states,https://tabiji.ai/compare/australia-vs-united-states/,australia vs united states,880,united states vs australia,2400,united states vs australia,2400,3280
nepal-vs-oman,https://tabiji.ai/compare/nepal-vs-oman/,nepal vs oman,2900,oman vs nepal,320,nepal vs oman,2900,3220
brazil-vs-uruguay,https://tabiji.ai/compare/brazil-vs-uruguay/,brazil vs uruguay,1900,uruguay vs brazil,1300,brazil vs uruguay,1900,3200
estonia-vs-israel,https://tabiji.ai/compare/estonia-vs-israel/,estonia vs israel,1300,israel vs estonia,1900,israel vs estonia,1900,3200
slovakia-vs-slovenia,https://tabiji.ai/compare/slovakia-vs-slovenia/,slovakia vs slovenia,1300,slovenia vs slovakia,1900,slovenia vs slovakia,1900,3200
bermuda-vs-trinidad-and-tobago,https://tabiji.ai/compare/bermuda-vs-trinidad-and-tobago/,bermuda vs trinidad and tobago,1600,trinidad and tobago vs bermuda,1600,bermuda vs trinidad and tobago,1600,3200
ecuador-vs-guatemala,https://tabiji.ai/compare/ecuador-vs-guatemala/,ecuador vs guatemala,2900,guatemala vs ecuador,260,ecuador vs guatemala,2900,3160
ghana-vs-trinidad-and-tobago,https://tabiji.ai/compare/ghana-vs-trinidad-and-tobago/,ghana vs trinidad and tobago,720,trinidad and tobago vs ghana,2400,trinidad and tobago vs ghana,2400,3120
greece-vs-israel,https://tabiji.ai/compare/greece-vs-israel/,greece vs israel,2400,israel vs greece,720,greece vs israel,2400,3120
monaco-vs-strasbourg,https://tabiji.ai/compare/monaco-vs-strasbourg/,monaco vs strasbourg,2900,strasbourg vs monaco,140,monaco vs strasbourg,2900,3040
albania-vs-georgia,https://tabiji.ai/compare/albania-vs-georgia/,albania vs georgia,2900,georgia vs albania,90,albania vs georgia,2900,2990
argentina-vs-austria,https://tabiji.ai/compare/argentina-vs-austria/,argentina vs austria,2900,austria vs argentina,40,argentina vs austria,2900,2940
bahrain-vs-morocco,https://tabiji.ai/compare/bahrain-vs-morocco/,bahrain vs morocco,30,morocco vs bahrain,2900,morocco vs bahrain,2900,2930
albania-vs-latvia,https://tabiji.ai/compare/albania-vs-latvia/,albania vs latvia,1900,latvia vs albania,1000,albania vs latvia,1900,2900
austria-vs-serbia,https://tabiji.ai/compare/austria-vs-serbia/,austria vs serbia,1000,serbia vs austria,1900,serbia vs austria,1900,2900
belgium-vs-france,https://tabiji.ai/compare/belgium-vs-france/,belgium vs france,1000,france vs belgium,1900,france vs belgium,1900,2900
brazil-vs-germany,https://tabiji.ai/compare/brazil-vs-germany/,brazil vs germany,1900,germany vs brazil,1000,brazil vs germany,1900,2900
uae-vs-usa,https://tabiji.ai/compare/uae-vs-usa/,uae vs usa,1900,usa vs uae,1000,uae vs usa,1900,2900
canada-vs-united-states,https://tabiji.ai/compare/canada-vs-united-states/,canada vs united states,1300,united states vs canada,1600,united states vs canada,1600,2900
kenya-vs-morocco,https://tabiji.ai/compare/kenya-vs-morocco/,kenya vs morocco,1600,morocco vs kenya,1300,kenya vs morocco,1600,2900
portland-vs-vancouver,https://tabiji.ai/compare/portland-vs-vancouver/,portland vs vancouver,1300,vancouver vs portland,1600,vancouver vs portland,1600,2900
marseille-vs-monaco,https://tabiji.ai/compare/marseille-vs-monaco/,marseille vs monaco,2400,monaco vs marseille,480,marseille vs monaco,2400,2880
poland-vs-portugal,https://tabiji.ai/compare/poland-vs-portugal/,poland vs portugal,480,portugal vs poland,2400,portugal vs poland,2400,2880
poland-vs-turkey,https://tabiji.ai/compare/poland-vs-turkey/,poland vs turkey,390,turkey vs poland,2400,turkey vs poland,2400,2790
hungary-vs-turkey,https://tabiji.ai/compare/hungary-vs-turkey/,hungary vs turkey,880,turkey vs hungary,1900,turkey vs hungary,1900,2780
mexico-vs-puerto-rico,https://tabiji.ai/compare/mexico-vs-puerto-rico/,mexico vs puerto rico,1900,puerto rico vs mexico,880,mexico vs puerto rico,1900,2780
croatia-vs-england,https://tabiji.ai/compare/croatia-vs-england/,croatia vs england,320,england vs croatia,2400,england vs croatia,2400,2720
argentina-vs-bolivia,https://tabiji.ai/compare/argentina-vs-bolivia/,argentina vs bolivia,1900,bolivia vs argentina,720,argentina vs bolivia,1900,2620
france-vs-poland,https://tabiji.ai/compare/france-vs-poland/,france vs poland,1900,poland vs france,720,france vs poland,1900,2620
brazil-vs-scotland,https://tabiji.ai/compare/brazil-vs-scotland/,brazil vs scotland,210,scotland vs brazil,2400,scotland vs brazil,2400,2610
chicago-vs-vancouver,https://tabiji.ai/compare/chicago-vs-vancouver/,chicago vs vancouver,210,vancouver vs chicago,2400,vancouver vs chicago,2400,2610
austria-vs-cyprus,https://tabiji.ai/compare/austria-vs-cyprus/,austria vs cyprus,1600,cyprus vs austria,1000,austria vs cyprus,1600,2600
argentina-vs-netherlands,https://tabiji.ai/compare/argentina-vs-netherlands/,argentina vs netherlands,1300,netherlands vs argentina,1300,argentina vs netherlands,1300,2600
bulgaria-vs-ireland,https://tabiji.ai/compare/bulgaria-vs-ireland/,bulgaria vs ireland,1300,ireland vs bulgaria,1300,bulgaria vs ireland,1300,2600
france-vs-morocco,https://tabiji.ai/compare/france-vs-morocco/,france vs morocco,1300,morocco vs france,1300,france vs morocco,1300,2600
england-vs-jamaica,https://tabiji.ai/compare/england-vs-jamaica/,england vs jamaica,1300,jamaica vs england,1300,england vs jamaica,1300,2600
finland-vs-georgia,https://tabiji.ai/compare/finland-vs-georgia/,finland vs georgia,2400,georgia vs finland,110,finland vs georgia,2400,2510
austin-vs-vancouver,https://tabiji.ai/compare/austin-vs-vancouver/,austin vs vancouver,590,vancouver vs austin,1900,vancouver vs austin,1900,2490
belgium-vs-spain,https://tabiji.ai/compare/belgium-vs-spain/,belgium vs spain,590,spain vs belgium,1900,spain vs belgium,1900,2490
china-vs-indonesia,https://tabiji.ai/compare/china-vs-indonesia/,china vs indonesia,590,indonesia vs china,1900,indonesia vs china,1900,2490
luxembourg-vs-slovakia,https://tabiji.ai/compare/luxembourg-vs-slovakia/,luxembourg vs slovakia,1900,slovakia vs luxembourg,590,luxembourg vs slovakia,1900,2490
colombia-vs-uruguay,https://tabiji.ai/compare/colombia-vs-uruguay/,colombia vs uruguay,1600,uruguay vs colombia,880,colombia vs uruguay,1600,2480
netherlands-vs-scotland,https://tabiji.ai/compare/netherlands-vs-scotland/,netherlands vs scotland,880,scotland vs netherlands,1600,scotland vs netherlands,1600,2480
norway-vs-switzerland,https://tabiji.ai/compare/norway-vs-switzerland/,norway vs switzerland,880,switzerland vs norway,1600,switzerland vs norway,1600,2480
dominican-republic-vs-uruguay,https://tabiji.ai/compare/dominican-republic-vs-uruguay/,dominican republic vs uruguay,70,uruguay vs dominican republic,2400,uruguay vs dominican republic,2400,2470
kenya-vs-madagascar,https://tabiji.ai/compare/kenya-vs-madagascar/,kenya vs madagascar,2400,madagascar vs kenya,70,kenya vs madagascar,2400,2470
colombia-vs-uzbekistan,https://tabiji.ai/compare/colombia-vs-uzbekistan/,colombia vs uzbekistan,50,uzbekistan vs colombia,2400,uzbekistan vs colombia,2400,2450
brazil-vs-croatia,https://tabiji.ai/compare/brazil-vs-croatia/,brazil vs croatia,720,croatia vs brazil,1600,croatia vs brazil,1600,2320
france-vs-georgia,https://tabiji.ai/compare/france-vs-georgia/,france vs georgia,1600,georgia vs france,720,france vs georgia,1600,2320
azerbaijan-vs-iceland,https://tabiji.ai/compare/azerbaijan-vs-iceland/,azerbaijan vs iceland,1300,iceland vs azerbaijan,1000,azerbaijan vs iceland,1300,2300
frankfurt-vs-liverpool,https://tabiji.ai/compare/frankfurt-vs-liverpool/,frankfurt vs liverpool,1300,liverpool vs frankfurt,1000,frankfurt vs liverpool,1300,2300
england-vs-portugal,https://tabiji.ai/compare/england-vs-portugal/,england vs portugal,1000,portugal vs england,1300,portugal vs england,1300,2300
australia-vs-canada,https://tabiji.ai/compare/australia-vs-canada/,australia vs canada,390,canada vs australia,1900,canada vs australia,1900,2290
ecuador-vs-germany,https://tabiji.ai/compare/ecuador-vs-germany/,ecuador vs germany,1900,germany vs ecuador,320,ecuador vs germany,1900,2220
france-vs-norway,https://tabiji.ai/compare/france-vs-norway/,france vs norway,1900,norway vs france,320,france vs norway,1900,2220
new-zealand-vs-norway,https://tabiji.ai/compare/new-zealand-vs-norway/,new zealand vs norway,320,norway vs new zealand,1900,norway vs new zealand,1900,2220
germany-vs-poland,https://tabiji.ai/compare/germany-vs-poland/,germany vs poland,590,poland vs germany,1600,poland vs germany,1600,2190
madagascar-vs-morocco,https://tabiji.ai/compare/madagascar-vs-morocco/,madagascar vs morocco,1600,morocco vs madagascar,590,madagascar vs morocco,1600,2190
oman-vs-qatar,https://tabiji.ai/compare/oman-vs-qatar/,oman vs qatar,1600,qatar vs oman,590,oman vs qatar,1600,2190
colorado-vs-portland,https://tabiji.ai/compare/colorado-vs-portland/,colorado vs portland,1600,portland vs colorado,590,colorado vs portland,1600,2190
brazil-vs-france,https://tabiji.ai/compare/brazil-vs-france/,brazil vs france,1300,france vs brazil,880,brazil vs france,1300,2180
france-vs-slovenia,https://tabiji.ai/compare/france-vs-slovenia/,france vs slovenia,1300,slovenia vs france,880,france vs slovenia,1300,2180
france-vs-israel,https://tabiji.ai/compare/france-vs-israel/,france vs israel,880,israel vs france,1300,israel vs france,1300,2180
india-vs-maldives,https://tabiji.ai/compare/india-vs-maldives/,india vs maldives,1300,maldives vs india,880,india vs maldives,1300,2180
qatar-vs-uzbekistan,https://tabiji.ai/compare/qatar-vs-uzbekistan/,qatar vs uzbekistan,880,uzbekistan vs qatar,1300,uzbekistan vs qatar,1300,2180
denmark-vs-germany,https://tabiji.ai/compare/denmark-vs-germany/,denmark vs germany,260,germany vs denmark,1900,germany vs denmark,1900,2160
france-vs-senegal,https://tabiji.ai/compare/france-vs-senegal/,france vs senegal,1600,senegal vs france,480,france vs senegal,1600,2080
argentina-vs-jordan,https://tabiji.ai/compare/argentina-vs-jordan/,argentina vs jordan,170,jordan vs argentina,1900,jordan vs argentina,1900,2070
canada-vs-romania,https://tabiji.ai/compare/canada-vs-romania/,canada vs romania,720,romania vs canada,1300,romania vs canada,1300,2020
germany-vs-turkey,https://tabiji.ai/compare/germany-vs-turkey/,germany vs turkey,720,turkey vs germany,1300,turkey vs germany,1300,2020
uae-vs-united-states,https://tabiji.ai/compare/uae-vs-united-states/,uae vs united states,720,united states vs uae,1300,united states vs uae,1300,2020
bolivia-vs-south-korea,https://tabiji.ai/compare/bolivia-vs-south-korea/,bolivia vs south korea,110,south korea vs bolivia,1900,south korea vs bolivia,1900,2010
finland-vs-greece,https://tabiji.ai/compare/finland-vs-greece/,finland vs greece,110,greece vs finland,1900,greece vs finland,1900,2010
cyprus-vs-romania,https://tabiji.ai/compare/cyprus-vs-romania/,cyprus vs romania,1000,romania vs cyprus,1000,cyprus vs romania,1000,2000
lyon-vs-strasbourg,https://tabiji.ai/compare/lyon-vs-strasbourg/,lyon vs strasbourg,1000,strasbourg vs lyon,1000,lyon vs strasbourg,1000,2000
oman-vs-united-states,https://tabiji.ai/compare/oman-vs-united-states/,oman vs united states,1000,united states vs oman,1000,oman vs united states,1000,2000
qatar-vs-uae,https://tabiji.ai/compare/qatar-vs-uae/,qatar vs uae,1000,uae vs qatar,1000,qatar vs uae,1000,2000
portugal-vs-uzbekistan,https://tabiji.ai/compare/portugal-vs-uzbekistan/,portugal vs uzbekistan,1900,uzbekistan vs portugal,90,portugal vs uzbekistan,1900,1990
ireland-vs-new-zealand,https://tabiji.ai/compare/ireland-vs-new-zealand/,ireland vs new zealand,1600,new zealand vs ireland,390,ireland vs new zealand,1600,1990
portugal-vs-uruguay,https://tabiji.ai/compare/portugal-vs-uruguay/,portugal vs uruguay,1600,uruguay vs portugal,390,portugal vs uruguay,1600,1990
costa-rica-vs-united-states,https://tabiji.ai/compare/costa-rica-vs-united-states/,costa rica vs united states,50,united states vs costa rica,1900,united states vs costa rica,1900,1950
new-zealand-vs-poland,https://tabiji.ai/compare/new-zealand-vs-poland/,new zealand vs poland,20,poland vs new zealand,1900,poland vs new zealand,1900,1920
kenya-vs-senegal,https://tabiji.ai/compare/kenya-vs-senegal/,kenya vs senegal,1600,senegal vs kenya,320,kenya vs senegal,1600,1920
belgium-vs-england,https://tabiji.ai/compare/belgium-vs-england/,belgium vs england,590,england vs belgium,1300,england vs belgium,1300,1890
bulgaria-vs-turkey,https://tabiji.ai/compare/bulgaria-vs-turkey/,bulgaria vs turkey,590,turkey vs bulgaria,1300,turkey vs bulgaria,1300,1890
estonia-vs-serbia,https://tabiji.ai/compare/estonia-vs-serbia/,estonia vs serbia,1300,serbia vs estonia,590,estonia vs serbia,1300,1890
germany-vs-usa,https://tabiji.ai/compare/germany-vs-usa/,germany vs usa,590,usa vs germany,1300,usa vs germany,1300,1890
nepal-vs-united-states,https://tabiji.ai/compare/nepal-vs-united-states/,nepal vs united states,1300,united states vs nepal,590,nepal vs united states,1300,1890
argentina-vs-australia,https://tabiji.ai/compare/argentina-vs-australia/,argentina vs australia,1000,australia vs argentina,880,argentina vs australia,1000,1880
argentina-vs-guatemala,https://tabiji.ai/compare/argentina-vs-guatemala/,argentina vs guatemala,880,guatemala vs argentina,1000,guatemala vs argentina,1000,1880
bahrain-vs-oman,https://tabiji.ai/compare/bahrain-vs-oman/,bahrain vs oman,880,oman vs bahrain,1000,oman vs bahrain,1000,1880
brazil-vs-portugal,https://tabiji.ai/compare/brazil-vs-portugal/,brazil vs portugal,880,portugal vs brazil,1000,portugal vs brazil,1000,1880
bulgaria-vs-greece,https://tabiji.ai/compare/bulgaria-vs-greece/,bulgaria vs greece,1000,greece vs bulgaria,880,bulgaria vs greece,1000,1880
lithuania-vs-malta,https://tabiji.ai/compare/lithuania-vs-malta/,lithuania vs malta,1000,malta vs lithuania,880,lithuania vs malta,1000,1880
luxembourg-vs-sweden,https://tabiji.ai/compare/luxembourg-vs-sweden/,luxembourg vs sweden,1000,sweden vs luxembourg,880,luxembourg vs sweden,1000,1880
new-caledonia-vs-new-zealand,https://tabiji.ai/compare/new-caledonia-vs-new-zealand/,new caledonia vs new zealand,880,new zealand vs new caledonia,1000,new zealand vs new caledonia,1000,1880
chile-vs-colombia,https://tabiji.ai/compare/chile-vs-colombia/,chile vs colombia,260,colombia vs chile,1600,colombia vs chile,1600,1860
hungary-vs-sweden,https://tabiji.ai/compare/hungary-vs-sweden/,hungary vs sweden,1600,sweden vs hungary,260,hungary vs sweden,1600,1860
nepal-vs-usa,https://tabiji.ai/compare/nepal-vs-usa/,nepal vs usa,1600,usa vs nepal,260,nepal vs usa,1600,1860
cabo-san-lucas-vs-cancun,https://tabiji.ai/compare/cabo-san-lucas-vs-cancun/,cabo san lucas vs cancun,1300,cancun vs cabo san lucas,480,cabo san lucas vs cancun,1300,1780
morocco-vs-spain,https://tabiji.ai/compare/morocco-vs-spain/,morocco vs spain,1300,spain vs morocco,480,morocco vs spain,1300,1780
belgium-vs-egypt,https://tabiji.ai/compare/belgium-vs-egypt/,belgium vs egypt,1600,egypt vs belgium,170,belgium vs egypt,1600,1770
nepal-vs-samoa,https://tabiji.ai/compare/nepal-vs-samoa/,nepal vs samoa,1600,samoa vs nepal,170,nepal vs samoa,1600,1770
poland-vs-slovenia,https://tabiji.ai/compare/poland-vs-slovenia/,poland vs slovenia,140,slovenia vs poland,1600,slovenia vs poland,1600,1740
portugal-vs-serbia,https://tabiji.ai/compare/portugal-vs-serbia/,portugal vs serbia,1600,serbia vs portugal,140,portugal vs serbia,1600,1740
bolivia-vs-ecuador,https://tabiji.ai/compare/bolivia-vs-ecuador/,bolivia vs ecuador,720,ecuador vs bolivia,1000,ecuador vs bolivia,1000,1720
iceland-vs-switzerland,https://tabiji.ai/compare/iceland-vs-switzerland/,iceland vs switzerland,720,switzerland vs iceland,1000,switzerland vs iceland,1000,1720
argentina-vs-germany,https://tabiji.ai/compare/argentina-vs-germany/,argentina vs germany,390,germany vs argentina,1300,germany vs argentina,1300,1690
bolivia-vs-jordan,https://tabiji.ai/compare/bolivia-vs-jordan/,bolivia vs jordan,390,jordan vs bolivia,1300,jordan vs bolivia,1300,1690
israel-vs-slovenia,https://tabiji.ai/compare/israel-vs-slovenia/,israel vs slovenia,1300,slovenia vs israel,390,israel vs slovenia,1300,1690
qatar-vs-switzerland,https://tabiji.ai/compare/qatar-vs-switzerland/,qatar vs switzerland,1600,switzerland vs qatar,30,qatar vs switzerland,1600,1630
ecuador-vs-uruguay,https://tabiji.ai/compare/ecuador-vs-uruguay/,ecuador vs uruguay,1300,uruguay vs ecuador,320,ecuador vs uruguay,1300,1620
egypt-vs-uzbekistan,https://tabiji.ai/compare/egypt-vs-uzbekistan/,egypt vs uzbekistan,320,uzbekistan vs egypt,1300,uzbekistan vs egypt,1300,1620
ireland-vs-south-africa,https://tabiji.ai/compare/ireland-vs-south-africa/,ireland vs south africa,1300,south africa vs ireland,320,ireland vs south africa,1300,1620
montreal-vs-nashville,https://tabiji.ai/compare/montreal-vs-nashville/,montreal vs nashville,320,nashville vs montreal,1300,nashville vs montreal,1300,1620
miami-vs-porto,https://tabiji.ai/compare/miami-vs-porto/,miami vs porto,1300,porto vs miami,320,miami vs porto,1300,1620
cabo-san-lucas-vs-los-cabos,https://tabiji.ai/compare/cabo-san-lucas-vs-los-cabos/,cabo san lucas vs los cabos,880,los cabos vs cabo san lucas,720,cabo san lucas vs los cabos,880,1600
cabo-vs-puerto-vallarta,https://tabiji.ai/compare/cabo-vs-puerto-vallarta/,cabo vs puerto vallarta,720,puerto vallarta vs cabo,880,puerto vallarta vs cabo,880,1600
latvia-vs-lithuania,https://tabiji.ai/compare/latvia-vs-lithuania/,latvia vs lithuania,880,lithuania vs latvia,720,latvia vs lithuania,880,1600
australia-vs-china,https://tabiji.ai/compare/australia-vs-china/,australia vs china,590,china vs australia,1000,china vs australia,1000,1590
denmark-vs-netherlands,https://tabiji.ai/compare/denmark-vs-netherlands/,denmark vs netherlands,1000,netherlands vs denmark,590,denmark vs netherlands,1000,1590
colombia-vs-panama,https://tabiji.ai/compare/colombia-vs-panama/,colombia vs panama,1300,panama vs colombia,260,colombia vs panama,1300,1560
croatia-vs-czech-republic,https://tabiji.ai/compare/croatia-vs-czech-republic/,croatia vs czech republic,1300,czech republic vs croatia,210,croatia vs czech republic,1300,1510
portugal-vs-slovenia,https://tabiji.ai/compare/portugal-vs-slovenia/,portugal vs slovenia,1300,slovenia vs portugal,210,portugal vs slovenia,1300,1510
canada-vs-curacao,https://tabiji.ai/compare/canada-vs-curacao/,canada vs curacao,1000,curacao vs canada,480,canada vs curacao,1000,1480
morocco-vs-usa,https://tabiji.ai/compare/morocco-vs-usa/,morocco vs usa,480,usa vs morocco,1000,usa vs morocco,1000,1480
mexico-vs-poland,https://tabiji.ai/compare/mexico-vs-poland/,mexico vs poland,1000,poland vs mexico,480,mexico vs poland,1000,1480
canada-vs-namibia,https://tabiji.ai/compare/canada-vs-namibia/,canada vs namibia,880,namibia vs canada,590,canada vs namibia,880,1470
england-vs-ghana,https://tabiji.ai/compare/england-vs-ghana/,england vs ghana,880,ghana vs england,590,england vs ghana,880,1470
san-diego-vs-san-francisco,https://tabiji.ai/compare/san-diego-vs-san-francisco/,san diego vs san francisco,880,san francisco vs san diego,590,san diego vs san francisco,880,1470
spain-vs-sweden,https://tabiji.ai/compare/spain-vs-sweden/,spain vs sweden,880,sweden vs spain,590,spain vs sweden,880,1470
albania-vs-jordan,https://tabiji.ai/compare/albania-vs-jordan/,albania vs jordan,1300,jordan vs albania,140,albania vs jordan,1300,1440
colombia-vs-spain,https://tabiji.ai/compare/colombia-vs-spain/,colombia vs spain,720,spain vs colombia,720,colombia vs spain,720,1440
croatia-vs-spain,https://tabiji.ai/compare/croatia-vs-spain/,croatia vs spain,720,spain vs croatia,720,croatia vs spain,720,1440
barcelona-vs-granada,https://tabiji.ai/compare/barcelona-vs-granada/,barcelona vs granada,720,granada vs barcelona,720,barcelona vs granada,720,1440
argentina-vs-south-africa,https://tabiji.ai/compare/argentina-vs-south-africa/,argentina vs south africa,720,south africa vs argentina,720,argentina vs south africa,720,1440
ghana-vs-portugal,https://tabiji.ai/compare/ghana-vs-portugal/,ghana vs portugal,110,portugal vs ghana,1300,portugal vs ghana,1300,1410
england-vs-switzerland,https://tabiji.ai/compare/england-vs-switzerland/,england vs switzerland,1300,switzerland vs england,110,england vs switzerland,1300,1410
germany-vs-montenegro,https://tabiji.ai/compare/germany-vs-montenegro/,germany vs montenegro,90,montenegro vs germany,1300,montenegro vs germany,1300,1390
iceland-vs-slovenia,https://tabiji.ai/compare/iceland-vs-slovenia/,iceland vs slovenia,1300,slovenia vs iceland,90,iceland vs slovenia,1300,1390
cancun-vs-puerto-vallarta,https://tabiji.ai/compare/cancun-vs-puerto-vallarta/,cancun vs puerto vallarta,390,puerto vallarta vs cancun,1000,puerto vallarta vs cancun,1000,1390
china-vs-hong-kong,https://tabiji.ai/compare/china-vs-hong-kong/,china vs hong kong,390,hong kong vs china,1000,hong kong vs china,1000,1390
lithuania-vs-sweden,https://tabiji.ai/compare/lithuania-vs-sweden/,lithuania vs sweden,1300,sweden vs lithuania,70,lithuania vs sweden,1300,1370
madrid-vs-marseille,https://tabiji.ai/compare/madrid-vs-marseille/,madrid vs marseille,1300,marseille vs madrid,70,madrid vs marseille,1300,1370
guatemala-vs-united-states,https://tabiji.ai/compare/guatemala-vs-united-states/,guatemala vs united states,480,united states vs guatemala,880,united states vs guatemala,880,1360
indonesia-vs-myanmar,https://tabiji.ai/compare/indonesia-vs-myanmar/,indonesia vs myanmar,880,myanmar vs indonesia,480,indonesia vs myanmar,880,1360
netherlands-vs-portugal,https://tabiji.ai/compare/netherlands-vs-portugal/,netherlands vs portugal,480,portugal vs netherlands,880,portugal vs netherlands,880,1360
bolivia-vs-japan,https://tabiji.ai/compare/bolivia-vs-japan/,bolivia vs japan,50,japan vs bolivia,1300,japan vs bolivia,1300,1350
madrid-vs-salzburg,https://tabiji.ai/compare/madrid-vs-salzburg/,madrid vs salzburg,1300,salzburg vs madrid,50,madrid vs salzburg,1300,1350
colorado-vs-san-francisco,https://tabiji.ai/compare/colorado-vs-san-francisco/,colorado vs san francisco,1300,san francisco vs colorado,50,colorado vs san francisco,1300,1350
south-africa-vs-south-korea,https://tabiji.ai/compare/south-africa-vs-south-korea/,south africa vs south korea,1300,south korea vs south africa,30,south africa vs south korea,1300,1330
sweden-vs-turkey,https://tabiji.ai/compare/sweden-vs-turkey/,sweden vs turkey,30,turkey vs sweden,1300,turkey vs sweden,1300,1330
brazil-vs-england,https://tabiji.ai/compare/brazil-vs-england/,brazil vs england,320,england vs brazil,1000,england vs brazil,1000,1320
finland-vs-iceland,https://tabiji.ai/compare/finland-vs-iceland/,finland vs iceland,320,iceland vs finland,1000,iceland vs finland,1000,1320
england-vs-germany,https://tabiji.ai/compare/england-vs-germany/,england vs germany,1000,germany vs england,320,england vs germany,1000,1320
liverpool-vs-paris,https://tabiji.ai/compare/liverpool-vs-paris/,liverpool vs paris,320,paris vs liverpool,1000,paris vs liverpool,1000,1320
australia-vs-philippines,https://tabiji.ai/compare/australia-vs-philippines/,australia vs philippines,720,philippines vs australia,590,australia vs philippines,720,1310
chile-vs-usa,https://tabiji.ai/compare/chile-vs-usa/,chile vs usa,720,usa vs chile,590,chile vs usa,720,1310
greece-vs-rome,https://tabiji.ai/compare/greece-vs-rome/,greece vs rome,590,rome vs greece,720,rome vs greece,720,1310
hawaii-vs-samoa,https://tabiji.ai/compare/hawaii-vs-samoa/,hawaii vs samoa,720,samoa vs hawaii,590,hawaii vs samoa,720,1310
england-vs-scotland,https://tabiji.ai/compare/england-vs-scotland/,england vs scotland,590,scotland vs england,720,scotland vs england,720,1310
belize-vs-panama,https://tabiji.ai/compare/belize-vs-panama/,belize vs panama,880,panama vs belize,390,belize vs panama,880,1270
greece-vs-ireland,https://tabiji.ai/compare/greece-vs-ireland/,greece vs ireland,390,ireland vs greece,880,ireland vs greece,880,1270
argentina-vs-italy,https://tabiji.ai/compare/argentina-vs-italy/,argentina vs italy,390,italy vs argentina,880,italy vs argentina,880,1270
finland-vs-switzerland,https://tabiji.ai/compare/finland-vs-switzerland/,finland vs switzerland,1000,switzerland vs finland,260,finland vs switzerland,1000,1260
england-vs-greece,https://tabiji.ai/compare/england-vs-greece/,england vs greece,1000,greece vs england,260,england vs greece,1000,1260
kyrgyzstan-vs-uzbekistan,https://tabiji.ai/compare/kyrgyzstan-vs-uzbekistan/,kyrgyzstan vs uzbekistan,260,uzbekistan vs kyrgyzstan,1000,uzbekistan vs kyrgyzstan,1000,1260
georgia-vs-greece,https://tabiji.ai/compare/georgia-vs-greece/,georgia vs greece,1000,greece vs georgia,210,georgia vs greece,1000,1210
new-zealand-vs-united-states,https://tabiji.ai/compare/new-zealand-vs-united-states/,new zealand vs united states,210,united states vs new zealand,1000,united states vs new zealand,1000,1210
italy-vs-usa,https://tabiji.ai/compare/italy-vs-usa/,italy vs usa,320,usa vs italy,880,usa vs italy,880,1200
austin-vs-colorado,https://tabiji.ai/compare/austin-vs-colorado/,austin vs colorado,720,colorado vs austin,480,austin vs colorado,720,1200
australia-vs-south-korea,https://tabiji.ai/compare/australia-vs-south-korea/,australia vs south korea,480,south korea vs australia,720,south korea vs australia,720,1200
brazil-vs-peru,https://tabiji.ai/compare/brazil-vs-peru/,brazil vs peru,720,peru vs brazil,480,brazil vs peru,720,1200
costa-rica-vs-puerto-rico,https://tabiji.ai/compare/costa-rica-vs-puerto-rico/,costa rica vs puerto rico,720,puerto rico vs costa rica,480,costa rica vs puerto rico,720,1200
ghana-vs-south-africa,https://tabiji.ai/compare/ghana-vs-south-africa/,ghana vs south africa,480,south africa vs ghana,720,south africa vs ghana,720,1200
namibia-vs-south-africa,https://tabiji.ai/compare/namibia-vs-south-africa/,namibia vs south africa,480,south africa vs namibia,720,south africa vs namibia,720,1200
cabo-san-lucas-vs-puerto-vallarta,https://tabiji.ai/compare/cabo-san-lucas-vs-puerto-vallarta/,cabo san lucas vs puerto vallarta,590,puerto vallarta vs cabo san lucas,590,cabo san lucas vs puerto vallarta,590,1180
finland-vs-malta,https://tabiji.ai/compare/finland-vs-malta/,finland vs malta,590,malta vs finland,590,finland vs malta,590,1180
spain-vs-usa,https://tabiji.ai/compare/spain-vs-usa/,spain vs usa,590,usa vs spain,590,spain vs usa,590,1180
ireland-vs-senegal,https://tabiji.ai/compare/ireland-vs-senegal/,ireland vs senegal,1000,senegal vs ireland,170,ireland vs senegal,1000,1170
nicaragua-vs-puerto-rico,https://tabiji.ai/compare/nicaragua-vs-puerto-rico/,nicaragua vs puerto rico,140,puerto rico vs nicaragua,1000,puerto rico vs nicaragua,1000,1140
belgium-vs-portugal,https://tabiji.ai/compare/belgium-vs-portugal/,belgium vs portugal,260,portugal vs belgium,880,portugal vs belgium,880,1140
germany-vs-scotland,https://tabiji.ai/compare/germany-vs-scotland/,germany vs scotland,1000,scotland vs germany,110,germany vs scotland,1000,1110
ghana-vs-morocco,https://tabiji.ai/compare/ghana-vs-morocco/,ghana vs morocco,110,morocco vs ghana,1000,morocco vs ghana,1000,1110
cancun-vs-playa-del-carmen,https://tabiji.ai/compare/cancun-vs-playa-del-carmen/,cancun vs playa del carmen,390,playa del carmen vs cancun,720,playa del carmen vs cancun,720,1110
honolulu-vs-maui,https://tabiji.ai/compare/honolulu-vs-maui/,honolulu vs maui,390,maui vs honolulu,720,maui vs honolulu,720,1110
san-diego-vs-vancouver,https://tabiji.ai/compare/san-diego-vs-vancouver/,san diego vs vancouver,720,vancouver vs san diego,390,san diego vs vancouver,720,1110
argentina-vs-croatia,https://tabiji.ai/compare/argentina-vs-croatia/,argentina vs croatia,1000,croatia vs argentina,90,argentina vs croatia,1000,1090
aruba-vs-barbados,https://tabiji.ai/compare/aruba-vs-barbados/,aruba vs barbados,210,barbados vs aruba,880,barbados vs aruba,880,1090
portugal-vs-turkey,https://tabiji.ai/compare/portugal-vs-turkey/,portugal vs turkey,210,turkey vs portugal,880,turkey vs portugal,880,1090
uae-vs-uzbekistan,https://tabiji.ai/compare/uae-vs-uzbekistan/,uae vs uzbekistan,880,uzbekistan vs uae,210,uae vs uzbekistan,880,1090
england-vs-panama,https://tabiji.ai/compare/england-vs-panama/,england vs panama,70,panama vs england,1000,panama vs england,1000,1070
armenia-vs-azerbaijan,https://tabiji.ai/compare/armenia-vs-azerbaijan/,armenia vs azerbaijan,590,azerbaijan vs armenia,480,armenia vs azerbaijan,590,1070
bahamas-vs-costa-rica,https://tabiji.ai/compare/bahamas-vs-costa-rica/,bahamas vs costa rica,480,costa rica vs bahamas,590,costa rica vs bahamas,590,1070
belgium-vs-italy,https://tabiji.ai/compare/belgium-vs-italy/,belgium vs italy,590,italy vs belgium,480,belgium vs italy,590,1070
france-vs-guatemala,https://tabiji.ai/compare/france-vs-guatemala/,france vs guatemala,590,guatemala vs france,480,france vs guatemala,590,1070
france-vs-usa,https://tabiji.ai/compare/france-vs-usa/,france vs usa,480,usa vs france,590,usa vs france,590,1070
indonesia-vs-lebanon,https://tabiji.ai/compare/indonesia-vs-lebanon/,indonesia vs lebanon,1000,lebanon vs indonesia,50,indonesia vs lebanon,1000,1050
sweden-vs-united-states,https://tabiji.ai/compare/sweden-vs-united-states/,sweden vs united states,880,united states vs sweden,170,sweden vs united states,880,1050
greece-vs-slovakia,https://tabiji.ai/compare/greece-vs-slovakia/,greece vs slovakia,1000,slovakia vs greece,40,greece vs slovakia,1000,1040
france-vs-mexico,https://tabiji.ai/compare/france-vs-mexico/,france vs mexico,320,mexico vs france,720,mexico vs france,720,1040
india-vs-ireland,https://tabiji.ai/compare/india-vs-ireland/,india vs ireland,320,ireland vs india,720,ireland vs india,720,1040
colorado-vs-vancouver,https://tabiji.ai/compare/colorado-vs-vancouver/,colorado vs vancouver,720,vancouver vs colorado,320,colorado vs vancouver,720,1040
denmark-vs-lithuania,https://tabiji.ai/compare/denmark-vs-lithuania/,denmark vs lithuania,1000,lithuania vs denmark,30,denmark vs lithuania,1000,1030
canada-vs-toronto,https://tabiji.ai/compare/canada-vs-toronto/,canada vs toronto,1000,toronto vs canada,20,canada vs toronto,1000,1020
morocco-vs-uae,https://tabiji.ai/compare/morocco-vs-uae/,morocco vs uae,880,uae vs morocco,140,morocco vs uae,880,1020
nice-vs-strasbourg,https://tabiji.ai/compare/nice-vs-strasbourg/,nice vs strasbourg,140,strasbourg vs nice,880,strasbourg vs nice,880,1020
nice-vs-porto,https://tabiji.ai/compare/nice-vs-porto/,nice vs porto,0,porto vs nice,1000,porto vs nice,1000,1000
iceland-vs-scotland,https://tabiji.ai/compare/iceland-vs-scotland/,iceland vs scotland,110,scotland vs iceland,880,scotland vs iceland,880,990
scotland-vs-united-states,https://tabiji.ai/compare/scotland-vs-united-states/,scotland vs united states,110,united states vs scotland,880,united states vs scotland,880,990
armenia-vs-montenegro,https://tabiji.ai/compare/armenia-vs-montenegro/,armenia vs montenegro,260,montenegro vs armenia,720,montenegro vs armenia,720,980
aruba-vs-turks-and-caicos,https://tabiji.ai/compare/aruba-vs-turks-and-caicos/,aruba vs turks and caicos,720,turks and caicos vs aruba,260,aruba vs turks and caicos,720,980
denmark-vs-england,https://tabiji.ai/compare/denmark-vs-england/,denmark vs england,720,england vs denmark,260,denmark vs england,720,980
italy-vs-switzerland,https://tabiji.ai/compare/italy-vs-switzerland/,italy vs switzerland,260,switzerland vs italy,720,switzerland vs italy,720,980
mexico-vs-netherlands,https://tabiji.ai/compare/mexico-vs-netherlands/,mexico vs netherlands,720,netherlands vs mexico,260,mexico vs netherlands,720,980
costa-rica-vs-guatemala,https://tabiji.ai/compare/costa-rica-vs-guatemala/,costa rica vs guatemala,590,guatemala vs costa rica,390,costa rica vs guatemala,590,980
hong-kong-vs-india,https://tabiji.ai/compare/hong-kong-vs-india/,hong kong vs india,390,india vs hong kong,590,india vs hong kong,590,980
latvia-vs-portugal,https://tabiji.ai/compare/latvia-vs-portugal/,latvia vs portugal,390,portugal vs latvia,590,portugal vs latvia,590,980
malaysia-vs-singapore,https://tabiji.ai/compare/malaysia-vs-singapore/,malaysia vs singapore,590,singapore vs malaysia,390,malaysia vs singapore,590,980
netherlands-vs-usa,https://tabiji.ai/compare/netherlands-vs-usa/,netherlands vs usa,590,usa vs netherlands,390,netherlands vs usa,590,980
brazil-vs-costa-rica,https://tabiji.ai/compare/brazil-vs-costa-rica/,brazil vs costa rica,880,costa rica vs brazil,90,brazil vs costa rica,880,970
indonesia-vs-laos,https://tabiji.ai/compare/indonesia-vs-laos/,indonesia vs laos,880,laos vs indonesia,90,indonesia vs laos,880,970
india-vs-singapore,https://tabiji.ai/compare/india-vs-singapore/,india vs singapore,480,singapore vs india,480,india vs singapore,480,960
latvia-vs-turkey,https://tabiji.ai/compare/latvia-vs-turkey/,latvia vs turkey,720,turkey vs latvia,210,latvia vs turkey,720,930
poland-vs-sweden,https://tabiji.ai/compare/poland-vs-sweden/,poland vs sweden,720,sweden vs poland,210,poland vs sweden,720,930
portugal-vs-switzerland,https://tabiji.ai/compare/portugal-vs-switzerland/,portugal vs switzerland,720,switzerland vs portugal,210,portugal vs switzerland,720,930
serbia-vs-usa,https://tabiji.ai/compare/serbia-vs-usa/,serbia vs usa,210,usa vs serbia,720,usa vs serbia,720,930
austria-vs-jordan,https://tabiji.ai/compare/austria-vs-jordan/,austria vs jordan,880,jordan vs austria,40,austria vs jordan,880,920
bermuda-vs-cuba,https://tabiji.ai/compare/bermuda-vs-cuba/,bermuda vs cuba,40,cuba vs bermuda,880,cuba vs bermuda,880,920
egypt-vs-new-zealand,https://tabiji.ai/compare/egypt-vs-new-zealand/,egypt vs new zealand,40,new zealand vs egypt,880,new zealand vs egypt,880,920
ghana-vs-panama,https://tabiji.ai/compare/ghana-vs-panama/,ghana vs panama,880,panama vs ghana,30,ghana vs panama,880,910
france-vs-ireland,https://tabiji.ai/compare/france-vs-ireland/,france vs ireland,320,ireland vs france,590,ireland vs france,590,910
germany-vs-hungary,https://tabiji.ai/compare/germany-vs-hungary/,germany vs hungary,320,hungary vs germany,590,hungary vs germany,590,910
honduras-vs-usa,https://tabiji.ai/compare/honduras-vs-usa/,honduras vs usa,320,usa vs honduras,590,usa vs honduras,590,910
montenegro-vs-sweden,https://tabiji.ai/compare/montenegro-vs-sweden/,montenegro vs sweden,320,sweden vs montenegro,590,sweden vs montenegro,590,910
georgia-vs-portugal,https://tabiji.ai/compare/georgia-vs-portugal/,georgia vs portugal,590,portugal vs georgia,320,georgia vs portugal,590,910
serbia-vs-switzerland,https://tabiji.ai/compare/serbia-vs-switzerland/,serbia vs switzerland,320,switzerland vs serbia,590,switzerland vs serbia,590,910
belgium-vs-slovenia,https://tabiji.ai/compare/belgium-vs-slovenia/,belgium vs slovenia,20,slovenia vs belgium,880,slovenia vs belgium,880,900
azerbaijan-vs-hungary,https://tabiji.ai/compare/azerbaijan-vs-hungary/,azerbaijan vs hungary,720,hungary vs azerbaijan,170,azerbaijan vs hungary,720,890
croatia-vs-morocco,https://tabiji.ai/compare/croatia-vs-morocco/,croatia vs morocco,720,morocco vs croatia,170,croatia vs morocco,720,890
france-vs-sweden,https://tabiji.ai/compare/france-vs-sweden/,france vs sweden,390,sweden vs france,480,sweden vs france,480,870
israel-vs-lithuania,https://tabiji.ai/compare/israel-vs-lithuania/,israel vs lithuania,390,lithuania vs israel,480,lithuania vs israel,480,870
puerto-rico-vs-usa,https://tabiji.ai/compare/puerto-rico-vs-usa/,puerto rico vs usa,480,usa vs puerto rico,390,puerto rico vs usa,480,870
ireland-vs-usa,https://tabiji.ai/compare/ireland-vs-usa/,ireland vs usa,140,usa vs ireland,720,usa vs ireland,720,860
australia-vs-austria,https://tabiji.ai/compare/australia-vs-austria/,australia vs austria,260,austria vs australia,590,austria vs australia,590,850
cyprus-vs-greece,https://tabiji.ai/compare/cyprus-vs-greece/,cyprus vs greece,590,greece vs cyprus,260,cyprus vs greece,590,850
france-vs-south-africa,https://tabiji.ai/compare/france-vs-south-africa/,france vs south africa,590,south africa vs france,260,france vs south africa,590,850
italy-vs-south-africa,https://tabiji.ai/compare/italy-vs-south-africa/,italy vs south africa,260,south africa vs italy,590,south africa vs italy,590,850
monaco-vs-paris,https://tabiji.ai/compare/monaco-vs-paris/,monaco vs paris,260,paris vs monaco,590,paris vs monaco,590,850
albania-vs-italy,https://tabiji.ai/compare/albania-vs-italy/,albania vs italy,110,italy vs albania,720,italy vs albania,720,830
israel-vs-slovakia,https://tabiji.ai/compare/israel-vs-slovakia/,israel vs slovakia,720,slovakia vs israel,90,israel vs slovakia,720,810
bora-bora-vs-fiji,https://tabiji.ai/compare/bora-bora-vs-fiji/,bora bora vs fiji,210,fiji vs bora bora,590,fiji vs bora bora,590,800
hong-kong-vs-qatar,https://tabiji.ai/compare/hong-kong-vs-qatar/,hong kong vs qatar,320,qatar vs hong kong,480,qatar vs hong kong,480,800
bahrain-vs-china,https://tabiji.ai/compare/bahrain-vs-china/,bahrain vs china,70,china vs bahrain,720,china vs bahrain,720,790
albania-vs-poland,https://tabiji.ai/compare/albania-vs-poland/,albania vs poland,390,poland vs albania,390,albania vs poland,390,780
cyprus-vs-estonia,https://tabiji.ai/compare/cyprus-vs-estonia/,cyprus vs estonia,390,estonia vs cyprus,390,cyprus vs estonia,390,780
ghana-vs-uruguay,https://tabiji.ai/compare/ghana-vs-uruguay/,ghana vs uruguay,390,uruguay vs ghana,390,ghana vs uruguay,390,780
canada-vs-latvia,https://tabiji.ai/compare/canada-vs-latvia/,canada vs latvia,390,latvia vs canada,390,canada vs latvia,390,780
serbia-vs-slovenia,https://tabiji.ai/compare/serbia-vs-slovenia/,serbia vs slovenia,390,slovenia vs serbia,390,serbia vs slovenia,390,780
canada-vs-uruguay,https://tabiji.ai/compare/canada-vs-uruguay/,canada vs uruguay,390,uruguay vs canada,390,canada vs uruguay,390,780
cancun-vs-riviera-maya,https://tabiji.ai/compare/cancun-vs-riviera-maya/,cancun vs riviera maya,170,riviera maya vs cancun,590,riviera maya vs cancun,590,760
fiji-vs-new-zealand,https://tabiji.ai/compare/fiji-vs-new-zealand/,fiji vs new zealand,170,new zealand vs fiji,590,new zealand vs fiji,590,760
azerbaijan-vs-estonia,https://tabiji.ai/compare/azerbaijan-vs-estonia/,azerbaijan vs estonia,720,estonia vs azerbaijan,30,azerbaijan vs estonia,720,750
kenya-vs-seychelles,https://tabiji.ai/compare/kenya-vs-seychelles/,kenya vs seychelles,720,seychelles vs kenya,30,kenya vs seychelles,720,750
czech-republic-vs-turkey,https://tabiji.ai/compare/czech-republic-vs-turkey/,czech republic vs turkey,20,turkey vs czech republic,720,turkey vs czech republic,720,740
england-vs-slovakia,https://tabiji.ai/compare/england-vs-slovakia/,england vs slovakia,720,slovakia vs england,20,england vs slovakia,720,740
cabo-vs-los-cabos,https://tabiji.ai/compare/cabo-vs-los-cabos/,cabo vs los cabos,260,los cabos vs cabo,480,los cabos vs cabo,480,740
new-zealand-vs-samoa,https://tabiji.ai/compare/new-zealand-vs-samoa/,new zealand vs samoa,260,samoa vs new zealand,480,samoa vs new zealand,480,740
argentina-vs-poland,https://tabiji.ai/compare/argentina-vs-poland/,argentina vs poland,260,poland vs argentina,480,poland vs argentina,480,740
luxembourg-vs-switzerland,https://tabiji.ai/compare/luxembourg-vs-switzerland/,luxembourg vs switzerland,140,switzerland vs luxembourg,590,switzerland vs luxembourg,590,730
nicaragua-vs-usa,https://tabiji.ai/compare/nicaragua-vs-usa/,nicaragua vs usa,590,usa vs nicaragua,140,nicaragua vs usa,590,730
south-africa-vs-sri-lanka,https://tabiji.ai/compare/south-africa-vs-sri-lanka/,south africa vs sri lanka,140,sri lanka vs south africa,590,sri lanka vs south africa,590,730
colombia-vs-guatemala,https://tabiji.ai/compare/colombia-vs-guatemala/,colombia vs guatemala,390,guatemala vs colombia,320,colombia vs guatemala,390,710
kauai-vs-oahu,https://tabiji.ai/compare/kauai-vs-oahu/,kauai vs oahu,390,oahu vs kauai,320,kauai vs oahu,390,710
nepal-vs-vietnam,https://tabiji.ai/compare/nepal-vs-vietnam/,nepal vs vietnam,320,vietnam vs nepal,390,vietnam vs nepal,390,710
new-zealand-vs-scotland,https://tabiji.ai/compare/new-zealand-vs-scotland/,new zealand vs scotland,110,scotland vs new zealand,590,scotland vs new zealand,590,700
big-island-vs-kauai,https://tabiji.ai/compare/big-island-vs-kauai/,big island vs kauai,210,kauai vs big island,480,kauai vs big island,480,690
big-island-vs-oahu,https://tabiji.ai/compare/big-island-vs-oahu/,big island vs oahu,210,oahu vs big island,480,oahu vs big island,480,690
france-vs-new-zealand,https://tabiji.ai/compare/france-vs-new-zealand/,france vs new zealand,210,new zealand vs france,480,new zealand vs france,480,690
lebanon-vs-new-zealand,https://tabiji.ai/compare/lebanon-vs-new-zealand/,lebanon vs new zealand,210,new zealand vs lebanon,480,new zealand vs lebanon,480,690
nepal-vs-uzbekistan,https://tabiji.ai/compare/nepal-vs-uzbekistan/,nepal vs uzbekistan,480,uzbekistan vs nepal,210,nepal vs uzbekistan,480,690
canada-vs-oman,https://tabiji.ai/compare/canada-vs-oman/,canada vs oman,210,oman vs canada,480,oman vs canada,480,690
france-vs-switzerland,https://tabiji.ai/compare/france-vs-switzerland/,france vs switzerland,590,switzerland vs france,90,france vs switzerland,590,680
canada-vs-costa-rica,https://tabiji.ai/compare/canada-vs-costa-rica/,canada vs costa rica,590,costa rica vs canada,70,canada vs costa rica,590,660
belgium-vs-brazil,https://tabiji.ai/compare/belgium-vs-brazil/,belgium vs brazil,170,brazil vs belgium,480,brazil vs belgium,480,650
kyrgyzstan-vs-qatar,https://tabiji.ai/compare/kyrgyzstan-vs-qatar/,kyrgyzstan vs qatar,480,qatar vs kyrgyzstan,170,kyrgyzstan vs qatar,480,650
panama-vs-united-states,https://tabiji.ai/compare/panama-vs-united-states/,panama vs united states,170,united states vs panama,480,united states vs panama,480,650
switzerland-vs-united-states,https://tabiji.ai/compare/switzerland-vs-united-states/,switzerland vs united states,170,united states vs switzerland,480,united states vs switzerland,480,650
croatia-vs-italy,https://tabiji.ai/compare/croatia-vs-italy/,croatia vs italy,390,italy vs croatia,260,croatia vs italy,390,650
germany-vs-switzerland,https://tabiji.ai/compare/germany-vs-switzerland/,germany vs switzerland,260,switzerland vs germany,390,switzerland vs germany,390,650
belgium-vs-poland,https://tabiji.ai/compare/belgium-vs-poland/,belgium vs poland,50,poland vs belgium,590,poland vs belgium,590,640
jordan-vs-uae,https://tabiji.ai/compare/jordan-vs-uae/,jordan vs uae,590,uae vs jordan,50,jordan vs uae,590,640
denmark-vs-spain,https://tabiji.ai/compare/denmark-vs-spain/,denmark vs spain,320,spain vs denmark,320,denmark vs spain,320,640
taipei-vs-taiwan,https://tabiji.ai/compare/taipei-vs-taiwan/,taipei vs taiwan,320,taiwan vs taipei,320,taipei vs taiwan,320,640
bolivia-vs-usa,https://tabiji.ai/compare/bolivia-vs-usa/,bolivia vs usa,40,usa vs bolivia,590,usa vs bolivia,590,630
lithuania-vs-montenegro,https://tabiji.ai/compare/lithuania-vs-montenegro/,lithuania vs montenegro,590,montenegro vs lithuania,40,lithuania vs montenegro,590,630
estonia-vs-turkey,https://tabiji.ai/compare/estonia-vs-turkey/,estonia vs turkey,590,turkey vs estonia,30,estonia vs turkey,590,620
scotland-vs-uae,https://tabiji.ai/compare/scotland-vs-uae/,scotland vs uae,30,uae vs scotland,590,uae vs scotland,590,620
estonia-vs-latvia,https://tabiji.ai/compare/estonia-vs-latvia/,estonia vs latvia,480,latvia vs estonia,140,estonia vs latvia,480,620
dominican-republic-vs-jordan,https://tabiji.ai/compare/dominican-republic-vs-jordan/,dominican republic vs jordan,20,jordan vs dominican republic,590,jordan vs dominican republic,590,610
lyon-vs-salzburg,https://tabiji.ai/compare/lyon-vs-salzburg/,lyon vs salzburg,590,salzburg vs lyon,20,lyon vs salzburg,590,610
guatemala-vs-nicaragua,https://tabiji.ai/compare/guatemala-vs-nicaragua/,guatemala vs nicaragua,390,nicaragua vs guatemala,210,guatemala vs nicaragua,390,600
brazil-vs-honduras,https://tabiji.ai/compare/brazil-vs-honduras/,brazil vs honduras,390,honduras vs brazil,210,brazil vs honduras,390,600
indonesia-vs-malaysia,https://tabiji.ai/compare/indonesia-vs-malaysia/,indonesia vs malaysia,390,malaysia vs indonesia,210,indonesia vs malaysia,390,600
ireland-vs-italy,https://tabiji.ai/compare/ireland-vs-italy/,ireland vs italy,390,italy vs ireland,210,ireland vs italy,390,600
porto-vs-riga,https://tabiji.ai/compare/porto-vs-riga/,porto vs riga,590,riga vs porto,0,porto vs riga,590,590
samoa-vs-uae,https://tabiji.ai/compare/samoa-vs-uae/,samoa vs uae,0,uae vs samoa,590,uae vs samoa,590,590
honduras-vs-norway,https://tabiji.ai/compare/honduras-vs-norway/,honduras vs norway,110,norway vs honduras,480,norway vs honduras,480,590
jamaica-vs-puerto-rico,https://tabiji.ai/compare/jamaica-vs-puerto-rico/,jamaica vs puerto rico,480,puerto rico vs jamaica,110,jamaica vs puerto rico,480,590
argentina-vs-new-zealand,https://tabiji.ai/compare/argentina-vs-new-zealand/,argentina vs new zealand,480,new zealand vs argentina,110,argentina vs new zealand,480,590
austin-vs-new-england,https://tabiji.ai/compare/austin-vs-new-england/,austin vs new england,320,new england vs austin,260,austin vs new england,320,580
austria-vs-france,https://tabiji.ai/compare/austria-vs-france/,austria vs france,320,france vs austria,260,austria vs france,320,580
bahamas-vs-canada,https://tabiji.ai/compare/bahamas-vs-canada/,bahamas vs canada,320,canada vs bahamas,260,bahamas vs canada,320,580
dominican-republic-vs-jamaica,https://tabiji.ai/compare/dominican-republic-vs-jamaica/,dominican republic vs jamaica,260,jamaica vs dominican republic,320,jamaica vs dominican republic,320,580
jordan-vs-uzbekistan,https://tabiji.ai/compare/jordan-vs-uzbekistan/,jordan vs uzbekistan,260,uzbekistan vs jordan,320,uzbekistan vs jordan,320,580
malaysia-vs-nepal,https://tabiji.ai/compare/malaysia-vs-nepal/,malaysia vs nepal,320,nepal vs malaysia,260,malaysia vs nepal,320,580
canada-vs-puerto-rico,https://tabiji.ai/compare/canada-vs-puerto-rico/,canada vs puerto rico,320,puerto rico vs canada,260,canada vs puerto rico,320,580
slovakia-vs-sweden,https://tabiji.ai/compare/slovakia-vs-sweden/,slovakia vs sweden,260,sweden vs slovakia,320,sweden vs slovakia,320,580
china-vs-vietnam,https://tabiji.ai/compare/china-vs-vietnam/,china vs vietnam,260,vietnam vs china,320,vietnam vs china,320,580
bulgaria-vs-cyprus,https://tabiji.ai/compare/bulgaria-vs-cyprus/,bulgaria vs cyprus,480,cyprus vs bulgaria,90,bulgaria vs cyprus,480,570
frankfurt-vs-lyon,https://tabiji.ai/compare/frankfurt-vs-lyon/,frankfurt vs lyon,90,lyon vs frankfurt,480,lyon vs frankfurt,480,570
lyon-vs-monaco,https://tabiji.ai/compare/lyon-vs-monaco/,lyon vs monaco,90,monaco vs lyon,480,monaco vs lyon,480,570
bahrain-vs-qatar,https://tabiji.ai/compare/bahrain-vs-qatar/,bahrain vs qatar,170,qatar vs bahrain,390,qatar vs bahrain,390,560
croatia-vs-mexico,https://tabiji.ai/compare/croatia-vs-mexico/,croatia vs mexico,170,mexico vs croatia,390,mexico vs croatia,390,560
belfast-vs-dublin,https://tabiji.ai/compare/belfast-vs-dublin/,belfast vs dublin,390,dublin vs belfast,170,belfast vs dublin,390,560
germany-vs-lithuania,https://tabiji.ai/compare/germany-vs-lithuania/,germany vs lithuania,170,lithuania vs germany,390,lithuania vs germany,390,560
croatia-vs-ghana,https://tabiji.ai/compare/croatia-vs-ghana/,croatia vs ghana,480,ghana vs croatia,70,croatia vs ghana,480,550
new-zealand-vs-philippines,https://tabiji.ai/compare/new-zealand-vs-philippines/,new zealand vs philippines,70,philippines vs new zealand,480,philippines vs new zealand,480,550
south-korea-vs-united-states,https://tabiji.ai/compare/south-korea-vs-united-states/,south korea vs united states,70,united states vs south korea,480,united states vs south korea,480,550
spain-vs-united-states,https://tabiji.ai/compare/spain-vs-united-states/,spain vs united states,480,united states vs spain,70,spain vs united states,480,550
albania-vs-spain,https://tabiji.ai/compare/albania-vs-spain/,albania vs spain,390,spain vs albania,140,albania vs spain,390,530
ecuador-vs-united-states,https://tabiji.ai/compare/ecuador-vs-united-states/,ecuador vs united states,390,united states vs ecuador,140,ecuador vs united states,390,530
cuba-vs-honduras,https://tabiji.ai/compare/cuba-vs-honduras/,cuba vs honduras,140,honduras vs cuba,390,honduras vs cuba,390,530
mexico-vs-nicaragua,https://tabiji.ai/compare/mexico-vs-nicaragua/,mexico vs nicaragua,390,nicaragua vs mexico,140,mexico vs nicaragua,390,530
dubai-vs-monaco,https://tabiji.ai/compare/dubai-vs-monaco/,dubai vs monaco,210,monaco vs dubai,320,monaco vs dubai,320,530
norway-vs-spain,https://tabiji.ai/compare/norway-vs-spain/,norway vs spain,210,spain vs norway,320,spain vs norway,320,530
mexico-vs-new-zealand,https://tabiji.ai/compare/mexico-vs-new-zealand/,mexico vs new zealand,480,new zealand vs mexico,40,mexico vs new zealand,480,520
aruba-vs-st-lucia,https://tabiji.ai/compare/aruba-vs-st-lucia/,aruba vs st lucia,260,st lucia vs aruba,260,aruba vs st lucia,260,520
denmark-vs-finland,https://tabiji.ai/compare/denmark-vs-finland/,denmark vs finland,260,finland vs denmark,260,denmark vs finland,260,520
hanoi-vs-ho-chi-minh-city,https://tabiji.ai/compare/hanoi-vs-ho-chi-minh-city/,hanoi vs ho chi minh city,260,ho chi minh city vs hanoi,260,hanoi vs ho chi minh city,260,520
st-lucia-vs-turks-and-caicos,https://tabiji.ai/compare/st-lucia-vs-turks-and-caicos/,st lucia vs turks and caicos,260,turks and caicos vs st lucia,260,st lucia vs turks and caicos,260,520
czech-republic-vs-serbia,https://tabiji.ai/compare/czech-republic-vs-serbia/,czech republic vs serbia,30,serbia vs czech republic,480,serbia vs czech republic,480,510
dominican-republic-vs-usa,https://tabiji.ai/compare/dominican-republic-vs-usa/,dominican republic vs usa,30,usa vs dominican republic,480,usa vs dominican republic,480,510
senegal-vs-tanzania,https://tabiji.ai/compare/senegal-vs-tanzania/,senegal vs tanzania,30,tanzania vs senegal,480,tanzania vs senegal,480,510
turkey-vs-united-states,https://tabiji.ai/compare/turkey-vs-united-states/,turkey vs united states,30,united states vs turkey,480,united states vs turkey,480,510
cabo-san-lucas-vs-cabo,https://tabiji.ai/compare/cabo-san-lucas-vs-cabo/,cabo san lucas vs cabo,20,cabo vs cabo san lucas,480,cabo vs cabo san lucas,480,500
norway-vs-senegal,https://tabiji.ai/compare/norway-vs-senegal/,norway vs senegal,480,senegal vs norway,20,norway vs senegal,480,500
myanmar-vs-vietnam,https://tabiji.ai/compare/myanmar-vs-vietnam/,myanmar vs vietnam,20,vietnam vs myanmar,480,vietnam vs myanmar,480,500
colombia-vs-france,https://tabiji.ai/compare/colombia-vs-france/,colombia vs france,390,france vs colombia,110,colombia vs france,390,500
japan-vs-united-states,https://tabiji.ai/compare/japan-vs-united-states/,japan vs united states,390,united states vs japan,110,japan vs united states,390,500
honolulu-vs-oahu,https://tabiji.ai/compare/honolulu-vs-oahu/,honolulu vs oahu,110,oahu vs honolulu,390,oahu vs honolulu,390,500
portugal-vs-sweden,https://tabiji.ai/compare/portugal-vs-sweden/,portugal vs sweden,390,sweden vs portugal,110,portugal vs sweden,390,500
cape-town-vs-johannesburg,https://tabiji.ai/compare/cape-town-vs-johannesburg/,cape town vs johannesburg,170,johannesburg vs cape town,320,johannesburg vs cape town,320,490
czech-republic-vs-portugal,https://tabiji.ai/compare/czech-republic-vs-portugal/,czech republic vs portugal,170,portugal vs czech republic,320,portugal vs czech republic,320,490
germany-vs-serbia,https://tabiji.ai/compare/germany-vs-serbia/,germany vs serbia,320,serbia vs germany,170,germany vs serbia,320,490
italy-vs-scotland,https://tabiji.ai/compare/italy-vs-scotland/,italy vs scotland,170,scotland vs italy,320,scotland vs italy,320,490
madagascar-vs-tanzania,https://tabiji.ai/compare/madagascar-vs-tanzania/,madagascar vs tanzania,170,tanzania vs madagascar,320,tanzania vs madagascar,320,490
belgium-vs-germany,https://tabiji.ai/compare/belgium-vs-germany/,belgium vs germany,390,germany vs belgium,90,belgium vs germany,390,480
denmark-vs-norway,https://tabiji.ai/compare/denmark-vs-norway/,denmark vs norway,390,norway vs denmark,90,denmark vs norway,390,480
morocco-vs-south-africa,https://tabiji.ai/compare/morocco-vs-south-africa/,morocco vs south africa,390,south africa vs morocco,90,morocco vs south africa,390,480
morocco-vs-scotland,https://tabiji.ai/compare/morocco-vs-scotland/,morocco vs scotland,90,scotland vs morocco,390,scotland vs morocco,390,480
italy-vs-sicily,https://tabiji.ai/compare/italy-vs-sicily/,italy vs sicily,90,sicily vs italy,390,sicily vs italy,390,480
india-vs-thailand,https://tabiji.ai/compare/india-vs-thailand/,india vs thailand,90,thailand vs india,390,thailand vs india,390,480
armenia-vs-turkey,https://tabiji.ai/compare/armenia-vs-turkey/,armenia vs turkey,260,turkey vs armenia,210,armenia vs turkey,260,470
cancun-vs-los-cabos,https://tabiji.ai/compare/cancun-vs-los-cabos/,cancun vs los cabos,210,los cabos vs cancun,260,los cabos vs cancun,260,470
dubai-vs-uae,https://tabiji.ai/compare/dubai-vs-uae/,dubai vs uae,210,uae vs dubai,260,uae vs dubai,260,470
iceland-vs-portugal,https://tabiji.ai/compare/iceland-vs-portugal/,iceland vs portugal,210,portugal vs iceland,260,portugal vs iceland,260,470
india-vs-indonesia,https://tabiji.ai/compare/india-vs-indonesia/,india vs indonesia,210,indonesia vs india,260,indonesia vs india,260,470
germany-vs-ireland,https://tabiji.ai/compare/germany-vs-ireland/,germany vs ireland,260,ireland vs germany,210,germany vs ireland,260,470
marseille-vs-paris,https://tabiji.ai/compare/marseille-vs-paris/,marseille vs paris,210,paris vs marseille,260,paris vs marseille,260,470
united-states-vs-vietnam,https://tabiji.ai/compare/united-states-vs-vietnam/,united states vs vietnam,260,vietnam vs united states,210,united states vs vietnam,260,470
lucerne-vs-zurich,https://tabiji.ai/compare/lucerne-vs-zurich/,lucerne vs zurich,260,zurich vs lucerne,210,lucerne vs zurich,260,470
australia-vs-france,https://tabiji.ai/compare/australia-vs-france/,australia vs france,70,france vs australia,390,france vs australia,390,460
australia-vs-panama,https://tabiji.ai/compare/australia-vs-panama/,australia vs panama,390,panama vs australia,70,australia vs panama,390,460
costa-rica-vs-spain,https://tabiji.ai/compare/costa-rica-vs-spain/,costa rica vs spain,140,spain vs costa rica,320,spain vs costa rica,320,460
denmark-vs-serbia,https://tabiji.ai/compare/denmark-vs-serbia/,denmark vs serbia,320,serbia vs denmark,140,denmark vs serbia,320,460
colombia-vs-honduras,https://tabiji.ai/compare/colombia-vs-honduras/,colombia vs honduras,320,honduras vs colombia,140,colombia vs honduras,320,460
france-vs-uruguay,https://tabiji.ai/compare/france-vs-uruguay/,france vs uruguay,320,uruguay vs france,140,france vs uruguay,320,460
jamaica-vs-peru,https://tabiji.ai/compare/jamaica-vs-peru/,jamaica vs peru,50,peru vs jamaica,390,peru vs jamaica,390,440
namibia-vs-united-states,https://tabiji.ai/compare/namibia-vs-united-states/,namibia vs united states,50,united states vs namibia,390,united states vs namibia,390,440
poland-vs-scotland,https://tabiji.ai/compare/poland-vs-scotland/,poland vs scotland,390,scotland vs poland,50,poland vs scotland,390,440
bahamas-vs-usa,https://tabiji.ai/compare/bahamas-vs-usa/,bahamas vs usa,40,usa vs bahamas,390,usa vs bahamas,390,430
israel-vs-poland,https://tabiji.ai/compare/israel-vs-poland/,israel vs poland,40,poland vs israel,390,poland vs israel,390,430
latvia-vs-usa,https://tabiji.ai/compare/latvia-vs-usa/,latvia vs usa,390,usa vs latvia,40,latvia vs usa,390,430
netherlands-vs-united-states,https://tabiji.ai/compare/netherlands-vs-united-states/,netherlands vs united states,390,united states vs netherlands,40,netherlands vs united states,390,430
bahamas-vs-hawaii,https://tabiji.ai/compare/bahamas-vs-hawaii/,bahamas vs hawaii,320,hawaii vs bahamas,110,bahamas vs hawaii,320,430
belgium-vs-israel,https://tabiji.ai/compare/belgium-vs-israel/,belgium vs israel,320,israel vs belgium,110,belgium vs israel,320,430
los-cabos-vs-puerto-vallarta,https://tabiji.ai/compare/los-cabos-vs-puerto-vallarta/,los cabos vs puerto vallarta,110,puerto vallarta vs los cabos,320,puerto vallarta vs los cabos,320,430
china-vs-mongolia,https://tabiji.ai/compare/china-vs-mongolia/,china vs mongolia,110,mongolia vs china,320,mongolia vs china,320,430
portugal-vs-scotland,https://tabiji.ai/compare/portugal-vs-scotland/,portugal vs scotland,110,scotland vs portugal,320,scotland vs portugal,320,430
croatia-vs-serbia,https://tabiji.ai/compare/croatia-vs-serbia/,croatia vs serbia,260,serbia vs croatia,170,croatia vs serbia,260,430
ireland-vs-uk,https://tabiji.ai/compare/ireland-vs-uk/,ireland vs uk,170,uk vs ireland,260,uk vs ireland,260,430
china-vs-israel,https://tabiji.ai/compare/china-vs-israel/,china vs israel,260,israel vs china,170,china vs israel,260,430
germany-vs-israel,https://tabiji.ai/compare/germany-vs-israel/,germany vs israel,260,israel vs germany,170,germany vs israel,260,430
israel-vs-turkey,https://tabiji.ai/compare/israel-vs-turkey/,israel vs turkey,170,turkey vs israel,260,turkey vs israel,260,430
usa-vs-vietnam,https://tabiji.ai/compare/usa-vs-vietnam/,usa vs vietnam,170,vietnam vs usa,260,vietnam vs usa,260,430
bahamas-vs-united-states,https://tabiji.ai/compare/bahamas-vs-united-states/,bahamas vs united states,30,united states vs bahamas,390,united states vs bahamas,390,420
iceland-vs-poland,https://tabiji.ai/compare/iceland-vs-poland/,iceland vs poland,30,poland vs iceland,390,poland vs iceland,390,420
mexico-vs-sweden,https://tabiji.ai/compare/mexico-vs-sweden/,mexico vs sweden,390,sweden vs mexico,30,mexico vs sweden,390,420
denmark-vs-france,https://tabiji.ai/compare/denmark-vs-france/,denmark vs france,210,france vs denmark,210,denmark vs france,210,420
denmark-vs-usa,https://tabiji.ai/compare/denmark-vs-usa/,denmark vs usa,210,usa vs denmark,210,denmark vs usa,210,420
cork-vs-dublin,https://tabiji.ai/compare/cork-vs-dublin/,cork vs dublin,210,dublin vs cork,210,cork vs dublin,210,420
france-vs-greece,https://tabiji.ai/compare/france-vs-greece/,france vs greece,210,greece vs france,210,france vs greece,210,420
india-vs-netherlands,https://tabiji.ai/compare/india-vs-netherlands/,india vs netherlands,390,netherlands vs india,20,india vs netherlands,390,410
china-vs-singapore,https://tabiji.ai/compare/china-vs-singapore/,china vs singapore,20,singapore vs china,390,singapore vs china,390,410
bermuda-vs-united-states,https://tabiji.ai/compare/bermuda-vs-united-states/,bermuda vs united states,320,united states vs bermuda,90,bermuda vs united states,320,410
austria-vs-netherlands,https://tabiji.ai/compare/austria-vs-netherlands/,austria vs netherlands,260,netherlands vs austria,140,austria vs netherlands,260,400
bahrain-vs-uae,https://tabiji.ai/compare/bahrain-vs-uae/,bahrain vs uae,260,uae vs bahrain,140,bahrain vs uae,260,400
florence-vs-milan,https://tabiji.ai/compare/florence-vs-milan/,florence vs milan,140,milan vs florence,260,milan vs florence,260,400
ghana-vs-usa,https://tabiji.ai/compare/ghana-vs-usa/,ghana vs usa,140,usa vs ghana,260,usa vs ghana,260,400
israel-vs-usa,https://tabiji.ai/compare/israel-vs-usa/,israel vs usa,140,usa vs israel,260,usa vs israel,260,400
jamaica-vs-punta-cana,https://tabiji.ai/compare/jamaica-vs-punta-cana/,jamaica vs punta cana,140,punta cana vs jamaica,260,punta cana vs jamaica,260,400
oman-vs-usa,https://tabiji.ai/compare/oman-vs-usa/,oman vs usa,140,usa vs oman,260,usa vs oman,260,400
belgium-vs-croatia,https://tabiji.ai/compare/belgium-vs-croatia/,belgium vs croatia,320,croatia vs belgium,70,belgium vs croatia,320,390
latvia-vs-north-macedonia,https://tabiji.ai/compare/latvia-vs-north-macedonia/,latvia vs north macedonia,70,north macedonia vs latvia,320,north macedonia vs latvia,320,390
lyon-vs-manchester,https://tabiji.ai/compare/lyon-vs-manchester/,lyon vs manchester,70,manchester vs lyon,320,manchester vs lyon,320,390
colombia-vs-dominican-republic,https://tabiji.ai/compare/colombia-vs-dominican-republic/,colombia vs dominican republic,210,dominican republic vs colombia,170,colombia vs dominican republic,210,380
egypt-vs-israel,https://tabiji.ai/compare/egypt-vs-israel/,egypt vs israel,210,israel vs egypt,170,egypt vs israel,210,380
florence-vs-tuscany,https://tabiji.ai/compare/florence-vs-tuscany/,florence vs tuscany,170,tuscany vs florence,210,tuscany vs florence,210,380
hawaii-vs-san-diego,https://tabiji.ai/compare/hawaii-vs-san-diego/,hawaii vs san diego,170,san diego vs hawaii,210,san diego vs hawaii,210,380
israel-vs-jerusalem,https://tabiji.ai/compare/israel-vs-jerusalem/,israel vs jerusalem,170,jerusalem vs israel,210,jerusalem vs israel,210,380
mauritius-vs-south-africa,https://tabiji.ai/compare/mauritius-vs-south-africa/,mauritius vs south africa,170,south africa vs mauritius,210,south africa vs mauritius,210,380
montreal-vs-vancouver,https://tabiji.ai/compare/montreal-vs-vancouver/,montreal vs vancouver,210,vancouver vs montreal,170,montreal vs vancouver,210,380
namibia-vs-netherlands,https://tabiji.ai/compare/namibia-vs-netherlands/,namibia vs netherlands,210,netherlands vs namibia,170,namibia vs netherlands,210,380
myanmar-vs-philippines,https://tabiji.ai/compare/myanmar-vs-philippines/,myanmar vs philippines,170,philippines vs myanmar,210,philippines vs myanmar,210,380
samoa-vs-usa,https://tabiji.ai/compare/samoa-vs-usa/,samoa vs usa,170,usa vs samoa,210,usa vs samoa,210,380
france-vs-scotland,https://tabiji.ai/compare/france-vs-scotland/,france vs scotland,210,scotland vs france,170,france vs scotland,210,380
aruba-vs-bahamas,https://tabiji.ai/compare/aruba-vs-bahamas/,aruba vs bahamas,320,bahamas vs aruba,50,aruba vs bahamas,320,370
bahrain-vs-hong-kong,https://tabiji.ai/compare/bahrain-vs-hong-kong/,bahrain vs hong kong,50,hong kong vs bahrain,320,hong kong vs bahrain,320,370
argentina-vs-costa-rica,https://tabiji.ai/compare/argentina-vs-costa-rica/,argentina vs costa rica,320,costa rica vs argentina,50,argentina vs costa rica,320,370
estonia-vs-portugal,https://tabiji.ai/compare/estonia-vs-portugal/,estonia vs portugal,320,portugal vs estonia,50,estonia vs portugal,320,370
granada-vs-malaga,https://tabiji.ai/compare/granada-vs-malaga/,granada vs malaga,50,malaga vs granada,320,malaga vs granada,320,370
australia-vs-ireland,https://tabiji.ai/compare/australia-vs-ireland/,australia vs ireland,50,ireland vs australia,320,ireland vs australia,320,370
albania-vs-croatia,https://tabiji.ai/compare/albania-vs-croatia/,albania vs croatia,110,croatia vs albania,260,croatia vs albania,260,370
austria-vs-portugal,https://tabiji.ai/compare/austria-vs-portugal/,austria vs portugal,110,portugal vs austria,260,portugal vs austria,260,370
bangkok-vs-pattaya,https://tabiji.ai/compare/bangkok-vs-pattaya/,bangkok vs pattaya,260,pattaya vs bangkok,110,bangkok vs pattaya,260,370
greece-vs-portugal,https://tabiji.ai/compare/greece-vs-portugal/,greece vs portugal,110,portugal vs greece,260,portugal vs greece,260,370
myanmar-vs-nepal,https://tabiji.ai/compare/myanmar-vs-nepal/,myanmar vs nepal,110,nepal vs myanmar,260,nepal vs myanmar,260,370
netherlands-vs-turkey,https://tabiji.ai/compare/netherlands-vs-turkey/,netherlands vs turkey,260,turkey vs netherlands,110,netherlands vs turkey,260,370
argentina-vs-nicaragua,https://tabiji.ai/compare/argentina-vs-nicaragua/,argentina vs nicaragua,260,nicaragua vs argentina,110,argentina vs nicaragua,260,370
cyprus-vs-georgia,https://tabiji.ai/compare/cyprus-vs-georgia/,cyprus vs georgia,320,georgia vs cyprus,40,cyprus vs georgia,320,360
netherlands-vs-uae,https://tabiji.ai/compare/netherlands-vs-uae/,netherlands vs uae,320,uae vs netherlands,40,netherlands vs uae,320,360
bolivia-vs-panama,https://tabiji.ai/compare/bolivia-vs-panama/,bolivia vs panama,30,panama vs bolivia,320,panama vs bolivia,320,350
brazil-vs-serbia,https://tabiji.ai/compare/brazil-vs-serbia/,brazil vs serbia,320,serbia vs brazil,30,brazil vs serbia,320,350
denmark-vs-poland,https://tabiji.ai/compare/denmark-vs-poland/,denmark vs poland,90,poland vs denmark,260,poland vs denmark,260,350
ecuador-vs-qatar,https://tabiji.ai/compare/ecuador-vs-qatar/,ecuador vs qatar,90,qatar vs ecuador,260,qatar vs ecuador,260,350
england-vs-slovenia,https://tabiji.ai/compare/england-vs-slovenia/,england vs slovenia,260,slovenia vs england,90,england vs slovenia,260,350
denmark-vs-italy,https://tabiji.ai/compare/denmark-vs-italy/,denmark vs italy,140,italy vs denmark,210,italy vs denmark,210,350
egypt-vs-senegal,https://tabiji.ai/compare/egypt-vs-senegal/,egypt vs senegal,210,senegal vs egypt,140,egypt vs senegal,210,350
israel-vs-lebanon,https://tabiji.ai/compare/israel-vs-lebanon/,israel vs lebanon,210,lebanon vs israel,140,israel vs lebanon,210,350
lebanon-vs-qatar,https://tabiji.ai/compare/lebanon-vs-qatar/,lebanon vs qatar,140,qatar vs lebanon,210,qatar vs lebanon,210,350
milos-vs-paros,https://tabiji.ai/compare/milos-vs-paros/,milos vs paros,140,paros vs milos,210,paros vs milos,210,350
china-vs-philippines,https://tabiji.ai/compare/china-vs-philippines/,china vs philippines,210,philippines vs china,140,china vs philippines,210,350
canada-vs-scotland,https://tabiji.ai/compare/canada-vs-scotland/,canada vs scotland,210,scotland vs canada,140,canada vs scotland,210,350
serbia-vs-spain,https://tabiji.ai/compare/serbia-vs-spain/,serbia vs spain,210,spain vs serbia,140,serbia vs spain,210,350
split-vs-zadar,https://tabiji.ai/compare/split-vs-zadar/,split vs zadar,140,zadar vs split,210,zadar vs split,210,350
azerbaijan-vs-latvia,https://tabiji.ai/compare/azerbaijan-vs-latvia/,azerbaijan vs latvia,20,latvia vs azerbaijan,320,latvia vs azerbaijan,320,340
fiji-vs-ireland,https://tabiji.ai/compare/fiji-vs-ireland/,fiji vs ireland,20,ireland vs fiji,320,ireland vs fiji,320,340
ghana-vs-tanzania,https://tabiji.ai/compare/ghana-vs-tanzania/,ghana vs tanzania,320,tanzania vs ghana,20,ghana vs tanzania,320,340
luxembourg-vs-slovenia,https://tabiji.ai/compare/luxembourg-vs-slovenia/,luxembourg vs slovenia,320,slovenia vs luxembourg,20,luxembourg vs slovenia,320,340
netherlands-vs-oman,https://tabiji.ai/compare/netherlands-vs-oman/,netherlands vs oman,20,oman vs netherlands,320,oman vs netherlands,320,340
guatemala-vs-uruguay,https://tabiji.ai/compare/guatemala-vs-uruguay/,guatemala vs uruguay,20,uruguay vs guatemala,320,uruguay vs guatemala,320,340
antigua-vs-aruba,https://tabiji.ai/compare/antigua-vs-aruba/,antigua vs aruba,170,aruba vs antigua,170,antigua vs aruba,170,340
alaska-vs-hawaii,https://tabiji.ai/compare/alaska-vs-hawaii/,alaska vs hawaii,170,hawaii vs alaska,170,alaska vs hawaii,170,340
hungary-vs-romania,https://tabiji.ai/compare/hungary-vs-romania/,hungary vs romania,170,romania vs hungary,170,hungary vs romania,170,340
latvia-vs-slovenia,https://tabiji.ai/compare/latvia-vs-slovenia/,latvia vs slovenia,170,slovenia vs latvia,170,latvia vs slovenia,170,340
france-vs-lithuania,https://tabiji.ai/compare/france-vs-lithuania/,france vs lithuania,170,lithuania vs france,170,france vs lithuania,170,340
switzerland-vs-turkey,https://tabiji.ai/compare/switzerland-vs-turkey/,switzerland vs turkey,170,turkey vs switzerland,170,switzerland vs turkey,170,340
bermuda-vs-curacao,https://tabiji.ai/compare/bermuda-vs-curacao/,bermuda vs curacao,210,curacao vs bermuda,110,bermuda vs curacao,210,320
england-vs-fiji,https://tabiji.ai/compare/england-vs-fiji/,england vs fiji,210,fiji vs england,110,england vs fiji,210,320
jamaica-vs-south-africa,https://tabiji.ai/compare/jamaica-vs-south-africa/,jamaica vs south africa,210,south africa vs jamaica,110,jamaica vs south africa,210,320
laos-vs-malaysia,https://tabiji.ai/compare/laos-vs-malaysia/,laos vs malaysia,110,malaysia vs laos,210,malaysia vs laos,210,320
namibia-vs-scotland,https://tabiji.ai/compare/namibia-vs-scotland/,namibia vs scotland,110,scotland vs namibia,210,scotland vs namibia,210,320
milos-vs-naxos,https://tabiji.ai/compare/milos-vs-naxos/,milos vs naxos,210,naxos vs milos,110,milos vs naxos,210,320
colombia-vs-puerto-rico,https://tabiji.ai/compare/colombia-vs-puerto-rico/,colombia vs puerto rico,110,puerto rico vs colombia,210,puerto rico vs colombia,210,320
bolivia-vs-mexico,https://tabiji.ai/compare/bolivia-vs-mexico/,bolivia vs mexico,50,mexico vs bolivia,260,mexico vs bolivia,260,310
miami-vs-montreal,https://tabiji.ai/compare/miami-vs-montreal/,miami vs montreal,260,montreal vs miami,50,miami vs montreal,260,310
australia-vs-scotland,https://tabiji.ai/compare/australia-vs-scotland/,australia vs scotland,50,scotland vs australia,260,scotland vs australia,260,310
aruba-vs-bermuda,https://tabiji.ai/compare/aruba-vs-bermuda/,aruba vs bermuda,170,bermuda vs aruba,140,aruba vs bermuda,170,310
aruba-vs-jamaica,https://tabiji.ai/compare/aruba-vs-jamaica/,aruba vs jamaica,140,jamaica vs aruba,170,jamaica vs aruba,170,310
hungary-vs-switzerland,https://tabiji.ai/compare/hungary-vs-switzerland/,hungary vs switzerland,170,switzerland vs hungary,140,hungary vs switzerland,170,310
laos-vs-nepal,https://tabiji.ai/compare/laos-vs-nepal/,laos vs nepal,170,nepal vs laos,140,laos vs nepal,170,310
canada-vs-peru,https://tabiji.ai/compare/canada-vs-peru/,canada vs peru,140,peru vs canada,170,peru vs canada,170,310
brazil-vs-sweden,https://tabiji.ai/compare/brazil-vs-sweden/,brazil vs sweden,140,sweden vs brazil,170,sweden vs brazil,170,310
china-vs-thailand,https://tabiji.ai/compare/china-vs-thailand/,china vs thailand,140,thailand vs china,170,thailand vs china,170,310
granada-vs-tenerife,https://tabiji.ai/compare/granada-vs-tenerife/,granada vs tenerife,40,tenerife vs granada,260,tenerife vs granada,260,300
netherlands-vs-south-africa,https://tabiji.ai/compare/netherlands-vs-south-africa/,netherlands vs south africa,260,south africa vs netherlands,40,netherlands vs south africa,260,300
guatemala-vs-puerto-rico,https://tabiji.ai/compare/guatemala-vs-puerto-rico/,guatemala vs puerto rico,260,puerto rico vs guatemala,40,guatemala vs puerto rico,260,300
mexico-vs-qatar,https://tabiji.ai/compare/mexico-vs-qatar/,mexico vs qatar,260,qatar vs mexico,40,mexico vs qatar,260,300
colombia-vs-south-africa,https://tabiji.ai/compare/colombia-vs-south-africa/,colombia vs south africa,260,south africa vs colombia,40,colombia vs south africa,260,300
amalfi-coast-vs-positano,https://tabiji.ai/compare/amalfi-coast-vs-positano/,amalfi coast vs positano,90,positano vs amalfi coast,210,positano vs amalfi coast,210,300
cancun-vs-hawaii,https://tabiji.ai/compare/cancun-vs-hawaii/,cancun vs hawaii,90,hawaii vs cancun,210,hawaii vs cancun,210,300
hungary-vs-netherlands,https://tabiji.ai/compare/hungary-vs-netherlands/,hungary vs netherlands,90,netherlands vs hungary,210,netherlands vs hungary,210,300
netherlands-vs-sweden,https://tabiji.ai/compare/netherlands-vs-sweden/,netherlands vs sweden,210,sweden vs netherlands,90,netherlands vs sweden,210,300
panama-vs-puerto-rico,https://tabiji.ai/compare/panama-vs-puerto-rico/,panama vs puerto rico,210,puerto rico vs panama,90,panama vs puerto rico,210,300
cyprus-vs-italy,https://tabiji.ai/compare/cyprus-vs-italy/,cyprus vs italy,30,italy vs cyprus,260,italy vs cyprus,260,290
azerbaijan-vs-sweden,https://tabiji.ai/compare/azerbaijan-vs-sweden/,azerbaijan vs sweden,20,sweden vs azerbaijan,260,sweden vs azerbaijan,260,280
belgium-vs-slovakia,https://tabiji.ai/compare/belgium-vs-slovakia/,belgium vs slovakia,260,slovakia vs belgium,20,belgium vs slovakia,260,280
belgium-vs-new-zealand,https://tabiji.ai/compare/belgium-vs-new-zealand/,belgium vs new zealand,20,new zealand vs belgium,260,new zealand vs belgium,260,280
hawaii-vs-tahiti,https://tabiji.ai/compare/hawaii-vs-tahiti/,hawaii vs tahiti,20,tahiti vs hawaii,260,tahiti vs hawaii,260,280
montenegro-vs-turkey,https://tabiji.ai/compare/montenegro-vs-turkey/,montenegro vs turkey,260,turkey vs montenegro,20,montenegro vs turkey,260,280
australia-vs-slovenia,https://tabiji.ai/compare/australia-vs-slovenia/,australia vs slovenia,260,slovenia vs australia,20,australia vs slovenia,260,280
albania-vs-armenia,https://tabiji.ai/compare/albania-vs-armenia/,albania vs armenia,210,armenia vs albania,70,albania vs armenia,210,280
brazil-vs-dominican-republic,https://tabiji.ai/compare/brazil-vs-dominican-republic/,brazil vs dominican republic,70,dominican republic vs brazil,210,dominican republic vs brazil,210,280
ethiopia-vs-italy,https://tabiji.ai/compare/ethiopia-vs-italy/,ethiopia vs italy,210,italy vs ethiopia,70,ethiopia vs italy,210,280
fiji-vs-japan,https://tabiji.ai/compare/fiji-vs-japan/,fiji vs japan,210,japan vs fiji,70,fiji vs japan,210,280
ghana-vs-united-states,https://tabiji.ai/compare/ghana-vs-united-states/,ghana vs united states,210,united states vs ghana,70,ghana vs united states,210,280
malaysia-vs-uae,https://tabiji.ai/compare/malaysia-vs-uae/,malaysia vs uae,210,uae vs malaysia,70,malaysia vs uae,210,280
oman-vs-samoa,https://tabiji.ai/compare/oman-vs-samoa/,oman vs samoa,70,samoa vs oman,210,samoa vs oman,210,280
italy-vs-sweden,https://tabiji.ai/compare/italy-vs-sweden/,italy vs sweden,210,sweden vs italy,70,italy vs sweden,210,280
antigua-vs-st-lucia,https://tabiji.ai/compare/antigua-vs-st-lucia/,antigua vs st lucia,170,st lucia vs antigua,110,antigua vs st lucia,170,280
austria-vs-scotland,https://tabiji.ai/compare/austria-vs-scotland/,austria vs scotland,110,scotland vs austria,170,scotland vs austria,170,280
bahamas-vs-puerto-rico,https://tabiji.ai/compare/bahamas-vs-puerto-rico/,bahamas vs puerto rico,170,puerto rico vs bahamas,110,bahamas vs puerto rico,170,280
cambodia-vs-hong-kong,https://tabiji.ai/compare/cambodia-vs-hong-kong/,cambodia vs hong kong,110,hong kong vs cambodia,170,hong kong vs cambodia,170,280
chile-vs-egypt,https://tabiji.ai/compare/chile-vs-egypt/,chile vs egypt,170,egypt vs chile,110,chile vs egypt,170,280
canada-vs-fiji,https://tabiji.ai/compare/canada-vs-fiji/,canada vs fiji,110,fiji vs canada,170,fiji vs canada,170,280
italy-vs-lithuania,https://tabiji.ai/compare/italy-vs-lithuania/,italy vs lithuania,170,lithuania vs italy,110,italy vs lithuania,170,280
lithuania-vs-slovenia,https://tabiji.ai/compare/lithuania-vs-slovenia/,lithuania vs slovenia,110,slovenia vs lithuania,170,slovenia vs lithuania,170,280
luxembourg-vs-malta,https://tabiji.ai/compare/luxembourg-vs-malta/,luxembourg vs malta,110,malta vs luxembourg,170,malta vs luxembourg,170,280
maldives-vs-sri-lanka,https://tabiji.ai/compare/maldives-vs-sri-lanka/,maldives vs sri lanka,170,sri lanka vs maldives,110,maldives vs sri lanka,170,280
australia-vs-netherlands,https://tabiji.ai/compare/australia-vs-netherlands/,australia vs netherlands,110,netherlands vs australia,170,netherlands vs australia,170,280
norway-vs-portugal,https://tabiji.ai/compare/norway-vs-portugal/,norway vs portugal,110,portugal vs norway,170,portugal vs norway,170,280
scotland-vs-spain,https://tabiji.ai/compare/scotland-vs-spain/,scotland vs spain,170,spain vs scotland,110,scotland vs spain,170,280
germany-vs-south-korea,https://tabiji.ai/compare/germany-vs-south-korea/,germany vs south korea,110,south korea vs germany,170,south korea vs germany,170,280
bermuda-vs-canada,https://tabiji.ai/compare/bermuda-vs-canada/,bermuda vs canada,140,canada vs bermuda,140,bermuda vs canada,140,280
crete-vs-rhodes,https://tabiji.ai/compare/crete-vs-rhodes/,crete vs rhodes,140,rhodes vs crete,140,crete vs rhodes,140,280
denmark-vs-mexico,https://tabiji.ai/compare/denmark-vs-mexico/,denmark vs mexico,140,mexico vs denmark,140,denmark vs mexico,140,280
ghana-vs-mexico,https://tabiji.ai/compare/ghana-vs-mexico/,ghana vs mexico,140,mexico vs ghana,140,ghana vs mexico,140,280
lebanon-vs-nepal,https://tabiji.ai/compare/lebanon-vs-nepal/,lebanon vs nepal,140,nepal vs lebanon,140,lebanon vs nepal,140,280
luxembourg-vs-portugal,https://tabiji.ai/compare/luxembourg-vs-portugal/,luxembourg vs portugal,140,portugal vs luxembourg,140,luxembourg vs portugal,140,280
maldives-vs-philippines,https://tabiji.ai/compare/maldives-vs-philippines/,maldives vs philippines,140,philippines vs maldives,140,maldives vs philippines,140,280
melbourne-vs-perth,https://tabiji.ai/compare/melbourne-vs-perth/,melbourne vs perth,140,perth vs melbourne,140,melbourne vs perth,140,280
boston-vs-montreal,https://tabiji.ai/compare/boston-vs-montreal/,boston vs montreal,140,montreal vs boston,140,boston vs montreal,140,280
netherlands-vs-norway,https://tabiji.ai/compare/netherlands-vs-norway/,netherlands vs norway,140,norway vs netherlands,140,netherlands vs norway,140,280
south-korea-vs-uzbekistan,https://tabiji.ai/compare/south-korea-vs-uzbekistan/,south korea vs uzbekistan,140,uzbekistan vs south korea,140,south korea vs uzbekistan,140,280
aruba-vs-costa-rica,https://tabiji.ai/compare/aruba-vs-costa-rica/,aruba vs costa rica,210,costa rica vs aruba,50,aruba vs costa rica,210,260
cyprus-vs-spain,https://tabiji.ai/compare/cyprus-vs-spain/,cyprus vs spain,50,spain vs cyprus,210,spain vs cyprus,210,260
canada-vs-denmark,https://tabiji.ai/compare/canada-vs-denmark/,canada vs denmark,210,denmark vs canada,50,canada vs denmark,210,260
netherlands-vs-romania,https://tabiji.ai/compare/netherlands-vs-romania/,netherlands vs romania,50,romania vs netherlands,210,romania vs netherlands,210,260
scotland-vs-usa,https://tabiji.ai/compare/scotland-vs-usa/,scotland vs usa,210,usa vs scotland,50,scotland vs usa,210,260
canada-vs-south-korea,https://tabiji.ai/compare/canada-vs-south-korea/,canada vs south korea,210,south korea vs canada,50,canada vs south korea,210,260
south-korea-vs-uruguay,https://tabiji.ai/compare/south-korea-vs-uruguay/,south korea vs uruguay,50,uruguay vs south korea,210,uruguay vs south korea,210,260
bahamas-vs-cancun,https://tabiji.ai/compare/bahamas-vs-cancun/,bahamas vs cancun,170,cancun vs bahamas,90,bahamas vs cancun,170,260
belize-vs-guatemala,https://tabiji.ai/compare/belize-vs-guatemala/,belize vs guatemala,170,guatemala vs belize,90,belize vs guatemala,170,260
chicago-vs-montreal,https://tabiji.ai/compare/chicago-vs-montreal/,chicago vs montreal,90,montreal vs chicago,170,montreal vs chicago,170,260
italy-vs-netherlands,https://tabiji.ai/compare/italy-vs-netherlands/,italy vs netherlands,170,netherlands vs italy,90,italy vs netherlands,170,260
belgium-vs-morocco,https://tabiji.ai/compare/belgium-vs-morocco/,belgium vs morocco,210,morocco vs belgium,40,belgium vs morocco,210,250
cancun-vs-puerto-rico,https://tabiji.ai/compare/cancun-vs-puerto-rico/,cancun vs puerto rico,40,puerto rico vs cancun,210,puerto rico vs cancun,210,250
argentina-vs-dominican-republic,https://tabiji.ai/compare/argentina-vs-dominican-republic/,argentina vs dominican republic,210,dominican republic vs argentina,40,argentina vs dominican republic,210,250
finland-vs-united-states,https://tabiji.ai/compare/finland-vs-united-states/,finland vs united states,40,united states vs finland,210,united states vs finland,210,250
japan-vs-lebanon,https://tabiji.ai/compare/japan-vs-lebanon/,japan vs lebanon,210,lebanon vs japan,40,japan vs lebanon,210,250
antigua-vs-seattle,https://tabiji.ai/compare/antigua-vs-seattle/,antigua vs seattle,140,seattle vs antigua,110,antigua vs seattle,140,250
antwerp-vs-barcelona,https://tabiji.ai/compare/antwerp-vs-barcelona/,antwerp vs barcelona,140,barcelona vs antwerp,110,antwerp vs barcelona,140,250
austria-vs-hungary,https://tabiji.ai/compare/austria-vs-hungary/,austria vs hungary,140,hungary vs austria,110,austria vs hungary,140,250
belgium-vs-canada,https://tabiji.ai/compare/belgium-vs-canada/,belgium vs canada,140,canada vs belgium,110,belgium vs canada,140,250
costa-rica-vs-jamaica,https://tabiji.ai/compare/costa-rica-vs-jamaica/,costa rica vs jamaica,140,jamaica vs costa rica,110,costa rica vs jamaica,140,250
curacao-vs-st-lucia,https://tabiji.ai/compare/curacao-vs-st-lucia/,curacao vs st lucia,140,st lucia vs curacao,110,curacao vs st lucia,140,250
denmark-vs-iceland,https://tabiji.ai/compare/denmark-vs-iceland/,denmark vs iceland,140,iceland vs denmark,110,denmark vs iceland,140,250
greece-vs-serbia,https://tabiji.ai/compare/greece-vs-serbia/,greece vs serbia,110,serbia vs greece,140,serbia vs greece,140,250
hong-kong-vs-malaysia,https://tabiji.ai/compare/hong-kong-vs-malaysia/,hong kong vs malaysia,140,malaysia vs hong kong,110,hong kong vs malaysia,140,250
honolulu-vs-kauai,https://tabiji.ai/compare/honolulu-vs-kauai/,honolulu vs kauai,110,kauai vs honolulu,140,kauai vs honolulu,140,250
georgia-vs-poland,https://tabiji.ai/compare/georgia-vs-poland/,georgia vs poland,110,poland vs georgia,140,poland vs georgia,140,250
romania-vs-turkey,https://tabiji.ai/compare/romania-vs-turkey/,romania vs turkey,140,turkey vs romania,110,romania vs turkey,140,250
england-vs-sri-lanka,https://tabiji.ai/compare/england-vs-sri-lanka/,england vs sri lanka,110,sri lanka vs england,140,sri lanka vs england,140,250
new-zealand-vs-switzerland,https://tabiji.ai/compare/new-zealand-vs-switzerland/,new zealand vs switzerland,140,switzerland vs new zealand,110,new zealand vs switzerland,140,250
iceland-vs-montenegro,https://tabiji.ai/compare/iceland-vs-montenegro/,iceland vs montenegro,210,montenegro vs iceland,30,iceland vs montenegro,210,240
cambodia-vs-indonesia,https://tabiji.ai/compare/cambodia-vs-indonesia/,cambodia vs indonesia,70,indonesia vs cambodia,170,indonesia vs cambodia,170,240
argentina-vs-jamaica,https://tabiji.ai/compare/argentina-vs-jamaica/,argentina vs jamaica,170,jamaica vs argentina,70,argentina vs jamaica,170,240
jamaica-vs-new-caledonia,https://tabiji.ai/compare/jamaica-vs-new-caledonia/,jamaica vs new caledonia,70,new caledonia vs jamaica,170,new caledonia vs jamaica,170,240
laos-vs-thailand,https://tabiji.ai/compare/laos-vs-thailand/,laos vs thailand,170,thailand vs laos,70,laos vs thailand,170,240
japan-vs-mongolia,https://tabiji.ai/compare/japan-vs-mongolia/,japan vs mongolia,70,mongolia vs japan,170,mongolia vs japan,170,240
poland-vs-romania,https://tabiji.ai/compare/poland-vs-romania/,poland vs romania,170,romania vs poland,70,poland vs romania,170,240
brazil-vs-switzerland,https://tabiji.ai/compare/brazil-vs-switzerland/,brazil vs switzerland,170,switzerland vs brazil,70,brazil vs switzerland,170,240
belgium-vs-romania,https://tabiji.ai/compare/belgium-vs-romania/,belgium vs romania,210,romania vs belgium,20,belgium vs romania,210,230
argentina-vs-estonia,https://tabiji.ai/compare/argentina-vs-estonia/,argentina vs estonia,210,estonia vs argentina,20,argentina vs estonia,210,230
canada-vs-qatar,https://tabiji.ai/compare/canada-vs-qatar/,canada vs qatar,210,qatar vs canada,20,canada vs qatar,210,230
aruba-vs-hawaii,https://tabiji.ai/compare/aruba-vs-hawaii/,aruba vs hawaii,140,hawaii vs aruba,90,aruba vs hawaii,140,230
bahrain-vs-malaysia,https://tabiji.ai/compare/bahrain-vs-malaysia/,bahrain vs malaysia,90,malaysia vs bahrain,140,malaysia vs bahrain,140,230
greece-vs-netherlands,https://tabiji.ai/compare/greece-vs-netherlands/,greece vs netherlands,140,netherlands vs greece,90,greece vs netherlands,140,230
australia-vs-lebanon,https://tabiji.ai/compare/australia-vs-lebanon/,australia vs lebanon,140,lebanon vs australia,90,australia vs lebanon,140,230
playa-del-carmen-vs-puerto-vallarta,https://tabiji.ai/compare/playa-del-carmen-vs-puerto-vallarta/,playa del carmen vs puerto vallarta,90,puerto vallarta vs playa del carmen,140,puerto vallarta vs playa del carmen,140,230
poland-vs-usa,https://tabiji.ai/compare/poland-vs-usa/,poland vs usa,90,usa vs poland,140,usa vs poland,140,230
georgia-vs-serbia,https://tabiji.ai/compare/georgia-vs-serbia/,georgia vs serbia,140,serbia vs georgia,90,georgia vs serbia,140,230
portugal-vs-slovakia,https://tabiji.ai/compare/portugal-vs-slovakia/,portugal vs slovakia,140,slovakia vs portugal,90,portugal vs slovakia,140,230
goa-vs-mumbai,https://tabiji.ai/compare/goa-vs-mumbai/,goa vs mumbai,210,mumbai vs goa,10,goa vs mumbai,210,220
grand-canyon-vs-hawaii,https://tabiji.ai/compare/grand-canyon-vs-hawaii/,grand canyon vs hawaii,10,hawaii vs grand canyon,210,hawaii vs grand canyon,210,220
dominican-republic-vs-nicaragua,https://tabiji.ai/compare/dominican-republic-vs-nicaragua/,dominican republic vs nicaragua,170,nicaragua vs dominican republic,50,dominican republic vs nicaragua,170,220
ecuador-vs-jamaica,https://tabiji.ai/compare/ecuador-vs-jamaica/,ecuador vs jamaica,170,jamaica vs ecuador,50,ecuador vs jamaica,170,220
colombia-vs-nicaragua,https://tabiji.ai/compare/colombia-vs-nicaragua/,colombia vs nicaragua,170,nicaragua vs colombia,50,colombia vs nicaragua,170,220
amsterdam-vs-netherlands,https://tabiji.ai/compare/amsterdam-vs-netherlands/,amsterdam vs netherlands,110,netherlands vs amsterdam,110,amsterdam vs netherlands,110,220
athens-vs-santorini,https://tabiji.ai/compare/athens-vs-santorini/,athens vs santorini,110,santorini vs athens,110,athens vs santorini,110,220
barbados-vs-curacao,https://tabiji.ai/compare/barbados-vs-curacao/,barbados vs curacao,110,curacao vs barbados,110,barbados vs curacao,110,220
belgium-vs-czech-republic,https://tabiji.ai/compare/belgium-vs-czech-republic/,belgium vs czech republic,110,czech republic vs belgium,110,belgium vs czech republic,110,220
belgium-vs-greece,https://tabiji.ai/compare/belgium-vs-greece/,belgium vs greece,110,greece vs belgium,110,belgium vs greece,110,220
belgium-vs-hungary,https://tabiji.ai/compare/belgium-vs-hungary/,belgium vs hungary,110,hungary vs belgium,110,belgium vs hungary,110,220
berlin-vs-frankfurt,https://tabiji.ai/compare/berlin-vs-frankfurt/,berlin vs frankfurt,110,frankfurt vs berlin,110,berlin vs frankfurt,110,220
cancun-vs-dominican-republic,https://tabiji.ai/compare/cancun-vs-dominican-republic/,cancun vs dominican republic,110,dominican republic vs cancun,110,cancun vs dominican republic,110,220
cyprus-vs-germany,https://tabiji.ai/compare/cyprus-vs-germany/,cyprus vs germany,110,germany vs cyprus,110,cyprus vs germany,110,220
estonia-vs-malta,https://tabiji.ai/compare/estonia-vs-malta/,estonia vs malta,110,malta vs estonia,110,estonia vs malta,110,220
lithuania-vs-serbia,https://tabiji.ai/compare/lithuania-vs-serbia/,lithuania vs serbia,110,serbia vs lithuania,110,lithuania vs serbia,110,220
norway-vs-scotland,https://tabiji.ai/compare/norway-vs-scotland/,norway vs scotland,110,scotland vs norway,110,norway vs scotland,110,220
romania-vs-spain,https://tabiji.ai/compare/romania-vs-spain/,romania vs spain,110,spain vs romania,110,romania vs spain,110,220
canada-vs-switzerland,https://tabiji.ai/compare/canada-vs-switzerland/,canada vs switzerland,110,switzerland vs canada,110,canada vs switzerland,110,220
myanmar-vs-thailand,https://tabiji.ai/compare/myanmar-vs-thailand/,myanmar vs thailand,110,thailand vs myanmar,110,myanmar vs thailand,110,220
brazil-vs-netherlands,https://tabiji.ai/compare/brazil-vs-netherlands/,brazil vs netherlands,210,netherlands vs brazil,0,brazil vs netherlands,210,210
honduras-vs-puerto-rico,https://tabiji.ai/compare/honduras-vs-puerto-rico/,honduras vs puerto rico,210,puerto rico vs honduras,0,honduras vs puerto rico,210,210
fiji-vs-hawaii,https://tabiji.ai/compare/fiji-vs-hawaii/,fiji vs hawaii,170,hawaii vs fiji,40,fiji vs hawaii,170,210
england-vs-iceland,https://tabiji.ai/compare/england-vs-iceland/,england vs iceland,170,iceland vs england,40,england vs iceland,170,210
honduras-vs-indonesia,https://tabiji.ai/compare/honduras-vs-indonesia/,honduras vs indonesia,170,indonesia vs honduras,40,honduras vs indonesia,170,210
north-macedonia-vs-switzerland,https://tabiji.ai/compare/north-macedonia-vs-switzerland/,north macedonia vs switzerland,170,switzerland vs north macedonia,40,north macedonia vs switzerland,170,210
crete-vs-mykonos,https://tabiji.ai/compare/crete-vs-mykonos/,crete vs mykonos,140,mykonos vs crete,70,crete vs mykonos,140,210
dublin-vs-galway,https://tabiji.ai/compare/dublin-vs-galway/,dublin vs galway,70,galway vs dublin,140,galway vs dublin,140,210
egypt-vs-ghana,https://tabiji.ai/compare/egypt-vs-ghana/,egypt vs ghana,140,ghana vs egypt,70,egypt vs ghana,140,210
florida-vs-montreal,https://tabiji.ai/compare/florida-vs-montreal/,florida vs montreal,140,montreal vs florida,70,florida vs montreal,140,210
namibia-vs-oman,https://tabiji.ai/compare/namibia-vs-oman/,namibia vs oman,140,oman vs namibia,70,namibia vs oman,140,210
nepal-vs-sri-lanka,https://tabiji.ai/compare/nepal-vs-sri-lanka/,nepal vs sri lanka,140,sri lanka vs nepal,70,nepal vs sri lanka,140,210
nicaragua-vs-united-states,https://tabiji.ai/compare/nicaragua-vs-united-states/,nicaragua vs united states,140,united states vs nicaragua,70,nicaragua vs united states,140,210
norway-vs-usa,https://tabiji.ai/compare/norway-vs-usa/,norway vs usa,140,usa vs norway,70,norway vs usa,140,210
jordan-vs-qatar,https://tabiji.ai/compare/jordan-vs-qatar/,jordan vs qatar,140,qatar vs jordan,70,jordan vs qatar,140,210
slovenia-vs-usa,https://tabiji.ai/compare/slovenia-vs-usa/,slovenia vs usa,70,usa vs slovenia,140,usa vs slovenia,140,210
costa-rica-vs-new-zealand,https://tabiji.ai/compare/costa-rica-vs-new-zealand/,costa rica vs new zealand,170,new zealand vs costa rica,30,costa rica vs new zealand,170,200
canada-vs-croatia,https://tabiji.ai/compare/canada-vs-croatia/,canada vs croatia,30,croatia vs canada,170,croatia vs canada,170,200
denmark-vs-slovenia,https://tabiji.ai/compare/denmark-vs-slovenia/,denmark vs slovenia,30,slovenia vs denmark,170,slovenia vs denmark,170,200
dominican-republic-vs-honduras,https://tabiji.ai/compare/dominican-republic-vs-honduras/,dominican republic vs honduras,30,honduras vs dominican republic,170,honduras vs dominican republic,170,200
iceland-vs-israel,https://tabiji.ai/compare/iceland-vs-israel/,iceland vs israel,30,israel vs iceland,170,israel vs iceland,170,200
england-vs-london,https://tabiji.ai/compare/england-vs-london/,england vs london,170,london vs england,30,england vs london,170,200
albania-vs-romania,https://tabiji.ai/compare/albania-vs-romania/,albania vs romania,110,romania vs albania,90,albania vs romania,110,200
aruba-vs-belize,https://tabiji.ai/compare/aruba-vs-belize/,aruba vs belize,110,belize vs aruba,90,aruba vs belize,110,200
austria-vs-norway,https://tabiji.ai/compare/austria-vs-norway/,austria vs norway,110,norway vs austria,90,austria vs norway,110,200
bahamas-vs-dominican-republic,https://tabiji.ai/compare/bahamas-vs-dominican-republic/,bahamas vs dominican republic,110,dominican republic vs bahamas,90,bahamas vs dominican republic,110,200
bahamas-vs-barbados,https://tabiji.ai/compare/bahamas-vs-barbados/,bahamas vs barbados,90,barbados vs bahamas,110,barbados vs bahamas,110,200
bahamas-vs-mexico,https://tabiji.ai/compare/bahamas-vs-mexico/,bahamas vs mexico,90,mexico vs bahamas,110,mexico vs bahamas,110,200
belgium-vs-mexico,https://tabiji.ai/compare/belgium-vs-mexico/,belgium vs mexico,90,mexico vs belgium,110,mexico vs belgium,110,200
belize-vs-mexico,https://tabiji.ai/compare/belize-vs-mexico/,belize vs mexico,110,mexico vs belize,90,belize vs mexico,110,200
boracay-vs-el-nido,https://tabiji.ai/compare/boracay-vs-el-nido/,boracay vs el nido,90,el nido vs boracay,110,el nido vs boracay,110,200
cabo-vs-tulum,https://tabiji.ai/compare/cabo-vs-tulum/,cabo vs tulum,90,tulum vs cabo,110,tulum vs cabo,110,200
cambodia-vs-malaysia,https://tabiji.ai/compare/cambodia-vs-malaysia/,cambodia vs malaysia,110,malaysia vs cambodia,90,cambodia vs malaysia,110,200
czech-republic-vs-estonia,https://tabiji.ai/compare/czech-republic-vs-estonia/,czech republic vs estonia,110,estonia vs czech republic,90,czech republic vs estonia,110,200
czech-republic-vs-poland,https://tabiji.ai/compare/czech-republic-vs-poland/,czech republic vs poland,110,poland vs czech republic,90,czech republic vs poland,110,200
ireland-vs-luxembourg,https://tabiji.ai/compare/ireland-vs-luxembourg/,ireland vs luxembourg,90,luxembourg vs ireland,110,luxembourg vs ireland,110,200
italy-vs-malta,https://tabiji.ai/compare/italy-vs-malta/,italy vs malta,90,malta vs italy,110,malta vs italy,110,200
philippines-vs-united-states,https://tabiji.ai/compare/philippines-vs-united-states/,philippines vs united states,90,united states vs philippines,110,united states vs philippines,110,200
italy-vs-poland,https://tabiji.ai/compare/italy-vs-poland/,italy vs poland,110,poland vs italy,90,italy vs poland,110,200
japan-vs-poland,https://tabiji.ai/compare/japan-vs-poland/,japan vs poland,110,poland vs japan,90,japan vs poland,110,200
israel-vs-qatar,https://tabiji.ai/compare/israel-vs-qatar/,israel vs qatar,110,qatar vs israel,90,israel vs qatar,110,200
australia-vs-sweden,https://tabiji.ai/compare/australia-vs-sweden/,australia vs sweden,90,sweden vs australia,110,sweden vs australia,110,200
aruba-vs-cancun,https://tabiji.ai/compare/aruba-vs-cancun/,aruba vs cancun,170,cancun vs aruba,20,aruba vs cancun,170,190
aruba-vs-punta-cana,https://tabiji.ai/compare/aruba-vs-punta-cana/,aruba vs punta cana,140,punta cana vs aruba,50,aruba vs punta cana,140,190
czech-republic-vs-montenegro,https://tabiji.ai/compare/czech-republic-vs-montenegro/,czech republic vs montenegro,140,montenegro vs czech republic,50,czech republic vs montenegro,140,190
fiji-vs-scotland,https://tabiji.ai/compare/fiji-vs-scotland/,fiji vs scotland,140,scotland vs fiji,50,fiji vs scotland,140,190
interlaken-vs-lucerne,https://tabiji.ai/compare/interlaken-vs-lucerne/,interlaken vs lucerne,50,lucerne vs interlaken,140,lucerne vs interlaken,140,190
sweden-vs-uk,https://tabiji.ai/compare/sweden-vs-uk/,sweden vs uk,10,uk vs sweden,170,uk vs sweden,170,180
belgium-vs-usa,https://tabiji.ai/compare/belgium-vs-usa/,belgium vs usa,40,usa vs belgium,140,usa vs belgium,140,180
calgary-vs-vancouver,https://tabiji.ai/compare/calgary-vs-vancouver/,calgary vs vancouver,140,vancouver vs calgary,40,calgary vs vancouver,140,180
cuba-vs-granada,https://tabiji.ai/compare/cuba-vs-granada/,cuba vs granada,40,granada vs cuba,140,granada vs cuba,140,180
greece-vs-romania,https://tabiji.ai/compare/greece-vs-romania/,greece vs romania,140,romania vs greece,40,greece vs romania,140,180
india-vs-israel,https://tabiji.ai/compare/india-vs-israel/,india vs israel,140,israel vs india,40,india vs israel,140,180
london-vs-uk,https://tabiji.ai/compare/london-vs-uk/,london vs uk,140,uk vs london,40,london vs uk,140,180
malaysia-vs-philippines,https://tabiji.ai/compare/malaysia-vs-philippines/,malaysia vs philippines,140,philippines vs malaysia,40,malaysia vs philippines,140,180
nepal-vs-thailand,https://tabiji.ai/compare/nepal-vs-thailand/,nepal vs thailand,40,thailand vs nepal,140,thailand vs nepal,140,180
bulgaria-vs-italy,https://tabiji.ai/compare/bulgaria-vs-italy/,bulgaria vs italy,110,italy vs bulgaria,70,bulgaria vs italy,110,180
bulgaria-vs-serbia,https://tabiji.ai/compare/bulgaria-vs-serbia/,bulgaria vs serbia,70,serbia vs bulgaria,110,serbia vs bulgaria,110,180
denmark-vs-switzerland,https://tabiji.ai/compare/denmark-vs-switzerland/,denmark vs switzerland,70,switzerland vs denmark,110,switzerland vs denmark,110,180
egypt-vs-uae,https://tabiji.ai/compare/egypt-vs-uae/,egypt vs uae,110,uae vs egypt,70,egypt vs uae,110,180
lake-como-vs-lake-maggiore,https://tabiji.ai/compare/lake-como-vs-lake-maggiore/,lake como vs lake maggiore,70,lake maggiore vs lake como,110,lake maggiore vs lake como,110,180
chile-vs-samoa,https://tabiji.ai/compare/chile-vs-samoa/,chile vs samoa,70,samoa vs chile,110,samoa vs chile,110,180
amalfi-coast-vs-sorrento,https://tabiji.ai/compare/amalfi-coast-vs-sorrento/,amalfi coast vs sorrento,90,sorrento vs amalfi coast,90,amalfi coast vs sorrento,90,180
aruba-vs-dominican-republic,https://tabiji.ai/compare/aruba-vs-dominican-republic/,aruba vs dominican republic,90,dominican republic vs aruba,90,aruba vs dominican republic,90,180
austria-vs-malta,https://tabiji.ai/compare/austria-vs-malta/,austria vs malta,90,malta vs austria,90,austria vs malta,90,180
belize-vs-honduras,https://tabiji.ai/compare/belize-vs-honduras/,belize vs honduras,90,honduras vs belize,90,belize vs honduras,90,180
botswana-vs-south-africa,https://tabiji.ai/compare/botswana-vs-south-africa/,botswana vs south africa,90,south africa vs botswana,90,botswana vs south africa,90,180
bulgaria-vs-usa,https://tabiji.ai/compare/bulgaria-vs-usa/,bulgaria vs usa,90,usa vs bulgaria,90,bulgaria vs usa,90,180
cebu-vs-manila,https://tabiji.ai/compare/cebu-vs-manila/,cebu vs manila,90,manila vs cebu,90,cebu vs manila,90,180
croatia-vs-netherlands,https://tabiji.ai/compare/croatia-vs-netherlands/,croatia vs netherlands,90,netherlands vs croatia,90,croatia vs netherlands,90,180
albania-vs-cyprus,https://tabiji.ai/compare/albania-vs-cyprus/,albania vs cyprus,90,cyprus vs albania,90,albania vs cyprus,90,180
czech-republic-vs-lithuania,https://tabiji.ai/compare/czech-republic-vs-lithuania/,czech republic vs lithuania,90,lithuania vs czech republic,90,czech republic vs lithuania,90,180
indonesia-vs-singapore,https://tabiji.ai/compare/indonesia-vs-singapore/,indonesia vs singapore,90,singapore vs indonesia,90,indonesia vs singapore,90,180
latvia-vs-sweden,https://tabiji.ai/compare/latvia-vs-sweden/,latvia vs sweden,90,sweden vs latvia,90,latvia vs sweden,90,180
jamaica-vs-nicaragua,https://tabiji.ai/compare/jamaica-vs-nicaragua/,jamaica vs nicaragua,90,nicaragua vs jamaica,90,jamaica vs nicaragua,90,180
germany-vs-norway,https://tabiji.ai/compare/germany-vs-norway/,germany vs norway,90,norway vs germany,90,germany vs norway,90,180
playa-del-carmen-vs-riviera-maya,https://tabiji.ai/compare/playa-del-carmen-vs-riviera-maya/,playa del carmen vs riviera maya,90,riviera maya vs playa del carmen,90,playa del carmen vs riviera maya,90,180
romania-vs-usa,https://tabiji.ai/compare/romania-vs-usa/,romania vs usa,90,usa vs romania,90,romania vs usa,90,180
slovakia-vs-spain,https://tabiji.ai/compare/slovakia-vs-spain/,slovakia vs spain,90,spain vs slovakia,90,slovakia vs spain,90,180
costa-rica-vs-thailand,https://tabiji.ai/compare/costa-rica-vs-thailand/,costa rica vs thailand,90,thailand vs costa rica,90,costa rica vs thailand,90,180
jamaica-vs-turks-and-caicos,https://tabiji.ai/compare/jamaica-vs-turks-and-caicos/,jamaica vs turks and caicos,90,turks and caicos vs jamaica,90,jamaica vs turks and caicos,90,180
sydney-vs-wellington,https://tabiji.ai/compare/sydney-vs-wellington/,sydney vs wellington,90,wellington vs sydney,90,sydney vs wellington,90,180
dubai-vs-split,https://tabiji.ai/compare/dubai-vs-split/,dubai vs split,170,split vs dubai,0,dubai vs split,170,170
israel-vs-portugal,https://tabiji.ai/compare/israel-vs-portugal/,israel vs portugal,0,portugal vs israel,170,portugal vs israel,170,170
singapore-vs-tanzania,https://tabiji.ai/compare/singapore-vs-tanzania/,singapore vs tanzania,0,tanzania vs singapore,170,tanzania vs singapore,170,170
barbados-vs-turks-and-caicos,https://tabiji.ai/compare/barbados-vs-turks-and-caicos/,barbados vs turks and caicos,140,turks and caicos vs barbados,30,barbados vs turks and caicos,140,170
czech-republic-vs-greece,https://tabiji.ai/compare/czech-republic-vs-greece/,czech republic vs greece,140,greece vs czech republic,30,czech republic vs greece,140,170
czech-republic-vs-latvia,https://tabiji.ai/compare/czech-republic-vs-latvia/,czech republic vs latvia,140,latvia vs czech republic,30,czech republic vs latvia,140,170
egypt-vs-portugal,https://tabiji.ai/compare/egypt-vs-portugal/,egypt vs portugal,30,portugal vs egypt,140,portugal vs egypt,140,170
egypt-vs-rome,https://tabiji.ai/compare/egypt-vs-rome/,egypt vs rome,30,rome vs egypt,140,rome vs egypt,140,170
argentina-vs-scotland,https://tabiji.ai/compare/argentina-vs-scotland/,argentina vs scotland,30,scotland vs argentina,140,scotland vs argentina,140,170
austria-vs-poland,https://tabiji.ai/compare/austria-vs-poland/,austria vs poland,20,poland vs austria,140,poland vs austria,140,160
bora-bora-vs-hawaii,https://tabiji.ai/compare/bora-bora-vs-hawaii/,bora bora vs hawaii,140,hawaii vs bora bora,20,bora bora vs hawaii,140,160
czech-republic-vs-georgia,https://tabiji.ai/compare/czech-republic-vs-georgia/,czech republic vs georgia,140,georgia vs czech republic,20,czech republic vs georgia,140,160
hong-kong-vs-liverpool,https://tabiji.ai/compare/hong-kong-vs-liverpool/,hong kong vs liverpool,140,liverpool vs hong kong,20,hong kong vs liverpool,140,160
iceland-vs-usa,https://tabiji.ai/compare/iceland-vs-usa/,iceland vs usa,20,usa vs iceland,140,usa vs iceland,140,160
india-vs-laos,https://tabiji.ai/compare/india-vs-laos/,india vs laos,140,laos vs india,20,india vs laos,140,160
lebanon-vs-oman,https://tabiji.ai/compare/lebanon-vs-oman/,lebanon vs oman,20,oman vs lebanon,140,oman vs lebanon,140,160
australia-vs-namibia,https://tabiji.ai/compare/australia-vs-namibia/,australia vs namibia,20,namibia vs australia,140,namibia vs australia,140,160
scotland-vs-uk,https://tabiji.ai/compare/scotland-vs-uk/,scotland vs uk,140,uk vs scotland,20,scotland vs uk,140,160
australia-vs-vietnam,https://tabiji.ai/compare/australia-vs-vietnam/,australia vs vietnam,20,vietnam vs australia,140,vietnam vs australia,140,160
amalfi-coast-vs-sicily,https://tabiji.ai/compare/amalfi-coast-vs-sicily/,amalfi coast vs sicily,50,sicily vs amalfi coast,110,sicily vs amalfi coast,110,160
croatia-vs-denmark,https://tabiji.ai/compare/croatia-vs-denmark/,croatia vs denmark,110,denmark vs croatia,50,croatia vs denmark,110,160
australia-vs-fiji,https://tabiji.ai/compare/australia-vs-fiji/,australia vs fiji,110,fiji vs australia,50,australia vs fiji,110,160
fiji-vs-france,https://tabiji.ai/compare/fiji-vs-france/,fiji vs france,50,france vs fiji,110,france vs fiji,110,160
barcelona-vs-gran-canaria,https://tabiji.ai/compare/barcelona-vs-gran-canaria/,barcelona vs gran canaria,50,gran canaria vs barcelona,110,gran canaria vs barcelona,110,160
kyrgyzstan-vs-uae,https://tabiji.ai/compare/kyrgyzstan-vs-uae/,kyrgyzstan vs uae,50,uae vs kyrgyzstan,110,uae vs kyrgyzstan,110,160
nicaragua-vs-spain,https://tabiji.ai/compare/nicaragua-vs-spain/,nicaragua vs spain,50,spain vs nicaragua,110,spain vs nicaragua,110,160
philippines-vs-usa,https://tabiji.ai/compare/philippines-vs-usa/,philippines vs usa,50,usa vs philippines,110,usa vs philippines,110,160
porto-vs-salzburg,https://tabiji.ai/compare/porto-vs-salzburg/,porto vs salzburg,110,salzburg vs porto,50,porto vs salzburg,110,160
amalfi-coast-vs-naples,https://tabiji.ai/compare/amalfi-coast-vs-naples/,amalfi coast vs naples,70,naples vs amalfi coast,90,naples vs amalfi coast,90,160
antwerp-vs-bruges,https://tabiji.ai/compare/antwerp-vs-bruges/,antwerp vs bruges,90,bruges vs antwerp,70,antwerp vs bruges,90,160
aruba-vs-japan,https://tabiji.ai/compare/aruba-vs-japan/,aruba vs japan,90,japan vs aruba,70,aruba vs japan,90,160
belgium-vs-sweden,https://tabiji.ai/compare/belgium-vs-sweden/,belgium vs sweden,90,sweden vs belgium,70,belgium vs sweden,90,160
bulgaria-vs-mexico,https://tabiji.ai/compare/bulgaria-vs-mexico/,bulgaria vs mexico,70,mexico vs bulgaria,90,mexico vs bulgaria,90,160
cabo-vs-punta-cana,https://tabiji.ai/compare/cabo-vs-punta-cana/,cabo vs punta cana,90,punta cana vs cabo,70,cabo vs punta cana,90,160
cambodia-vs-philippines,https://tabiji.ai/compare/cambodia-vs-philippines/,cambodia vs philippines,90,philippines vs cambodia,70,cambodia vs philippines,90,160
cambodia-vs-singapore,https://tabiji.ai/compare/cambodia-vs-singapore/,cambodia vs singapore,70,singapore vs cambodia,90,singapore vs cambodia,90,160
croatia-vs-poland,https://tabiji.ai/compare/croatia-vs-poland/,croatia vs poland,90,poland vs croatia,70,croatia vs poland,90,160
croatia-vs-scotland,https://tabiji.ai/compare/croatia-vs-scotland/,croatia vs scotland,70,scotland vs croatia,90,scotland vs croatia,90,160
dubai-vs-miami,https://tabiji.ai/compare/dubai-vs-miami/,dubai vs miami,70,miami vs dubai,90,miami vs dubai,90,160
finland-vs-portugal,https://tabiji.ai/compare/finland-vs-portugal/,finland vs portugal,70,portugal vs finland,90,portugal vs finland,90,160
ghana-vs-kenya,https://tabiji.ai/compare/ghana-vs-kenya/,ghana vs kenya,70,kenya vs ghana,90,kenya vs ghana,90,160
lithuania-vs-romania,https://tabiji.ai/compare/lithuania-vs-romania/,lithuania vs romania,90,romania vs lithuania,70,lithuania vs romania,90,160
maui-vs-waikiki,https://tabiji.ai/compare/maui-vs-waikiki/,maui vs waikiki,90,waikiki vs maui,70,maui vs waikiki,90,160
naples-vs-sorrento,https://tabiji.ai/compare/naples-vs-sorrento/,naples vs sorrento,90,sorrento vs naples,70,naples vs sorrento,90,160
puerto-vallarta-vs-riviera-maya,https://tabiji.ai/compare/puerto-vallarta-vs-riviera-maya/,puerto vallarta vs riviera maya,90,riviera maya vs puerto vallarta,70,puerto vallarta vs riviera maya,90,160
costa-rica-vs-punta-cana,https://tabiji.ai/compare/costa-rica-vs-punta-cana/,costa rica vs punta cana,90,punta cana vs costa rica,70,costa rica vs punta cana,90,160
india-vs-qatar,https://tabiji.ai/compare/india-vs-qatar/,india vs qatar,70,qatar vs india,90,qatar vs india,90,160
costa-rica-vs-st-lucia,https://tabiji.ai/compare/costa-rica-vs-st-lucia/,costa rica vs st lucia,70,st lucia vs costa rica,90,st lucia vs costa rica,90,160
belgium-vs-ireland,https://tabiji.ai/compare/belgium-vs-ireland/,belgium vs ireland,140,ireland vs belgium,10,belgium vs ireland,140,150
cancun-vs-jamaica,https://tabiji.ai/compare/cancun-vs-jamaica/,cancun vs jamaica,10,jamaica vs cancun,140,jamaica vs cancun,140,150
czech-republic-vs-germany,https://tabiji.ai/compare/czech-republic-vs-germany/,czech republic vs germany,10,germany vs czech republic,140,germany vs czech republic,140,150
denmark-vs-north-macedonia,https://tabiji.ai/compare/denmark-vs-north-macedonia/,denmark vs north macedonia,140,north macedonia vs denmark,10,denmark vs north macedonia,140,150
kyrgyzstan-vs-nepal,https://tabiji.ai/compare/kyrgyzstan-vs-nepal/,kyrgyzstan vs nepal,10,nepal vs kyrgyzstan,140,nepal vs kyrgyzstan,140,150
scotland-vs-switzerland,https://tabiji.ai/compare/scotland-vs-switzerland/,scotland vs switzerland,140,switzerland vs scotland,10,scotland vs switzerland,140,150
albania-vs-greece,https://tabiji.ai/compare/albania-vs-greece/,albania vs greece,110,greece vs albania,40,albania vs greece,110,150
botswana-vs-egypt,https://tabiji.ai/compare/botswana-vs-egypt/,botswana vs egypt,40,egypt vs botswana,110,egypt vs botswana,110,150
bulgaria-vs-romania,https://tabiji.ai/compare/bulgaria-vs-romania/,bulgaria vs romania,40,romania vs bulgaria,110,romania vs bulgaria,110,150
cancun-vs-costa-rica,https://tabiji.ai/compare/cancun-vs-costa-rica/,cancun vs costa rica,40,costa rica vs cancun,110,costa rica vs cancun,110,150
iceland-vs-serbia,https://tabiji.ai/compare/iceland-vs-serbia/,iceland vs serbia,40,serbia vs iceland,110,serbia vs iceland,110,150
hawaii-vs-maui,https://tabiji.ai/compare/hawaii-vs-maui/,hawaii vs maui,40,maui vs hawaii,110,maui vs hawaii,110,150
aruba-vs-puerto-rico,https://tabiji.ai/compare/aruba-vs-puerto-rico/,aruba vs puerto rico,140,puerto rico vs aruba,0,aruba vs puerto rico,140,140
aruba-vs-cambodia,https://tabiji.ai/compare/aruba-vs-cambodia/,aruba vs cambodia,0,cambodia vs aruba,140,cambodia vs aruba,140,140
cartagena-vs-granada,https://tabiji.ai/compare/cartagena-vs-granada/,cartagena vs granada,0,granada vs cartagena,140,granada vs cartagena,140,140
croatia-vs-usa,https://tabiji.ai/compare/croatia-vs-usa/,croatia vs usa,30,usa vs croatia,110,usa vs croatia,110,140
england-vs-hungary,https://tabiji.ai/compare/england-vs-hungary/,england vs hungary,110,hungary vs england,30,england vs hungary,110,140
kenya-vs-namibia,https://tabiji.ai/compare/kenya-vs-namibia/,kenya vs namibia,30,namibia vs kenya,110,namibia vs kenya,110,140
india-vs-namibia,https://tabiji.ai/compare/india-vs-namibia/,india vs namibia,110,namibia vs india,30,india vs namibia,110,140
bahrain-vs-tanzania,https://tabiji.ai/compare/bahrain-vs-tanzania/,bahrain vs tanzania,90,tanzania vs bahrain,50,bahrain vs tanzania,90,140
barbados-vs-trinidad-and-tobago,https://tabiji.ai/compare/barbados-vs-trinidad-and-tobago/,barbados vs trinidad and tobago,50,trinidad and tobago vs barbados,90,trinidad and tobago vs barbados,90,140
estonia-vs-lithuania,https://tabiji.ai/compare/estonia-vs-lithuania/,estonia vs lithuania,90,lithuania vs estonia,50,estonia vs lithuania,90,140
estonia-vs-sweden,https://tabiji.ai/compare/estonia-vs-sweden/,estonia vs sweden,50,sweden vs estonia,90,sweden vs estonia,90,140
norway-vs-slovenia,https://tabiji.ai/compare/norway-vs-slovenia/,norway vs slovenia,90,slovenia vs norway,50,norway vs slovenia,90,140
ireland-vs-slovakia,https://tabiji.ai/compare/ireland-vs-slovakia/,ireland vs slovakia,90,slovakia vs ireland,50,ireland vs slovakia,90,140
antigua-vs-curacao,https://tabiji.ai/compare/antigua-vs-curacao/,antigua vs curacao,70,curacao vs antigua,70,antigua vs curacao,70,140
bahamas-vs-maldives,https://tabiji.ai/compare/bahamas-vs-maldives/,bahamas vs maldives,70,maldives vs bahamas,70,bahamas vs maldives,70,140
barbados-vs-bermuda,https://tabiji.ai/compare/barbados-vs-bermuda/,barbados vs bermuda,70,bermuda vs barbados,70,barbados vs bermuda,70,140
dominican-republic-vs-panama,https://tabiji.ai/compare/dominican-republic-vs-panama/,dominican republic vs panama,70,panama vs dominican republic,70,dominican republic vs panama,70,140
egypt-vs-uruguay,https://tabiji.ai/compare/egypt-vs-uruguay/,egypt vs uruguay,70,uruguay vs egypt,70,egypt vs uruguay,70,140
brazil-vs-ghana,https://tabiji.ai/compare/brazil-vs-ghana/,brazil vs ghana,70,ghana vs brazil,70,brazil vs ghana,70,140
argentina-vs-iceland,https://tabiji.ai/compare/argentina-vs-iceland/,argentina vs iceland,70,iceland vs argentina,70,argentina vs iceland,70,140
iceland-vs-sweden,https://tabiji.ai/compare/iceland-vs-sweden/,iceland vs sweden,70,sweden vs iceland,70,iceland vs sweden,70,140
french-polynesia-vs-maldives,https://tabiji.ai/compare/french-polynesia-vs-maldives/,french polynesia vs maldives,70,maldives vs french polynesia,70,french polynesia vs maldives,70,140
montenegro-vs-serbia,https://tabiji.ai/compare/montenegro-vs-serbia/,montenegro vs serbia,70,serbia vs montenegro,70,montenegro vs serbia,70,140
milan-vs-naples,https://tabiji.ai/compare/milan-vs-naples/,milan vs naples,70,naples vs milan,70,milan vs naples,70,140
nicaragua-vs-south-africa,https://tabiji.ai/compare/nicaragua-vs-south-africa/,nicaragua vs south africa,70,south africa vs nicaragua,70,nicaragua vs south africa,70,140
england-vs-norway,https://tabiji.ai/compare/england-vs-norway/,england vs norway,70,norway vs england,70,england vs norway,70,140
philippines-vs-singapore,https://tabiji.ai/compare/philippines-vs-singapore/,philippines vs singapore,70,singapore vs philippines,70,philippines vs singapore,70,140
australia-vs-qatar,https://tabiji.ai/compare/australia-vs-qatar/,australia vs qatar,70,qatar vs australia,70,australia vs qatar,70,140
argentina-vs-romania,https://tabiji.ai/compare/argentina-vs-romania/,argentina vs romania,70,romania vs argentina,70,argentina vs romania,70,140
romania-vs-rome,https://tabiji.ai/compare/romania-vs-rome/,romania vs rome,70,rome vs romania,70,romania vs rome,70,140
singapore-vs-usa,https://tabiji.ai/compare/singapore-vs-usa/,singapore vs usa,70,usa vs singapore,70,singapore vs usa,70,140
poland-vs-switzerland,https://tabiji.ai/compare/poland-vs-switzerland/,poland vs switzerland,70,switzerland vs poland,70,poland vs switzerland,70,140
riviera-maya-vs-tulum,https://tabiji.ai/compare/riviera-maya-vs-tulum/,riviera maya vs tulum,70,tulum vs riviera maya,70,riviera maya vs tulum,70,140
india-vs-vietnam,https://tabiji.ai/compare/india-vs-vietnam/,india vs vietnam,70,vietnam vs india,70,india vs vietnam,70,140
antigua-vs-honduras,https://tabiji.ai/compare/antigua-vs-honduras/,antigua vs honduras,20,honduras vs antigua,110,honduras vs antigua,110,130
austria-vs-italy,https://tabiji.ai/compare/austria-vs-italy/,austria vs italy,20,italy vs austria,110,italy vs austria,110,130
azores-vs-hawaii,https://tabiji.ai/compare/azores-vs-hawaii/,azores vs hawaii,110,hawaii vs azores,20,azores vs hawaii,110,130
denmark-vs-united-states,https://tabiji.ai/compare/denmark-vs-united-states/,denmark vs united states,110,united states vs denmark,20,denmark vs united states,110,130
dubai-vs-new-york,https://tabiji.ai/compare/dubai-vs-new-york/,dubai vs new york,110,new york vs dubai,20,dubai vs new york,110,130
kenya-vs-qatar,https://tabiji.ai/compare/kenya-vs-qatar/,kenya vs qatar,110,qatar vs kenya,20,kenya vs qatar,110,130
laos-vs-philippines,https://tabiji.ai/compare/laos-vs-philippines/,laos vs philippines,110,philippines vs laos,20,laos vs philippines,110,130
norway-vs-united-states,https://tabiji.ai/compare/norway-vs-united-states/,norway vs united states,110,united states vs norway,20,norway vs united states,110,130
australia-vs-bahrain,https://tabiji.ai/compare/australia-vs-bahrain/,australia vs bahrain,40,bahrain vs australia,90,bahrain vs australia,90,130
calgary-vs-toronto,https://tabiji.ai/compare/calgary-vs-toronto/,calgary vs toronto,90,toronto vs calgary,40,calgary vs toronto,90,130
england-vs-malta,https://tabiji.ai/compare/england-vs-malta/,england vs malta,40,malta vs england,90,malta vs england,90,130
romania-vs-slovakia,https://tabiji.ai/compare/romania-vs-slovakia/,romania vs slovakia,40,slovakia vs romania,90,slovakia vs romania,90,130
peru-vs-uzbekistan,https://tabiji.ai/compare/peru-vs-uzbekistan/,peru vs uzbekistan,90,uzbekistan vs peru,40,peru vs uzbekistan,90,130
cyprus-vs-turkey,https://tabiji.ai/compare/cyprus-vs-turkey/,cyprus vs turkey,110,turkey vs cyprus,10,cyprus vs turkey,110,120
qatar-vs-samoa,https://tabiji.ai/compare/qatar-vs-samoa/,qatar vs samoa,10,samoa vs qatar,110,samoa vs qatar,110,120
italy-vs-serbia,https://tabiji.ai/compare/italy-vs-serbia/,italy vs serbia,10,serbia vs italy,110,serbia vs italy,110,120
bahamas-vs-punta-cana,https://tabiji.ai/compare/bahamas-vs-punta-cana/,bahamas vs punta cana,30,punta cana vs bahamas,90,punta cana vs bahamas,90,120
bermuda-vs-dominican-republic,https://tabiji.ai/compare/bermuda-vs-dominican-republic/,bermuda vs dominican republic,30,dominican republic vs bermuda,90,dominican republic vs bermuda,90,120
colombia-vs-croatia,https://tabiji.ai/compare/colombia-vs-croatia/,colombia vs croatia,90,croatia vs colombia,30,colombia vs croatia,90,120
czech-republic-vs-ireland,https://tabiji.ai/compare/czech-republic-vs-ireland/,czech republic vs ireland,30,ireland vs czech republic,90,ireland vs czech republic,90,120
estonia-vs-slovenia,https://tabiji.ai/compare/estonia-vs-slovenia/,estonia vs slovenia,30,slovenia vs estonia,90,slovenia vs estonia,90,120
hungary-vs-scotland,https://tabiji.ai/compare/hungary-vs-scotland/,hungary vs scotland,30,scotland vs hungary,90,scotland vs hungary,90,120
laos-vs-sri-lanka,https://tabiji.ai/compare/laos-vs-sri-lanka/,laos vs sri lanka,90,sri lanka vs laos,30,laos vs sri lanka,90,120
brazil-vs-norway,https://tabiji.ai/compare/brazil-vs-norway/,brazil vs norway,30,norway vs brazil,90,norway vs brazil,90,120
mexico-vs-philippines,https://tabiji.ai/compare/mexico-vs-philippines/,mexico vs philippines,90,philippines vs mexico,30,mexico vs philippines,90,120
brazil-vs-poland,https://tabiji.ai/compare/brazil-vs-poland/,brazil vs poland,30,poland vs brazil,90,poland vs brazil,90,120
punta-cana-vs-riviera-maya,https://tabiji.ai/compare/punta-cana-vs-riviera-maya/,punta cana vs riviera maya,90,riviera maya vs punta cana,30,punta cana vs riviera maya,90,120
punta-cana-vs-turks-and-caicos,https://tabiji.ai/compare/punta-cana-vs-turks-and-caicos/,punta cana vs turks and caicos,30,turks and caicos vs punta cana,90,turks and caicos vs punta cana,90,120
mexico-vs-uzbekistan,https://tabiji.ai/compare/mexico-vs-uzbekistan/,mexico vs uzbekistan,90,uzbekistan vs mexico,30,mexico vs uzbekistan,90,120
bangkok-vs-ho-chi-minh-city,https://tabiji.ai/compare/bangkok-vs-ho-chi-minh-city/,bangkok vs ho chi minh city,70,ho chi minh city vs bangkok,50,bangkok vs ho chi minh city,70,120
cyprus-vs-lithuania,https://tabiji.ai/compare/cyprus-vs-lithuania/,cyprus vs lithuania,50,lithuania vs cyprus,70,lithuania vs cyprus,70,120
dominican-republic-vs-turks-and-caicos,https://tabiji.ai/compare/dominican-republic-vs-turks-and-caicos/,dominican republic vs turks and caicos,50,turks and caicos vs dominican republic,70,turks and caicos vs dominican republic,70,120
germany-vs-greece,https://tabiji.ai/compare/germany-vs-greece/,germany vs greece,70,greece vs germany,50,germany vs greece,70,120
cabo-san-lucas-vs-punta-cana,https://tabiji.ai/compare/cabo-san-lucas-vs-punta-cana/,cabo san lucas vs punta cana,50,punta cana vs cabo san lucas,70,punta cana vs cabo san lucas,70,120
italy-vs-romania,https://tabiji.ai/compare/italy-vs-romania/,italy vs romania,70,romania vs italy,50,italy vs romania,70,120
qatar-vs-south-korea,https://tabiji.ai/compare/qatar-vs-south-korea/,qatar vs south korea,50,south korea vs qatar,70,south korea vs qatar,70,120
ireland-vs-switzerland,https://tabiji.ai/compare/ireland-vs-switzerland/,ireland vs switzerland,50,switzerland vs ireland,70,switzerland vs ireland,70,120
mallorca-vs-tenerife,https://tabiji.ai/compare/mallorca-vs-tenerife/,mallorca vs tenerife,50,tenerife vs mallorca,70,tenerife vs mallorca,70,120
argentina-vs-belgium,https://tabiji.ai/compare/argentina-vs-belgium/,argentina vs belgium,110,belgium vs argentina,0,argentina vs belgium,110,110
calgary-vs-chicago,https://tabiji.ai/compare/calgary-vs-chicago/,calgary vs chicago,110,chicago vs calgary,0,calgary vs chicago,110,110
azerbaijan-vs-montenegro,https://tabiji.ai/compare/azerbaijan-vs-montenegro/,azerbaijan vs montenegro,90,montenegro vs azerbaijan,20,azerbaijan vs montenegro,90,110
bahamas-vs-uruguay,https://tabiji.ai/compare/bahamas-vs-uruguay/,bahamas vs uruguay,20,uruguay vs bahamas,90,uruguay vs bahamas,90,110
croatia-vs-egypt,https://tabiji.ai/compare/croatia-vs-egypt/,croatia vs egypt,20,egypt vs croatia,90,egypt vs croatia,90,110
hungary-vs-luxembourg,https://tabiji.ai/compare/hungary-vs-luxembourg/,hungary vs luxembourg,90,luxembourg vs hungary,20,hungary vs luxembourg,90,110
lebanon-vs-myanmar,https://tabiji.ai/compare/lebanon-vs-myanmar/,lebanon vs myanmar,20,myanmar vs lebanon,90,myanmar vs lebanon,90,110
naxos-vs-santorini,https://tabiji.ai/compare/naxos-vs-santorini/,naxos vs santorini,90,santorini vs naxos,20,naxos vs santorini,90,110
nicaragua-vs-peru,https://tabiji.ai/compare/nicaragua-vs-peru/,nicaragua vs peru,20,peru vs nicaragua,90,peru vs nicaragua,90,110
slovenia-vs-united-states,https://tabiji.ai/compare/slovenia-vs-united-states/,slovenia vs united states,20,united states vs slovenia,90,united states vs slovenia,90,110
hawaii-vs-st-lucia,https://tabiji.ai/compare/hawaii-vs-st-lucia/,hawaii vs st lucia,20,st lucia vs hawaii,90,st lucia vs hawaii,90,110
thailand-vs-usa,https://tabiji.ai/compare/thailand-vs-usa/,thailand vs usa,20,usa vs thailand,90,usa vs thailand,90,110
barbados-vs-mexico,https://tabiji.ai/compare/barbados-vs-mexico/,barbados vs mexico,40,mexico vs barbados,70,mexico vs barbados,70,110
bulgaria-vs-israel,https://tabiji.ai/compare/bulgaria-vs-israel/,bulgaria vs israel,40,israel vs bulgaria,70,israel vs bulgaria,70,110
calgary-vs-montreal,https://tabiji.ai/compare/calgary-vs-montreal/,calgary vs montreal,40,montreal vs calgary,70,montreal vs calgary,70,110
egypt-vs-mexico,https://tabiji.ai/compare/egypt-vs-mexico/,egypt vs mexico,40,mexico vs egypt,70,mexico vs egypt,70,110
hungary-vs-malta,https://tabiji.ai/compare/hungary-vs-malta/,hungary vs malta,40,malta vs hungary,70,malta vs hungary,70,110
koh-samui-vs-koh-tao,https://tabiji.ai/compare/koh-samui-vs-koh-tao/,koh samui vs koh tao,70,koh tao vs koh samui,40,koh samui vs koh tao,70,110
france-vs-luxembourg,https://tabiji.ai/compare/france-vs-luxembourg/,france vs luxembourg,70,luxembourg vs france,40,france vs luxembourg,70,110
india-vs-malaysia,https://tabiji.ai/compare/india-vs-malaysia/,india vs malaysia,70,malaysia vs india,40,india vs malaysia,70,110
curacao-vs-ecuador,https://tabiji.ai/compare/curacao-vs-ecuador/,curacao vs ecuador,10,ecuador vs curacao,90,ecuador vs curacao,90,100
curacao-vs-germany,https://tabiji.ai/compare/curacao-vs-germany/,curacao vs germany,10,germany vs curacao,90,germany vs curacao,90,100
england-vs-samoa,https://tabiji.ai/compare/england-vs-samoa/,england vs samoa,90,samoa vs england,10,england vs samoa,90,100
netherlands-vs-switzerland,https://tabiji.ai/compare/netherlands-vs-switzerland/,netherlands vs switzerland,10,switzerland vs netherlands,90,switzerland vs netherlands,90,100
bahamas-vs-st-lucia,https://tabiji.ai/compare/bahamas-vs-st-lucia/,bahamas vs st lucia,30,st lucia vs bahamas,70,st lucia vs bahamas,70,100
belgium-vs-montenegro,https://tabiji.ai/compare/belgium-vs-montenegro/,belgium vs montenegro,30,montenegro vs belgium,70,montenegro vs belgium,70,100
belize-vs-cancun,https://tabiji.ai/compare/belize-vs-cancun/,belize vs cancun,70,cancun vs belize,30,belize vs cancun,70,100
brisbane-vs-gold-coast,https://tabiji.ai/compare/brisbane-vs-gold-coast/,brisbane vs gold coast,70,gold coast vs brisbane,30,brisbane vs gold coast,70,100
bulgaria-vs-hungary,https://tabiji.ai/compare/bulgaria-vs-hungary/,bulgaria vs hungary,70,hungary vs bulgaria,30,bulgaria vs hungary,70,100
croatia-vs-germany,https://tabiji.ai/compare/croatia-vs-germany/,croatia vs germany,30,germany vs croatia,70,germany vs croatia,70,100
finland-vs-hungary,https://tabiji.ai/compare/finland-vs-hungary/,finland vs hungary,30,hungary vs finland,70,hungary vs finland,70,100
lebanon-vs-south-korea,https://tabiji.ai/compare/lebanon-vs-south-korea/,lebanon vs south korea,30,south korea vs lebanon,70,south korea vs lebanon,70,100
finland-vs-montenegro,https://tabiji.ai/compare/finland-vs-montenegro/,finland vs montenegro,30,montenegro vs finland,70,montenegro vs finland,70,100
namibia-vs-usa,https://tabiji.ai/compare/namibia-vs-usa/,namibia vs usa,30,usa vs namibia,70,usa vs namibia,70,100
bahamas-vs-brazil,https://tabiji.ai/compare/bahamas-vs-brazil/,bahamas vs brazil,50,brazil vs bahamas,50,bahamas vs brazil,50,100
belize-vs-puerto-rico,https://tabiji.ai/compare/belize-vs-puerto-rico/,belize vs puerto rico,50,puerto rico vs belize,50,belize vs puerto rico,50,100
bermuda-vs-turks-and-caicos,https://tabiji.ai/compare/bermuda-vs-turks-and-caicos/,bermuda vs turks and caicos,50,turks and caicos vs bermuda,50,bermuda vs turks and caicos,50,100
argentina-vs-bulgaria,https://tabiji.ai/compare/argentina-vs-bulgaria/,argentina vs bulgaria,50,bulgaria vs argentina,50,argentina vs bulgaria,50,100
bulgaria-vs-germany,https://tabiji.ai/compare/bulgaria-vs-germany/,bulgaria vs germany,50,germany vs bulgaria,50,bulgaria vs germany,50,100
cyprus-vs-serbia,https://tabiji.ai/compare/cyprus-vs-serbia/,cyprus vs serbia,50,serbia vs cyprus,50,cyprus vs serbia,50,100
germany-vs-ghana,https://tabiji.ai/compare/germany-vs-ghana/,germany vs ghana,50,ghana vs germany,50,germany vs ghana,50,100
argentina-vs-greece,https://tabiji.ai/compare/argentina-vs-greece/,argentina vs greece,50,greece vs argentina,50,argentina vs greece,50,100
france-vs-hungary,https://tabiji.ai/compare/france-vs-hungary/,france vs hungary,50,hungary vs france,50,france vs hungary,50,100
hungary-vs-serbia,https://tabiji.ai/compare/hungary-vs-serbia/,hungary vs serbia,50,serbia vs hungary,50,hungary vs serbia,50,100
iceland-vs-turkey,https://tabiji.ai/compare/iceland-vs-turkey/,iceland vs turkey,50,turkey vs iceland,50,iceland vs turkey,50,100
koh-phi-phi-vs-koh-samui,https://tabiji.ai/compare/koh-phi-phi-vs-koh-samui/,koh phi phi vs koh samui,50,koh samui vs koh phi phi,50,koh phi phi vs koh samui,50,100
latvia-vs-slovakia,https://tabiji.ai/compare/latvia-vs-slovakia/,latvia vs slovakia,50,slovakia vs latvia,50,latvia vs slovakia,50,100
lebanon-vs-philippines,https://tabiji.ai/compare/lebanon-vs-philippines/,lebanon vs philippines,50,philippines vs lebanon,50,lebanon vs philippines,50,100
mexico-city-vs-sao-paulo,https://tabiji.ai/compare/mexico-city-vs-sao-paulo/,mexico city vs sao paulo,50,sao paulo vs mexico city,50,mexico city vs sao paulo,50,100
italy-vs-slovakia,https://tabiji.ai/compare/italy-vs-slovakia/,italy vs slovakia,50,slovakia vs italy,50,italy vs slovakia,50,100
greece-vs-slovenia,https://tabiji.ai/compare/greece-vs-slovenia/,greece vs slovenia,50,slovenia vs greece,50,greece vs slovenia,50,100
honduras-vs-switzerland,https://tabiji.ai/compare/honduras-vs-switzerland/,honduras vs switzerland,50,switzerland vs honduras,50,honduras vs switzerland,50,100
barcelona-vs-tenerife,https://tabiji.ai/compare/barcelona-vs-tenerife/,barcelona vs tenerife,50,tenerife vs barcelona,50,barcelona vs tenerife,50,100
france-vs-vietnam,https://tabiji.ai/compare/france-vs-vietnam/,france vs vietnam,50,vietnam vs france,50,france vs vietnam,50,100
bahamas-vs-granada,https://tabiji.ai/compare/bahamas-vs-granada/,bahamas vs granada,0,granada vs bahamas,90,granada vs bahamas,90,90
croatia-vs-united-states,https://tabiji.ai/compare/croatia-vs-united-states/,croatia vs united states,90,united states vs croatia,0,croatia vs united states,90,90
kenya-vs-uae,https://tabiji.ai/compare/kenya-vs-uae/,kenya vs uae,0,uae vs kenya,90,uae vs kenya,90,90
medellin-vs-texas,https://tabiji.ai/compare/medellin-vs-texas/,medellin vs texas,90,texas vs medellin,0,medellin vs texas,90,90
armenia-vs-romania,https://tabiji.ai/compare/armenia-vs-romania/,armenia vs romania,20,romania vs armenia,70,romania vs armenia,70,90
athens-vs-greece,https://tabiji.ai/compare/athens-vs-greece/,athens vs greece,70,greece vs athens,20,athens vs greece,70,90
belgium-vs-iceland,https://tabiji.ai/compare/belgium-vs-iceland/,belgium vs iceland,20,iceland vs belgium,70,iceland vs belgium,70,90
australia-vs-denmark,https://tabiji.ai/compare/australia-vs-denmark/,australia vs denmark,70,denmark vs australia,20,australia vs denmark,70,90
dominican-republic-vs-peru,https://tabiji.ai/compare/dominican-republic-vs-peru/,dominican republic vs peru,20,peru vs dominican republic,70,peru vs dominican republic,70,90
brazil-vs-egypt,https://tabiji.ai/compare/brazil-vs-egypt/,brazil vs egypt,20,egypt vs brazil,70,egypt vs brazil,70,90
estonia-vs-slovakia,https://tabiji.ai/compare/estonia-vs-slovakia/,estonia vs slovakia,20,slovakia vs estonia,70,slovakia vs estonia,70,90
fiji-vs-french-polynesia,https://tabiji.ai/compare/fiji-vs-french-polynesia/,fiji vs french polynesia,70,french polynesia vs fiji,20,fiji vs french polynesia,70,90
malaysia-vs-qatar,https://tabiji.ai/compare/malaysia-vs-qatar/,malaysia vs qatar,70,qatar vs malaysia,20,malaysia vs qatar,70,90
malta-vs-portugal,https://tabiji.ai/compare/malta-vs-portugal/,malta vs portugal,20,portugal vs malta,70,portugal vs malta,70,90
colombia-vs-norway,https://tabiji.ai/compare/colombia-vs-norway/,colombia vs norway,70,norway vs colombia,20,colombia vs norway,70,90
peru-vs-puerto-rico,https://tabiji.ai/compare/peru-vs-puerto-rico/,peru vs puerto rico,70,puerto rico vs peru,20,peru vs puerto rico,70,90
puerto-rico-vs-punta-cana,https://tabiji.ai/compare/puerto-rico-vs-punta-cana/,puerto rico vs punta cana,20,punta cana vs puerto rico,70,punta cana vs puerto rico,70,90
netherlands-vs-qatar,https://tabiji.ai/compare/netherlands-vs-qatar/,netherlands vs qatar,70,qatar vs netherlands,20,netherlands vs qatar,70,90
colombia-vs-romania,https://tabiji.ai/compare/colombia-vs-romania/,colombia vs romania,70,romania vs colombia,20,colombia vs romania,70,90
singapore-vs-united-states,https://tabiji.ai/compare/singapore-vs-united-states/,singapore vs united states,70,united states vs singapore,20,singapore vs united states,70,90
austria-vs-belgium,https://tabiji.ai/compare/austria-vs-belgium/,austria vs belgium,50,belgium vs austria,40,austria vs belgium,50,90
austria-vs-england,https://tabiji.ai/compare/austria-vs-england/,austria vs england,40,england vs austria,50,england vs austria,50,90
estonia-vs-finland,https://tabiji.ai/compare/estonia-vs-finland/,estonia vs finland,40,finland vs estonia,50,finland vs estonia,50,90
croatia-vs-hungary,https://tabiji.ai/compare/croatia-vs-hungary/,croatia vs hungary,40,hungary vs croatia,50,hungary vs croatia,50,90
albania-vs-lithuania,https://tabiji.ai/compare/albania-vs-lithuania/,albania vs lithuania,40,lithuania vs albania,50,lithuania vs albania,50,90
lithuania-vs-turkey,https://tabiji.ai/compare/lithuania-vs-turkey/,lithuania vs turkey,50,turkey vs lithuania,40,lithuania vs turkey,50,90
belgium-vs-luxembourg,https://tabiji.ai/compare/belgium-vs-luxembourg/,belgium vs luxembourg,40,luxembourg vs belgium,50,luxembourg vs belgium,50,90
malaysia-vs-myanmar,https://tabiji.ai/compare/malaysia-vs-myanmar/,malaysia vs myanmar,40,myanmar vs malaysia,50,myanmar vs malaysia,50,90
auckland-vs-queenstown,https://tabiji.ai/compare/auckland-vs-queenstown/,auckland vs queenstown,70,queenstown vs auckland,10,auckland vs queenstown,70,80
brisbane-vs-perth,https://tabiji.ai/compare/brisbane-vs-perth/,brisbane vs perth,10,perth vs brisbane,70,perth vs brisbane,70,80
czech-republic-vs-italy,https://tabiji.ai/compare/czech-republic-vs-italy/,czech republic vs italy,10,italy vs czech republic,70,italy vs czech republic,70,80
czech-republic-vs-usa,https://tabiji.ai/compare/czech-republic-vs-usa/,czech republic vs usa,10,usa vs czech republic,70,usa vs czech republic,70,80
germany-vs-latvia,https://tabiji.ai/compare/germany-vs-latvia/,germany vs latvia,10,latvia vs germany,70,latvia vs germany,70,80
antigua-vs-guatemala,https://tabiji.ai/compare/antigua-vs-guatemala/,antigua vs guatemala,50,guatemala vs antigua,30,antigua vs guatemala,50,80
bulgaria-vs-estonia,https://tabiji.ai/compare/bulgaria-vs-estonia/,bulgaria vs estonia,50,estonia vs bulgaria,30,bulgaria vs estonia,50,80
croatia-vs-cyprus,https://tabiji.ai/compare/croatia-vs-cyprus/,croatia vs cyprus,50,cyprus vs croatia,30,croatia vs cyprus,50,80
czech-republic-vs-sweden,https://tabiji.ai/compare/czech-republic-vs-sweden/,czech republic vs sweden,30,sweden vs czech republic,50,sweden vs czech republic,50,80
canada-vs-dominican-republic,https://tabiji.ai/compare/canada-vs-dominican-republic/,canada vs dominican republic,50,dominican republic vs canada,30,canada vs dominican republic,50,80
dominican-republic-vs-japan,https://tabiji.ai/compare/dominican-republic-vs-japan/,dominican republic vs japan,50,japan vs dominican republic,30,dominican republic vs japan,50,80
fiji-vs-spain,https://tabiji.ai/compare/fiji-vs-spain/,fiji vs spain,30,spain vs fiji,50,spain vs fiji,50,80
hungary-vs-italy,https://tabiji.ai/compare/hungary-vs-italy/,hungary vs italy,30,italy vs hungary,50,italy vs hungary,50,80
greece-vs-latvia,https://tabiji.ai/compare/greece-vs-latvia/,greece vs latvia,50,latvia vs greece,30,greece vs latvia,50,80
samoa-vs-scotland,https://tabiji.ai/compare/samoa-vs-scotland/,samoa vs scotland,50,scotland vs samoa,30,samoa vs scotland,50,80
usa-vs-uzbekistan,https://tabiji.ai/compare/usa-vs-uzbekistan/,usa vs uzbekistan,30,uzbekistan vs usa,50,uzbekistan vs usa,50,80
austria-vs-czech-republic,https://tabiji.ai/compare/austria-vs-czech-republic/,austria vs czech republic,40,czech republic vs austria,40,austria vs czech republic,40,80
austria-vs-slovakia,https://tabiji.ai/compare/austria-vs-slovakia/,austria vs slovakia,40,slovakia vs austria,40,austria vs slovakia,40,80
austria-vs-usa,https://tabiji.ai/compare/austria-vs-usa/,austria vs usa,40,usa vs austria,40,austria vs usa,40,80
barbados-vs-costa-rica,https://tabiji.ai/compare/barbados-vs-costa-rica/,barbados vs costa rica,40,costa rica vs barbados,40,barbados vs costa rica,40,80
belize-vs-nicaragua,https://tabiji.ai/compare/belize-vs-nicaragua/,belize vs nicaragua,40,nicaragua vs belize,40,belize vs nicaragua,40,80
belize-vs-turks-and-caicos,https://tabiji.ai/compare/belize-vs-turks-and-caicos/,belize vs turks and caicos,40,turks and caicos vs belize,40,belize vs turks and caicos,40,80
calgary-vs-colorado,https://tabiji.ai/compare/calgary-vs-colorado/,calgary vs colorado,40,colorado vs calgary,40,calgary vs colorado,40,80
cambodia-vs-myanmar,https://tabiji.ai/compare/cambodia-vs-myanmar/,cambodia vs myanmar,40,myanmar vs cambodia,40,cambodia vs myanmar,40,80
cologne-vs-hamburg,https://tabiji.ai/compare/cologne-vs-hamburg/,cologne vs hamburg,40,hamburg vs cologne,40,cologne vs hamburg,40,80
canada-vs-czech-republic,https://tabiji.ai/compare/canada-vs-czech-republic/,canada vs czech republic,40,czech republic vs canada,40,canada vs czech republic,40,80
dubrovnik-vs-zadar,https://tabiji.ai/compare/dubrovnik-vs-zadar/,dubrovnik vs zadar,40,zadar vs dubrovnik,40,dubrovnik vs zadar,40,80
hungary-vs-norway,https://tabiji.ai/compare/hungary-vs-norway/,hungary vs norway,40,norway vs hungary,40,hungary vs norway,40,80
barcelona-vs-ibiza,https://tabiji.ai/compare/barcelona-vs-ibiza/,barcelona vs ibiza,40,ibiza vs barcelona,40,barcelona vs ibiza,40,80
latvia-vs-poland,https://tabiji.ai/compare/latvia-vs-poland/,latvia vs poland,40,poland vs latvia,40,latvia vs poland,40,80
egypt-vs-lebanon,https://tabiji.ai/compare/egypt-vs-lebanon/,egypt vs lebanon,40,lebanon vs egypt,40,egypt vs lebanon,40,80
lithuania-vs-usa,https://tabiji.ai/compare/lithuania-vs-usa/,lithuania vs usa,40,usa vs lithuania,40,lithuania vs usa,40,80
montenegro-vs-romania,https://tabiji.ai/compare/montenegro-vs-romania/,montenegro vs romania,40,romania vs montenegro,40,montenegro vs romania,40,80
puerto-vallarta-vs-punta-cana,https://tabiji.ai/compare/puerto-vallarta-vs-punta-cana/,puerto vallarta vs punta cana,40,punta cana vs puerto vallarta,40,puerto vallarta vs punta cana,40,80
france-vs-romania,https://tabiji.ai/compare/france-vs-romania/,france vs romania,40,romania vs france,40,france vs romania,40,80
finland-vs-slovakia,https://tabiji.ai/compare/finland-vs-slovakia/,finland vs slovakia,40,slovakia vs finland,40,finland vs slovakia,40,80
slovakia-vs-usa,https://tabiji.ai/compare/slovakia-vs-usa/,slovakia vs usa,40,usa vs slovakia,40,slovakia vs usa,40,80
india-vs-uzbekistan,https://tabiji.ai/compare/india-vs-uzbekistan/,india vs uzbekistan,40,uzbekistan vs india,40,india vs uzbekistan,40,80
azerbaijan-vs-lithuania,https://tabiji.ai/compare/azerbaijan-vs-lithuania/,azerbaijan vs lithuania,70,lithuania vs azerbaijan,0,azerbaijan vs lithuania,70,70
gran-canaria-vs-granada,https://tabiji.ai/compare/gran-canaria-vs-granada/,gran canaria vs granada,70,granada vs gran canaria,0,gran canaria vs granada,70,70
greece-vs-switzerland,https://tabiji.ai/compare/greece-vs-switzerland/,greece vs switzerland,70,switzerland vs greece,0,greece vs switzerland,70,70
hong-kong-vs-new-york,https://tabiji.ai/compare/hong-kong-vs-new-york/,hong kong vs new york,70,new york vs hong kong,0,hong kong vs new york,70,70
sri-lanka-vs-taiwan,https://tabiji.ai/compare/sri-lanka-vs-taiwan/,sri lanka vs taiwan,70,taiwan vs sri lanka,0,sri lanka vs taiwan,70,70
zermatt-vs-zurich,https://tabiji.ai/compare/zermatt-vs-zurich/,zermatt vs zurich,0,zurich vs zermatt,70,zurich vs zermatt,70,70
amalfi-coast-vs-sardinia,https://tabiji.ai/compare/amalfi-coast-vs-sardinia/,amalfi coast vs sardinia,20,sardinia vs amalfi coast,50,sardinia vs amalfi coast,50,70
brisbane-vs-new-zealand,https://tabiji.ai/compare/brisbane-vs-new-zealand/,brisbane vs new zealand,50,new zealand vs brisbane,20,brisbane vs new zealand,50,70
curacao-vs-turks-and-caicos,https://tabiji.ai/compare/curacao-vs-turks-and-caicos/,curacao vs turks and caicos,50,turks and caicos vs curacao,20,curacao vs turks and caicos,50,70
kenya-vs-zanzibar,https://tabiji.ai/compare/kenya-vs-zanzibar/,kenya vs zanzibar,50,zanzibar vs kenya,20,kenya vs zanzibar,50,70
india-vs-lebanon,https://tabiji.ai/compare/india-vs-lebanon/,india vs lebanon,20,lebanon vs india,50,lebanon vs india,50,70
luxembourg-vs-netherlands,https://tabiji.ai/compare/luxembourg-vs-netherlands/,luxembourg vs netherlands,50,netherlands vs luxembourg,20,luxembourg vs netherlands,50,70
luxembourg-vs-singapore,https://tabiji.ai/compare/luxembourg-vs-singapore/,luxembourg vs singapore,50,singapore vs luxembourg,20,luxembourg vs singapore,50,70
mongolia-vs-nepal,https://tabiji.ai/compare/mongolia-vs-nepal/,mongolia vs nepal,20,nepal vs mongolia,50,nepal vs mongolia,50,70
france-vs-montenegro,https://tabiji.ai/compare/france-vs-montenegro/,france vs montenegro,50,montenegro vs france,20,france vs montenegro,50,70
india-vs-philippines,https://tabiji.ai/compare/india-vs-philippines/,india vs philippines,50,philippines vs india,20,india vs philippines,50,70
portugal-vs-romania,https://tabiji.ai/compare/portugal-vs-romania/,portugal vs romania,50,romania vs portugal,20,portugal vs romania,50,70
singapore-vs-toronto,https://tabiji.ai/compare/singapore-vs-toronto/,singapore vs toronto,50,toronto vs singapore,20,singapore vs toronto,50,70
slovakia-vs-switzerland,https://tabiji.ai/compare/slovakia-vs-switzerland/,slovakia vs switzerland,20,switzerland vs slovakia,50,switzerland vs slovakia,50,70
cook-islands-vs-thailand,https://tabiji.ai/compare/cook-islands-vs-thailand/,cook islands vs thailand,20,thailand vs cook islands,50,thailand vs cook islands,50,70
argentina-vs-uae,https://tabiji.ai/compare/argentina-vs-uae/,argentina vs uae,20,uae vs argentina,50,uae vs argentina,50,70
armenia-vs-north-macedonia,https://tabiji.ai/compare/armenia-vs-north-macedonia/,armenia vs north macedonia,40,north macedonia vs armenia,30,armenia vs north macedonia,40,70
aruba-vs-panama,https://tabiji.ai/compare/aruba-vs-panama/,aruba vs panama,40,panama vs aruba,30,aruba vs panama,40,70
aruba-vs-canada,https://tabiji.ai/compare/aruba-vs-canada/,aruba vs canada,30,canada vs aruba,40,canada vs aruba,40,70
albania-vs-austria,https://tabiji.ai/compare/albania-vs-austria/,albania vs austria,40,austria vs albania,30,albania vs austria,40,70
calgary-vs-seattle,https://tabiji.ai/compare/calgary-vs-seattle/,calgary vs seattle,40,seattle vs calgary,30,calgary vs seattle,40,70
czech-republic-vs-denmark,https://tabiji.ai/compare/czech-republic-vs-denmark/,czech republic vs denmark,30,denmark vs czech republic,40,denmark vs czech republic,40,70
czech-republic-vs-switzerland,https://tabiji.ai/compare/czech-republic-vs-switzerland/,czech republic vs switzerland,30,switzerland vs czech republic,40,switzerland vs czech republic,40,70
barbados-vs-dominican-republic,https://tabiji.ai/compare/barbados-vs-dominican-republic/,barbados vs dominican republic,30,dominican republic vs barbados,40,dominican republic vs barbados,40,70
austria-vs-latvia,https://tabiji.ai/compare/austria-vs-latvia/,austria vs latvia,30,latvia vs austria,40,latvia vs austria,40,70
latvia-vs-spain,https://tabiji.ai/compare/latvia-vs-spain/,latvia vs spain,40,spain vs latvia,30,latvia vs spain,40,70
montenegro-vs-portugal,https://tabiji.ai/compare/montenegro-vs-portugal/,montenegro vs portugal,40,portugal vs montenegro,30,montenegro vs portugal,40,70
mykonos-vs-naxos,https://tabiji.ai/compare/mykonos-vs-naxos/,mykonos vs naxos,30,naxos vs mykonos,40,naxos vs mykonos,40,70
cabo-vs-playa-del-carmen,https://tabiji.ai/compare/cabo-vs-playa-del-carmen/,cabo vs playa del carmen,40,playa del carmen vs cabo,30,cabo vs playa del carmen,40,70
egypt-vs-tanzania,https://tabiji.ai/compare/egypt-vs-tanzania/,egypt vs tanzania,40,tanzania vs egypt,30,egypt vs tanzania,40,70
china-vs-uzbekistan,https://tabiji.ai/compare/china-vs-uzbekistan/,china vs uzbekistan,40,uzbekistan vs china,30,china vs uzbekistan,40,70
armenia-vs-latvia,https://tabiji.ai/compare/armenia-vs-latvia/,armenia vs latvia,10,latvia vs armenia,50,latvia vs armenia,50,60
czech-republic-vs-spain,https://tabiji.ai/compare/czech-republic-vs-spain/,czech republic vs spain,10,spain vs czech republic,50,spain vs czech republic,50,60
costa-rica-vs-greece,https://tabiji.ai/compare/costa-rica-vs-greece/,costa rica vs greece,50,greece vs costa rica,10,costa rica vs greece,50,60
iceland-vs-netherlands,https://tabiji.ai/compare/iceland-vs-netherlands/,iceland vs netherlands,50,netherlands vs iceland,10,iceland vs netherlands,50,60
latvia-vs-united-states,https://tabiji.ai/compare/latvia-vs-united-states/,latvia vs united states,10,united states vs latvia,50,united states vs latvia,50,60
antigua-vs-turks-and-caicos,https://tabiji.ai/compare/antigua-vs-turks-and-caicos/,antigua vs turks and caicos,40,turks and caicos vs antigua,20,antigua vs turks and caicos,40,60
austria-vs-sweden,https://tabiji.ai/compare/austria-vs-sweden/,austria vs sweden,40,sweden vs austria,20,austria vs sweden,40,60
austria-vs-turkey,https://tabiji.ai/compare/austria-vs-turkey/,austria vs turkey,40,turkey vs austria,20,austria vs turkey,40,60
bangkok-vs-istanbul,https://tabiji.ai/compare/bangkok-vs-istanbul/,bangkok vs istanbul,40,istanbul vs bangkok,20,bangkok vs istanbul,40,60
bangkok-vs-sydney,https://tabiji.ai/compare/bangkok-vs-sydney/,bangkok vs sydney,20,sydney vs bangkok,40,sydney vs bangkok,40,60
big-island-vs-honolulu,https://tabiji.ai/compare/big-island-vs-honolulu/,big island vs honolulu,20,honolulu vs big island,40,honolulu vs big island,40,60
boracay-vs-cebu,https://tabiji.ai/compare/boracay-vs-cebu/,boracay vs cebu,20,cebu vs boracay,40,cebu vs boracay,40,60
crete-vs-paros,https://tabiji.ai/compare/crete-vs-paros/,crete vs paros,20,paros vs crete,40,paros vs crete,40,60
czech-republic-vs-netherlands,https://tabiji.ai/compare/czech-republic-vs-netherlands/,czech republic vs netherlands,20,netherlands vs czech republic,40,netherlands vs czech republic,40,60
czech-republic-vs-united-states,https://tabiji.ai/compare/czech-republic-vs-united-states/,czech republic vs united states,20,united states vs czech republic,40,united states vs czech republic,40,60
da-nang-vs-hanoi,https://tabiji.ai/compare/da-nang-vs-hanoi/,da nang vs hanoi,40,hanoi vs da nang,20,da nang vs hanoi,40,60
estonia-vs-poland,https://tabiji.ai/compare/estonia-vs-poland/,estonia vs poland,20,poland vs estonia,40,poland vs estonia,40,60
ethiopia-vs-tanzania,https://tabiji.ai/compare/ethiopia-vs-tanzania/,ethiopia vs tanzania,40,tanzania vs ethiopia,20,ethiopia vs tanzania,40,60
ethiopia-vs-kenya,https://tabiji.ai/compare/ethiopia-vs-kenya/,ethiopia vs kenya,20,kenya vs ethiopia,40,kenya vs ethiopia,40,60
fiji-vs-usa,https://tabiji.ai/compare/fiji-vs-usa/,fiji vs usa,20,usa vs fiji,40,usa vs fiji,40,60
hungary-vs-north-macedonia,https://tabiji.ai/compare/hungary-vs-north-macedonia/,hungary vs north macedonia,20,north macedonia vs hungary,40,north macedonia vs hungary,40,60
iceland-vs-italy,https://tabiji.ai/compare/iceland-vs-italy/,iceland vs italy,20,italy vs iceland,40,italy vs iceland,40,60
iceland-vs-tromso,https://tabiji.ai/compare/iceland-vs-tromso/,iceland vs tromso,20,tromso vs iceland,40,tromso vs iceland,40,60
kyrgyzstan-vs-oman,https://tabiji.ai/compare/kyrgyzstan-vs-oman/,kyrgyzstan vs oman,20,oman vs kyrgyzstan,40,oman vs kyrgyzstan,40,60
lisbon-vs-sintra,https://tabiji.ai/compare/lisbon-vs-sintra/,lisbon vs sintra,20,sintra vs lisbon,40,sintra vs lisbon,40,60
belgium-vs-lithuania,https://tabiji.ai/compare/belgium-vs-lithuania/,belgium vs lithuania,20,lithuania vs belgium,40,lithuania vs belgium,40,60
georgia-vs-luxembourg,https://tabiji.ai/compare/georgia-vs-luxembourg/,georgia vs luxembourg,40,luxembourg vs georgia,20,georgia vs luxembourg,40,60
namibia-vs-tanzania,https://tabiji.ai/compare/namibia-vs-tanzania/,namibia vs tanzania,40,tanzania vs namibia,20,namibia vs tanzania,40,60
miami-vs-naples,https://tabiji.ai/compare/miami-vs-naples/,miami vs naples,20,naples vs miami,40,naples vs miami,40,60
australia-vs-oman,https://tabiji.ai/compare/australia-vs-oman/,australia vs oman,40,oman vs australia,20,australia vs oman,40,60
oman-vs-uzbekistan,https://tabiji.ai/compare/oman-vs-uzbekistan/,oman vs uzbekistan,20,uzbekistan vs oman,40,uzbekistan vs oman,40,60
australia-vs-romania,https://tabiji.ai/compare/australia-vs-romania/,australia vs romania,40,romania vs australia,20,australia vs romania,40,60
australia-vs-samoa,https://tabiji.ai/compare/australia-vs-samoa/,australia vs samoa,40,samoa vs australia,20,australia vs samoa,40,60
poland-vs-slovakia,https://tabiji.ai/compare/poland-vs-slovakia/,poland vs slovakia,20,slovakia vs poland,40,slovakia vs poland,40,60
thailand-vs-uae,https://tabiji.ai/compare/thailand-vs-uae/,thailand vs uae,40,uae vs thailand,20,thailand vs uae,40,60
hawaii-vs-turks-and-caicos,https://tabiji.ai/compare/hawaii-vs-turks-and-caicos/,hawaii vs turks and caicos,20,turks and caicos vs hawaii,40,turks and caicos vs hawaii,40,60
indonesia-vs-uzbekistan,https://tabiji.ai/compare/indonesia-vs-uzbekistan/,indonesia vs uzbekistan,40,uzbekistan vs indonesia,20,indonesia vs uzbekistan,40,60
melbourne-vs-wellington,https://tabiji.ai/compare/melbourne-vs-wellington/,melbourne vs wellington,40,wellington vs melbourne,20,melbourne vs wellington,40,60
armenia-vs-bulgaria,https://tabiji.ai/compare/armenia-vs-bulgaria/,armenia vs bulgaria,30,bulgaria vs armenia,30,armenia vs bulgaria,30,60
armenia-vs-norway,https://tabiji.ai/compare/armenia-vs-norway/,armenia vs norway,30,norway vs armenia,30,armenia vs norway,30,60
bahamas-vs-guatemala,https://tabiji.ai/compare/bahamas-vs-guatemala/,bahamas vs guatemala,30,guatemala vs bahamas,30,bahamas vs guatemala,30,60
bahamas-vs-nicaragua,https://tabiji.ai/compare/bahamas-vs-nicaragua/,bahamas vs nicaragua,30,nicaragua vs bahamas,30,bahamas vs nicaragua,30,60
austria-vs-bulgaria,https://tabiji.ai/compare/austria-vs-bulgaria/,austria vs bulgaria,30,bulgaria vs austria,30,austria vs bulgaria,30,60
bulgaria-vs-czech-republic,https://tabiji.ai/compare/bulgaria-vs-czech-republic/,bulgaria vs czech republic,30,czech republic vs bulgaria,30,bulgaria vs czech republic,30,60
bulgaria-vs-netherlands,https://tabiji.ai/compare/bulgaria-vs-netherlands/,bulgaria vs netherlands,30,netherlands vs bulgaria,30,bulgaria vs netherlands,30,60
bulgaria-vs-sweden,https://tabiji.ai/compare/bulgaria-vs-sweden/,bulgaria vs sweden,30,sweden vs bulgaria,30,bulgaria vs sweden,30,60
cinque-terre-vs-lake-como,https://tabiji.ai/compare/cinque-terre-vs-lake-como/,cinque terre vs lake como,30,lake como vs cinque terre,30,cinque terre vs lake como,30,60
cologne-vs-frankfurt,https://tabiji.ai/compare/cologne-vs-frankfurt/,cologne vs frankfurt,30,frankfurt vs cologne,30,cologne vs frankfurt,30,60
argentina-vs-curacao,https://tabiji.ai/compare/argentina-vs-curacao/,argentina vs curacao,30,curacao vs argentina,30,argentina vs curacao,30,60
curacao-vs-guatemala,https://tabiji.ai/compare/curacao-vs-guatemala/,curacao vs guatemala,30,guatemala vs curacao,30,curacao vs guatemala,30,60
cyprus-vs-israel,https://tabiji.ai/compare/cyprus-vs-israel/,cyprus vs israel,30,israel vs cyprus,30,cyprus vs israel,30,60
cyprus-vs-portugal,https://tabiji.ai/compare/cyprus-vs-portugal/,cyprus vs portugal,30,portugal vs cyprus,30,cyprus vs portugal,30,60
czech-republic-vs-finland,https://tabiji.ai/compare/czech-republic-vs-finland/,czech republic vs finland,30,finland vs czech republic,30,czech republic vs finland,30,60
czech-republic-vs-hungary,https://tabiji.ai/compare/czech-republic-vs-hungary/,czech republic vs hungary,30,hungary vs czech republic,30,czech republic vs hungary,30,60
czech-republic-vs-norway,https://tabiji.ai/compare/czech-republic-vs-norway/,czech republic vs norway,30,norway vs czech republic,30,czech republic vs norway,30,60
czech-republic-vs-slovenia,https://tabiji.ai/compare/czech-republic-vs-slovenia/,czech republic vs slovenia,30,slovenia vs czech republic,30,czech republic vs slovenia,30,60
estonia-vs-switzerland,https://tabiji.ai/compare/estonia-vs-switzerland/,estonia vs switzerland,30,switzerland vs estonia,30,estonia vs switzerland,30,60
argentina-vs-fiji,https://tabiji.ai/compare/argentina-vs-fiji/,argentina vs fiji,30,fiji vs argentina,30,argentina vs fiji,30,60
copenhagen-vs-helsinki,https://tabiji.ai/compare/copenhagen-vs-helsinki/,copenhagen vs helsinki,30,helsinki vs copenhagen,30,copenhagen vs helsinki,30,60
germany-vs-iceland,https://tabiji.ai/compare/germany-vs-iceland/,germany vs iceland,30,iceland vs germany,30,germany vs iceland,30,60
finland-vs-latvia,https://tabiji.ai/compare/finland-vs-latvia/,finland vs latvia,30,latvia vs finland,30,finland vs latvia,30,60
georgia-vs-latvia,https://tabiji.ai/compare/georgia-vs-latvia/,georgia vs latvia,30,latvia vs georgia,30,georgia vs latvia,30,60
latvia-vs-netherlands,https://tabiji.ai/compare/latvia-vs-netherlands/,latvia vs netherlands,30,netherlands vs latvia,30,latvia vs netherlands,30,60
england-vs-lithuania,https://tabiji.ai/compare/england-vs-lithuania/,england vs lithuania,30,lithuania vs england,30,england vs lithuania,30,60
barcelona-vs-malaga,https://tabiji.ai/compare/barcelona-vs-malaga/,barcelona vs malaga,30,malaga vs barcelona,30,barcelona vs malaga,30,60
malaga-vs-tenerife,https://tabiji.ai/compare/malaga-vs-tenerife/,malaga vs tenerife,30,tenerife vs malaga,30,malaga vs tenerife,30,60
greece-vs-montenegro,https://tabiji.ai/compare/greece-vs-montenegro/,greece vs montenegro,30,montenegro vs greece,30,greece vs montenegro,30,60
naples-vs-venice,https://tabiji.ai/compare/naples-vs-venice/,naples vs venice,30,venice vs naples,30,naples vs venice,30,60
munich-vs-prague,https://tabiji.ai/compare/munich-vs-prague/,munich vs prague,30,prague vs munich,30,munich vs prague,30,60
puglia-vs-sardinia,https://tabiji.ai/compare/puglia-vs-sardinia/,puglia vs sardinia,30,sardinia vs puglia,30,puglia vs sardinia,30,60
punta-cana-vs-st-lucia,https://tabiji.ai/compare/punta-cana-vs-st-lucia/,punta cana vs st lucia,30,st lucia vs punta cana,30,punta cana vs st lucia,30,60
capri-vs-sardinia,https://tabiji.ai/compare/capri-vs-sardinia/,capri vs sardinia,30,sardinia vs capri,30,capri vs sardinia,30,60
france-vs-slovakia,https://tabiji.ai/compare/france-vs-slovakia/,france vs slovakia,30,slovakia vs france,30,france vs slovakia,30,60
hungary-vs-slovakia,https://tabiji.ai/compare/hungary-vs-slovakia/,hungary vs slovakia,30,slovakia vs hungary,30,hungary vs slovakia,30,60
hungary-vs-slovenia,https://tabiji.ai/compare/hungary-vs-slovenia/,hungary vs slovenia,30,slovenia vs hungary,30,hungary vs slovenia,30,60
australia-vs-thailand,https://tabiji.ai/compare/australia-vs-thailand/,australia vs thailand,30,thailand vs australia,30,australia vs thailand,30,60
thailand-vs-uzbekistan,https://tabiji.ai/compare/thailand-vs-uzbekistan/,thailand vs uzbekistan,30,uzbekistan vs thailand,30,thailand vs uzbekistan,30,60
hong-kong-vs-mauritius,https://tabiji.ai/compare/hong-kong-vs-mauritius/,hong kong vs mauritius,50,mauritius vs hong kong,0,hong kong vs mauritius,50,50
iceland-vs-mexico,https://tabiji.ai/compare/iceland-vs-mexico/,iceland vs mexico,0,mexico vs iceland,50,mexico vs iceland,50,50
indonesia-vs-kyrgyzstan,https://tabiji.ai/compare/indonesia-vs-kyrgyzstan/,indonesia vs kyrgyzstan,50,kyrgyzstan vs indonesia,0,indonesia vs kyrgyzstan,50,50
malaysia-vs-samoa,https://tabiji.ai/compare/malaysia-vs-samoa/,malaysia vs samoa,0,samoa vs malaysia,50,samoa vs malaysia,50,50
canada-vs-slovakia,https://tabiji.ai/compare/canada-vs-slovakia/,canada vs slovakia,50,slovakia vs canada,0,canada vs slovakia,50,50
canada-vs-slovenia,https://tabiji.ai/compare/canada-vs-slovenia/,canada vs slovenia,50,slovenia vs canada,0,canada vs slovenia,50,50
algarve-vs-porto,https://tabiji.ai/compare/algarve-vs-porto/,algarve vs porto,10,porto vs algarve,40,porto vs algarve,40,50
antwerp-vs-ghent,https://tabiji.ai/compare/antwerp-vs-ghent/,antwerp vs ghent,40,ghent vs antwerp,10,antwerp vs ghent,40,50
albania-vs-azerbaijan,https://tabiji.ai/compare/albania-vs-azerbaijan/,albania vs azerbaijan,10,azerbaijan vs albania,40,azerbaijan vs albania,40,50
bulgaria-vs-portugal,https://tabiji.ai/compare/bulgaria-vs-portugal/,bulgaria vs portugal,10,portugal vs bulgaria,40,portugal vs bulgaria,40,50
calgary-vs-florida,https://tabiji.ai/compare/calgary-vs-florida/,calgary vs florida,40,florida vs calgary,10,calgary vs florida,40,50
fiji-vs-kenya,https://tabiji.ai/compare/fiji-vs-kenya/,fiji vs kenya,10,kenya vs fiji,40,kenya vs fiji,40,50
granada-vs-honduras,https://tabiji.ai/compare/granada-vs-honduras/,granada vs honduras,10,honduras vs granada,40,honduras vs granada,40,50
armenia-vs-italy,https://tabiji.ai/compare/armenia-vs-italy/,armenia vs italy,20,italy vs armenia,30,italy vs armenia,30,50
bahamas-vs-trinidad-and-tobago,https://tabiji.ai/compare/bahamas-vs-trinidad-and-tobago/,bahamas vs trinidad and tobago,30,trinidad and tobago vs bahamas,20,bahamas vs trinidad and tobago,30,50
bahrain-vs-thailand,https://tabiji.ai/compare/bahrain-vs-thailand/,bahrain vs thailand,30,thailand vs bahrain,20,bahrain vs thailand,30,50
bahrain-vs-india,https://tabiji.ai/compare/bahrain-vs-india/,bahrain vs india,20,india vs bahrain,30,india vs bahrain,30,50
bahrain-vs-italy,https://tabiji.ai/compare/bahrain-vs-italy/,bahrain vs italy,20,italy vs bahrain,30,italy vs bahrain,30,50
bali-vs-costa-rica,https://tabiji.ai/compare/bali-vs-costa-rica/,bali vs costa rica,30,costa rica vs bali,20,bali vs costa rica,30,50
bali-vs-india,https://tabiji.ai/compare/bali-vs-india/,bali vs india,20,india vs bali,30,india vs bali,30,50
banff-vs-switzerland,https://tabiji.ai/compare/banff-vs-switzerland/,banff vs switzerland,30,switzerland vs banff,20,banff vs switzerland,30,50
botswana-vs-tanzania,https://tabiji.ai/compare/botswana-vs-tanzania/,botswana vs tanzania,20,tanzania vs botswana,30,tanzania vs botswana,30,50
bulgaria-vs-montenegro,https://tabiji.ai/compare/bulgaria-vs-montenegro/,bulgaria vs montenegro,30,montenegro vs bulgaria,20,bulgaria vs montenegro,30,50
cambodia-vs-south-korea,https://tabiji.ai/compare/cambodia-vs-south-korea/,cambodia vs south korea,20,south korea vs cambodia,30,south korea vs cambodia,30,50
cancun-vs-la-paz,https://tabiji.ai/compare/cancun-vs-la-paz/,cancun vs la paz,20,la paz vs cancun,30,la paz vs cancun,30,50
capri-vs-cinque-terre,https://tabiji.ai/compare/capri-vs-cinque-terre/,capri vs cinque terre,30,cinque terre vs capri,20,capri vs cinque terre,30,50
corfu-vs-santorini,https://tabiji.ai/compare/corfu-vs-santorini/,corfu vs santorini,30,santorini vs corfu,20,corfu vs santorini,30,50
costa-rica-vs-curacao,https://tabiji.ai/compare/costa-rica-vs-curacao/,costa rica vs curacao,30,curacao vs costa rica,20,costa rica vs curacao,30,50
curacao-vs-mexico,https://tabiji.ai/compare/curacao-vs-mexico/,curacao vs mexico,20,mexico vs curacao,30,mexico vs curacao,30,50
curacao-vs-panama,https://tabiji.ai/compare/curacao-vs-panama/,curacao vs panama,20,panama vs curacao,30,panama vs curacao,30,50
curacao-vs-usa,https://tabiji.ai/compare/curacao-vs-usa/,curacao vs usa,20,usa vs curacao,30,usa vs curacao,30,50
albania-vs-czech-republic,https://tabiji.ai/compare/albania-vs-czech-republic/,albania vs czech republic,30,czech republic vs albania,20,albania vs czech republic,30,50
czech-republic-vs-england,https://tabiji.ai/compare/czech-republic-vs-england/,czech republic vs england,20,england vs czech republic,30,england vs czech republic,30,50
czech-republic-vs-japan,https://tabiji.ai/compare/czech-republic-vs-japan/,czech republic vs japan,20,japan vs czech republic,30,japan vs czech republic,30,50
chile-vs-dominican-republic,https://tabiji.ai/compare/chile-vs-dominican-republic/,chile vs dominican republic,30,dominican republic vs chile,20,chile vs dominican republic,30,50
dublin-vs-ireland,https://tabiji.ai/compare/dublin-vs-ireland/,dublin vs ireland,20,ireland vs dublin,30,ireland vs dublin,30,50
dubrovnik-vs-hvar,https://tabiji.ai/compare/dubrovnik-vs-hvar/,dubrovnik vs hvar,20,hvar vs dubrovnik,30,hvar vs dubrovnik,30,50
bath-vs-edinburgh,https://tabiji.ai/compare/bath-vs-edinburgh/,bath vs edinburgh,30,edinburgh vs bath,20,bath vs edinburgh,30,50
copenhagen-vs-edinburgh,https://tabiji.ai/compare/copenhagen-vs-edinburgh/,copenhagen vs edinburgh,20,edinburgh vs copenhagen,30,edinburgh vs copenhagen,30,50
edinburgh-vs-scotland,https://tabiji.ai/compare/edinburgh-vs-scotland/,edinburgh vs scotland,20,scotland vs edinburgh,30,scotland vs edinburgh,30,50
belgium-vs-estonia,https://tabiji.ai/compare/belgium-vs-estonia/,belgium vs estonia,30,estonia vs belgium,20,belgium vs estonia,30,50
estonia-vs-france,https://tabiji.ai/compare/estonia-vs-france/,estonia vs france,30,france vs estonia,20,estonia vs france,30,50
estonia-vs-netherlands,https://tabiji.ai/compare/estonia-vs-netherlands/,estonia vs netherlands,30,netherlands vs estonia,20,estonia vs netherlands,30,50
brazil-vs-ethiopia,https://tabiji.ai/compare/brazil-vs-ethiopia/,brazil vs ethiopia,20,ethiopia vs brazil,30,ethiopia vs brazil,30,50
kenya-vs-usa,https://tabiji.ai/compare/kenya-vs-usa/,kenya vs usa,20,usa vs kenya,30,usa vs kenya,30,50
kuala-lumpur-vs-langkawi,https://tabiji.ai/compare/kuala-lumpur-vs-langkawi/,kuala lumpur vs langkawi,30,langkawi vs kuala lumpur,20,kuala lumpur vs langkawi,30,50
france-vs-latvia,https://tabiji.ai/compare/france-vs-latvia/,france vs latvia,30,latvia vs france,20,france vs latvia,30,50
italy-vs-latvia,https://tabiji.ai/compare/italy-vs-latvia/,italy vs latvia,20,latvia vs italy,30,latvia vs italy,30,50
lisbon-vs-marseille,https://tabiji.ai/compare/lisbon-vs-marseille/,lisbon vs marseille,20,marseille vs lisbon,30,marseille vs lisbon,30,50
malaga-vs-mallorca,https://tabiji.ai/compare/malaga-vs-mallorca/,malaga vs mallorca,30,mallorca vs malaga,20,malaga vs mallorca,30,50
maldives-vs-vietnam,https://tabiji.ai/compare/maldives-vs-vietnam/,maldives vs vietnam,20,vietnam vs maldives,30,vietnam vs maldives,30,50
india-vs-mongolia,https://tabiji.ai/compare/india-vs-mongolia/,india vs mongolia,20,mongolia vs india,30,mongolia vs india,30,50
montenegro-vs-netherlands,https://tabiji.ai/compare/montenegro-vs-netherlands/,montenegro vs netherlands,20,netherlands vs montenegro,30,netherlands vs montenegro,30,50
england-vs-namibia,https://tabiji.ai/compare/england-vs-namibia/,england vs namibia,20,namibia vs england,30,namibia vs england,30,50
italy-vs-namibia,https://tabiji.ai/compare/italy-vs-namibia/,italy vs namibia,20,namibia vs italy,30,namibia vs italy,30,50
namibia-vs-uae,https://tabiji.ai/compare/namibia-vs-uae/,namibia vs uae,20,uae vs namibia,30,uae vs namibia,30,50
brazil-vs-philippines,https://tabiji.ai/compare/brazil-vs-philippines/,brazil vs philippines,30,philippines vs brazil,20,brazil vs philippines,30,50
dresden-vs-prague,https://tabiji.ai/compare/dresden-vs-prague/,dresden vs prague,20,prague vs dresden,30,prague vs dresden,30,50
sicily-vs-tuscany,https://tabiji.ai/compare/sicily-vs-tuscany/,sicily vs tuscany,20,tuscany vs sicily,30,tuscany vs sicily,30,50
albania-vs-slovakia,https://tabiji.ai/compare/albania-vs-slovakia/,albania vs slovakia,20,slovakia vs albania,30,slovakia vs albania,30,50
denmark-vs-slovakia,https://tabiji.ai/compare/denmark-vs-slovakia/,denmark vs slovakia,20,slovakia vs denmark,30,slovakia vs denmark,30,50
netherlands-vs-slovenia,https://tabiji.ai/compare/netherlands-vs-slovenia/,netherlands vs slovenia,30,slovenia vs netherlands,20,netherlands vs slovenia,30,50
tanzania-vs-zanzibar,https://tabiji.ai/compare/tanzania-vs-zanzibar/,tanzania vs zanzibar,20,zanzibar vs tanzania,30,zanzibar vs tanzania,30,50
france-vs-uzbekistan,https://tabiji.ai/compare/france-vs-uzbekistan/,france vs uzbekistan,30,uzbekistan vs france,20,france vs uzbekistan,30,50
argentina-vs-armenia,https://tabiji.ai/compare/argentina-vs-armenia/,argentina vs armenia,40,armenia vs argentina,0,argentina vs armenia,40,40
azerbaijan-vs-italy,https://tabiji.ai/compare/azerbaijan-vs-italy/,azerbaijan vs italy,0,italy vs azerbaijan,40,italy vs azerbaijan,40,40
boston-vs-calgary,https://tabiji.ai/compare/boston-vs-calgary/,boston vs calgary,40,calgary vs boston,0,boston vs calgary,40,40
argentina-vs-lebanon,https://tabiji.ai/compare/argentina-vs-lebanon/,argentina vs lebanon,40,lebanon vs argentina,0,argentina vs lebanon,40,40
myanmar-vs-singapore,https://tabiji.ai/compare/myanmar-vs-singapore/,myanmar vs singapore,0,singapore vs myanmar,40,singapore vs myanmar,40,40
indonesia-vs-taipei,https://tabiji.ai/compare/indonesia-vs-taipei/,indonesia vs taipei,40,taipei vs indonesia,0,indonesia vs taipei,40,40
azerbaijan-vs-slovakia,https://tabiji.ai/compare/azerbaijan-vs-slovakia/,azerbaijan vs slovakia,30,slovakia vs azerbaijan,10,azerbaijan vs slovakia,30,40
bahrain-vs-egypt,https://tabiji.ai/compare/bahrain-vs-egypt/,bahrain vs egypt,10,egypt vs bahrain,30,egypt vs bahrain,30,40
bahrain-vs-myanmar,https://tabiji.ai/compare/bahrain-vs-myanmar/,bahrain vs myanmar,10,myanmar vs bahrain,30,myanmar vs bahrain,30,40
albania-vs-bulgaria,https://tabiji.ai/compare/albania-vs-bulgaria/,albania vs bulgaria,30,bulgaria vs albania,10,albania vs bulgaria,30,40
bulgaria-vs-luxembourg,https://tabiji.ai/compare/bulgaria-vs-luxembourg/,bulgaria vs luxembourg,10,luxembourg vs bulgaria,30,luxembourg vs bulgaria,30,40
cyprus-vs-luxembourg,https://tabiji.ai/compare/cyprus-vs-luxembourg/,cyprus vs luxembourg,30,luxembourg vs cyprus,10,cyprus vs luxembourg,30,40
croatia-vs-latvia,https://tabiji.ai/compare/croatia-vs-latvia/,croatia vs latvia,10,latvia vs croatia,30,latvia vs croatia,30,40
luxembourg-vs-norway,https://tabiji.ai/compare/luxembourg-vs-norway/,luxembourg vs norway,10,norway vs luxembourg,30,norway vs luxembourg,30,40
mongolia-vs-singapore,https://tabiji.ai/compare/mongolia-vs-singapore/,mongolia vs singapore,30,singapore vs mongolia,10,mongolia vs singapore,30,40
oahu-vs-waikiki,https://tabiji.ai/compare/oahu-vs-waikiki/,oahu vs waikiki,30,waikiki vs oahu,10,oahu vs waikiki,30,40
new-zealand-vs-slovenia,https://tabiji.ai/compare/new-zealand-vs-slovenia/,new zealand vs slovenia,30,slovenia vs new zealand,10,new zealand vs slovenia,30,40
mexico-vs-taipei,https://tabiji.ai/compare/mexico-vs-taipei/,mexico vs taipei,30,taipei vs mexico,10,mexico vs taipei,30,40
nicaragua-vs-taiwan,https://tabiji.ai/compare/nicaragua-vs-taiwan/,nicaragua vs taiwan,30,taiwan vs nicaragua,10,nicaragua vs taiwan,30,40
amalfi-coast-vs-croatia,https://tabiji.ai/compare/amalfi-coast-vs-croatia/,amalfi coast vs croatia,20,croatia vs amalfi coast,20,amalfi coast vs croatia,20,40
amalfi-coast-vs-florence,https://tabiji.ai/compare/amalfi-coast-vs-florence/,amalfi coast vs florence,20,florence vs amalfi coast,20,amalfi coast vs florence,20,40
amalfi-coast-vs-greece,https://tabiji.ai/compare/amalfi-coast-vs-greece/,amalfi coast vs greece,20,greece vs amalfi coast,20,amalfi coast vs greece,20,40
amalfi-coast-vs-puglia,https://tabiji.ai/compare/amalfi-coast-vs-puglia/,amalfi coast vs puglia,20,puglia vs amalfi coast,20,amalfi coast vs puglia,20,40
amalfi-coast-vs-venice,https://tabiji.ai/compare/amalfi-coast-vs-venice/,amalfi coast vs venice,20,venice vs amalfi coast,20,amalfi coast vs venice,20,40
amman-vs-oman,https://tabiji.ai/compare/amman-vs-oman/,amman vs oman,20,oman vs amman,20,amman vs oman,20,40
amsterdam-vs-antwerp,https://tabiji.ai/compare/amsterdam-vs-antwerp/,amsterdam vs antwerp,20,antwerp vs amsterdam,20,amsterdam vs antwerp,20,40
antwerp-vs-porto,https://tabiji.ai/compare/antwerp-vs-porto/,antwerp vs porto,20,porto vs antwerp,20,antwerp vs porto,20,40
azerbaijan-vs-croatia,https://tabiji.ai/compare/azerbaijan-vs-croatia/,azerbaijan vs croatia,20,croatia vs azerbaijan,20,azerbaijan vs croatia,20,40
azerbaijan-vs-england,https://tabiji.ai/compare/azerbaijan-vs-england/,azerbaijan vs england,20,england vs azerbaijan,20,azerbaijan vs england,20,40
azerbaijan-vs-georgia,https://tabiji.ai/compare/azerbaijan-vs-georgia/,azerbaijan vs georgia,20,georgia vs azerbaijan,20,azerbaijan vs georgia,20,40
azerbaijan-vs-germany,https://tabiji.ai/compare/azerbaijan-vs-germany/,azerbaijan vs germany,20,germany vs azerbaijan,20,azerbaijan vs germany,20,40
azerbaijan-vs-india,https://tabiji.ai/compare/azerbaijan-vs-india/,azerbaijan vs india,20,india vs azerbaijan,20,azerbaijan vs india,20,40
azerbaijan-vs-ireland,https://tabiji.ai/compare/azerbaijan-vs-ireland/,azerbaijan vs ireland,20,ireland vs azerbaijan,20,azerbaijan vs ireland,20,40
azerbaijan-vs-serbia,https://tabiji.ai/compare/azerbaijan-vs-serbia/,azerbaijan vs serbia,20,serbia vs azerbaijan,20,azerbaijan vs serbia,20,40
azerbaijan-vs-spain,https://tabiji.ai/compare/azerbaijan-vs-spain/,azerbaijan vs spain,20,spain vs azerbaijan,20,azerbaijan vs spain,20,40
azerbaijan-vs-turkey,https://tabiji.ai/compare/azerbaijan-vs-turkey/,azerbaijan vs turkey,20,turkey vs azerbaijan,20,azerbaijan vs turkey,20,40
azerbaijan-vs-usa,https://tabiji.ai/compare/azerbaijan-vs-usa/,azerbaijan vs usa,20,usa vs azerbaijan,20,azerbaijan vs usa,20,40
azores-vs-mallorca,https://tabiji.ai/compare/azores-vs-mallorca/,azores vs mallorca,20,mallorca vs azores,20,azores vs mallorca,20,40
azores-vs-portugal,https://tabiji.ai/compare/azores-vs-portugal/,azores vs portugal,20,portugal vs azores,20,azores vs portugal,20,40
azores-vs-tenerife,https://tabiji.ai/compare/azores-vs-tenerife/,azores vs tenerife,20,tenerife vs azores,20,azores vs tenerife,20,40
antigua-vs-bahamas,https://tabiji.ai/compare/antigua-vs-bahamas/,antigua vs bahamas,20,bahamas vs antigua,20,antigua vs bahamas,20,40
argentina-vs-bahamas,https://tabiji.ai/compare/argentina-vs-bahamas/,argentina vs bahamas,20,bahamas vs argentina,20,argentina vs bahamas,20,40
bahamas-vs-belize,https://tabiji.ai/compare/bahamas-vs-belize/,bahamas vs belize,20,belize vs bahamas,20,bahamas vs belize,20,40
bahamas-vs-bora-bora,https://tabiji.ai/compare/bahamas-vs-bora-bora/,bahamas vs bora bora,20,bora bora vs bahamas,20,bahamas vs bora bora,20,40
bahamas-vs-cabo,https://tabiji.ai/compare/bahamas-vs-cabo/,bahamas vs cabo,20,cabo vs bahamas,20,bahamas vs cabo,20,40
bahamas-vs-cuba,https://tabiji.ai/compare/bahamas-vs-cuba/,bahamas vs cuba,20,cuba vs bahamas,20,bahamas vs cuba,20,40
bahamas-vs-curacao,https://tabiji.ai/compare/bahamas-vs-curacao/,bahamas vs curacao,20,curacao vs bahamas,20,bahamas vs curacao,20,40
bahamas-vs-florida,https://tabiji.ai/compare/bahamas-vs-florida/,bahamas vs florida,20,florida vs bahamas,20,bahamas vs florida,20,40
bahamas-vs-miami,https://tabiji.ai/compare/bahamas-vs-miami/,bahamas vs miami,20,miami vs bahamas,20,bahamas vs miami,20,40
bahamas-vs-nassau,https://tabiji.ai/compare/bahamas-vs-nassau/,bahamas vs nassau,20,nassau vs bahamas,20,bahamas vs nassau,20,40
bahamas-vs-panama,https://tabiji.ai/compare/bahamas-vs-panama/,bahamas vs panama,20,panama vs bahamas,20,bahamas vs panama,20,40
bahamas-vs-spain,https://tabiji.ai/compare/bahamas-vs-spain/,bahamas vs spain,20,spain vs bahamas,20,bahamas vs spain,20,40
abu-dhabi-vs-bahrain,https://tabiji.ai/compare/abu-dhabi-vs-bahrain/,abu dhabi vs bahrain,20,bahrain vs abu dhabi,20,abu dhabi vs bahrain,20,40
bahrain-vs-colombia,https://tabiji.ai/compare/bahrain-vs-colombia/,bahrain vs colombia,20,colombia vs bahrain,20,bahrain vs colombia,20,40
australia-vs-bali,https://tabiji.ai/compare/australia-vs-bali/,australia vs bali,20,bali vs australia,20,australia vs bali,20,40
bali-vs-belize,https://tabiji.ai/compare/bali-vs-belize/,bali vs belize,20,belize vs bali,20,bali vs belize,20,40
bali-vs-cebu,https://tabiji.ai/compare/bali-vs-cebu/,bali vs cebu,20,cebu vs bali,20,bali vs cebu,20,40
bali-vs-dubai,https://tabiji.ai/compare/bali-vs-dubai/,bali vs dubai,20,dubai vs bali,20,bali vs dubai,20,40
bali-vs-greece,https://tabiji.ai/compare/bali-vs-greece/,bali vs greece,20,greece vs bali,20,bali vs greece,20,40
bali-vs-ibiza,https://tabiji.ai/compare/bali-vs-ibiza/,bali vs ibiza,20,ibiza vs bali,20,bali vs ibiza,20,40
bali-vs-indonesia,https://tabiji.ai/compare/bali-vs-indonesia/,bali vs indonesia,20,indonesia vs bali,20,bali vs indonesia,20,40
bali-vs-japan,https://tabiji.ai/compare/bali-vs-japan/,bali vs japan,20,japan vs bali,20,bali vs japan,20,40
bali-vs-kuala-lumpur,https://tabiji.ai/compare/bali-vs-kuala-lumpur/,bali vs kuala lumpur,20,kuala lumpur vs bali,20,bali vs kuala lumpur,20,40
alaska-vs-banff,https://tabiji.ai/compare/alaska-vs-banff/,alaska vs banff,20,banff vs alaska,20,alaska vs banff,20,40
banff-vs-vancouver,https://tabiji.ai/compare/banff-vs-vancouver/,banff vs vancouver,20,vancouver vs banff,20,banff vs vancouver,20,40
bangkok-vs-krabi,https://tabiji.ai/compare/bangkok-vs-krabi/,bangkok vs krabi,20,krabi vs bangkok,20,bangkok vs krabi,20,40
bangkok-vs-malaysia,https://tabiji.ai/compare/bangkok-vs-malaysia/,bangkok vs malaysia,20,malaysia vs bangkok,20,bangkok vs malaysia,20,40
bangkok-vs-mumbai,https://tabiji.ai/compare/bangkok-vs-mumbai/,bangkok vs mumbai,20,mumbai vs bangkok,20,bangkok vs mumbai,20,40
bangkok-vs-new-york,https://tabiji.ai/compare/bangkok-vs-new-york/,bangkok vs new york,20,new york vs bangkok,20,bangkok vs new york,20,40
bangkok-vs-shanghai,https://tabiji.ai/compare/bangkok-vs-shanghai/,bangkok vs shanghai,20,shanghai vs bangkok,20,bangkok vs shanghai,20,40
bangkok-vs-thailand,https://tabiji.ai/compare/bangkok-vs-thailand/,bangkok vs thailand,20,thailand vs bangkok,20,bangkok vs thailand,20,40
bangkok-vs-vietnam,https://tabiji.ai/compare/bangkok-vs-vietnam/,bangkok vs vietnam,20,vietnam vs bangkok,20,bangkok vs vietnam,20,40
belgrade-vs-sofia,https://tabiji.ai/compare/belgrade-vs-sofia/,belgrade vs sofia,20,sofia vs belgrade,20,belgrade vs sofia,20,40
antigua-vs-belize,https://tabiji.ai/compare/antigua-vs-belize/,antigua vs belize,20,belize vs antigua,20,antigua vs belize,20,40
argentina-vs-belize,https://tabiji.ai/compare/argentina-vs-belize/,argentina vs belize,20,belize vs argentina,20,argentina vs belize,20,40
barbados-vs-belize,https://tabiji.ai/compare/barbados-vs-belize/,barbados vs belize,20,belize vs barbados,20,barbados vs belize,20,40
belize-vs-bermuda,https://tabiji.ai/compare/belize-vs-bermuda/,belize vs bermuda,20,bermuda vs belize,20,belize vs bermuda,20,40
belize-vs-brazil,https://tabiji.ai/compare/belize-vs-brazil/,belize vs brazil,20,brazil vs belize,20,belize vs brazil,20,40
belize-vs-cuba,https://tabiji.ai/compare/belize-vs-cuba/,belize vs cuba,20,cuba vs belize,20,belize vs cuba,20,40
belize-vs-curacao,https://tabiji.ai/compare/belize-vs-curacao/,belize vs curacao,20,curacao vs belize,20,belize vs curacao,20,40
belize-vs-dominican-republic,https://tabiji.ai/compare/belize-vs-dominican-republic/,belize vs dominican republic,20,dominican republic vs belize,20,belize vs dominican republic,20,40
belize-vs-hawaii,https://tabiji.ai/compare/belize-vs-hawaii/,belize vs hawaii,20,hawaii vs belize,20,belize vs hawaii,20,40
belize-vs-jamaica,https://tabiji.ai/compare/belize-vs-jamaica/,belize vs jamaica,20,jamaica vs belize,20,belize vs jamaica,20,40
belize-vs-st-lucia,https://tabiji.ai/compare/belize-vs-st-lucia/,belize vs st lucia,20,st lucia vs belize,20,belize vs st lucia,20,40
belize-vs-tulum,https://tabiji.ai/compare/belize-vs-tulum/,belize vs tulum,20,tulum vs belize,20,belize vs tulum,20,40
belize-vs-usa,https://tabiji.ai/compare/belize-vs-usa/,belize vs usa,20,usa vs belize,20,belize vs usa,20,40
bogota-vs-buenos-aires,https://tabiji.ai/compare/bogota-vs-buenos-aires/,bogota vs buenos aires,20,buenos aires vs bogota,20,bogota vs buenos aires,20,40
bogota-vs-new-york,https://tabiji.ai/compare/bogota-vs-new-york/,bogota vs new york,20,new york vs bogota,20,bogota vs new york,20,40
bogota-vs-santiago,https://tabiji.ai/compare/bogota-vs-santiago/,bogota vs santiago,20,santiago vs bogota,20,bogota vs santiago,20,40
bora-bora-vs-boracay,https://tabiji.ai/compare/bora-bora-vs-boracay/,bora bora vs boracay,20,boracay vs bora bora,20,bora bora vs boracay,20,40
boracay-vs-maldives,https://tabiji.ai/compare/boracay-vs-maldives/,boracay vs maldives,20,maldives vs boracay,20,boracay vs maldives,20,40
bordeaux-vs-marseille,https://tabiji.ai/compare/bordeaux-vs-marseille/,bordeaux vs marseille,20,marseille vs bordeaux,20,bordeaux vs marseille,20,40
bordeaux-vs-monaco,https://tabiji.ai/compare/bordeaux-vs-monaco/,bordeaux vs monaco,20,monaco vs bordeaux,20,bordeaux vs monaco,20,40
bordeaux-vs-nice,https://tabiji.ai/compare/bordeaux-vs-nice/,bordeaux vs nice,20,nice vs bordeaux,20,bordeaux vs nice,20,40
bordeaux-vs-provence,https://tabiji.ai/compare/bordeaux-vs-provence/,bordeaux vs provence,20,provence vs bordeaux,20,bordeaux vs provence,20,40
bordeaux-vs-strasbourg,https://tabiji.ai/compare/bordeaux-vs-strasbourg/,bordeaux vs strasbourg,20,strasbourg vs bordeaux,20,bordeaux vs strasbourg,20,40
botswana-vs-ethiopia,https://tabiji.ai/compare/botswana-vs-ethiopia/,botswana vs ethiopia,20,ethiopia vs botswana,20,botswana vs ethiopia,20,40
botswana-vs-kenya,https://tabiji.ai/compare/botswana-vs-kenya/,botswana vs kenya,20,kenya vs botswana,20,botswana vs kenya,20,40
bratislava-vs-prague,https://tabiji.ai/compare/bratislava-vs-prague/,bratislava vs prague,20,prague vs bratislava,20,bratislava vs prague,20,40
bucharest-vs-prague,https://tabiji.ai/compare/bucharest-vs-prague/,bucharest vs prague,20,prague vs bucharest,20,bucharest vs prague,20,40
bucharest-vs-warsaw,https://tabiji.ai/compare/bucharest-vs-warsaw/,bucharest vs warsaw,20,warsaw vs bucharest,20,bucharest vs warsaw,20,40
budapest-vs-salzburg,https://tabiji.ai/compare/budapest-vs-salzburg/,budapest vs salzburg,20,salzburg vs budapest,20,budapest vs salzburg,20,40
buenos-aires-vs-sao-paulo,https://tabiji.ai/compare/buenos-aires-vs-sao-paulo/,buenos aires vs sao paulo,20,sao paulo vs buenos aires,20,buenos aires vs sao paulo,20,40
cambodia-vs-china,https://tabiji.ai/compare/cambodia-vs-china/,cambodia vs china,20,china vs cambodia,20,cambodia vs china,20,40
cambodia-vs-india,https://tabiji.ai/compare/cambodia-vs-india/,cambodia vs india,20,india vs cambodia,20,cambodia vs india,20,40
cambodia-vs-mongolia,https://tabiji.ai/compare/cambodia-vs-mongolia/,cambodia vs mongolia,20,mongolia vs cambodia,20,cambodia vs mongolia,20,40
cambodia-vs-sri-lanka,https://tabiji.ai/compare/cambodia-vs-sri-lanka/,cambodia vs sri lanka,20,sri lanka vs cambodia,20,cambodia vs sri lanka,20,40
bora-bora-vs-cancun,https://tabiji.ai/compare/bora-bora-vs-cancun/,bora bora vs cancun,20,cancun vs bora bora,20,bora bora vs cancun,20,40
cape-town-vs-sydney,https://tabiji.ai/compare/cape-town-vs-sydney/,cape town vs sydney,20,sydney vs cape town,20,cape town vs sydney,20,40
cancun-vs-cartagena,https://tabiji.ai/compare/cancun-vs-cartagena/,cancun vs cartagena,20,cartagena vs cancun,20,cancun vs cartagena,20,40
cartagena-vs-malaga,https://tabiji.ai/compare/cartagena-vs-malaga/,cartagena vs malaga,20,malaga vs cartagena,20,cartagena vs malaga,20,40
cartagena-vs-punta-cana,https://tabiji.ai/compare/cartagena-vs-punta-cana/,cartagena vs punta cana,20,punta cana vs cartagena,20,cartagena vs punta cana,20,40
cebu-vs-phuket,https://tabiji.ai/compare/cebu-vs-phuket/,cebu vs phuket,20,phuket vs cebu,20,cebu vs phuket,20,40
chamonix-vs-dolomites,https://tabiji.ai/compare/chamonix-vs-dolomites/,chamonix vs dolomites,20,dolomites vs chamonix,20,chamonix vs dolomites,20,40
cinque-terre-vs-positano,https://tabiji.ai/compare/cinque-terre-vs-positano/,cinque terre vs positano,20,positano vs cinque terre,20,cinque terre vs positano,20,40
cinque-terre-vs-sicily,https://tabiji.ai/compare/cinque-terre-vs-sicily/,cinque terre vs sicily,20,sicily vs cinque terre,20,cinque terre vs sicily,20,40
cinque-terre-vs-sorrento,https://tabiji.ai/compare/cinque-terre-vs-sorrento/,cinque terre vs sorrento,20,sorrento vs cinque terre,20,cinque terre vs sorrento,20,40
cinque-terre-vs-venice,https://tabiji.ai/compare/cinque-terre-vs-venice/,cinque terre vs venice,20,venice vs cinque terre,20,cinque terre vs venice,20,40
corfu-vs-malta,https://tabiji.ai/compare/corfu-vs-malta/,corfu vs malta,20,malta vs corfu,20,corfu vs malta,20,40
corfu-vs-sardinia,https://tabiji.ai/compare/corfu-vs-sardinia/,corfu vs sardinia,20,sardinia vs corfu,20,corfu vs sardinia,20,40
cornwall-vs-cotswolds,https://tabiji.ai/compare/cornwall-vs-cotswolds/,cornwall vs cotswolds,20,cotswolds vs cornwall,20,cornwall vs cotswolds,20,40
athens-vs-crete,https://tabiji.ai/compare/athens-vs-crete/,athens vs crete,20,crete vs athens,20,athens vs crete,20,40
crete-vs-malta,https://tabiji.ai/compare/crete-vs-malta/,crete vs malta,20,malta vs crete,20,crete vs malta,20,40
crete-vs-sicily,https://tabiji.ai/compare/crete-vs-sicily/,crete vs sicily,20,sicily vs crete,20,crete vs sicily,20,40
colombia-vs-curacao,https://tabiji.ai/compare/colombia-vs-curacao/,colombia vs curacao,20,curacao vs colombia,20,colombia vs curacao,20,40
cuba-vs-curacao,https://tabiji.ai/compare/cuba-vs-curacao/,cuba vs curacao,20,curacao vs cuba,20,cuba vs curacao,20,40
curacao-vs-dominican-republic,https://tabiji.ai/compare/curacao-vs-dominican-republic/,curacao vs dominican republic,20,dominican republic vs curacao,20,curacao vs dominican republic,20,40
curacao-vs-hawaii,https://tabiji.ai/compare/curacao-vs-hawaii/,curacao vs hawaii,20,hawaii vs curacao,20,curacao vs hawaii,20,40
curacao-vs-nicaragua,https://tabiji.ai/compare/curacao-vs-nicaragua/,curacao vs nicaragua,20,nicaragua vs curacao,20,curacao vs nicaragua,20,40
curacao-vs-puerto-rico,https://tabiji.ai/compare/curacao-vs-puerto-rico/,curacao vs puerto rico,20,puerto rico vs curacao,20,curacao vs puerto rico,20,40
curacao-vs-punta-cana,https://tabiji.ai/compare/curacao-vs-punta-cana/,curacao vs punta cana,20,punta cana vs curacao,20,curacao vs punta cana,20,40
armenia-vs-cyprus,https://tabiji.ai/compare/armenia-vs-cyprus/,armenia vs cyprus,20,cyprus vs armenia,20,armenia vs cyprus,20,40
belgium-vs-cyprus,https://tabiji.ai/compare/belgium-vs-cyprus/,belgium vs cyprus,20,cyprus vs belgium,20,belgium vs cyprus,20,40
cyprus-vs-ireland,https://tabiji.ai/compare/cyprus-vs-ireland/,cyprus vs ireland,20,ireland vs cyprus,20,cyprus vs ireland,20,40
cyprus-vs-montenegro,https://tabiji.ai/compare/cyprus-vs-montenegro/,cyprus vs montenegro,20,montenegro vs cyprus,20,cyprus vs montenegro,20,40
cyprus-vs-norway,https://tabiji.ai/compare/cyprus-vs-norway/,cyprus vs norway,20,norway vs cyprus,20,cyprus vs norway,20,40
cyprus-vs-rhodes,https://tabiji.ai/compare/cyprus-vs-rhodes/,cyprus vs rhodes,20,rhodes vs cyprus,20,cyprus vs rhodes,20,40
cyprus-vs-scotland,https://tabiji.ai/compare/cyprus-vs-scotland/,cyprus vs scotland,20,scotland vs cyprus,20,cyprus vs scotland,20,40
cyprus-vs-sicily,https://tabiji.ai/compare/cyprus-vs-sicily/,cyprus vs sicily,20,sicily vs cyprus,20,cyprus vs sicily,20,40
armenia-vs-czech-republic,https://tabiji.ai/compare/armenia-vs-czech-republic/,armenia vs czech republic,20,czech republic vs armenia,20,armenia vs czech republic,20,40
australia-vs-czech-republic,https://tabiji.ai/compare/australia-vs-czech-republic/,australia vs czech republic,20,czech republic vs australia,20,australia vs czech republic,20,40
brazil-vs-czech-republic,https://tabiji.ai/compare/brazil-vs-czech-republic/,brazil vs czech republic,20,czech republic vs brazil,20,brazil vs czech republic,20,40
china-vs-czech-republic,https://tabiji.ai/compare/china-vs-czech-republic/,china vs czech republic,20,czech republic vs china,20,china vs czech republic,20,40
czech-republic-vs-france,https://tabiji.ai/compare/czech-republic-vs-france/,czech republic vs france,20,france vs czech republic,20,czech republic vs france,20,40
czech-republic-vs-israel,https://tabiji.ai/compare/czech-republic-vs-israel/,czech republic vs israel,20,israel vs czech republic,20,czech republic vs israel,20,40
czech-republic-vs-mexico,https://tabiji.ai/compare/czech-republic-vs-mexico/,czech republic vs mexico,20,mexico vs czech republic,20,czech republic vs mexico,20,40
czech-republic-vs-scotland,https://tabiji.ai/compare/czech-republic-vs-scotland/,czech republic vs scotland,20,scotland vs czech republic,20,czech republic vs scotland,20,40
dolomites-vs-switzerland,https://tabiji.ai/compare/dolomites-vs-switzerland/,dolomites vs switzerland,20,switzerland vs dolomites,20,dolomites vs switzerland,20,40
dolomites-vs-zermatt,https://tabiji.ai/compare/dolomites-vs-zermatt/,dolomites vs zermatt,20,zermatt vs dolomites,20,dolomites vs zermatt,20,40
amsterdam-vs-dublin,https://tabiji.ai/compare/amsterdam-vs-dublin/,amsterdam vs dublin,20,dublin vs amsterdam,20,amsterdam vs dublin,20,40
berlin-vs-dublin,https://tabiji.ai/compare/berlin-vs-dublin/,berlin vs dublin,20,dublin vs berlin,20,berlin vs dublin,20,40
boston-vs-dublin,https://tabiji.ai/compare/boston-vs-dublin/,boston vs dublin,20,dublin vs boston,20,boston vs dublin,20,40
copenhagen-vs-dublin,https://tabiji.ai/compare/copenhagen-vs-dublin/,copenhagen vs dublin,20,dublin vs copenhagen,20,copenhagen vs dublin,20,40
dublin-vs-manchester,https://tabiji.ai/compare/dublin-vs-manchester/,dublin vs manchester,20,manchester vs dublin,20,dublin vs manchester,20,40
dubrovnik-vs-montenegro,https://tabiji.ai/compare/dubrovnik-vs-montenegro/,dubrovnik vs montenegro,20,montenegro vs dubrovnik,20,dubrovnik vs montenegro,20,40
amsterdam-vs-edinburgh,https://tabiji.ai/compare/amsterdam-vs-edinburgh/,amsterdam vs edinburgh,20,edinburgh vs amsterdam,20,amsterdam vs edinburgh,20,40
belfast-vs-edinburgh,https://tabiji.ai/compare/belfast-vs-edinburgh/,belfast vs edinburgh,20,edinburgh vs belfast,20,belfast vs edinburgh,20,40
edinburgh-vs-liverpool,https://tabiji.ai/compare/edinburgh-vs-liverpool/,edinburgh vs liverpool,20,liverpool vs edinburgh,20,edinburgh vs liverpool,20,40
edinburgh-vs-oxford,https://tabiji.ai/compare/edinburgh-vs-oxford/,edinburgh vs oxford,20,oxford vs edinburgh,20,edinburgh vs oxford,20,40
edinburgh-vs-prague,https://tabiji.ai/compare/edinburgh-vs-prague/,edinburgh vs prague,20,prague vs edinburgh,20,edinburgh vs prague,20,40
albania-vs-estonia,https://tabiji.ai/compare/albania-vs-estonia/,albania vs estonia,20,estonia vs albania,20,albania vs estonia,20,40
armenia-vs-estonia,https://tabiji.ai/compare/armenia-vs-estonia/,armenia vs estonia,20,estonia vs armenia,20,armenia vs estonia,20,40
austria-vs-estonia,https://tabiji.ai/compare/austria-vs-estonia/,austria vs estonia,20,estonia vs austria,20,austria vs estonia,20,40
croatia-vs-estonia,https://tabiji.ai/compare/croatia-vs-estonia/,croatia vs estonia,20,estonia vs croatia,20,croatia vs estonia,20,40
denmark-vs-estonia,https://tabiji.ai/compare/denmark-vs-estonia/,denmark vs estonia,20,estonia vs denmark,20,denmark vs estonia,20,40
england-vs-estonia,https://tabiji.ai/compare/england-vs-estonia/,england vs estonia,20,estonia vs england,20,england vs estonia,20,40
florence-vs-lake-como,https://tabiji.ai/compare/florence-vs-lake-como/,florence vs lake como,20,lake como vs florence,20,florence vs lake como,20,40
florence-vs-madrid,https://tabiji.ai/compare/florence-vs-madrid/,florence vs madrid,20,madrid vs florence,20,florence vs madrid,20,40
french-riviera-vs-provence,https://tabiji.ai/compare/french-riviera-vs-provence/,french riviera vs provence,20,provence vs french riviera,20,french riviera vs provence,20,40
goa-vs-maldives,https://tabiji.ai/compare/goa-vs-maldives/,goa vs maldives,20,maldives vs goa,20,goa vs maldives,20,40
goa-vs-sri-lanka,https://tabiji.ai/compare/goa-vs-sri-lanka/,goa vs sri lanka,20,sri lanka vs goa,20,goa vs sri lanka,20,40
gran-canaria-vs-lanzarote,https://tabiji.ai/compare/gran-canaria-vs-lanzarote/,gran canaria vs lanzarote,20,lanzarote vs gran canaria,20,gran canaria vs lanzarote,20,40
gran-canaria-vs-mallorca,https://tabiji.ai/compare/gran-canaria-vs-mallorca/,gran canaria vs mallorca,20,mallorca vs gran canaria,20,gran canaria vs mallorca,20,40
hanoi-vs-jakarta,https://tabiji.ai/compare/hanoi-vs-jakarta/,hanoi vs jakarta,20,jakarta vs hanoi,20,hanoi vs jakarta,20,40
hanoi-vs-manila,https://tabiji.ai/compare/hanoi-vs-manila/,hanoi vs manila,20,manila vs hanoi,20,hanoi vs manila,20,40
ibiza-vs-malaga,https://tabiji.ai/compare/ibiza-vs-malaga/,ibiza vs malaga,20,malaga vs ibiza,20,ibiza vs malaga,20,40
ibiza-vs-miami,https://tabiji.ai/compare/ibiza-vs-miami/,ibiza vs miami,20,miami vs ibiza,20,ibiza vs miami,20,40
ibiza-vs-tenerife,https://tabiji.ai/compare/ibiza-vs-tenerife/,ibiza vs tenerife,20,tenerife vs ibiza,20,ibiza vs tenerife,20,40
interlaken-vs-zermatt,https://tabiji.ai/compare/interlaken-vs-zermatt/,interlaken vs zermatt,20,zermatt vs interlaken,20,interlaken vs zermatt,20,40
interlaken-vs-zurich,https://tabiji.ai/compare/interlaken-vs-zurich/,interlaken vs zurich,20,zurich vs interlaken,20,interlaken vs zurich,20,40
barcelona-vs-istanbul,https://tabiji.ai/compare/barcelona-vs-istanbul/,barcelona vs istanbul,20,istanbul vs barcelona,20,barcelona vs istanbul,20,40
dubai-vs-istanbul,https://tabiji.ai/compare/dubai-vs-istanbul/,dubai vs istanbul,20,istanbul vs dubai,20,dubai vs istanbul,20,40
istanbul-vs-mumbai,https://tabiji.ai/compare/istanbul-vs-mumbai/,istanbul vs mumbai,20,mumbai vs istanbul,20,istanbul vs mumbai,20,40
istanbul-vs-new-york,https://tabiji.ai/compare/istanbul-vs-new-york/,istanbul vs new york,20,new york vs istanbul,20,istanbul vs new york,20,40
istanbul-vs-prague,https://tabiji.ai/compare/istanbul-vs-prague/,istanbul vs prague,20,prague vs istanbul,20,istanbul vs prague,20,40
jakarta-vs-mumbai,https://tabiji.ai/compare/jakarta-vs-mumbai/,jakarta vs mumbai,20,mumbai vs jakarta,20,jakarta vs mumbai,20,40
jakarta-vs-yogyakarta,https://tabiji.ai/compare/jakarta-vs-yogyakarta/,jakarta vs yogyakarta,20,yogyakarta vs jakarta,20,jakarta vs yogyakarta,20,40
kathmandu-vs-patagonia,https://tabiji.ai/compare/kathmandu-vs-patagonia/,kathmandu vs patagonia,20,patagonia vs kathmandu,20,kathmandu vs patagonia,20,40
costa-rica-vs-kauai,https://tabiji.ai/compare/costa-rica-vs-kauai/,costa rica vs kauai,20,kauai vs costa rica,20,costa rica vs kauai,20,40
hawaii-vs-kauai,https://tabiji.ai/compare/hawaii-vs-kauai/,hawaii vs kauai,20,kauai vs hawaii,20,hawaii vs kauai,20,40
argentina-vs-kenya,https://tabiji.ai/compare/argentina-vs-kenya/,argentina vs kenya,20,kenya vs argentina,20,argentina vs kenya,20,40
koh-lanta-vs-koh-samui,https://tabiji.ai/compare/koh-lanta-vs-koh-samui/,koh lanta vs koh samui,20,koh samui vs koh lanta,20,koh lanta vs koh samui,20,40
koh-tao-vs-krabi,https://tabiji.ai/compare/koh-tao-vs-krabi/,koh tao vs krabi,20,krabi vs koh tao,20,koh tao vs krabi,20,40
georgia-vs-kyrgyzstan,https://tabiji.ai/compare/georgia-vs-kyrgyzstan/,georgia vs kyrgyzstan,20,kyrgyzstan vs georgia,20,georgia vs kyrgyzstan,20,40
india-vs-kyrgyzstan,https://tabiji.ai/compare/india-vs-kyrgyzstan/,india vs kyrgyzstan,20,kyrgyzstan vs india,20,india vs kyrgyzstan,20,40
kyrgyzstan-vs-malaysia,https://tabiji.ai/compare/kyrgyzstan-vs-malaysia/,kyrgyzstan vs malaysia,20,malaysia vs kyrgyzstan,20,kyrgyzstan vs malaysia,20,40
kyrgyzstan-vs-mongolia,https://tabiji.ai/compare/kyrgyzstan-vs-mongolia/,kyrgyzstan vs mongolia,20,mongolia vs kyrgyzstan,20,kyrgyzstan vs mongolia,20,40
kyrgyzstan-vs-south-korea,https://tabiji.ai/compare/kyrgyzstan-vs-south-korea/,kyrgyzstan vs south korea,20,south korea vs kyrgyzstan,20,kyrgyzstan vs south korea,20,40
kyrgyzstan-vs-vietnam,https://tabiji.ai/compare/kyrgyzstan-vs-vietnam/,kyrgyzstan vs vietnam,20,vietnam vs kyrgyzstan,20,kyrgyzstan vs vietnam,20,40
china-vs-laos,https://tabiji.ai/compare/china-vs-laos/,china vs laos,20,laos vs china,20,china vs laos,20,40
laos-vs-south-korea,https://tabiji.ai/compare/laos-vs-south-korea/,laos vs south korea,20,south korea vs laos,20,laos vs south korea,20,40
brazil-vs-latvia,https://tabiji.ai/compare/brazil-vs-latvia/,brazil vs latvia,20,latvia vs brazil,20,brazil vs latvia,20,40
albania-vs-lebanon,https://tabiji.ai/compare/albania-vs-lebanon/,albania vs lebanon,20,lebanon vs albania,20,albania vs lebanon,20,40
armenia-vs-lebanon,https://tabiji.ai/compare/armenia-vs-lebanon/,armenia vs lebanon,20,lebanon vs armenia,20,armenia vs lebanon,20,40
brazil-vs-lebanon,https://tabiji.ai/compare/brazil-vs-lebanon/,brazil vs lebanon,20,lebanon vs brazil,20,brazil vs lebanon,20,40
china-vs-lebanon,https://tabiji.ai/compare/china-vs-lebanon/,china vs lebanon,20,lebanon vs china,20,china vs lebanon,20,40
france-vs-lebanon,https://tabiji.ai/compare/france-vs-lebanon/,france vs lebanon,20,lebanon vs france,20,france vs lebanon,20,40
greece-vs-lebanon,https://tabiji.ai/compare/greece-vs-lebanon/,greece vs lebanon,20,lebanon vs greece,20,greece vs lebanon,20,40
lebanon-vs-malaysia,https://tabiji.ai/compare/lebanon-vs-malaysia/,lebanon vs malaysia,20,malaysia vs lebanon,20,lebanon vs malaysia,20,40
lebanon-vs-morocco,https://tabiji.ai/compare/lebanon-vs-morocco/,lebanon vs morocco,20,morocco vs lebanon,20,lebanon vs morocco,20,40
lebanon-vs-thailand,https://tabiji.ai/compare/lebanon-vs-thailand/,lebanon vs thailand,20,thailand vs lebanon,20,lebanon vs thailand,20,40
lebanon-vs-turkey,https://tabiji.ai/compare/lebanon-vs-turkey/,lebanon vs turkey,20,turkey vs lebanon,20,lebanon vs turkey,20,40
lebanon-vs-uae,https://tabiji.ai/compare/lebanon-vs-uae/,lebanon vs uae,20,uae vs lebanon,20,lebanon vs uae,20,40
athens-vs-lisbon,https://tabiji.ai/compare/athens-vs-lisbon/,athens vs lisbon,20,lisbon vs athens,20,athens vs lisbon,20,40
austria-vs-lithuania,https://tabiji.ai/compare/austria-vs-lithuania/,austria vs lithuania,20,lithuania vs austria,20,austria vs lithuania,20,40
china-vs-lithuania,https://tabiji.ai/compare/china-vs-lithuania/,china vs lithuania,20,lithuania vs china,20,china vs lithuania,20,40
croatia-vs-lithuania,https://tabiji.ai/compare/croatia-vs-lithuania/,croatia vs lithuania,20,lithuania vs croatia,20,croatia vs lithuania,20,40
bergen-vs-lofoten,https://tabiji.ai/compare/bergen-vs-lofoten/,bergen vs lofoten,20,lofoten vs bergen,20,bergen vs lofoten,20,40
lombok-vs-nusa-penida,https://tabiji.ai/compare/lombok-vs-nusa-penida/,lombok vs nusa penida,20,nusa penida vs lombok,20,lombok vs nusa penida,20,40
amsterdam-vs-luxembourg,https://tabiji.ai/compare/amsterdam-vs-luxembourg/,amsterdam vs luxembourg,20,luxembourg vs amsterdam,20,amsterdam vs luxembourg,20,40
austria-vs-luxembourg,https://tabiji.ai/compare/austria-vs-luxembourg/,austria vs luxembourg,20,luxembourg vs austria,20,austria vs luxembourg,20,40
denmark-vs-luxembourg,https://tabiji.ai/compare/denmark-vs-luxembourg/,denmark vs luxembourg,20,luxembourg vs denmark,20,denmark vs luxembourg,20,40
iceland-vs-luxembourg,https://tabiji.ai/compare/iceland-vs-luxembourg/,iceland vs luxembourg,20,luxembourg vs iceland,20,iceland vs luxembourg,20,40
lithuania-vs-luxembourg,https://tabiji.ai/compare/lithuania-vs-luxembourg/,lithuania vs luxembourg,20,luxembourg vs lithuania,20,lithuania vs luxembourg,20,40
luxembourg-vs-monaco,https://tabiji.ai/compare/luxembourg-vs-monaco/,luxembourg vs monaco,20,monaco vs luxembourg,20,luxembourg vs monaco,20,40
luxembourg-vs-usa,https://tabiji.ai/compare/luxembourg-vs-usa/,luxembourg vs usa,20,usa vs luxembourg,20,luxembourg vs usa,20,40
hawaii-vs-madeira,https://tabiji.ai/compare/hawaii-vs-madeira/,hawaii vs madeira,20,madeira vs hawaii,20,hawaii vs madeira,20,40
lisbon-vs-madeira,https://tabiji.ai/compare/lisbon-vs-madeira/,lisbon vs madeira,20,madeira vs lisbon,20,lisbon vs madeira,20,40
madeira-vs-malta,https://tabiji.ai/compare/madeira-vs-malta/,madeira vs malta,20,malta vs madeira,20,madeira vs malta,20,40
madeira-vs-porto,https://tabiji.ai/compare/madeira-vs-porto/,madeira vs porto,20,porto vs madeira,20,madeira vs porto,20,40
madeira-vs-portugal,https://tabiji.ai/compare/madeira-vs-portugal/,madeira vs portugal,20,portugal vs madeira,20,madeira vs portugal,20,40
madeira-vs-tenerife,https://tabiji.ai/compare/madeira-vs-tenerife/,madeira vs tenerife,20,tenerife vs madeira,20,madeira vs tenerife,20,40
lisbon-vs-malaga,https://tabiji.ai/compare/lisbon-vs-malaga/,lisbon vs malaga,20,malaga vs lisbon,20,lisbon vs malaga,20,40
madrid-vs-malaga,https://tabiji.ai/compare/madrid-vs-malaga/,madrid vs malaga,20,malaga vs madrid,20,madrid vs malaga,20,40
argentina-vs-malaysia,https://tabiji.ai/compare/argentina-vs-malaysia/,argentina vs malaysia,20,malaysia vs argentina,20,argentina vs malaysia,20,40
barcelona-vs-malaysia,https://tabiji.ai/compare/barcelona-vs-malaysia/,barcelona vs malaysia,20,malaysia vs barcelona,20,barcelona vs malaysia,20,40
brazil-vs-malaysia,https://tabiji.ai/compare/brazil-vs-malaysia/,brazil vs malaysia,20,malaysia vs brazil,20,brazil vs malaysia,20,40
china-vs-malaysia,https://tabiji.ai/compare/china-vs-malaysia/,china vs malaysia,20,malaysia vs china,20,china vs malaysia,20,40
aruba-vs-maldives,https://tabiji.ai/compare/aruba-vs-maldives/,aruba vs maldives,20,maldives vs aruba,20,aruba vs maldives,20,40
cancun-vs-maldives,https://tabiji.ai/compare/cancun-vs-maldives/,cancun vs maldives,20,maldives vs cancun,20,cancun vs maldives,20,40
cook-islands-vs-maldives,https://tabiji.ai/compare/cook-islands-vs-maldives/,cook islands vs maldives,20,maldives vs cook islands,20,cook islands vs maldives,20,40
greece-vs-maldives,https://tabiji.ai/compare/greece-vs-maldives/,greece vs maldives,20,maldives vs greece,20,greece vs maldives,20,40
indonesia-vs-maldives,https://tabiji.ai/compare/indonesia-vs-maldives/,indonesia vs maldives,20,maldives vs indonesia,20,indonesia vs maldives,20,40
malaysia-vs-maldives,https://tabiji.ai/compare/malaysia-vs-maldives/,malaysia vs maldives,20,maldives vs malaysia,20,malaysia vs maldives,20,40
maldives-vs-palawan,https://tabiji.ai/compare/maldives-vs-palawan/,maldives vs palawan,20,palawan vs maldives,20,maldives vs palawan,20,40
manila-vs-mumbai,https://tabiji.ai/compare/manila-vs-mumbai/,manila vs mumbai,20,mumbai vs manila,20,manila vs mumbai,20,40
manila-vs-new-york,https://tabiji.ai/compare/manila-vs-new-york/,manila vs new york,20,new york vs manila,20,manila vs new york,20,40
marrakech-vs-rabat,https://tabiji.ai/compare/marrakech-vs-rabat/,marrakech vs rabat,20,rabat vs marrakech,20,marrakech vs rabat,20,40
costa-rica-vs-maui,https://tabiji.ai/compare/costa-rica-vs-maui/,costa rica vs maui,20,maui vs costa rica,20,costa rica vs maui,20,40
bora-bora-vs-mauritius,https://tabiji.ai/compare/bora-bora-vs-mauritius/,bora bora vs mauritius,20,mauritius vs bora bora,20,bora bora vs mauritius,20,40
fiji-vs-mauritius,https://tabiji.ai/compare/fiji-vs-mauritius/,fiji vs mauritius,20,mauritius vs fiji,20,fiji vs mauritius,20,40
hawaii-vs-mauritius,https://tabiji.ai/compare/hawaii-vs-mauritius/,hawaii vs mauritius,20,mauritius vs hawaii,20,hawaii vs mauritius,20,40
india-vs-mauritius,https://tabiji.ai/compare/india-vs-mauritius/,india vs mauritius,20,mauritius vs india,20,india vs mauritius,20,40
kenya-vs-mauritius,https://tabiji.ai/compare/kenya-vs-mauritius/,kenya vs mauritius,20,mauritius vs kenya,20,kenya vs mauritius,20,40
madagascar-vs-mauritius,https://tabiji.ai/compare/madagascar-vs-mauritius/,madagascar vs mauritius,20,mauritius vs madagascar,20,madagascar vs mauritius,20,40
mauritius-vs-sri-lanka,https://tabiji.ai/compare/mauritius-vs-sri-lanka/,mauritius vs sri lanka,20,sri lanka vs mauritius,20,mauritius vs sri lanka,20,40
mauritius-vs-tanzania,https://tabiji.ai/compare/mauritius-vs-tanzania/,mauritius vs tanzania,20,tanzania vs mauritius,20,mauritius vs tanzania,20,40
mauritius-vs-thailand,https://tabiji.ai/compare/mauritius-vs-thailand/,mauritius vs thailand,20,thailand vs mauritius,20,mauritius vs thailand,20,40
mexico-city-vs-mexico,https://tabiji.ai/compare/mexico-city-vs-mexico/,mexico city vs mexico,20,mexico vs mexico city,20,mexico city vs mexico,20,40
mexico-city-vs-puerto-vallarta,https://tabiji.ai/compare/mexico-city-vs-puerto-vallarta/,mexico city vs puerto vallarta,20,puerto vallarta vs mexico city,20,mexico city vs puerto vallarta,20,40
mexico-city-vs-tulum,https://tabiji.ai/compare/mexico-city-vs-tulum/,mexico city vs tulum,20,tulum vs mexico city,20,mexico city vs tulum,20,40
mongolia-vs-myanmar,https://tabiji.ai/compare/mongolia-vs-myanmar/,mongolia vs myanmar,20,myanmar vs mongolia,20,mongolia vs myanmar,20,40
mongolia-vs-philippines,https://tabiji.ai/compare/mongolia-vs-philippines/,mongolia vs philippines,20,philippines vs mongolia,20,mongolia vs philippines,20,40
mongolia-vs-thailand,https://tabiji.ai/compare/mongolia-vs-thailand/,mongolia vs thailand,20,thailand vs mongolia,20,mongolia vs thailand,20,40
mongolia-vs-usa,https://tabiji.ai/compare/mongolia-vs-usa/,mongolia vs usa,20,usa vs mongolia,20,mongolia vs usa,20,40
hungary-vs-montenegro,https://tabiji.ai/compare/hungary-vs-montenegro/,hungary vs montenegro,20,montenegro vs hungary,20,hungary vs montenegro,20,40
italy-vs-montenegro,https://tabiji.ai/compare/italy-vs-montenegro/,italy vs montenegro,20,montenegro vs italy,20,italy vs montenegro,20,40
japan-vs-montenegro,https://tabiji.ai/compare/japan-vs-montenegro/,japan vs montenegro,20,montenegro vs japan,20,japan vs montenegro,20,40
malta-vs-montenegro,https://tabiji.ai/compare/malta-vs-montenegro/,malta vs montenegro,20,montenegro vs malta,20,malta vs montenegro,20,40
athens-vs-mykonos,https://tabiji.ai/compare/athens-vs-mykonos/,athens vs mykonos,20,mykonos vs athens,20,athens vs mykonos,20,40
accra-vs-nairobi,https://tabiji.ai/compare/accra-vs-nairobi/,accra vs nairobi,20,nairobi vs accra,20,accra vs nairobi,20,40
ghana-vs-namibia,https://tabiji.ai/compare/ghana-vs-namibia/,ghana vs namibia,20,namibia vs ghana,20,ghana vs namibia,20,40
namibia-vs-nepal,https://tabiji.ai/compare/namibia-vs-nepal/,namibia vs nepal,20,nepal vs namibia,20,namibia vs nepal,20,40
namibia-vs-sri-lanka,https://tabiji.ai/compare/namibia-vs-sri-lanka/,namibia vs sri lanka,20,sri lanka vs namibia,20,namibia vs sri lanka,20,40
marseille-vs-naples,https://tabiji.ai/compare/marseille-vs-naples/,marseille vs naples,20,naples vs marseille,20,marseille vs naples,20,40
naxos-vs-rhodes,https://tabiji.ai/compare/naxos-vs-rhodes/,naxos vs rhodes,20,rhodes vs naxos,20,naxos vs rhodes,20,40
hawaii-vs-oahu,https://tabiji.ai/compare/hawaii-vs-oahu/,hawaii vs oahu,20,oahu vs hawaii,20,hawaii vs oahu,20,40
oslo-vs-tromso,https://tabiji.ai/compare/oslo-vs-tromso/,oslo vs tromso,20,tromso vs oslo,20,oslo vs tromso,20,40
hawaii-vs-phuket,https://tabiji.ai/compare/hawaii-vs-phuket/,hawaii vs phuket,20,phuket vs hawaii,20,hawaii vs phuket,20,40
koh-tao-vs-phuket,https://tabiji.ai/compare/koh-tao-vs-phuket/,koh tao vs phuket,20,phuket vs koh tao,20,koh tao vs phuket,20,40
phuket-vs-thailand,https://tabiji.ai/compare/phuket-vs-thailand/,phuket vs thailand,20,thailand vs phuket,20,phuket vs thailand,20,40
phuket-vs-vietnam,https://tabiji.ai/compare/phuket-vs-vietnam/,phuket vs vietnam,20,vietnam vs phuket,20,phuket vs vietnam,20,40
aruba-vs-playa-del-carmen,https://tabiji.ai/compare/aruba-vs-playa-del-carmen/,aruba vs playa del carmen,20,playa del carmen vs aruba,20,aruba vs playa del carmen,20,40
cabo-san-lucas-vs-playa-del-carmen,https://tabiji.ai/compare/cabo-san-lucas-vs-playa-del-carmen/,cabo san lucas vs playa del carmen,20,playa del carmen vs cabo san lucas,20,cabo san lucas vs playa del carmen,20,40
los-cabos-vs-playa-del-carmen,https://tabiji.ai/compare/los-cabos-vs-playa-del-carmen/,los cabos vs playa del carmen,20,playa del carmen vs los cabos,20,los cabos vs playa del carmen,20,40
playa-del-carmen-vs-punta-cana,https://tabiji.ai/compare/playa-del-carmen-vs-punta-cana/,playa del carmen vs punta cana,20,punta cana vs playa del carmen,20,playa del carmen vs punta cana,20,40
copenhagen-vs-prague,https://tabiji.ai/compare/copenhagen-vs-prague/,copenhagen vs prague,20,prague vs copenhagen,20,copenhagen vs prague,20,40
croatia-vs-prague,https://tabiji.ai/compare/croatia-vs-prague/,croatia vs prague,20,prague vs croatia,20,croatia vs prague,20,40
milan-vs-prague,https://tabiji.ai/compare/milan-vs-prague/,milan vs prague,20,prague vs milan,20,milan vs prague,20,40
portugal-vs-prague,https://tabiji.ai/compare/portugal-vs-prague/,portugal vs prague,20,prague vs portugal,20,portugal vs prague,20,40
costa-rica-vs-puerto-vallarta,https://tabiji.ai/compare/costa-rica-vs-puerto-vallarta/,costa rica vs puerto vallarta,20,puerto vallarta vs costa rica,20,costa rica vs puerto vallarta,20,40
guadalajara-vs-puerto-vallarta,https://tabiji.ai/compare/guadalajara-vs-puerto-vallarta/,guadalajara vs puerto vallarta,20,puerto vallarta vs guadalajara,20,guadalajara vs puerto vallarta,20,40
hawaii-vs-puerto-vallarta,https://tabiji.ai/compare/hawaii-vs-puerto-vallarta/,hawaii vs puerto vallarta,20,puerto vallarta vs hawaii,20,hawaii vs puerto vallarta,20,40
oaxaca-vs-puerto-vallarta,https://tabiji.ai/compare/oaxaca-vs-puerto-vallarta/,oaxaca vs puerto vallarta,20,puerto vallarta vs oaxaca,20,oaxaca vs puerto vallarta,20,40
puerto-rico-vs-puerto-vallarta,https://tabiji.ai/compare/puerto-rico-vs-puerto-vallarta/,puerto rico vs puerto vallarta,20,puerto vallarta vs puerto rico,20,puerto rico vs puerto vallarta,20,40
antigua-vs-punta-cana,https://tabiji.ai/compare/antigua-vs-punta-cana/,antigua vs punta cana,20,punta cana vs antigua,20,antigua vs punta cana,20,40
barbados-vs-punta-cana,https://tabiji.ai/compare/barbados-vs-punta-cana/,barbados vs punta cana,20,punta cana vs barbados,20,barbados vs punta cana,20,40
dominican-republic-vs-punta-cana,https://tabiji.ai/compare/dominican-republic-vs-punta-cana/,dominican republic vs punta cana,20,punta cana vs dominican republic,20,dominican republic vs punta cana,20,40
hawaii-vs-punta-cana,https://tabiji.ai/compare/hawaii-vs-punta-cana/,hawaii vs punta cana,20,punta cana vs hawaii,20,hawaii vs punta cana,20,40
los-cabos-vs-punta-cana,https://tabiji.ai/compare/los-cabos-vs-punta-cana/,los cabos vs punta cana,20,punta cana vs los cabos,20,los cabos vs punta cana,20,40
quebec-city-vs-toronto,https://tabiji.ai/compare/quebec-city-vs-toronto/,quebec city vs toronto,20,toronto vs quebec city,20,quebec city vs toronto,20,40
los-angeles-vs-rio-de-janeiro,https://tabiji.ai/compare/los-angeles-vs-rio-de-janeiro/,los angeles vs rio de janeiro,20,rio de janeiro vs los angeles,20,los angeles vs rio de janeiro,20,40
medellin-vs-rio-de-janeiro,https://tabiji.ai/compare/medellin-vs-rio-de-janeiro/,medellin vs rio de janeiro,20,rio de janeiro vs medellin,20,medellin vs rio de janeiro,20,40
miami-vs-rio-de-janeiro,https://tabiji.ai/compare/miami-vs-rio-de-janeiro/,miami vs rio de janeiro,20,rio de janeiro vs miami,20,miami vs rio de janeiro,20,40
new-york-vs-rio-de-janeiro,https://tabiji.ai/compare/new-york-vs-rio-de-janeiro/,new york vs rio de janeiro,20,rio de janeiro vs new york,20,new york vs rio de janeiro,20,40
madrid-vs-san-sebastian,https://tabiji.ai/compare/madrid-vs-san-sebastian/,madrid vs san sebastian,20,san sebastian vs madrid,20,madrid vs san sebastian,20,40
mallorca-vs-san-sebastian,https://tabiji.ai/compare/mallorca-vs-san-sebastian/,mallorca vs san sebastian,20,san sebastian vs mallorca,20,mallorca vs san sebastian,20,40
positano-vs-santorini,https://tabiji.ai/compare/positano-vs-santorini/,positano vs santorini,20,santorini vs positano,20,positano vs santorini,20,40
croatia-vs-sardinia,https://tabiji.ai/compare/croatia-vs-sardinia/,croatia vs sardinia,20,sardinia vs croatia,20,croatia vs sardinia,20,40
hawaii-vs-seychelles,https://tabiji.ai/compare/hawaii-vs-seychelles/,hawaii vs seychelles,20,seychelles vs hawaii,20,hawaii vs seychelles,20,40
madagascar-vs-seychelles,https://tabiji.ai/compare/madagascar-vs-seychelles/,madagascar vs seychelles,20,seychelles vs madagascar,20,madagascar vs seychelles,20,40
seychelles-vs-south-africa,https://tabiji.ai/compare/seychelles-vs-south-africa/,seychelles vs south africa,20,south africa vs seychelles,20,seychelles vs south africa,20,40
capri-vs-sicily,https://tabiji.ai/compare/capri-vs-sicily/,capri vs sicily,20,sicily vs capri,20,capri vs sicily,20,40
croatia-vs-sicily,https://tabiji.ai/compare/croatia-vs-sicily/,croatia vs sicily,20,sicily vs croatia,20,croatia vs sicily,20,40
greece-vs-sicily,https://tabiji.ai/compare/greece-vs-sicily/,greece vs sicily,20,sicily vs greece,20,greece vs sicily,20,40
rome-vs-sicily,https://tabiji.ai/compare/rome-vs-sicily/,rome vs sicily,20,sicily vs rome,20,rome vs sicily,20,40
bulgaria-vs-slovakia,https://tabiji.ai/compare/bulgaria-vs-slovakia/,bulgaria vs slovakia,20,slovakia vs bulgaria,20,bulgaria vs slovakia,20,40
chile-vs-slovakia,https://tabiji.ai/compare/chile-vs-slovakia/,chile vs slovakia,20,slovakia vs chile,20,chile vs slovakia,20,40
croatia-vs-slovakia,https://tabiji.ai/compare/croatia-vs-slovakia/,croatia vs slovakia,20,slovakia vs croatia,20,croatia vs slovakia,20,40
bermuda-vs-st-lucia,https://tabiji.ai/compare/bermuda-vs-st-lucia/,bermuda vs st lucia,20,st lucia vs bermuda,20,bermuda vs st lucia,20,40
dominican-republic-vs-st-lucia,https://tabiji.ai/compare/dominican-republic-vs-st-lucia/,dominican republic vs st lucia,20,st lucia vs dominican republic,20,dominican republic vs st lucia,20,40
puerto-rico-vs-st-lucia,https://tabiji.ai/compare/puerto-rico-vs-st-lucia/,puerto rico vs st lucia,20,st lucia vs puerto rico,20,puerto rico vs st lucia,20,40
munich-vs-stockholm,https://tabiji.ai/compare/munich-vs-stockholm/,munich vs stockholm,20,stockholm vs munich,20,munich vs stockholm,20,40
prague-vs-stockholm,https://tabiji.ai/compare/prague-vs-stockholm/,prague vs stockholm,20,stockholm vs prague,20,prague vs stockholm,20,40
stockholm-vs-vienna,https://tabiji.ai/compare/stockholm-vs-vienna/,stockholm vs vienna,20,vienna vs stockholm,20,stockholm vs vienna,20,40
china-vs-taipei,https://tabiji.ai/compare/china-vs-taipei/,china vs taipei,20,taipei vs china,20,china vs taipei,20,40
japan-vs-taipei,https://tabiji.ai/compare/japan-vs-taipei/,japan vs taipei,20,taipei vs japan,20,japan vs taipei,20,40
taipei-vs-thailand,https://tabiji.ai/compare/taipei-vs-thailand/,taipei vs thailand,20,thailand vs taipei,20,taipei vs thailand,20,40
australia-vs-taiwan,https://tabiji.ai/compare/australia-vs-taiwan/,australia vs taiwan,20,taiwan vs australia,20,australia vs taiwan,20,40
beijing-vs-taiwan,https://tabiji.ai/compare/beijing-vs-taiwan/,beijing vs taiwan,20,taiwan vs beijing,20,beijing vs taiwan,20,40
cuba-vs-taiwan,https://tabiji.ai/compare/cuba-vs-taiwan/,cuba vs taiwan,20,taiwan vs cuba,20,cuba vs taiwan,20,40
florida-vs-taiwan,https://tabiji.ai/compare/florida-vs-taiwan/,florida vs taiwan,20,taiwan vs florida,20,florida vs taiwan,20,40
india-vs-taiwan,https://tabiji.ai/compare/india-vs-taiwan/,india vs taiwan,20,taiwan vs india,20,india vs taiwan,20,40
israel-vs-taiwan,https://tabiji.ai/compare/israel-vs-taiwan/,israel vs taiwan,20,taiwan vs israel,20,israel vs taiwan,20,40
puerto-rico-vs-taiwan,https://tabiji.ai/compare/puerto-rico-vs-taiwan/,puerto rico vs taiwan,20,taiwan vs puerto rico,20,puerto rico vs taiwan,20,40
shanghai-vs-taiwan,https://tabiji.ai/compare/shanghai-vs-taiwan/,shanghai vs taiwan,20,taiwan vs shanghai,20,shanghai vs taiwan,20,40
malta-vs-tenerife,https://tabiji.ai/compare/malta-vs-tenerife/,malta vs tenerife,20,tenerife vs malta,20,malta vs tenerife,20,40
aruba-vs-tulum,https://tabiji.ai/compare/aruba-vs-tulum/,aruba vs tulum,20,tulum vs aruba,20,aruba vs tulum,20,40
cabo-san-lucas-vs-tulum,https://tabiji.ai/compare/cabo-san-lucas-vs-tulum/,cabo san lucas vs tulum,20,tulum vs cabo san lucas,20,cabo san lucas vs tulum,20,40
costa-rica-vs-tulum,https://tabiji.ai/compare/costa-rica-vs-tulum/,costa rica vs tulum,20,tulum vs costa rica,20,costa rica vs tulum,20,40
los-cabos-vs-tulum,https://tabiji.ai/compare/los-cabos-vs-tulum/,los cabos vs tulum,20,tulum vs los cabos,20,los cabos vs tulum,20,40
punta-cana-vs-tulum,https://tabiji.ai/compare/punta-cana-vs-tulum/,punta cana vs tulum,20,tulum vs punta cana,20,punta cana vs tulum,20,40
tulum-vs-turks-and-caicos,https://tabiji.ai/compare/tulum-vs-turks-and-caicos/,tulum vs turks and caicos,20,turks and caicos vs tulum,20,tulum vs turks and caicos,20,40
bora-bora-vs-turks-and-caicos,https://tabiji.ai/compare/bora-bora-vs-turks-and-caicos/,bora bora vs turks and caicos,20,turks and caicos vs bora bora,20,bora bora vs turks and caicos,20,40
cabo-vs-turks-and-caicos,https://tabiji.ai/compare/cabo-vs-turks-and-caicos/,cabo vs turks and caicos,20,turks and caicos vs cabo,20,cabo vs turks and caicos,20,40
cancun-vs-turks-and-caicos,https://tabiji.ai/compare/cancun-vs-turks-and-caicos/,cancun vs turks and caicos,20,turks and caicos vs cancun,20,cancun vs turks and caicos,20,40
costa-rica-vs-turks-and-caicos,https://tabiji.ai/compare/costa-rica-vs-turks-and-caicos/,costa rica vs turks and caicos,20,turks and caicos vs costa rica,20,costa rica vs turks and caicos,20,40
puerto-rico-vs-turks-and-caicos,https://tabiji.ai/compare/puerto-rico-vs-turks-and-caicos/,puerto rico vs turks and caicos,20,turks and caicos vs puerto rico,20,puerto rico vs turks and caicos,20,40
tuscany-vs-venice,https://tabiji.ai/compare/tuscany-vs-venice/,tuscany vs venice,20,venice vs tuscany,20,tuscany vs venice,20,40
argentina-vs-uzbekistan,https://tabiji.ai/compare/argentina-vs-uzbekistan/,argentina vs uzbekistan,20,uzbekistan vs argentina,20,argentina vs uzbekistan,20,40
armenia-vs-uzbekistan,https://tabiji.ai/compare/armenia-vs-uzbekistan/,armenia vs uzbekistan,20,uzbekistan vs armenia,20,armenia vs uzbekistan,20,40
australia-vs-uzbekistan,https://tabiji.ai/compare/australia-vs-uzbekistan/,australia vs uzbekistan,20,uzbekistan vs australia,20,australia vs uzbekistan,20,40
bolivia-vs-uzbekistan,https://tabiji.ai/compare/bolivia-vs-uzbekistan/,bolivia vs uzbekistan,20,uzbekistan vs bolivia,20,bolivia vs uzbekistan,20,40
costa-rica-vs-uzbekistan,https://tabiji.ai/compare/costa-rica-vs-uzbekistan/,costa rica vs uzbekistan,20,uzbekistan vs costa rica,20,costa rica vs uzbekistan,20,40
dominican-republic-vs-uzbekistan,https://tabiji.ai/compare/dominican-republic-vs-uzbekistan/,dominican republic vs uzbekistan,20,uzbekistan vs dominican republic,20,dominican republic vs uzbekistan,20,40
georgia-vs-uzbekistan,https://tabiji.ai/compare/georgia-vs-uzbekistan/,georgia vs uzbekistan,20,uzbekistan vs georgia,20,georgia vs uzbekistan,20,40
hong-kong-vs-uzbekistan,https://tabiji.ai/compare/hong-kong-vs-uzbekistan/,hong kong vs uzbekistan,20,uzbekistan vs hong kong,20,hong kong vs uzbekistan,20,40
israel-vs-uzbekistan,https://tabiji.ai/compare/israel-vs-uzbekistan/,israel vs uzbekistan,20,uzbekistan vs israel,20,israel vs uzbekistan,20,40
italy-vs-uzbekistan,https://tabiji.ai/compare/italy-vs-uzbekistan/,italy vs uzbekistan,20,uzbekistan vs italy,20,italy vs uzbekistan,20,40
lebanon-vs-uzbekistan,https://tabiji.ai/compare/lebanon-vs-uzbekistan/,lebanon vs uzbekistan,20,uzbekistan vs lebanon,20,lebanon vs uzbekistan,20,40
philippines-vs-uzbekistan,https://tabiji.ai/compare/philippines-vs-uzbekistan/,philippines vs uzbekistan,20,uzbekistan vs philippines,20,philippines vs uzbekistan,20,40
spain-vs-uzbekistan,https://tabiji.ai/compare/spain-vs-uzbekistan/,spain vs uzbekistan,20,uzbekistan vs spain,20,spain vs uzbekistan,20,40
frankfurt-vs-vienna,https://tabiji.ai/compare/frankfurt-vs-vienna/,frankfurt vs vienna,20,vienna vs frankfurt,20,frankfurt vs vienna,20,40
geneva-vs-vienna,https://tabiji.ai/compare/geneva-vs-vienna/,geneva vs vienna,20,vienna vs geneva,20,geneva vs vienna,20,40
innsbruck-vs-vienna,https://tabiji.ai/compare/innsbruck-vs-vienna/,innsbruck vs vienna,20,vienna vs innsbruck,20,innsbruck vs vienna,20,40
milan-vs-vienna,https://tabiji.ai/compare/milan-vs-vienna/,milan vs vienna,20,vienna vs milan,20,milan vs vienna,20,40
bali-vs-yogyakarta,https://tabiji.ai/compare/bali-vs-yogyakarta/,bali vs yogyakarta,20,yogyakarta vs bali,20,bali vs yogyakarta,20,40
madagascar-vs-zanzibar,https://tabiji.ai/compare/madagascar-vs-zanzibar/,madagascar vs zanzibar,20,zanzibar vs madagascar,20,madagascar vs zanzibar,20,40
thailand-vs-zanzibar,https://tabiji.ai/compare/thailand-vs-zanzibar/,thailand vs zanzibar,20,zanzibar vs thailand,20,thailand vs zanzibar,20,40
uk-vs-zanzibar,https://tabiji.ai/compare/uk-vs-zanzibar/,uk vs zanzibar,20,zanzibar vs uk,20,uk vs zanzibar,20,40
berlin-vs-zurich,https://tabiji.ai/compare/berlin-vs-zurich/,berlin vs zurich,20,zurich vs berlin,20,berlin vs zurich,20,40
copenhagen-vs-zurich,https://tabiji.ai/compare/copenhagen-vs-zurich/,copenhagen vs zurich,20,zurich vs copenhagen,20,copenhagen vs zurich,20,40
frankfurt-vs-zurich,https://tabiji.ai/compare/frankfurt-vs-zurich/,frankfurt vs zurich,20,zurich vs frankfurt,20,frankfurt vs zurich,20,40
london-vs-zurich,https://tabiji.ai/compare/london-vs-zurich/,london vs zurich,20,zurich vs london,20,london vs zurich,20,40
milan-vs-zurich,https://tabiji.ai/compare/milan-vs-zurich/,milan vs zurich,20,zurich vs milan,20,milan vs zurich,20,40
new-york-vs-zurich,https://tabiji.ai/compare/new-york-vs-zurich/,new york vs zurich,20,zurich vs new york,20,new york vs zurich,20,40
prague-vs-zurich,https://tabiji.ai/compare/prague-vs-zurich/,prague vs zurich,20,zurich vs prague,20,prague vs zurich,20,40
vienna-vs-zurich,https://tabiji.ai/compare/vienna-vs-zurich/,vienna vs zurich,20,zurich vs vienna,20,vienna vs zurich,20,40
armenia-vs-england,https://tabiji.ai/compare/armenia-vs-england/,armenia vs england,0,england vs armenia,30,england vs armenia,30,30
azerbaijan-vs-portugal,https://tabiji.ai/compare/azerbaijan-vs-portugal/,azerbaijan vs portugal,0,portugal vs azerbaijan,30,portugal vs azerbaijan,30,30
bahamas-vs-honduras,https://tabiji.ai/compare/bahamas-vs-honduras/,bahamas vs honduras,0,honduras vs bahamas,30,honduras vs bahamas,30,30
bangkok-vs-hong-kong,https://tabiji.ai/compare/bangkok-vs-hong-kong/,bangkok vs hong kong,0,hong kong vs bangkok,30,hong kong vs bangkok,30,30
chamonix-vs-interlaken,https://tabiji.ai/compare/chamonix-vs-interlaken/,chamonix vs interlaken,30,interlaken vs chamonix,0,chamonix vs interlaken,30,30
cinque-terre-vs-florence,https://tabiji.ai/compare/cinque-terre-vs-florence/,cinque terre vs florence,30,florence vs cinque terre,0,cinque terre vs florence,30,30
czech-republic-vs-romania,https://tabiji.ai/compare/czech-republic-vs-romania/,czech republic vs romania,0,romania vs czech republic,30,romania vs czech republic,30,30
georgia-vs-lithuania,https://tabiji.ai/compare/georgia-vs-lithuania/,georgia vs lithuania,0,lithuania vs georgia,30,lithuania vs georgia,30,30
lithuania-vs-puerto-rico,https://tabiji.ai/compare/lithuania-vs-puerto-rico/,lithuania vs puerto rico,30,puerto rico vs lithuania,0,lithuania vs puerto rico,30,30
malaysia-vs-mexico,https://tabiji.ai/compare/malaysia-vs-mexico/,malaysia vs mexico,30,mexico vs malaysia,0,malaysia vs mexico,30,30
maldives-vs-nepal,https://tabiji.ai/compare/maldives-vs-nepal/,maldives vs nepal,0,nepal vs maldives,30,nepal vs maldives,30,30
ireland-vs-slovenia,https://tabiji.ai/compare/ireland-vs-slovenia/,ireland vs slovenia,30,slovenia vs ireland,0,ireland vs slovenia,30,30
south-africa-vs-taiwan,https://tabiji.ai/compare/south-africa-vs-taiwan/,south africa vs taiwan,0,taiwan vs south africa,30,taiwan vs south africa,30,30
sri-lanka-vs-uzbekistan,https://tabiji.ai/compare/sri-lanka-vs-uzbekistan/,sri lanka vs uzbekistan,0,uzbekistan vs sri lanka,30,uzbekistan vs sri lanka,30,30
algarve-vs-costa-del-sol,https://tabiji.ai/compare/algarve-vs-costa-del-sol/,algarve vs costa del sol,20,costa del sol vs algarve,10,algarve vs costa del sol,20,30
algarve-vs-mallorca,https://tabiji.ai/compare/algarve-vs-mallorca/,algarve vs mallorca,10,mallorca vs algarve,20,mallorca vs algarve,20,30
azerbaijan-vs-bulgaria,https://tabiji.ai/compare/azerbaijan-vs-bulgaria/,azerbaijan vs bulgaria,20,bulgaria vs azerbaijan,10,azerbaijan vs bulgaria,20,30
azerbaijan-vs-jordan,https://tabiji.ai/compare/azerbaijan-vs-jordan/,azerbaijan vs jordan,20,jordan vs azerbaijan,10,azerbaijan vs jordan,20,30
azerbaijan-vs-luxembourg,https://tabiji.ai/compare/azerbaijan-vs-luxembourg/,azerbaijan vs luxembourg,20,luxembourg vs azerbaijan,10,azerbaijan vs luxembourg,20,30
azerbaijan-vs-mongolia,https://tabiji.ai/compare/azerbaijan-vs-mongolia/,azerbaijan vs mongolia,20,mongolia vs azerbaijan,10,azerbaijan vs mongolia,20,30
azerbaijan-vs-belgium,https://tabiji.ai/compare/azerbaijan-vs-belgium/,azerbaijan vs belgium,10,belgium vs azerbaijan,20,belgium vs azerbaijan,20,30
azerbaijan-vs-north-macedonia,https://tabiji.ai/compare/azerbaijan-vs-north-macedonia/,azerbaijan vs north macedonia,10,north macedonia vs azerbaijan,20,north macedonia vs azerbaijan,20,30
azerbaijan-vs-qatar,https://tabiji.ai/compare/azerbaijan-vs-qatar/,azerbaijan vs qatar,10,qatar vs azerbaijan,20,qatar vs azerbaijan,20,30
bali-vs-hanoi,https://tabiji.ai/compare/bali-vs-hanoi/,bali vs hanoi,20,hanoi vs bali,10,bali vs hanoi,20,30
bali-vs-kerala,https://tabiji.ai/compare/bali-vs-kerala/,bali vs kerala,20,kerala vs bali,10,bali vs kerala,20,30
amsterdam-vs-bangkok,https://tabiji.ai/compare/amsterdam-vs-bangkok/,amsterdam vs bangkok,20,bangkok vs amsterdam,10,amsterdam vs bangkok,20,30
bangkok-vs-koh-samui,https://tabiji.ai/compare/bangkok-vs-koh-samui/,bangkok vs koh samui,10,koh samui vs bangkok,20,koh samui vs bangkok,20,30
barcelona-vs-belgrade,https://tabiji.ai/compare/barcelona-vs-belgrade/,barcelona vs belgrade,10,belgrade vs barcelona,20,belgrade vs barcelona,20,30
botswana-vs-mauritius,https://tabiji.ai/compare/botswana-vs-mauritius/,botswana vs mauritius,20,mauritius vs botswana,10,botswana vs mauritius,20,30
botswana-vs-morocco,https://tabiji.ai/compare/botswana-vs-morocco/,botswana vs morocco,10,morocco vs botswana,20,morocco vs botswana,20,30
barcelona-vs-bruges,https://tabiji.ai/compare/barcelona-vs-bruges/,barcelona vs bruges,10,bruges vs barcelona,20,bruges vs barcelona,20,30
barcelona-vs-cartagena,https://tabiji.ai/compare/barcelona-vs-cartagena/,barcelona vs cartagena,10,cartagena vs barcelona,20,cartagena vs barcelona,20,30
cartagena-vs-tenerife,https://tabiji.ai/compare/cartagena-vs-tenerife/,cartagena vs tenerife,20,tenerife vs cartagena,10,cartagena vs tenerife,20,30
chiang-mai-vs-krabi,https://tabiji.ai/compare/chiang-mai-vs-krabi/,chiang mai vs krabi,20,krabi vs chiang mai,10,chiang mai vs krabi,20,30
cinque-terre-vs-tuscany,https://tabiji.ai/compare/cinque-terre-vs-tuscany/,cinque terre vs tuscany,20,tuscany vs cinque terre,10,cinque terre vs tuscany,20,30
corfu-vs-cyprus,https://tabiji.ai/compare/corfu-vs-cyprus/,corfu vs cyprus,20,cyprus vs corfu,10,corfu vs cyprus,20,30
corfu-vs-milos,https://tabiji.ai/compare/corfu-vs-milos/,corfu vs milos,10,milos vs corfu,20,milos vs corfu,20,30
cornwall-vs-lake-district,https://tabiji.ai/compare/cornwall-vs-lake-district/,cornwall vs lake district,20,lake district vs cornwall,10,cornwall vs lake district,20,30
brazil-vs-curacao,https://tabiji.ai/compare/brazil-vs-curacao/,brazil vs curacao,20,curacao vs brazil,10,brazil vs curacao,20,30
bolivia-vs-curacao,https://tabiji.ai/compare/bolivia-vs-curacao/,bolivia vs curacao,10,curacao vs bolivia,20,curacao vs bolivia,20,30
curacao-vs-indonesia,https://tabiji.ai/compare/curacao-vs-indonesia/,curacao vs indonesia,20,indonesia vs curacao,10,curacao vs indonesia,20,30
cyprus-vs-latvia,https://tabiji.ai/compare/cyprus-vs-latvia/,cyprus vs latvia,20,latvia vs cyprus,10,cyprus vs latvia,20,30
dolomites-vs-lake-como,https://tabiji.ai/compare/dolomites-vs-lake-como/,dolomites vs lake como,10,lake como vs dolomites,20,lake como vs dolomites,20,30
ecuador-vs-fiji,https://tabiji.ai/compare/ecuador-vs-fiji/,ecuador vs fiji,20,fiji vs ecuador,10,ecuador vs fiji,20,30
florence-vs-sicily,https://tabiji.ai/compare/florence-vs-sicily/,florence vs sicily,20,sicily vs florence,10,florence vs sicily,20,30
goa-vs-thailand,https://tabiji.ai/compare/goa-vs-thailand/,goa vs thailand,20,thailand vs goa,10,goa vs thailand,20,30
hanoi-vs-phuket,https://tabiji.ai/compare/hanoi-vs-phuket/,hanoi vs phuket,10,phuket vs hanoi,20,phuket vs hanoi,20,30
baku-vs-istanbul,https://tabiji.ai/compare/baku-vs-istanbul/,baku vs istanbul,20,istanbul vs baku,10,baku vs istanbul,20,30
berlin-vs-istanbul,https://tabiji.ai/compare/berlin-vs-istanbul/,berlin vs istanbul,20,istanbul vs berlin,10,berlin vs istanbul,20,30
delhi-vs-jakarta,https://tabiji.ai/compare/delhi-vs-jakarta/,delhi vs jakarta,10,jakarta vs delhi,20,jakarta vs delhi,20,30
kyrgyzstan-vs-myanmar,https://tabiji.ai/compare/kyrgyzstan-vs-myanmar/,kyrgyzstan vs myanmar,20,myanmar vs kyrgyzstan,10,kyrgyzstan vs myanmar,20,30
kyrgyzstan-vs-philippines,https://tabiji.ai/compare/kyrgyzstan-vs-philippines/,kyrgyzstan vs philippines,20,philippines vs kyrgyzstan,10,kyrgyzstan vs philippines,20,30
lake-como-vs-positano,https://tabiji.ai/compare/lake-como-vs-positano/,lake como vs positano,10,positano vs lake como,20,positano vs lake como,20,30
lanzarote-vs-mallorca,https://tabiji.ai/compare/lanzarote-vs-mallorca/,lanzarote vs mallorca,20,mallorca vs lanzarote,10,lanzarote vs mallorca,20,30
laos-vs-mongolia,https://tabiji.ai/compare/laos-vs-mongolia/,laos vs mongolia,20,mongolia vs laos,10,laos vs mongolia,20,30
lebanon-vs-spain,https://tabiji.ai/compare/lebanon-vs-spain/,lebanon vs spain,20,spain vs lebanon,10,lebanon vs spain,20,30
bulgaria-vs-lithuania,https://tabiji.ai/compare/bulgaria-vs-lithuania/,bulgaria vs lithuania,20,lithuania vs bulgaria,10,bulgaria vs lithuania,20,30
argentina-vs-luxembourg,https://tabiji.ai/compare/argentina-vs-luxembourg/,argentina vs luxembourg,10,luxembourg vs argentina,20,luxembourg vs argentina,20,30
london-vs-luxembourg,https://tabiji.ai/compare/london-vs-luxembourg/,london vs luxembourg,10,luxembourg vs london,20,luxembourg vs london,20,30
luxembourg-vs-montenegro,https://tabiji.ai/compare/luxembourg-vs-montenegro/,luxembourg vs montenegro,20,montenegro vs luxembourg,10,luxembourg vs montenegro,20,30
luxembourg-vs-paris,https://tabiji.ai/compare/luxembourg-vs-paris/,luxembourg vs paris,20,paris vs luxembourg,10,luxembourg vs paris,20,30
luxembourg-vs-uk,https://tabiji.ai/compare/luxembourg-vs-uk/,luxembourg vs uk,20,uk vs luxembourg,10,luxembourg vs uk,20,30
luxembourg-vs-qatar,https://tabiji.ai/compare/luxembourg-vs-qatar/,luxembourg vs qatar,10,qatar vs luxembourg,20,qatar vs luxembourg,20,30
luxembourg-vs-serbia,https://tabiji.ai/compare/luxembourg-vs-serbia/,luxembourg vs serbia,10,serbia vs luxembourg,20,serbia vs luxembourg,20,30
malaga-vs-porto,https://tabiji.ai/compare/malaga-vs-porto/,malaga vs porto,20,porto vs malaga,10,malaga vs porto,20,30
barbados-vs-maldives,https://tabiji.ai/compare/barbados-vs-maldives/,barbados vs maldives,20,maldives vs barbados,10,barbados vs maldives,20,30
china-vs-maldives,https://tabiji.ai/compare/china-vs-maldives/,china vs maldives,20,maldives vs china,10,china vs maldives,20,30
georgia-vs-mongolia,https://tabiji.ai/compare/georgia-vs-mongolia/,georgia vs mongolia,20,mongolia vs georgia,10,georgia vs mongolia,20,30
georgia-vs-montenegro,https://tabiji.ai/compare/georgia-vs-montenegro/,georgia vs montenegro,20,montenegro vs georgia,10,georgia vs montenegro,20,30
latvia-vs-montenegro,https://tabiji.ai/compare/latvia-vs-montenegro/,latvia vs montenegro,20,montenegro vs latvia,10,latvia vs montenegro,20,30
mexico-vs-montenegro,https://tabiji.ai/compare/mexico-vs-montenegro/,mexico vs montenegro,20,montenegro vs mexico,10,mexico vs montenegro,20,30
johannesburg-vs-nairobi,https://tabiji.ai/compare/johannesburg-vs-nairobi/,johannesburg vs nairobi,10,nairobi vs johannesburg,20,nairobi vs johannesburg,20,30
france-vs-namibia,https://tabiji.ai/compare/france-vs-namibia/,france vs namibia,20,namibia vs france,10,france vs namibia,20,30
ireland-vs-namibia,https://tabiji.ai/compare/ireland-vs-namibia/,ireland vs namibia,20,namibia vs ireland,10,ireland vs namibia,20,30
morocco-vs-namibia,https://tabiji.ai/compare/morocco-vs-namibia/,morocco vs namibia,20,namibia vs morocco,10,morocco vs namibia,20,30
namibia-vs-senegal,https://tabiji.ai/compare/namibia-vs-senegal/,namibia vs senegal,10,senegal vs namibia,20,senegal vs namibia,20,30
naples-vs-positano,https://tabiji.ai/compare/naples-vs-positano/,naples vs positano,10,positano vs naples,20,positano vs naples,20,30
marseille-vs-provence,https://tabiji.ai/compare/marseille-vs-provence/,marseille vs provence,10,provence vs marseille,20,provence vs marseille,20,30
nice-vs-provence,https://tabiji.ai/compare/nice-vs-provence/,nice vs provence,10,provence vs nice,20,provence vs nice,20,30
quebec-city-vs-vancouver,https://tabiji.ai/compare/quebec-city-vs-vancouver/,quebec city vs vancouver,10,vancouver vs quebec city,20,vancouver vs quebec city,20,30
guatemala-vs-seychelles,https://tabiji.ai/compare/guatemala-vs-seychelles/,guatemala vs seychelles,20,seychelles vs guatemala,10,guatemala vs seychelles,20,30
seychelles-vs-sri-lanka,https://tabiji.ai/compare/seychelles-vs-sri-lanka/,seychelles vs sri lanka,10,sri lanka vs seychelles,20,sri lanka vs seychelles,20,30
australia-vs-slovakia,https://tabiji.ai/compare/australia-vs-slovakia/,australia vs slovakia,20,slovakia vs australia,10,australia vs slovakia,20,30
cuba-vs-st-lucia,https://tabiji.ai/compare/cuba-vs-st-lucia/,cuba vs st lucia,20,st lucia vs cuba,10,cuba vs st lucia,20,30
philippines-vs-taipei,https://tabiji.ai/compare/philippines-vs-taipei/,philippines vs taipei,20,taipei vs philippines,10,philippines vs taipei,20,30
aruba-vs-taipei,https://tabiji.ai/compare/aruba-vs-taipei/,aruba vs taipei,10,taipei vs aruba,20,taipei vs aruba,20,30
taipei-vs-vietnam,https://tabiji.ai/compare/taipei-vs-vietnam/,taipei vs vietnam,20,vietnam vs taipei,10,taipei vs vietnam,20,30
bulgaria-vs-tanzania,https://tabiji.ai/compare/bulgaria-vs-tanzania/,bulgaria vs tanzania,20,tanzania vs bulgaria,10,bulgaria vs tanzania,20,30
indonesia-vs-tanzania,https://tabiji.ai/compare/indonesia-vs-tanzania/,indonesia vs tanzania,20,tanzania vs indonesia,10,indonesia vs tanzania,20,30
canada-vs-uzbekistan,https://tabiji.ai/compare/canada-vs-uzbekistan/,canada vs uzbekistan,20,uzbekistan vs canada,10,canada vs uzbekistan,20,30
england-vs-uzbekistan,https://tabiji.ai/compare/england-vs-uzbekistan/,england vs uzbekistan,20,uzbekistan vs england,10,england vs uzbekistan,20,30
sicily-vs-venice,https://tabiji.ai/compare/sicily-vs-venice/,sicily vs venice,10,venice vs sicily,20,venice vs sicily,20,30
lucerne-vs-zermatt,https://tabiji.ai/compare/lucerne-vs-zermatt/,lucerne vs zermatt,10,zermatt vs lucerne,20,zermatt vs lucerne,20,30
singapore-vs-zurich,https://tabiji.ai/compare/singapore-vs-zurich/,singapore vs zurich,20,zurich vs singapore,10,singapore vs zurich,20,30
algarve-vs-azores,https://tabiji.ai/compare/algarve-vs-azores/,algarve vs azores,0,azores vs algarve,20,azores vs algarve,20,20
algarve-vs-lisbon,https://tabiji.ai/compare/algarve-vs-lisbon/,algarve vs lisbon,0,lisbon vs algarve,20,lisbon vs algarve,20,20
algarve-vs-malaga,https://tabiji.ai/compare/algarve-vs-malaga/,algarve vs malaga,0,malaga vs algarve,20,malaga vs algarve,20,20
amalfi-coast-vs-malta,https://tabiji.ai/compare/amalfi-coast-vs-malta/,amalfi coast vs malta,0,malta vs amalfi coast,20,malta vs amalfi coast,20,20
amalfi-coast-vs-rome,https://tabiji.ai/compare/amalfi-coast-vs-rome/,amalfi coast vs rome,0,rome vs amalfi coast,20,rome vs amalfi coast,20,20
austria-vs-azerbaijan,https://tabiji.ai/compare/austria-vs-azerbaijan/,austria vs azerbaijan,0,azerbaijan vs austria,20,azerbaijan vs austria,20,20
azerbaijan-vs-israel,https://tabiji.ai/compare/azerbaijan-vs-israel/,azerbaijan vs israel,20,israel vs azerbaijan,0,azerbaijan vs israel,20,20
azerbaijan-vs-kyrgyzstan,https://tabiji.ai/compare/azerbaijan-vs-kyrgyzstan/,azerbaijan vs kyrgyzstan,20,kyrgyzstan vs azerbaijan,0,azerbaijan vs kyrgyzstan,20,20
azerbaijan-vs-norway,https://tabiji.ai/compare/azerbaijan-vs-norway/,azerbaijan vs norway,20,norway vs azerbaijan,0,azerbaijan vs norway,20,20
azerbaijan-vs-mexico,https://tabiji.ai/compare/azerbaijan-vs-mexico/,azerbaijan vs mexico,0,mexico vs azerbaijan,20,mexico vs azerbaijan,20,20
azerbaijan-vs-poland,https://tabiji.ai/compare/azerbaijan-vs-poland/,azerbaijan vs poland,0,poland vs azerbaijan,20,poland vs azerbaijan,20,20
azerbaijan-vs-scotland,https://tabiji.ai/compare/azerbaijan-vs-scotland/,azerbaijan vs scotland,0,scotland vs azerbaijan,20,scotland vs azerbaijan,20,20
azores-vs-costa-rica,https://tabiji.ai/compare/azores-vs-costa-rica/,azores vs costa rica,20,costa rica vs azores,0,azores vs costa rica,20,20
azores-vs-iceland,https://tabiji.ai/compare/azores-vs-iceland/,azores vs iceland,20,iceland vs azores,0,azores vs iceland,20,20
azores-vs-porto,https://tabiji.ai/compare/azores-vs-porto/,azores vs porto,20,porto vs azores,0,azores vs porto,20,20
bahamas-vs-philippines,https://tabiji.ai/compare/bahamas-vs-philippines/,bahamas vs philippines,20,philippines vs bahamas,0,bahamas vs philippines,20,20
bahamas-vs-riviera-maya,https://tabiji.ai/compare/bahamas-vs-riviera-maya/,bahamas vs riviera maya,20,riviera maya vs bahamas,0,bahamas vs riviera maya,20,20
bahamas-vs-seychelles,https://tabiji.ai/compare/bahamas-vs-seychelles/,bahamas vs seychelles,20,seychelles vs bahamas,0,bahamas vs seychelles,20,20
bali-vs-hong-kong,https://tabiji.ai/compare/bali-vs-hong-kong/,bali vs hong kong,20,hong kong vs bali,0,bali vs hong kong,20,20
bali-vs-malaysia,https://tabiji.ai/compare/bali-vs-malaysia/,bali vs malaysia,20,malaysia vs bali,0,bali vs malaysia,20,20
banff-vs-colorado,https://tabiji.ai/compare/banff-vs-colorado/,banff vs colorado,20,colorado vs banff,0,banff vs colorado,20,20
banff-vs-calgary,https://tabiji.ai/compare/banff-vs-calgary/,banff vs calgary,0,calgary vs banff,20,calgary vs banff,20,20
bangkok-vs-philippines,https://tabiji.ai/compare/bangkok-vs-philippines/,bangkok vs philippines,20,philippines vs bangkok,0,bangkok vs philippines,20,20
bangkok-vs-phnom-penh,https://tabiji.ai/compare/bangkok-vs-phnom-penh/,bangkok vs phnom penh,20,phnom penh vs bangkok,0,bangkok vs phnom penh,20,20
bangkok-vs-beijing,https://tabiji.ai/compare/bangkok-vs-beijing/,bangkok vs beijing,0,beijing vs bangkok,20,beijing vs bangkok,20,20
bangkok-vs-taiwan,https://tabiji.ai/compare/bangkok-vs-taiwan/,bangkok vs taiwan,0,taiwan vs bangkok,20,taiwan vs bangkok,20,20
bangkok-vs-yangon,https://tabiji.ai/compare/bangkok-vs-yangon/,bangkok vs yangon,0,yangon vs bangkok,20,yangon vs bangkok,20,20
belgrade-vs-prague,https://tabiji.ai/compare/belgrade-vs-prague/,belgrade vs prague,20,prague vs belgrade,0,belgrade vs prague,20,20
belgrade-vs-tirana,https://tabiji.ai/compare/belgrade-vs-tirana/,belgrade vs tirana,0,tirana vs belgrade,20,tirana vs belgrade,20,20
belize-vs-colombia,https://tabiji.ai/compare/belize-vs-colombia/,belize vs colombia,20,colombia vs belize,0,belize vs colombia,20,20
belize-vs-maldives,https://tabiji.ai/compare/belize-vs-maldives/,belize vs maldives,20,maldives vs belize,0,belize vs maldives,20,20
belize-vs-punta-cana,https://tabiji.ai/compare/belize-vs-punta-cana/,belize vs punta cana,20,punta cana vs belize,0,belize vs punta cana,20,20
belize-vs-united-states,https://tabiji.ai/compare/belize-vs-united-states/,belize vs united states,20,united states vs belize,0,belize vs united states,20,20
bogota-vs-costa-rica,https://tabiji.ai/compare/bogota-vs-costa-rica/,bogota vs costa rica,20,costa rica vs bogota,0,bogota vs costa rica,20,20
bogota-vs-rio-de-janeiro,https://tabiji.ai/compare/bogota-vs-rio-de-janeiro/,bogota vs rio de janeiro,20,rio de janeiro vs bogota,0,bogota vs rio de janeiro,20,20
bogota-vs-sao-paulo,https://tabiji.ai/compare/bogota-vs-sao-paulo/,bogota vs sao paulo,0,sao paulo vs bogota,20,sao paulo vs bogota,20,20
botswana-vs-ghana,https://tabiji.ai/compare/botswana-vs-ghana/,botswana vs ghana,0,ghana vs botswana,20,ghana vs botswana,20,20
bruges-vs-strasbourg,https://tabiji.ai/compare/bruges-vs-strasbourg/,bruges vs strasbourg,20,strasbourg vs bruges,0,bruges vs strasbourg,20,20
budapest-vs-riga,https://tabiji.ai/compare/budapest-vs-riga/,budapest vs riga,0,riga vs budapest,20,riga vs budapest,20,20
buenos-aires-vs-madrid,https://tabiji.ai/compare/buenos-aires-vs-madrid/,buenos aires vs madrid,20,madrid vs buenos aires,0,buenos aires vs madrid,20,20
buenos-aires-vs-new-york,https://tabiji.ai/compare/buenos-aires-vs-new-york/,buenos aires vs new york,20,new york vs buenos aires,0,buenos aires vs new york,20,20
cairo-vs-dubai,https://tabiji.ai/compare/cairo-vs-dubai/,cairo vs dubai,20,dubai vs cairo,0,cairo vs dubai,20,20
cairo-vs-mumbai,https://tabiji.ai/compare/cairo-vs-mumbai/,cairo vs mumbai,20,mumbai vs cairo,0,cairo vs mumbai,20,20
cairo-vs-new-york,https://tabiji.ai/compare/cairo-vs-new-york/,cairo vs new york,20,new york vs cairo,0,cairo vs new york,20,20
bali-vs-cambodia,https://tabiji.ai/compare/bali-vs-cambodia/,bali vs cambodia,0,cambodia vs bali,20,cambodia vs bali,20,20
cambodia-vs-colombia,https://tabiji.ai/compare/cambodia-vs-colombia/,cambodia vs colombia,20,colombia vs cambodia,0,cambodia vs colombia,20,20
cambodia-vs-nepal,https://tabiji.ai/compare/cambodia-vs-nepal/,cambodia vs nepal,20,nepal vs cambodia,0,cambodia vs nepal,20,20
cambodia-vs-usa,https://tabiji.ai/compare/cambodia-vs-usa/,cambodia vs usa,20,usa vs cambodia,0,cambodia vs usa,20,20
cambodia-vs-qatar,https://tabiji.ai/compare/cambodia-vs-qatar/,cambodia vs qatar,0,qatar vs cambodia,20,qatar vs cambodia,20,20
cambodia-vs-taiwan,https://tabiji.ai/compare/cambodia-vs-taiwan/,cambodia vs taiwan,0,taiwan vs cambodia,20,taiwan vs cambodia,20,20
barbados-vs-cancun,https://tabiji.ai/compare/barbados-vs-cancun/,barbados vs cancun,20,cancun vs barbados,0,barbados vs cancun,20,20
cape-town-vs-los-angeles,https://tabiji.ai/compare/cape-town-vs-los-angeles/,cape town vs los angeles,20,los angeles vs cape town,0,cape town vs los angeles,20,20
cartagena-vs-san-juan,https://tabiji.ai/compare/cartagena-vs-san-juan/,cartagena vs san juan,0,san juan vs cartagena,20,san juan vs cartagena,20,20
cebu-vs-el-nido,https://tabiji.ai/compare/cebu-vs-el-nido/,cebu vs el nido,20,el nido vs cebu,0,cebu vs el nido,20,20
cebu-vs-pattaya,https://tabiji.ai/compare/cebu-vs-pattaya/,cebu vs pattaya,20,pattaya vs cebu,0,cebu vs pattaya,20,20
chiang-mai-vs-siem-reap,https://tabiji.ai/compare/chiang-mai-vs-siem-reap/,chiang mai vs siem reap,20,siem reap vs chiang mai,0,chiang mai vs siem reap,20,20
chiang-mai-vs-ubud,https://tabiji.ai/compare/chiang-mai-vs-ubud/,chiang mai vs ubud,20,ubud vs chiang mai,0,chiang mai vs ubud,20,20
athens-vs-corfu,https://tabiji.ai/compare/athens-vs-corfu/,athens vs corfu,0,corfu vs athens,20,corfu vs athens,20,20
corfu-vs-sicily,https://tabiji.ai/compare/corfu-vs-sicily/,corfu vs sicily,20,sicily vs corfu,0,corfu vs sicily,20,20
corfu-vs-mykonos,https://tabiji.ai/compare/corfu-vs-mykonos/,corfu vs mykonos,0,mykonos vs corfu,20,mykonos vs corfu,20,20
corfu-vs-thessaloniki,https://tabiji.ai/compare/corfu-vs-thessaloniki/,corfu vs thessaloniki,0,thessaloniki vs corfu,20,thessaloniki vs corfu,20,20
cornwall-vs-england,https://tabiji.ai/compare/cornwall-vs-england/,cornwall vs england,20,england vs cornwall,0,cornwall vs england,20,20
cornwall-vs-scotland,https://tabiji.ai/compare/cornwall-vs-scotland/,cornwall vs scotland,20,scotland vs cornwall,0,cornwall vs scotland,20,20
crete-vs-croatia,https://tabiji.ai/compare/crete-vs-croatia/,crete vs croatia,20,croatia vs crete,0,crete vs croatia,20,20
crete-vs-greece,https://tabiji.ai/compare/crete-vs-greece/,crete vs greece,20,greece vs crete,0,crete vs greece,20,20
crete-vs-milos,https://tabiji.ai/compare/crete-vs-milos/,crete vs milos,20,milos vs crete,0,crete vs milos,20,20
crete-vs-tenerife,https://tabiji.ai/compare/crete-vs-tenerife/,crete vs tenerife,20,tenerife vs crete,0,crete vs tenerife,20,20
cancun-vs-curacao,https://tabiji.ai/compare/cancun-vs-curacao/,cancun vs curacao,0,curacao vs cancun,20,curacao vs cancun,20,20
cyprus-vs-poland,https://tabiji.ai/compare/cyprus-vs-poland/,cyprus vs poland,20,poland vs cyprus,0,cyprus vs poland,20,20
cyprus-vs-switzerland,https://tabiji.ai/compare/cyprus-vs-switzerland/,cyprus vs switzerland,20,switzerland vs cyprus,0,cyprus vs switzerland,20,20
cyprus-vs-usa,https://tabiji.ai/compare/cyprus-vs-usa/,cyprus vs usa,20,usa vs cyprus,0,cyprus vs usa,20,20
cyprus-vs-france,https://tabiji.ai/compare/cyprus-vs-france/,cyprus vs france,0,france vs cyprus,20,france vs cyprus,20,20
cyprus-vs-iceland,https://tabiji.ai/compare/cyprus-vs-iceland/,cyprus vs iceland,0,iceland vs cyprus,20,iceland vs cyprus,20,20
da-nang-vs-ho-chi-minh-city,https://tabiji.ai/compare/da-nang-vs-ho-chi-minh-city/,da nang vs ho chi minh city,20,ho chi minh city vs da nang,0,da nang vs ho chi minh city,20,20
dublin-vs-new-york,https://tabiji.ai/compare/dublin-vs-new-york/,dublin vs new york,20,new york vs dublin,0,dublin vs new york,20,20
dublin-vs-scotland,https://tabiji.ai/compare/dublin-vs-scotland/,dublin vs scotland,20,scotland vs dublin,0,dublin vs scotland,20,20
dublin-vs-zurich,https://tabiji.ai/compare/dublin-vs-zurich/,dublin vs zurich,20,zurich vs dublin,0,dublin vs zurich,20,20
dublin-vs-liverpool,https://tabiji.ai/compare/dublin-vs-liverpool/,dublin vs liverpool,0,liverpool vs dublin,20,liverpool vs dublin,20,20
cambridge-vs-edinburgh,https://tabiji.ai/compare/cambridge-vs-edinburgh/,cambridge vs edinburgh,0,edinburgh vs cambridge,20,edinburgh vs cambridge,20,20
edinburgh-vs-ireland,https://tabiji.ai/compare/edinburgh-vs-ireland/,edinburgh vs ireland,20,ireland vs edinburgh,0,edinburgh vs ireland,20,20
edinburgh-vs-manchester,https://tabiji.ai/compare/edinburgh-vs-manchester/,edinburgh vs manchester,20,manchester vs edinburgh,0,edinburgh vs manchester,20,20
el-nido-vs-palawan,https://tabiji.ai/compare/el-nido-vs-palawan/,el nido vs palawan,20,palawan vs el nido,0,el nido vs palawan,20,20
argentina-vs-ethiopia,https://tabiji.ai/compare/argentina-vs-ethiopia/,argentina vs ethiopia,20,ethiopia vs argentina,0,argentina vs ethiopia,20,20
florence-vs-vienna,https://tabiji.ai/compare/florence-vs-vienna/,florence vs vienna,20,vienna vs florence,0,florence vs vienna,20,20
florence-vs-prague,https://tabiji.ai/compare/florence-vs-prague/,florence vs prague,0,prague vs florence,20,prague vs florence,20,20
croatia-vs-french-riviera,https://tabiji.ai/compare/croatia-vs-french-riviera/,croatia vs french riviera,0,french riviera vs croatia,20,french riviera vs croatia,20,20
french-riviera-vs-greece,https://tabiji.ai/compare/french-riviera-vs-greece/,french riviera vs greece,20,greece vs french riviera,0,french riviera vs greece,20,20
french-riviera-vs-portugal,https://tabiji.ai/compare/french-riviera-vs-portugal/,french riviera vs portugal,0,portugal vs french riviera,20,portugal vs french riviera,20,20
galapagos-vs-hawaii,https://tabiji.ai/compare/galapagos-vs-hawaii/,galapagos vs hawaii,20,hawaii vs galapagos,0,galapagos vs hawaii,20,20
delhi-vs-goa,https://tabiji.ai/compare/delhi-vs-goa/,delhi vs goa,0,goa vs delhi,20,goa vs delhi,20,20
goa-vs-india,https://tabiji.ai/compare/goa-vs-india/,goa vs india,20,india vs goa,0,goa vs india,20,20
gran-canaria-vs-madeira,https://tabiji.ai/compare/gran-canaria-vs-madeira/,gran canaria vs madeira,20,madeira vs gran canaria,0,gran canaria vs madeira,20,20
hanoi-vs-phnom-penh,https://tabiji.ai/compare/hanoi-vs-phnom-penh/,hanoi vs phnom penh,20,phnom penh vs hanoi,0,hanoi vs phnom penh,20,20
hanoi-vs-hoi-an,https://tabiji.ai/compare/hanoi-vs-hoi-an/,hanoi vs hoi an,0,hoi an vs hanoi,20,hoi an vs hanoi,20,20
ho-chi-minh-city-vs-hoi-an,https://tabiji.ai/compare/ho-chi-minh-city-vs-hoi-an/,ho chi minh city vs hoi an,0,hoi an vs ho chi minh city,20,hoi an vs ho chi minh city,20,20
ho-chi-minh-city-vs-manila,https://tabiji.ai/compare/ho-chi-minh-city-vs-manila/,ho chi minh city vs manila,0,manila vs ho chi minh city,20,manila vs ho chi minh city,20,20
ho-chi-minh-city-vs-phnom-penh,https://tabiji.ai/compare/ho-chi-minh-city-vs-phnom-penh/,ho chi minh city vs phnom penh,0,phnom penh vs ho chi minh city,20,phnom penh vs ho chi minh city,20,20
hvar-vs-ibiza,https://tabiji.ai/compare/hvar-vs-ibiza/,hvar vs ibiza,20,ibiza vs hvar,0,hvar vs ibiza,20,20
cancun-vs-ibiza,https://tabiji.ai/compare/cancun-vs-ibiza/,cancun vs ibiza,0,ibiza vs cancun,20,ibiza vs cancun,20,20
croatia-vs-ibiza,https://tabiji.ai/compare/croatia-vs-ibiza/,croatia vs ibiza,0,ibiza vs croatia,20,ibiza vs croatia,20,20
greece-vs-ibiza,https://tabiji.ai/compare/greece-vs-ibiza/,greece vs ibiza,0,ibiza vs greece,20,ibiza vs greece,20,20
ibiza-vs-madrid,https://tabiji.ai/compare/ibiza-vs-madrid/,ibiza vs madrid,0,madrid vs ibiza,20,madrid vs ibiza,20,20
ibiza-vs-saint-tropez,https://tabiji.ai/compare/ibiza-vs-saint-tropez/,ibiza vs saint tropez,0,saint tropez vs ibiza,20,saint tropez vs ibiza,20,20
ibiza-vs-tulum,https://tabiji.ai/compare/ibiza-vs-tulum/,ibiza vs tulum,0,tulum vs ibiza,20,tulum vs ibiza,20,20
geneva-vs-interlaken,https://tabiji.ai/compare/geneva-vs-interlaken/,geneva vs interlaken,20,interlaken vs geneva,0,geneva vs interlaken,20,20
amsterdam-vs-istanbul,https://tabiji.ai/compare/amsterdam-vs-istanbul/,amsterdam vs istanbul,20,istanbul vs amsterdam,0,amsterdam vs istanbul,20,20
greece-vs-istanbul,https://tabiji.ai/compare/greece-vs-istanbul/,greece vs istanbul,0,istanbul vs greece,20,istanbul vs greece,20,20
istanbul-vs-los-angeles,https://tabiji.ai/compare/istanbul-vs-los-angeles/,istanbul vs los angeles,20,los angeles vs istanbul,0,istanbul vs los angeles,20,20
istanbul-vs-mexico-city,https://tabiji.ai/compare/istanbul-vs-mexico-city/,istanbul vs mexico city,0,mexico city vs istanbul,20,mexico city vs istanbul,20,20
jaipur-vs-mumbai,https://tabiji.ai/compare/jaipur-vs-mumbai/,jaipur vs mumbai,20,mumbai vs jaipur,0,jaipur vs mumbai,20,20
jakarta-vs-malaysia,https://tabiji.ai/compare/jakarta-vs-malaysia/,jakarta vs malaysia,20,malaysia vs jakarta,0,jakarta vs malaysia,20,20
jakarta-vs-new-york,https://tabiji.ai/compare/jakarta-vs-new-york/,jakarta vs new york,20,new york vs jakarta,0,jakarta vs new york,20,20
jakarta-vs-manila,https://tabiji.ai/compare/jakarta-vs-manila/,jakarta vs manila,0,manila vs jakarta,20,manila vs jakarta,20,20
kauai-vs-st-lucia,https://tabiji.ai/compare/kauai-vs-st-lucia/,kauai vs st lucia,0,st lucia vs kauai,20,st lucia vs kauai,20,20
kauai-vs-waikiki,https://tabiji.ai/compare/kauai-vs-waikiki/,kauai vs waikiki,0,waikiki vs kauai,20,waikiki vs kauai,20,20
koh-samui-vs-maldives,https://tabiji.ai/compare/koh-samui-vs-maldives/,koh samui vs maldives,20,maldives vs koh samui,0,koh samui vs maldives,20,20
koh-samui-vs-pattaya,https://tabiji.ai/compare/koh-samui-vs-pattaya/,koh samui vs pattaya,20,pattaya vs koh samui,0,koh samui vs pattaya,20,20
koh-phi-phi-vs-krabi,https://tabiji.ai/compare/koh-phi-phi-vs-krabi/,koh phi phi vs krabi,0,krabi vs koh phi phi,20,krabi vs koh phi phi,20,20
krabi-vs-langkawi,https://tabiji.ai/compare/krabi-vs-langkawi/,krabi vs langkawi,20,langkawi vs krabi,0,krabi vs langkawi,20,20
hong-kong-vs-kuala-lumpur,https://tabiji.ai/compare/hong-kong-vs-kuala-lumpur/,hong kong vs kuala lumpur,0,kuala lumpur vs hong kong,20,kuala lumpur vs hong kong,20,20
kuala-lumpur-vs-vietnam,https://tabiji.ai/compare/kuala-lumpur-vs-vietnam/,kuala lumpur vs vietnam,20,vietnam vs kuala lumpur,0,kuala lumpur vs vietnam,20,20
kuala-lumpur-vs-shanghai,https://tabiji.ai/compare/kuala-lumpur-vs-shanghai/,kuala lumpur vs shanghai,0,shanghai vs kuala lumpur,20,shanghai vs kuala lumpur,20,20
kyoto-vs-paris,https://tabiji.ai/compare/kyoto-vs-paris/,kyoto vs paris,20,paris vs kyoto,0,kyoto vs paris,20,20
china-vs-kyrgyzstan,https://tabiji.ai/compare/china-vs-kyrgyzstan/,china vs kyrgyzstan,20,kyrgyzstan vs china,0,china vs kyrgyzstan,20,20
kyrgyzstan-vs-lebanon,https://tabiji.ai/compare/kyrgyzstan-vs-lebanon/,kyrgyzstan vs lebanon,20,lebanon vs kyrgyzstan,0,kyrgyzstan vs lebanon,20,20
kyrgyzstan-vs-thailand,https://tabiji.ai/compare/kyrgyzstan-vs-thailand/,kyrgyzstan vs thailand,0,thailand vs kyrgyzstan,20,thailand vs kyrgyzstan,20,20
lake-como-vs-milan,https://tabiji.ai/compare/lake-como-vs-milan/,lake como vs milan,0,milan vs lake como,20,milan vs lake como,20,20
lake-como-vs-venice,https://tabiji.ai/compare/lake-como-vs-venice/,lake como vs venice,0,venice vs lake como,20,venice vs lake como,20,20
lake-district-vs-scotland,https://tabiji.ai/compare/lake-district-vs-scotland/,lake district vs scotland,20,scotland vs lake district,0,lake district vs scotland,20,20
laos-vs-usa,https://tabiji.ai/compare/laos-vs-usa/,laos vs usa,20,usa vs laos,0,laos vs usa,20,20
laos-vs-singapore,https://tabiji.ai/compare/laos-vs-singapore/,laos vs singapore,0,singapore vs laos,20,singapore vs laos,20,20
finland-vs-lapland,https://tabiji.ai/compare/finland-vs-lapland/,finland vs lapland,0,lapland vs finland,20,lapland vs finland,20,20
canada-vs-lebanon,https://tabiji.ai/compare/canada-vs-lebanon/,canada vs lebanon,20,lebanon vs canada,0,canada vs lebanon,20,20
dubai-vs-lebanon,https://tabiji.ai/compare/dubai-vs-lebanon/,dubai vs lebanon,0,lebanon vs dubai,20,lebanon vs dubai,20,20
italy-vs-lebanon,https://tabiji.ai/compare/italy-vs-lebanon/,italy vs lebanon,0,lebanon vs italy,20,lebanon vs italy,20,20
lebanon-vs-usa,https://tabiji.ai/compare/lebanon-vs-usa/,lebanon vs usa,20,usa vs lebanon,0,lebanon vs usa,20,20
argentina-vs-lithuania,https://tabiji.ai/compare/argentina-vs-lithuania/,argentina vs lithuania,20,lithuania vs argentina,0,argentina vs lithuania,20,20
armenia-vs-lithuania,https://tabiji.ai/compare/armenia-vs-lithuania/,armenia vs lithuania,20,lithuania vs armenia,0,armenia vs lithuania,20,20
komodo-vs-lombok,https://tabiji.ai/compare/komodo-vs-lombok/,komodo vs lombok,0,lombok vs komodo,20,lombok vs komodo,20,20
armenia-vs-luxembourg,https://tabiji.ai/compare/armenia-vs-luxembourg/,armenia vs luxembourg,20,luxembourg vs armenia,0,armenia vs luxembourg,20,20
italy-vs-luxembourg,https://tabiji.ai/compare/italy-vs-luxembourg/,italy vs luxembourg,20,luxembourg vs italy,0,italy vs luxembourg,20,20
england-vs-luxembourg,https://tabiji.ai/compare/england-vs-luxembourg/,england vs luxembourg,0,luxembourg vs england,20,luxembourg vs england,20,20
luxembourg-vs-united-states,https://tabiji.ai/compare/luxembourg-vs-united-states/,luxembourg vs united states,20,united states vs luxembourg,0,luxembourg vs united states,20,20
luxembourg-vs-romania,https://tabiji.ai/compare/luxembourg-vs-romania/,luxembourg vs romania,0,romania vs luxembourg,20,romania vs luxembourg,20,20
malaga-vs-malta,https://tabiji.ai/compare/malaga-vs-malta/,malaga vs malta,20,malta vs malaga,0,malaga vs malta,20,20
malaga-vs-milan,https://tabiji.ai/compare/malaga-vs-milan/,malaga vs milan,20,milan vs malaga,0,malaga vs milan,20,20
malaga-vs-nice,https://tabiji.ai/compare/malaga-vs-nice/,malaga vs nice,20,nice vs malaga,0,malaga vs nice,20,20
langkawi-vs-maldives,https://tabiji.ai/compare/langkawi-vs-maldives/,langkawi vs maldives,20,maldives vs langkawi,0,langkawi vs maldives,20,20
maldives-vs-mongolia,https://tabiji.ai/compare/maldives-vs-mongolia/,maldives vs mongolia,20,mongolia vs maldives,0,maldives vs mongolia,20,20
maldives-vs-malta,https://tabiji.ai/compare/maldives-vs-malta/,maldives vs malta,0,malta vs maldives,20,malta vs maldives,20,20
manila-vs-mexico-city,https://tabiji.ai/compare/manila-vs-mexico-city/,manila vs mexico city,20,mexico city vs manila,0,manila vs mexico city,20,20
manila-vs-pattaya,https://tabiji.ai/compare/manila-vs-pattaya/,manila vs pattaya,20,pattaya vs manila,0,manila vs pattaya,20,20
marrakech-vs-morocco,https://tabiji.ai/compare/marrakech-vs-morocco/,marrakech vs morocco,0,morocco vs marrakech,20,morocco vs marrakech,20,20
aruba-vs-maui,https://tabiji.ai/compare/aruba-vs-maui/,aruba vs maui,20,maui vs aruba,0,aruba vs maui,20,20
cabo-vs-maui,https://tabiji.ai/compare/cabo-vs-maui/,cabo vs maui,20,maui vs cabo,0,cabo vs maui,20,20
ghana-vs-mauritius,https://tabiji.ai/compare/ghana-vs-mauritius/,ghana vs mauritius,20,mauritius vs ghana,0,ghana vs mauritius,20,20
malaysia-vs-mauritius,https://tabiji.ai/compare/malaysia-vs-mauritius/,malaysia vs mauritius,20,mauritius vs malaysia,0,malaysia vs mauritius,20,20
mexico-city-vs-mumbai,https://tabiji.ai/compare/mexico-city-vs-mumbai/,mexico city vs mumbai,20,mumbai vs mexico city,0,mexico city vs mumbai,20,20
mexico-city-vs-rio-de-janeiro,https://tabiji.ai/compare/mexico-city-vs-rio-de-janeiro/,mexico city vs rio de janeiro,20,rio de janeiro vs mexico city,0,mexico city vs rio de janeiro,20,20
mexico-city-vs-toronto,https://tabiji.ai/compare/mexico-city-vs-toronto/,mexico city vs toronto,0,toronto vs mexico city,20,toronto vs mexico city,20,20
malaysia-vs-mongolia,https://tabiji.ai/compare/malaysia-vs-mongolia/,malaysia vs mongolia,20,mongolia vs malaysia,0,malaysia vs mongolia,20,20
indonesia-vs-mongolia,https://tabiji.ai/compare/indonesia-vs-mongolia/,indonesia vs mongolia,0,mongolia vs indonesia,20,mongolia vs indonesia,20,20
mongolia-vs-rome,https://tabiji.ai/compare/mongolia-vs-rome/,mongolia vs rome,20,rome vs mongolia,0,mongolia vs rome,20,20
mongolia-vs-taiwan,https://tabiji.ai/compare/mongolia-vs-taiwan/,mongolia vs taiwan,20,taiwan vs mongolia,0,mongolia vs taiwan,20,20
mongolia-vs-vietnam,https://tabiji.ai/compare/mongolia-vs-vietnam/,mongolia vs vietnam,20,vietnam vs mongolia,0,mongolia vs vietnam,20,20
denmark-vs-montenegro,https://tabiji.ai/compare/denmark-vs-montenegro/,denmark vs montenegro,20,montenegro vs denmark,0,denmark vs montenegro,20,20
england-vs-montenegro,https://tabiji.ai/compare/england-vs-montenegro/,england vs montenegro,20,montenegro vs england,0,england vs montenegro,20,20
mykonos-vs-rhodes,https://tabiji.ai/compare/mykonos-vs-rhodes/,mykonos vs rhodes,0,rhodes vs mykonos,20,rhodes vs mykonos,20,20
madagascar-vs-namibia,https://tabiji.ai/compare/madagascar-vs-namibia/,madagascar vs namibia,0,namibia vs madagascar,20,namibia vs madagascar,20,20
namibia-vs-seychelles,https://tabiji.ai/compare/namibia-vs-seychelles/,namibia vs seychelles,20,seychelles vs namibia,0,namibia vs seychelles,20,20
namibia-vs-new-zealand,https://tabiji.ai/compare/namibia-vs-new-zealand/,namibia vs new zealand,0,new zealand vs namibia,20,new zealand vs namibia,20,20
namibia-vs-samoa,https://tabiji.ai/compare/namibia-vs-samoa/,namibia vs samoa,0,samoa vs namibia,20,samoa vs namibia,20,20
naples-vs-nice,https://tabiji.ai/compare/naples-vs-nice/,naples vs nice,0,nice vs naples,20,nice vs naples,20,20
naxos-vs-taormina,https://tabiji.ai/compare/naxos-vs-taormina/,naxos vs taormina,20,taormina vs naxos,0,naxos vs taormina,20,20
oslo-vs-zurich,https://tabiji.ai/compare/oslo-vs-zurich/,oslo vs zurich,20,zurich vs oslo,0,oslo vs zurich,20,20
bali-vs-penang,https://tabiji.ai/compare/bali-vs-penang/,bali vs penang,0,penang vs bali,20,penang vs bali,20,20
koh-lanta-vs-phuket,https://tabiji.ai/compare/koh-lanta-vs-phuket/,koh lanta vs phuket,0,phuket vs koh lanta,20,phuket vs koh lanta,20,20
koh-phi-phi-vs-phuket,https://tabiji.ai/compare/koh-phi-phi-vs-phuket/,koh phi phi vs phuket,0,phuket vs koh phi phi,20,phuket vs koh phi phi,20,20
phuket-vs-sri-lanka,https://tabiji.ai/compare/phuket-vs-sri-lanka/,phuket vs sri lanka,0,sri lanka vs phuket,20,sri lanka vs phuket,20,20
frankfurt-vs-prague,https://tabiji.ai/compare/frankfurt-vs-prague/,frankfurt vs prague,20,prague vs frankfurt,0,frankfurt vs prague,20,20
porto-vs-prague,https://tabiji.ai/compare/porto-vs-prague/,porto vs prague,20,prague vs porto,0,porto vs prague,20,20
athens-vs-prague,https://tabiji.ai/compare/athens-vs-prague/,athens vs prague,0,prague vs athens,20,prague vs athens,20,20
italy-vs-prague,https://tabiji.ai/compare/italy-vs-prague/,italy vs prague,0,prague vs italy,20,prague vs italy,20,20
la-paz-vs-puerto-vallarta,https://tabiji.ai/compare/la-paz-vs-puerto-vallarta/,la paz vs puerto vallarta,20,puerto vallarta vs la paz,0,la paz vs puerto vallarta,20,20
dominican-republic-vs-puerto-vallarta,https://tabiji.ai/compare/dominican-republic-vs-puerto-vallarta/,dominican republic vs puerto vallarta,0,puerto vallarta vs dominican republic,20,puerto vallarta vs dominican republic,20,20
paris-vs-quebec-city,https://tabiji.ai/compare/paris-vs-quebec-city/,paris vs quebec city,0,quebec city vs paris,20,quebec city vs paris,20,20
cancun-vs-rio-de-janeiro,https://tabiji.ai/compare/cancun-vs-rio-de-janeiro/,cancun vs rio de janeiro,20,rio de janeiro vs cancun,0,cancun vs rio de janeiro,20,20
san-sebastian-vs-seville,https://tabiji.ai/compare/san-sebastian-vs-seville/,san sebastian vs seville,0,seville vs san sebastian,20,seville vs san sebastian,20,20
croatia-vs-santorini,https://tabiji.ai/compare/croatia-vs-santorini/,croatia vs santorini,20,santorini vs croatia,0,croatia vs santorini,20,20
malta-vs-santorini,https://tabiji.ai/compare/malta-vs-santorini/,malta vs santorini,20,santorini vs malta,0,malta vs santorini,20,20
greece-vs-sardinia,https://tabiji.ai/compare/greece-vs-sardinia/,greece vs sardinia,0,sardinia vs greece,20,sardinia vs greece,20,20
italy-vs-sardinia,https://tabiji.ai/compare/italy-vs-sardinia/,italy vs sardinia,0,sardinia vs italy,20,sardinia vs italy,20,20
french-polynesia-vs-seychelles,https://tabiji.ai/compare/french-polynesia-vs-seychelles/,french polynesia vs seychelles,0,seychelles vs french polynesia,20,seychelles vs french polynesia,20,20
seychelles-vs-tahiti,https://tabiji.ai/compare/seychelles-vs-tahiti/,seychelles vs tahiti,20,tahiti vs seychelles,0,seychelles vs tahiti,20,20
seychelles-vs-thailand,https://tabiji.ai/compare/seychelles-vs-thailand/,seychelles vs thailand,20,thailand vs seychelles,0,seychelles vs thailand,20,20
argentina-vs-slovakia,https://tabiji.ai/compare/argentina-vs-slovakia/,argentina vs slovakia,20,slovakia vs argentina,0,argentina vs slovakia,20,20
granada-vs-st-lucia,https://tabiji.ai/compare/granada-vs-st-lucia/,granada vs st lucia,20,st lucia vs granada,0,granada vs st lucia,20,20
bora-bora-vs-st-lucia,https://tabiji.ai/compare/bora-bora-vs-st-lucia/,bora bora vs st lucia,0,st lucia vs bora bora,20,st lucia vs bora bora,20,20
cancun-vs-st-lucia,https://tabiji.ai/compare/cancun-vs-st-lucia/,cancun vs st lucia,0,st lucia vs cancun,20,st lucia vs cancun,20,20
maldives-vs-st-lucia,https://tabiji.ai/compare/maldives-vs-st-lucia/,maldives vs st lucia,0,st lucia vs maldives,20,st lucia vs maldives,20,20
maui-vs-st-lucia,https://tabiji.ai/compare/maui-vs-st-lucia/,maui vs st lucia,0,st lucia vs maui,20,st lucia vs maui,20,20
mexico-vs-st-lucia,https://tabiji.ai/compare/mexico-vs-st-lucia/,mexico vs st lucia,0,st lucia vs mexico,20,st lucia vs mexico,20,20
new-york-vs-stockholm,https://tabiji.ai/compare/new-york-vs-stockholm/,new york vs stockholm,0,stockholm vs new york,20,stockholm vs new york,20,20
canada-vs-taiwan,https://tabiji.ai/compare/canada-vs-taiwan/,canada vs taiwan,20,taiwan vs canada,0,canada vs taiwan,20,20
macau-vs-taiwan,https://tabiji.ai/compare/macau-vs-taiwan/,macau vs taiwan,20,taiwan vs macau,0,macau vs taiwan,20,20
okinawa-vs-taiwan,https://tabiji.ai/compare/okinawa-vs-taiwan/,okinawa vs taiwan,20,taiwan vs okinawa,0,okinawa vs taiwan,20,20
hong-kong-vs-tanzania,https://tabiji.ai/compare/hong-kong-vs-tanzania/,hong kong vs tanzania,20,tanzania vs hong kong,0,hong kong vs tanzania,20,20
istanbul-vs-tbilisi,https://tabiji.ai/compare/istanbul-vs-tbilisi/,istanbul vs tbilisi,0,tbilisi vs istanbul,20,tbilisi vs istanbul,20,20
hawaii-vs-tenerife,https://tabiji.ai/compare/hawaii-vs-tenerife/,hawaii vs tenerife,0,tenerife vs hawaii,20,tenerife vs hawaii,20,20
crete-vs-thessaloniki,https://tabiji.ai/compare/crete-vs-thessaloniki/,crete vs thessaloniki,0,thessaloniki vs crete,20,thessaloniki vs crete,20,20
milan-vs-tirana,https://tabiji.ai/compare/milan-vs-tirana/,milan vs tirana,0,tirana vs milan,20,tirana vs milan,20,20
oaxaca-vs-tulum,https://tabiji.ai/compare/oaxaca-vs-tulum/,oaxaca vs tulum,20,tulum vs oaxaca,0,oaxaca vs tulum,20,20
bahamas-vs-tulum,https://tabiji.ai/compare/bahamas-vs-tulum/,bahamas vs tulum,0,tulum vs bahamas,20,tulum vs bahamas,20,20
hawaii-vs-tulum,https://tabiji.ai/compare/hawaii-vs-tulum/,hawaii vs tulum,0,tulum vs hawaii,20,tulum vs hawaii,20,20
cuba-vs-turks-and-caicos,https://tabiji.ai/compare/cuba-vs-turks-and-caicos/,cuba vs turks and caicos,20,turks and caicos vs cuba,0,cuba vs turks and caicos,20,20
nassau-vs-turks-and-caicos,https://tabiji.ai/compare/nassau-vs-turks-and-caicos/,nassau vs turks and caicos,20,turks and caicos vs nassau,0,nassau vs turks and caicos,20,20
mexico-vs-turks-and-caicos,https://tabiji.ai/compare/mexico-vs-turks-and-caicos/,mexico vs turks and caicos,0,turks and caicos vs mexico,20,turks and caicos vs mexico,20,20
morocco-vs-uzbekistan,https://tabiji.ai/compare/morocco-vs-uzbekistan/,morocco vs uzbekistan,20,uzbekistan vs morocco,0,morocco vs uzbekistan,20,20
prague-vs-venice,https://tabiji.ai/compare/prague-vs-venice/,prague vs venice,20,venice vs prague,0,prague vs venice,20,20
venice-vs-vienna,https://tabiji.ai/compare/venice-vs-vienna/,venice vs vienna,20,vienna vs venice,0,venice vs vienna,20,20
austria-vs-vienna,https://tabiji.ai/compare/austria-vs-vienna/,austria vs vienna,20,vienna vs austria,0,austria vs vienna,20,20
hamburg-vs-vienna,https://tabiji.ai/compare/hamburg-vs-vienna/,hamburg vs vienna,20,vienna vs hamburg,0,hamburg vs vienna,20,20
copenhagen-vs-vienna,https://tabiji.ai/compare/copenhagen-vs-vienna/,copenhagen vs vienna,0,vienna vs copenhagen,20,vienna vs copenhagen,20,20
milos-vs-zakynthos,https://tabiji.ai/compare/milos-vs-zakynthos/,milos vs zakynthos,20,zakynthos vs milos,0,milos vs zakynthos,20,20
paros-vs-zakynthos,https://tabiji.ai/compare/paros-vs-zakynthos/,paros vs zakynthos,0,zakynthos vs paros,20,zakynthos vs paros,20,20
rhodes-vs-zakynthos,https://tabiji.ai/compare/rhodes-vs-zakynthos/,rhodes vs zakynthos,0,zakynthos vs rhodes,20,zakynthos vs rhodes,20,20
england-vs-zanzibar,https://tabiji.ai/compare/england-vs-zanzibar/,england vs zanzibar,20,zanzibar vs england,0,england vs zanzibar,20,20
boston-vs-zermatt,https://tabiji.ai/compare/boston-vs-zermatt/,boston vs zermatt,0,zermatt vs boston,20,zermatt vs boston,20,20
lyon-vs-zurich,https://tabiji.ai/compare/lyon-vs-zurich/,lyon vs zurich,20,zurich vs lyon,0,lyon vs zurich,20,20
salzburg-vs-zurich,https://tabiji.ai/compare/salzburg-vs-zurich/,salzburg vs zurich,20,zurich vs salzburg,0,salzburg vs zurich,20,20
strasbourg-vs-zurich,https://tabiji.ai/compare/strasbourg-vs-zurich/,strasbourg vs zurich,20,zurich vs strasbourg,0,strasbourg vs zurich,20,20
amsterdam-vs-zurich,https://tabiji.ai/compare/amsterdam-vs-zurich/,amsterdam vs zurich,0,zurich vs amsterdam,20,zurich vs amsterdam,20,20
barcelona-vs-zurich,https://tabiji.ai/compare/barcelona-vs-zurich/,barcelona vs zurich,0,zurich vs barcelona,20,zurich vs barcelona,20,20
belgrade-vs-monaco,https://tabiji.ai/compare/belgrade-vs-monaco/,belgrade vs monaco,10,monaco vs belgrade,10,belgrade vs monaco,10,20
bratislava-vs-milan,https://tabiji.ai/compare/bratislava-vs-milan/,bratislava vs milan,10,milan vs bratislava,10,bratislava vs milan,10,20
corfu-vs-naxos,https://tabiji.ai/compare/corfu-vs-naxos/,corfu vs naxos,10,naxos vs corfu,10,corfu vs naxos,10,20
austin-vs-florence,https://tabiji.ai/compare/austin-vs-florence/,austin vs florence,10,florence vs austin,10,austin vs florence,10,20
frankfurt-vs-helsinki,https://tabiji.ai/compare/frankfurt-vs-helsinki/,frankfurt vs helsinki,10,helsinki vs frankfurt,10,frankfurt vs helsinki,10,20
bahrain-vs-kyrgyzstan,https://tabiji.ai/compare/bahrain-vs-kyrgyzstan/,bahrain vs kyrgyzstan,10,kyrgyzstan vs bahrain,10,bahrain vs kyrgyzstan,10,20
barbados-vs-mauritius,https://tabiji.ai/compare/barbados-vs-mauritius/,barbados vs mauritius,10,mauritius vs barbados,10,barbados vs mauritius,10,20
dubai-vs-mauritius,https://tabiji.ai/compare/dubai-vs-mauritius/,dubai vs mauritius,10,mauritius vs dubai,10,dubai vs mauritius,10,20
mauritius-vs-nepal,https://tabiji.ai/compare/mauritius-vs-nepal/,mauritius vs nepal,10,nepal vs mauritius,10,mauritius vs nepal,10,20
mauritius-vs-vietnam,https://tabiji.ai/compare/mauritius-vs-vietnam/,mauritius vs vietnam,10,vietnam vs mauritius,10,mauritius vs vietnam,10,20
naxos-vs-zakynthos,https://tabiji.ai/compare/naxos-vs-zakynthos/,naxos vs zakynthos,10,zakynthos vs naxos,10,naxos vs zakynthos,10,20
sardinia-vs-tenerife,https://tabiji.ai/compare/sardinia-vs-tenerife/,sardinia vs tenerife,10,tenerife vs sardinia,10,sardinia vs tenerife,10,20
philippines-vs-seychelles,https://tabiji.ai/compare/philippines-vs-seychelles/,philippines vs seychelles,10,seychelles vs philippines,10,philippines vs seychelles,10,20
algarve-vs-madeira,https://tabiji.ai/compare/algarve-vs-madeira/,algarve vs madeira,10,madeira vs algarve,0,algarve vs madeira,10,10
amalfi-coast-vs-nice,https://tabiji.ai/compare/amalfi-coast-vs-nice/,amalfi coast vs nice,0,nice vs amalfi coast,10,nice vs amalfi coast,10,10
antwerp-vs-athens,https://tabiji.ai/compare/antwerp-vs-athens/,antwerp vs athens,10,athens vs antwerp,0,antwerp vs athens,10,10
belgrade-vs-liverpool,https://tabiji.ai/compare/belgrade-vs-liverpool/,belgrade vs liverpool,0,liverpool vs belgrade,10,liverpool vs belgrade,10,10
belgrade-vs-madrid,https://tabiji.ai/compare/belgrade-vs-madrid/,belgrade vs madrid,0,madrid vs belgrade,10,madrid vs belgrade,10,10
botswana-vs-germany,https://tabiji.ai/compare/botswana-vs-germany/,botswana vs germany,10,germany vs botswana,0,botswana vs germany,10,10
bruges-vs-paris,https://tabiji.ai/compare/bruges-vs-paris/,bruges vs paris,0,paris vs bruges,10,paris vs bruges,10,10
bucharest-vs-vienna,https://tabiji.ai/compare/bucharest-vs-vienna/,bucharest vs vienna,0,vienna vs bucharest,10,vienna vs bucharest,10,10
cape-town-vs-london,https://tabiji.ai/compare/cape-town-vs-london/,cape town vs london,10,london vs cape town,0,cape town vs london,10,10
cartagena-vs-madrid,https://tabiji.ai/compare/cartagena-vs-madrid/,cartagena vs madrid,10,madrid vs cartagena,0,cartagena vs madrid,10,10
cartagena-vs-colombia,https://tabiji.ai/compare/cartagena-vs-colombia/,cartagena vs colombia,0,colombia vs cartagena,10,colombia vs cartagena,10,10
chiang-mai-vs-koh-samui,https://tabiji.ai/compare/chiang-mai-vs-koh-samui/,chiang mai vs koh samui,10,koh samui vs chiang mai,0,chiang mai vs koh samui,10,10
cinque-terre-vs-puglia,https://tabiji.ai/compare/cinque-terre-vs-puglia/,cinque terre vs puglia,0,puglia vs cinque terre,10,puglia vs cinque terre,10,10
florence-vs-oxford,https://tabiji.ai/compare/florence-vs-oxford/,florence vs oxford,10,oxford vs florence,0,florence vs oxford,10,10
gran-canaria-vs-ibiza,https://tabiji.ai/compare/gran-canaria-vs-ibiza/,gran canaria vs ibiza,0,ibiza vs gran canaria,10,ibiza vs gran canaria,10,10
gran-canaria-vs-malaga,https://tabiji.ai/compare/gran-canaria-vs-malaga/,gran canaria vs malaga,0,malaga vs gran canaria,10,malaga vs gran canaria,10,10
hanoi-vs-siem-reap,https://tabiji.ai/compare/hanoi-vs-siem-reap/,hanoi vs siem reap,10,siem reap vs hanoi,0,hanoi vs siem reap,10,10
ho-chi-minh-city-vs-jakarta,https://tabiji.ai/compare/ho-chi-minh-city-vs-jakarta/,ho chi minh city vs jakarta,10,jakarta vs ho chi minh city,0,ho chi minh city vs jakarta,10,10
krabi-vs-maldives,https://tabiji.ai/compare/krabi-vs-maldives/,krabi vs maldives,10,maldives vs krabi,0,krabi vs maldives,10,10
istanbul-vs-kuala-lumpur,https://tabiji.ai/compare/istanbul-vs-kuala-lumpur/,istanbul vs kuala lumpur,10,kuala lumpur vs istanbul,0,istanbul vs kuala lumpur,10,10
kuala-lumpur-vs-mumbai,https://tabiji.ai/compare/kuala-lumpur-vs-mumbai/,kuala lumpur vs mumbai,0,mumbai vs kuala lumpur,10,mumbai vs kuala lumpur,10,10
jordan-vs-kyrgyzstan,https://tabiji.ai/compare/jordan-vs-kyrgyzstan/,jordan vs kyrgyzstan,10,kyrgyzstan vs jordan,0,jordan vs kyrgyzstan,10,10
kyrgyzstan-vs-taiwan,https://tabiji.ai/compare/kyrgyzstan-vs-taiwan/,kyrgyzstan vs taiwan,0,taiwan vs kyrgyzstan,10,taiwan vs kyrgyzstan,10,10
madeira-vs-sicily,https://tabiji.ai/compare/madeira-vs-sicily/,madeira vs sicily,10,sicily vs madeira,0,madeira vs sicily,10,10
marrakech-vs-tangier,https://tabiji.ai/compare/marrakech-vs-tangier/,marrakech vs tangier,10,tangier vs marrakech,0,marrakech vs tangier,10,10
indonesia-vs-mauritius,https://tabiji.ai/compare/indonesia-vs-mauritius/,indonesia vs mauritius,10,mauritius vs indonesia,0,indonesia vs mauritius,10,10
malta-vs-mauritius,https://tabiji.ai/compare/malta-vs-mauritius/,malta vs mauritius,10,mauritius vs malta,0,malta vs mauritius,10,10
dominican-republic-vs-mauritius,https://tabiji.ai/compare/dominican-republic-vs-mauritius/,dominican republic vs mauritius,0,mauritius vs dominican republic,10,mauritius vs dominican republic,10,10
mauritius-vs-namibia,https://tabiji.ai/compare/mauritius-vs-namibia/,mauritius vs namibia,0,namibia vs mauritius,10,namibia vs mauritius,10,10
mauritius-vs-singapore,https://tabiji.ai/compare/mauritius-vs-singapore/,mauritius vs singapore,0,singapore vs mauritius,10,singapore vs mauritius,10,10
mauritius-vs-st-lucia,https://tabiji.ai/compare/mauritius-vs-st-lucia/,mauritius vs st lucia,0,st lucia vs mauritius,10,st lucia vs mauritius,10,10
puglia-vs-tuscany,https://tabiji.ai/compare/puglia-vs-tuscany/,puglia vs tuscany,10,tuscany vs puglia,0,puglia vs tuscany,10,10
porto-vs-san-sebastian,https://tabiji.ai/compare/porto-vs-san-sebastian/,porto vs san sebastian,10,san sebastian vs porto,0,porto vs san sebastian,10,10
malaga-vs-san-sebastian,https://tabiji.ai/compare/malaga-vs-san-sebastian/,malaga vs san sebastian,0,san sebastian vs malaga,10,san sebastian vs malaga,10,10
botswana-vs-seychelles,https://tabiji.ai/compare/botswana-vs-seychelles/,botswana vs seychelles,0,seychelles vs botswana,10,seychelles vs botswana,10,10
seychelles-vs-tanzania,https://tabiji.ai/compare/seychelles-vs-tanzania/,seychelles vs tanzania,0,tanzania vs seychelles,10,tanzania vs seychelles,10,10
stockholm-vs-toronto,https://tabiji.ai/compare/stockholm-vs-toronto/,stockholm vs toronto,0,toronto vs stockholm,10,toronto vs stockholm,10,10
madrid-vs-tenerife,https://tabiji.ai/compare/madrid-vs-tenerife/,madrid vs tenerife,10,tenerife vs madrid,0,madrid vs tenerife,10,10
naples-vs-tuscany,https://tabiji.ai/compare/naples-vs-tuscany/,naples vs tuscany,0,tuscany vs naples,10,tuscany vs naples,10,10
armenia-vs-yerevan,https://tabiji.ai/compare/armenia-vs-yerevan/,armenia vs yerevan,10,yerevan vs armenia,0,armenia vs yerevan,10,10
ethiopia-vs-zanzibar,https://tabiji.ai/compare/ethiopia-vs-zanzibar/,ethiopia vs zanzibar,10,zanzibar vs ethiopia,0,ethiopia vs zanzibar,10,10
