slug,url,keyword_1,vol_1,keyword_2,vol_2,best_keyword,best_vol,total_vol
portugal-vs-spain,https://tabiji.ai/compare/portugal-vs-spain/,portugal vs spain,301000,spain vs portugal,165000,portugal vs spain,301000,466000
spain-vs-france,https://tabiji.ai/compare/spain-vs-france/,spain vs france,165000,france vs spain,60500,spain vs france,165000,225500
colombia-vs-mexico,https://tabiji.ai/compare/colombia-vs-mexico/,colombia vs mexico,18100,mexico vs colombia,110000,mexico vs colombia,110000,128100
valencia-vs-barcelona,https://tabiji.ai/compare/valencia-vs-barcelona/,valencia vs barcelona,40500,barcelona vs valencia,74000,barcelona vs valencia,74000,114500
costa-rica-vs-mexico,https://tabiji.ai/compare/costa-rica-vs-mexico/,costa rica vs mexico,2900,mexico vs costa rica,49500,mexico vs costa rica,49500,52400
madrid-vs-barcelona,https://tabiji.ai/compare/madrid-vs-barcelona/,madrid vs barcelona,49500,barcelona vs madrid,18100,madrid vs barcelona,49500,67600
chile-vs-argentina,https://tabiji.ai/compare/chile-vs-argentina/,chile vs argentina,40500,argentina vs chile,22200,chile vs argentina,40500,62700
colombia-vs-peru,https://tabiji.ai/compare/colombia-vs-peru/,colombia vs peru,27100,peru vs colombia,6600,colombia vs peru,27100,33700
peru-vs-ecuador,https://tabiji.ai/compare/peru-vs-ecuador/,peru vs ecuador,22200,ecuador vs peru,12100,peru vs ecuador,22200,34300
peru-vs-bolivia,https://tabiji.ai/compare/peru-vs-bolivia/,peru vs bolivia,14800,bolivia vs peru,1600,peru vs bolivia,14800,16400
france-vs-england,https://tabiji.ai/compare/france-vs-england/,france vs england,5400,england vs france,1600,france vs england,5400,7000
georgia-vs-armenia,https://tabiji.ai/compare/georgia-vs-armenia/,georgia vs armenia,4400,armenia vs georgia,5400,armenia vs georgia,5400,9800
morocco-vs-jordan,https://tabiji.ai/compare/morocco-vs-jordan/,morocco vs jordan,2900,jordan vs morocco,5400,jordan vs morocco,5400,8300
greece-vs-turkey,https://tabiji.ai/compare/greece-vs-turkey/,greece vs turkey,4400,turkey vs greece,4400,greece vs turkey,4400,8800
croatia-vs-montenegro,https://tabiji.ai/compare/croatia-vs-montenegro/,croatia vs montenegro,3600,montenegro vs croatia,170,croatia vs montenegro,3600,3770
new-zealand-vs-australia,https://tabiji.ai/compare/new-zealand-vs-australia/,new zealand vs australia,3600,australia vs new zealand,1900,new zealand vs australia,3600,5500
nice-vs-monaco,https://tabiji.ai/compare/nice-vs-monaco/,nice vs monaco,260,monaco vs nice,3600,monaco vs nice,3600,3860
peru-vs-argentina,https://tabiji.ai/compare/peru-vs-argentina/,peru vs argentina,1000,argentina vs peru,3600,argentina vs peru,3600,4600
spain-vs-italy,https://tabiji.ai/compare/spain-vs-italy/,spain vs italy,1900,italy vs spain,3600,italy vs spain,3600,5500
vietnam-vs-thailand,https://tabiji.ai/compare/vietnam-vs-thailand/,vietnam vs thailand,3600,thailand vs vietnam,2400,vietnam vs thailand,3600,6000
colombia-vs-ecuador,https://tabiji.ai/compare/colombia-vs-ecuador/,colombia vs ecuador,2900,ecuador vs colombia,1600,colombia vs ecuador,2900,4500
guatemala-vs-mexico,https://tabiji.ai/compare/guatemala-vs-mexico/,guatemala vs mexico,1900,mexico vs guatemala,2900,mexico vs guatemala,2900,4800
ireland-vs-england,https://tabiji.ai/compare/ireland-vs-england/,ireland vs england,2900,england vs ireland,1300,ireland vs england,2900,4200
japan-vs-south-korea,https://tabiji.ai/compare/japan-vs-south-korea/,japan vs south korea,1900,south korea vs japan,2900,south korea vs japan,2900,4800
uzbekistan-vs-iran,https://tabiji.ai/compare/uzbekistan-vs-iran/,uzbekistan vs iran,880,iran vs uzbekistan,2900,iran vs uzbekistan,2900,3780
boston-vs-new-york,https://tabiji.ai/compare/boston-vs-new-york/,boston vs new york,2400,new york vs boston,1300,boston vs new york,2400,3700
dallas-vs-houston,https://tabiji.ai/compare/dallas-vs-houston/,dallas vs houston,2400,houston vs dallas,1900,dallas vs houston,2400,4300
dubai-vs-abu-dhabi,https://tabiji.ai/compare/dubai-vs-abu-dhabi/,dubai vs abu dhabi,1300,abu dhabi vs dubai,2400,abu dhabi vs dubai,2400,3700
georgia-vs-turkey,https://tabiji.ai/compare/georgia-vs-turkey/,georgia vs turkey,1900,turkey vs georgia,2400,turkey vs georgia,2400,4300
greece-vs-spain,https://tabiji.ai/compare/greece-vs-spain/,greece vs spain,260,spain vs greece,2400,spain vs greece,2400,2660
italy-vs-france,https://tabiji.ai/compare/italy-vs-france/,italy vs france,2400,france vs italy,1300,italy vs france,2400,3700
japan-vs-china,https://tabiji.ai/compare/japan-vs-china/,japan vs china,1600,china vs japan,2400,china vs japan,2400,4000
kauai-vs-maui,https://tabiji.ai/compare/kauai-vs-maui/,kauai vs maui,1600,maui vs kauai,2400,maui vs kauai,2400,4000
morocco-vs-tunisia,https://tabiji.ai/compare/morocco-vs-tunisia/,morocco vs tunisia,2400,tunisia vs morocco,260,morocco vs tunisia,2400,2660
norway-vs-finland,https://tabiji.ai/compare/norway-vs-finland/,norway vs finland,2400,finland vs norway,590,norway vs finland,2400,2990
oman-vs-uae,https://tabiji.ai/compare/oman-vs-uae/,oman vs uae,720,uae vs oman,2400,uae vs oman,2400,3120
puerto-rico-vs-dominican-republic,https://tabiji.ai/compare/puerto-rico-vs-dominican-republic/,puerto rico vs dominican republic,2400,dominican republic vs puerto rico,880,puerto rico vs dominican republic,2400,3280
thailand-vs-cambodia,https://tabiji.ai/compare/thailand-vs-cambodia/,thailand vs cambodia,2400,cambodia vs thailand,1300,thailand vs cambodia,2400,3700
chicago-vs-new-york,https://tabiji.ai/compare/chicago-vs-new-york/,chicago vs new york,1900,new york vs chicago,590,chicago vs new york,1900,2490
denmark-vs-sweden,https://tabiji.ai/compare/denmark-vs-sweden/,denmark vs sweden,1900,sweden vs denmark,1000,denmark vs sweden,1900,2900
italy-vs-portugal,https://tabiji.ai/compare/italy-vs-portugal/,italy vs portugal,1300,portugal vs italy,1900,portugal vs italy,1900,3200
jordan-vs-egypt,https://tabiji.ai/compare/jordan-vs-egypt/,jordan vs egypt,590,egypt vs jordan,1900,egypt vs jordan,1900,2490
lisbon-vs-porto,https://tabiji.ai/compare/lisbon-vs-porto/,lisbon vs porto,1000,porto vs lisbon,1900,porto vs lisbon,1900,2900
lyon-vs-marseille,https://tabiji.ai/compare/lyon-vs-marseille/,lyon vs marseille,1900,marseille vs lyon,1300,lyon vs marseille,1900,3200
madrid-vs-valencia,https://tabiji.ai/compare/madrid-vs-valencia/,madrid vs valencia,1900,valencia vs madrid,390,madrid vs valencia,1900,2290
marseille-vs-nice,https://tabiji.ai/compare/marseille-vs-nice/,marseille vs nice,880,nice vs marseille,1900,nice vs marseille,1900,2780
milan-vs-barcelona,https://tabiji.ai/compare/milan-vs-barcelona/,milan vs barcelona,1600,barcelona vs milan,1900,barcelona vs milan,1900,3500
orlando-vs-miami,https://tabiji.ai/compare/orlando-vs-miami/,orlando vs miami,1900,miami vs orlando,1900,orlando vs miami,1900,3800
osaka-vs-kyoto,https://tabiji.ai/compare/osaka-vs-kyoto/,osaka vs kyoto,1600,kyoto vs osaka,1900,kyoto vs osaka,1900,3500
oxford-vs-cambridge,https://tabiji.ai/compare/oxford-vs-cambridge/,oxford vs cambridge,1900,cambridge vs oxford,1300,oxford vs cambridge,1900,3200
portugal-vs-croatia,https://tabiji.ai/compare/portugal-vs-croatia/,portugal vs croatia,1900,croatia vs portugal,1000,portugal vs croatia,1900,2900
scotland-vs-ireland,https://tabiji.ai/compare/scotland-vs-ireland/,scotland vs ireland,1900,ireland vs scotland,1600,scotland vs ireland,1900,3500
toronto-vs-montreal,https://tabiji.ai/compare/toronto-vs-montreal/,toronto vs montreal,1900,montreal vs toronto,720,toronto vs montreal,1900,2620
atlanta-vs-miami,https://tabiji.ai/compare/atlanta-vs-miami/,atlanta vs miami,1000,miami vs atlanta,1600,miami vs atlanta,1600,2600
bologna-vs-parma,https://tabiji.ai/compare/bologna-vs-parma/,bologna vs parma,110,parma vs bologna,1600,parma vs bologna,1600,1710
cabo-vs-cancun,https://tabiji.ai/compare/cabo-vs-cancun/,cabo vs cancun,1600,cancun vs cabo,880,cabo vs cancun,1600,2480
greece-vs-italy,https://tabiji.ai/compare/greece-vs-italy/,greece vs italy,1600,italy vs greece,260,greece vs italy,1600,1860
lyon-vs-paris,https://tabiji.ai/compare/lyon-vs-paris/,lyon vs paris,1600,paris vs lyon,320,lyon vs paris,1600,1920
maui-vs-oahu,https://tabiji.ai/compare/maui-vs-oahu/,maui vs oahu,1600,oahu vs maui,1000,maui vs oahu,1600,2600
mykonos-vs-santorini,https://tabiji.ai/compare/mykonos-vs-santorini/,mykonos vs santorini,1600,santorini vs mykonos,1300,mykonos vs santorini,1600,2900
oman-vs-morocco,https://tabiji.ai/compare/oman-vs-morocco/,oman vs morocco,1600,morocco vs oman,260,oman vs morocco,1600,1860
paris-vs-barcelona,https://tabiji.ai/compare/paris-vs-barcelona/,paris vs barcelona,1600,barcelona vs paris,1600,paris vs barcelona,1600,3200
portugal-vs-morocco,https://tabiji.ai/compare/portugal-vs-morocco/,portugal vs morocco,720,morocco vs portugal,1600,morocco vs portugal,1600,2320
austin-vs-nashville,https://tabiji.ai/compare/austin-vs-nashville/,austin vs nashville,880,nashville vs austin,1300,nashville vs austin,1300,2180
oman-vs-jordan,https://tabiji.ai/compare/oman-vs-jordan/,oman vs jordan,1300,jordan vs oman,1300,oman vs jordan,1300,2600
portland-vs-seattle,https://tabiji.ai/compare/portland-vs-seattle/,portland vs seattle,1300,seattle vs portland,1300,portland vs seattle,1300,2600
quebec-city-vs-montreal,https://tabiji.ai/compare/quebec-city-vs-montreal/,quebec city vs montreal,720,montreal vs quebec city,1300,montreal vs quebec city,1300,2020
savannah-vs-charleston,https://tabiji.ai/compare/savannah-vs-charleston/,savannah vs charleston,590,charleston vs savannah,1300,charleston vs savannah,1300,1890
toronto-vs-vancouver,https://tabiji.ai/compare/toronto-vs-vancouver/,toronto vs vancouver,1300,vancouver vs toronto,880,toronto vs vancouver,1300,2180
amalfi-coast-vs-cinque-terre,https://tabiji.ai/compare/amalfi-coast-vs-cinque-terre/,amalfi coast vs cinque terre,880,cinque terre vs amalfi coast,1000,cinque terre vs amalfi coast,1000,1880
boston-vs-philadelphia,https://tabiji.ai/compare/boston-vs-philadelphia/,boston vs philadelphia,1000,philadelphia vs boston,590,boston vs philadelphia,1000,1590
cancun-vs-tulum,https://tabiji.ai/compare/cancun-vs-tulum/,cancun vs tulum,480,tulum vs cancun,1000,tulum vs cancun,1000,1480
edinburgh-vs-glasgow,https://tabiji.ai/compare/edinburgh-vs-glasgow/,edinburgh vs glasgow,880,glasgow vs edinburgh,1000,glasgow vs edinburgh,1000,1880
germany-vs-austria,https://tabiji.ai/compare/germany-vs-austria/,germany vs austria,720,austria vs germany,1000,austria vs germany,1000,1720
maui-vs-big-island,https://tabiji.ai/compare/maui-vs-big-island/,maui vs big island,1000,big island vs maui,260,maui vs big island,1000,1260
naxos-vs-paros,https://tabiji.ai/compare/naxos-vs-paros/,naxos vs paros,1000,paros vs naxos,880,naxos vs paros,1000,1880
san-francisco-vs-los-angeles,https://tabiji.ai/compare/san-francisco-vs-los-angeles/,san francisco vs los angeles,1000,los angeles vs san francisco,720,san francisco vs los angeles,1000,1720
tokyo-vs-osaka,https://tabiji.ai/compare/tokyo-vs-osaka/,tokyo vs osaka,480,osaka vs tokyo,1000,osaka vs tokyo,1000,1480
vietnam-vs-laos,https://tabiji.ai/compare/vietnam-vs-laos/,vietnam vs laos,390,laos vs vietnam,1000,laos vs vietnam,1000,1390
yosemite-vs-yellowstone,https://tabiji.ai/compare/yosemite-vs-yellowstone/,yosemite vs yellowstone,1000,yellowstone vs yosemite,880,yosemite vs yellowstone,1000,1880
bora-bora-vs-maldives,https://tabiji.ai/compare/bora-bora-vs-maldives/,bora bora vs maldives,880,maldives vs bora bora,720,bora bora vs maldives,880,1600
chicago-vs-miami,https://tabiji.ai/compare/chicago-vs-miami/,chicago vs miami,880,miami vs chicago,880,chicago vs miami,880,1760
japan-vs-korea,https://tabiji.ai/compare/japan-vs-korea/,japan vs korea,880,korea vs japan,720,japan vs korea,880,1600
norway-vs-sweden,https://tabiji.ai/compare/norway-vs-sweden/,norway vs sweden,880,sweden vs norway,720,norway vs sweden,880,1600
philippines-vs-indonesia,https://tabiji.ai/compare/philippines-vs-indonesia/,philippines vs indonesia,170,indonesia vs philippines,880,indonesia vs philippines,880,1050
philippines-vs-thailand,https://tabiji.ai/compare/philippines-vs-thailand/,philippines vs thailand,720,thailand vs philippines,880,thailand vs philippines,880,1600
portland-vs-denver,https://tabiji.ai/compare/portland-vs-denver/,portland vs denver,480,denver vs portland,880,denver vs portland,880,1360
san-diego-vs-los-angeles,https://tabiji.ai/compare/san-diego-vs-los-angeles/,san diego vs los angeles,880,los angeles vs san diego,320,san diego vs los angeles,880,1200
tampa-vs-miami,https://tabiji.ai/compare/tampa-vs-miami/,tampa vs miami,880,miami vs tampa,390,tampa vs miami,880,1270
tokyo-vs-kyoto,https://tabiji.ai/compare/tokyo-vs-kyoto/,tokyo vs kyoto,720,kyoto vs tokyo,880,kyoto vs tokyo,880,1600
aruba-vs-curacao,https://tabiji.ai/compare/aruba-vs-curacao/,aruba vs curacao,590,curacao vs aruba,720,curacao vs aruba,720,1310
bali-vs-thailand,https://tabiji.ai/compare/bali-vs-thailand/,bali vs thailand,720,thailand vs bali,260,bali vs thailand,720,980
bermuda-vs-bahamas,https://tabiji.ai/compare/bermuda-vs-bahamas/,bermuda vs bahamas,720,bahamas vs bermuda,320,bermuda vs bahamas,720,1040
costa-rica-vs-panama,https://tabiji.ai/compare/costa-rica-vs-panama/,costa rica vs panama,720,panama vs costa rica,720,costa rica vs panama,720,1440
hanoi-vs-ho-chi-minh,https://tabiji.ai/compare/hanoi-vs-ho-chi-minh/,hanoi vs ho chi minh,720,ho chi minh vs hanoi,210,hanoi vs ho chi minh,720,930
hiroshima-vs-nagasaki,https://tabiji.ai/compare/hiroshima-vs-nagasaki/,hiroshima vs nagasaki,720,nagasaki vs hiroshima,20,hiroshima vs nagasaki,720,740
malmo-vs-copenhagen,https://tabiji.ai/compare/malmo-vs-copenhagen/,malmo vs copenhagen,720,copenhagen vs malmo,40,malmo vs copenhagen,720,760
melbourne-vs-sydney,https://tabiji.ai/compare/melbourne-vs-sydney/,melbourne vs sydney,720,sydney vs melbourne,590,melbourne vs sydney,720,1310
new-york-vs-london,https://tabiji.ai/compare/new-york-vs-london/,new york vs london,480,london vs new york,720,london vs new york,720,1200
new-york-vs-miami,https://tabiji.ai/compare/new-york-vs-miami/,new york vs miami,260,miami vs new york,720,miami vs new york,720,980
ottawa-vs-toronto,https://tabiji.ai/compare/ottawa-vs-toronto/,ottawa vs toronto,480,toronto vs ottawa,720,toronto vs ottawa,720,1200
peru-vs-mexico,https://tabiji.ai/compare/peru-vs-mexico/,peru vs mexico,720,mexico vs peru,390,peru vs mexico,720,1110
phuket-vs-krabi,https://tabiji.ai/compare/phuket-vs-krabi/,phuket vs krabi,480,krabi vs phuket,720,krabi vs phuket,720,1200
tahiti-vs-bora-bora,https://tabiji.ai/compare/tahiti-vs-bora-bora/,tahiti vs bora bora,720,bora bora vs tahiti,390,tahiti vs bora bora,720,1110
albuquerque-vs-santa-fe,https://tabiji.ai/compare/albuquerque-vs-santa-fe/,albuquerque vs santa fe,390,santa fe vs albuquerque,590,santa fe vs albuquerque,590,980
aspen-vs-vail,https://tabiji.ai/compare/aspen-vs-vail/,aspen vs vail,590,vail vs aspen,590,aspen vs vail,590,1180
azores-vs-madeira,https://tabiji.ai/compare/azores-vs-madeira/,azores vs madeira,480,madeira vs azores,590,madeira vs azores,590,1070
calgary-vs-edmonton,https://tabiji.ai/compare/calgary-vs-edmonton/,calgary vs edmonton,590,edmonton vs calgary,390,calgary vs edmonton,590,980
cancun-vs-punta-cana,https://tabiji.ai/compare/cancun-vs-punta-cana/,cancun vs punta cana,590,punta cana vs cancun,590,cancun vs punta cana,590,1180
charlotte-vs-raleigh,https://tabiji.ai/compare/charlotte-vs-raleigh/,charlotte vs raleigh,590,raleigh vs charlotte,480,charlotte vs raleigh,590,1070
costa-rica-vs-colombia,https://tabiji.ai/compare/costa-rica-vs-colombia/,costa rica vs colombia,170,colombia vs costa rica,590,colombia vs costa rica,590,760
cozumel-vs-cancun,https://tabiji.ai/compare/cozumel-vs-cancun/,cozumel vs cancun,590,cancun vs cozumel,210,cozumel vs cancun,590,800
dallas-vs-austin,https://tabiji.ai/compare/dallas-vs-austin/,dallas vs austin,590,austin vs dallas,590,dallas vs austin,590,1180
fiji-vs-tahiti,https://tabiji.ai/compare/fiji-vs-tahiti/,fiji vs tahiti,590,tahiti vs fiji,390,fiji vs tahiti,590,980
florence-vs-venice,https://tabiji.ai/compare/florence-vs-venice/,florence vs venice,590,venice vs florence,390,florence vs venice,590,980
hong-kong-vs-singapore,https://tabiji.ai/compare/hong-kong-vs-singapore/,hong kong vs singapore,590,singapore vs hong kong,320,hong kong vs singapore,590,910
india-vs-nepal,https://tabiji.ai/compare/india-vs-nepal/,india vs nepal,170,nepal vs india,590,nepal vs india,590,760
liverpool-vs-manchester,https://tabiji.ai/compare/liverpool-vs-manchester/,liverpool vs manchester,390,manchester vs liverpool,590,manchester vs liverpool,590,980
memphis-vs-nashville,https://tabiji.ai/compare/memphis-vs-nashville/,memphis vs nashville,590,nashville vs memphis,480,memphis vs nashville,590,1070
northern-italy-vs-southern-italy,https://tabiji.ai/compare/northern-italy-vs-southern-italy/,northern italy vs southern italy,590,southern italy vs northern italy,170,northern italy vs southern italy,590,760
norway-vs-iceland,https://tabiji.ai/compare/norway-vs-iceland/,norway vs iceland,590,iceland vs norway,320,norway vs iceland,590,910
phuket-vs-koh-samui,https://tabiji.ai/compare/phuket-vs-koh-samui/,phuket vs koh samui,260,koh samui vs phuket,590,koh samui vs phuket,590,850
portland-vs-austin,https://tabiji.ai/compare/portland-vs-austin/,portland vs austin,390,austin vs portland,590,austin vs portland,590,980
prague-vs-budapest,https://tabiji.ai/compare/prague-vs-budapest/,prague vs budapest,390,budapest vs prague,590,budapest vs prague,590,980
san-francisco-vs-seattle,https://tabiji.ai/compare/san-francisco-vs-seattle/,san francisco vs seattle,590,seattle vs san francisco,590,san francisco vs seattle,590,1180
south-africa-vs-tanzania,https://tabiji.ai/compare/south-africa-vs-tanzania/,south africa vs tanzania,590,tanzania vs south africa,590,south africa vs tanzania,590,1180
tokyo-vs-seoul,https://tabiji.ai/compare/tokyo-vs-seoul/,tokyo vs seoul,170,seoul vs tokyo,590,seoul vs tokyo,590,760
zurich-vs-geneva,https://tabiji.ai/compare/zurich-vs-geneva/,zurich vs geneva,590,geneva vs zurich,480,zurich vs geneva,590,1070
amsterdam-vs-copenhagen,https://tabiji.ai/compare/amsterdam-vs-copenhagen/,amsterdam vs copenhagen,260,copenhagen vs amsterdam,480,copenhagen vs amsterdam,480,740
atlanta-vs-charlotte,https://tabiji.ai/compare/atlanta-vs-charlotte/,atlanta vs charlotte,390,charlotte vs atlanta,480,charlotte vs atlanta,480,870
austin-vs-san-antonio,https://tabiji.ai/compare/austin-vs-san-antonio/,austin vs san antonio,320,san antonio vs austin,480,san antonio vs austin,480,800
beijing-vs-shanghai,https://tabiji.ai/compare/beijing-vs-shanghai/,beijing vs shanghai,480,shanghai vs beijing,320,beijing vs shanghai,480,800
bilbao-vs-madrid,https://tabiji.ai/compare/bilbao-vs-madrid/,bilbao vs madrid,170,madrid vs bilbao,480,madrid vs bilbao,480,650
dubrovnik-vs-split,https://tabiji.ai/compare/dubrovnik-vs-split/,dubrovnik vs split,390,split vs dubrovnik,480,split vs dubrovnik,480,870
jamaica-vs-bahamas,https://tabiji.ai/compare/jamaica-vs-bahamas/,jamaica vs bahamas,480,bahamas vs jamaica,480,jamaica vs bahamas,480,960
lake-como-vs-lake-garda,https://tabiji.ai/compare/lake-como-vs-lake-garda/,lake como vs lake garda,260,lake garda vs lake como,480,lake garda vs lake como,480,740
london-vs-paris,https://tabiji.ai/compare/london-vs-paris/,london vs paris,480,paris vs london,320,london vs paris,480,800
los-angeles-vs-las-vegas,https://tabiji.ai/compare/los-angeles-vs-las-vegas/,los angeles vs las vegas,260,las vegas vs los angeles,480,las vegas vs los angeles,480,740
mallorca-vs-ibiza,https://tabiji.ai/compare/mallorca-vs-ibiza/,mallorca vs ibiza,390,ibiza vs mallorca,480,ibiza vs mallorca,480,870
medellin-vs-bogota,https://tabiji.ai/compare/medellin-vs-bogota/,medellin vs bogota,320,bogota vs medellin,480,bogota vs medellin,480,800
miami-vs-los-angeles,https://tabiji.ai/compare/miami-vs-los-angeles/,miami vs los angeles,480,los angeles vs miami,390,miami vs los angeles,480,870
new-orleans-vs-atlanta,https://tabiji.ai/compare/new-orleans-vs-atlanta/,new orleans vs atlanta,480,atlanta vs new orleans,480,new orleans vs atlanta,480,960
new-york-vs-tokyo,https://tabiji.ai/compare/new-york-vs-tokyo/,new york vs tokyo,110,tokyo vs new york,480,tokyo vs new york,480,590
phoenix-vs-tucson,https://tabiji.ai/compare/phoenix-vs-tucson/,phoenix vs tucson,140,tucson vs phoenix,480,tucson vs phoenix,480,620
rio-de-janeiro-vs-sao-paulo,https://tabiji.ai/compare/rio-de-janeiro-vs-sao-paulo/,rio de janeiro vs sao paulo,140,sao paulo vs rio de janeiro,480,sao paulo vs rio de janeiro,480,620
sicily-vs-sardinia,https://tabiji.ai/compare/sicily-vs-sardinia/,sicily vs sardinia,260,sardinia vs sicily,480,sardinia vs sicily,480,740
tibet-vs-nepal,https://tabiji.ai/compare/tibet-vs-nepal/,tibet vs nepal,480,nepal vs tibet,480,tibet vs nepal,480,960
vietnam-vs-cambodia,https://tabiji.ai/compare/vietnam-vs-cambodia/,vietnam vs cambodia,480,cambodia vs vietnam,260,vietnam vs cambodia,480,740
vietnam-vs-indonesia,https://tabiji.ai/compare/vietnam-vs-indonesia/,vietnam vs indonesia,260,indonesia vs vietnam,480,indonesia vs vietnam,480,740
antwerp-vs-brussels,https://tabiji.ai/compare/antwerp-vs-brussels/,antwerp vs brussels,390,brussels vs antwerp,90,antwerp vs brussels,390,480
banff-vs-jasper,https://tabiji.ai/compare/banff-vs-jasper/,banff vs jasper,210,jasper vs banff,390,jasper vs banff,390,600
casablanca-vs-marrakech,https://tabiji.ai/compare/casablanca-vs-marrakech/,casablanca vs marrakech,390,marrakech vs casablanca,140,casablanca vs marrakech,390,530
copenhagen-vs-stockholm,https://tabiji.ai/compare/copenhagen-vs-stockholm/,copenhagen vs stockholm,390,stockholm vs copenhagen,390,copenhagen vs stockholm,390,780
dubai-vs-doha,https://tabiji.ai/compare/dubai-vs-doha/,dubai vs doha,90,doha vs dubai,390,doha vs dubai,390,480
dubai-vs-qatar,https://tabiji.ai/compare/dubai-vs-qatar/,dubai vs qatar,140,qatar vs dubai,390,qatar vs dubai,390,530
hawaii-vs-puerto-rico,https://tabiji.ai/compare/hawaii-vs-puerto-rico/,hawaii vs puerto rico,140,puerto rico vs hawaii,390,puerto rico vs hawaii,390,530
new-york-vs-los-angeles,https://tabiji.ai/compare/new-york-vs-los-angeles/,new york vs los angeles,390,los angeles vs new york,390,new york vs los angeles,390,780
nice-vs-cannes,https://tabiji.ai/compare/nice-vs-cannes/,nice vs cannes,260,cannes vs nice,390,cannes vs nice,390,650
phoenix-vs-las-vegas,https://tabiji.ai/compare/phoenix-vs-las-vegas/,phoenix vs las vegas,320,las vegas vs phoenix,390,las vegas vs phoenix,390,710
rome-vs-florence,https://tabiji.ai/compare/rome-vs-florence/,rome vs florence,320,florence vs rome,390,florence vs rome,390,710
san-francisco-vs-new-york,https://tabiji.ai/compare/san-francisco-vs-new-york/,san francisco vs new york,390,new york vs san francisco,390,san francisco vs new york,390,780
seattle-vs-vancouver,https://tabiji.ai/compare/seattle-vs-vancouver/,seattle vs vancouver,320,vancouver vs seattle,390,vancouver vs seattle,390,710
seoul-vs-busan,https://tabiji.ai/compare/seoul-vs-busan/,seoul vs busan,70,busan vs seoul,390,busan vs seoul,390,460
seychelles-vs-maldives,https://tabiji.ai/compare/seychelles-vs-maldives/,seychelles vs maldives,390,maldives vs seychelles,210,seychelles vs maldives,390,600
thailand-vs-indonesia,https://tabiji.ai/compare/thailand-vs-indonesia/,thailand vs indonesia,170,indonesia vs thailand,390,indonesia vs thailand,390,560
vietnam-vs-philippines,https://tabiji.ai/compare/vietnam-vs-philippines/,vietnam vs philippines,390,philippines vs vietnam,140,vietnam vs philippines,390,530
atlanta-vs-nashville,https://tabiji.ai/compare/atlanta-vs-nashville/,atlanta vs nashville,140,nashville vs atlanta,320,nashville vs atlanta,320,460
berlin-vs-munich,https://tabiji.ai/compare/berlin-vs-munich/,berlin vs munich,320,munich vs berlin,320,berlin vs munich,320,640
bonaire-vs-curacao,https://tabiji.ai/compare/bonaire-vs-curacao/,bonaire vs curacao,320,curacao vs bonaire,90,bonaire vs curacao,320,410
botswana-vs-zimbabwe,https://tabiji.ai/compare/botswana-vs-zimbabwe/,botswana vs zimbabwe,260,zimbabwe vs botswana,320,zimbabwe vs botswana,320,580
catania-vs-palermo,https://tabiji.ai/compare/catania-vs-palermo/,catania vs palermo,320,palermo vs catania,210,catania vs palermo,320,530
chicago-vs-los-angeles,https://tabiji.ai/compare/chicago-vs-los-angeles/,chicago vs los angeles,320,los angeles vs chicago,30,chicago vs los angeles,320,350
costa-rica-vs-hawaii,https://tabiji.ai/compare/costa-rica-vs-hawaii/,costa rica vs hawaii,320,hawaii vs costa rica,110,costa rica vs hawaii,320,430
glacier-national-park-vs-yellowstone,https://tabiji.ai/compare/glacier-national-park-vs-yellowstone/,glacier national park vs yellowstone,320,yellowstone vs glacier national park,90,glacier national park vs yellowstone,320,410
houston-vs-san-antonio,https://tabiji.ai/compare/houston-vs-san-antonio/,houston vs san antonio,260,san antonio vs houston,320,san antonio vs houston,320,580
milan-vs-rome,https://tabiji.ai/compare/milan-vs-rome/,milan vs rome,320,rome vs milan,210,milan vs rome,320,530
sardinia-vs-corsica,https://tabiji.ai/compare/sardinia-vs-corsica/,sardinia vs corsica,170,corsica vs sardinia,320,corsica vs sardinia,320,490
tanzania-vs-kenya,https://tabiji.ai/compare/tanzania-vs-kenya/,tanzania vs kenya,320,kenya vs tanzania,260,tanzania vs kenya,320,580
thailand-vs-malaysia,https://tabiji.ai/compare/thailand-vs-malaysia/,thailand vs malaysia,210,malaysia vs thailand,320,malaysia vs thailand,320,530
turks-and-caicos-vs-bahamas,https://tabiji.ai/compare/turks-and-caicos-vs-bahamas/,turks and caicos vs bahamas,320,bahamas vs turks and caicos,320,turks and caicos vs bahamas,320,640
vienna-vs-salzburg,https://tabiji.ai/compare/vienna-vs-salzburg/,vienna vs salzburg,110,salzburg vs vienna,320,salzburg vs vienna,320,430
bali-vs-maldives,https://tabiji.ai/compare/bali-vs-maldives/,bali vs maldives,260,maldives vs bali,140,bali vs maldives,260,400
barbados-vs-st-lucia,https://tabiji.ai/compare/barbados-vs-st-lucia/,barbados vs st lucia,260,st lucia vs barbados,210,barbados vs st lucia,260,470
cinque-terre-vs-portofino,https://tabiji.ai/compare/cinque-terre-vs-portofino/,cinque terre vs portofino,90,portofino vs cinque terre,260,portofino vs cinque terre,260,350
colmar-vs-strasbourg,https://tabiji.ai/compare/colmar-vs-strasbourg/,colmar vs strasbourg,110,strasbourg vs colmar,260,strasbourg vs colmar,260,370
coron-vs-el-nido,https://tabiji.ai/compare/coron-vs-el-nido/,coron vs el nido,260,el nido vs coron,260,coron vs el nido,260,520
crete-vs-santorini,https://tabiji.ai/compare/crete-vs-santorini/,crete vs santorini,260,santorini vs crete,210,crete vs santorini,260,470
morocco-vs-egypt,https://tabiji.ai/compare/morocco-vs-egypt/,morocco vs egypt,260,egypt vs morocco,210,morocco vs egypt,260,470
moscow-vs-st-petersburg,https://tabiji.ai/compare/moscow-vs-st-petersburg/,moscow vs st petersburg,260,st petersburg vs moscow,40,moscow vs st petersburg,260,300
mumbai-vs-delhi,https://tabiji.ai/compare/mumbai-vs-delhi/,mumbai vs delhi,210,delhi vs mumbai,260,delhi vs mumbai,260,470
playa-del-carmen-vs-tulum,https://tabiji.ai/compare/playa-del-carmen-vs-tulum/,playa del carmen vs tulum,260,tulum vs playa del carmen,260,playa del carmen vs tulum,260,520
rome-vs-athens,https://tabiji.ai/compare/rome-vs-athens/,rome vs athens,70,athens vs rome,260,athens vs rome,260,330
shanghai-vs-hong-kong,https://tabiji.ai/compare/shanghai-vs-hong-kong/,shanghai vs hong kong,210,hong kong vs shanghai,260,hong kong vs shanghai,260,470
switzerland-vs-austria,https://tabiji.ai/compare/switzerland-vs-austria/,switzerland vs austria,110,austria vs switzerland,260,austria vs switzerland,260,370
vienna-vs-prague,https://tabiji.ai/compare/vienna-vs-prague/,vienna vs prague,170,prague vs vienna,260,prague vs vienna,260,430
auckland-vs-wellington,https://tabiji.ai/compare/auckland-vs-wellington/,auckland vs wellington,170,wellington vs auckland,210,wellington vs auckland,210,380
bali-vs-fiji,https://tabiji.ai/compare/bali-vs-fiji/,bali vs fiji,170,fiji vs bali,210,fiji vs bali,210,380
bali-vs-phuket,https://tabiji.ai/compare/bali-vs-phuket/,bali vs phuket,210,phuket vs bali,50,bali vs phuket,210,260
boracay-vs-palawan,https://tabiji.ai/compare/boracay-vs-palawan/,boracay vs palawan,210,palawan vs boracay,50,boracay vs palawan,210,260
cayman-islands-vs-bahamas,https://tabiji.ai/compare/cayman-islands-vs-bahamas/,cayman islands vs bahamas,140,bahamas vs cayman islands,210,bahamas vs cayman islands,210,350
dead-sea-vs-red-sea,https://tabiji.ai/compare/dead-sea-vs-red-sea/,dead sea vs red sea,210,red sea vs dead sea,210,dead sea vs red sea,210,420
denver-vs-salt-lake-city,https://tabiji.ai/compare/denver-vs-salt-lake-city/,denver vs salt lake city,210,salt lake city vs denver,210,denver vs salt lake city,210,420
fiji-vs-maldives,https://tabiji.ai/compare/fiji-vs-maldives/,fiji vs maldives,210,maldives vs fiji,90,fiji vs maldives,210,300
hamburg-vs-frankfurt,https://tabiji.ai/compare/hamburg-vs-frankfurt/,hamburg vs frankfurt,210,frankfurt vs hamburg,30,hamburg vs frankfurt,210,240
japan-vs-thailand,https://tabiji.ai/compare/japan-vs-thailand/,japan vs thailand,210,thailand vs japan,170,japan vs thailand,210,380
kenya-vs-uganda,https://tabiji.ai/compare/kenya-vs-uganda/,kenya vs uganda,210,uganda vs kenya,140,kenya vs uganda,210,350
lake-como-vs-amalfi-coast,https://tabiji.ai/compare/lake-como-vs-amalfi-coast/,lake como vs amalfi coast,210,amalfi coast vs lake como,90,lake como vs amalfi coast,210,300
macau-vs-hong-kong,https://tabiji.ai/compare/macau-vs-hong-kong/,macau vs hong kong,210,hong kong vs macau,140,macau vs hong kong,210,350
milan-vs-venice,https://tabiji.ai/compare/milan-vs-venice/,milan vs venice,210,venice vs milan,110,milan vs venice,210,320
naples-vs-rome,https://tabiji.ai/compare/naples-vs-rome/,naples vs rome,210,rome vs naples,140,naples vs rome,210,350
netherlands-vs-belgium,https://tabiji.ai/compare/netherlands-vs-belgium/,netherlands vs belgium,210,belgium vs netherlands,210,netherlands vs belgium,210,420
rome-vs-paris,https://tabiji.ai/compare/rome-vs-paris/,rome vs paris,210,paris vs rome,70,rome vs paris,210,280
rotterdam-vs-amsterdam,https://tabiji.ai/compare/rotterdam-vs-amsterdam/,rotterdam vs amsterdam,210,amsterdam vs rotterdam,90,rotterdam vs amsterdam,210,300
san-diego-vs-miami,https://tabiji.ai/compare/san-diego-vs-miami/,san diego vs miami,210,miami vs san diego,210,san diego vs miami,210,420
serengeti-vs-masai-mara,https://tabiji.ai/compare/serengeti-vs-masai-mara/,serengeti vs masai mara,210,masai mara vs serengeti,210,serengeti vs masai mara,210,420
venice-vs-rome,https://tabiji.ai/compare/venice-vs-rome/,venice vs rome,140,rome vs venice,210,rome vs venice,210,350
vienna-vs-budapest,https://tabiji.ai/compare/vienna-vs-budapest/,vienna vs budapest,110,budapest vs vienna,210,budapest vs vienna,210,320
azores-vs-canary-islands,https://tabiji.ai/compare/azores-vs-canary-islands/,azores vs canary islands,170,canary islands vs azores,110,azores vs canary islands,170,280
bangkok-vs-chiang-mai,https://tabiji.ai/compare/bangkok-vs-chiang-mai/,bangkok vs chiang mai,170,chiang mai vs bangkok,170,bangkok vs chiang mai,170,340
bologna-vs-florence,https://tabiji.ai/compare/bologna-vs-florence/,bologna vs florence,170,florence vs bologna,30,bologna vs florence,170,200
buenos-aires-vs-santiago,https://tabiji.ai/compare/buenos-aires-vs-santiago/,buenos aires vs santiago,170,santiago vs buenos aires,170,buenos aires vs santiago,170,340
cambodia-vs-laos,https://tabiji.ai/compare/cambodia-vs-laos/,cambodia vs laos,170,laos vs cambodia,170,cambodia vs laos,170,340
chiang-mai-vs-chiang-rai,https://tabiji.ai/compare/chiang-mai-vs-chiang-rai/,chiang mai vs chiang rai,170,chiang rai vs chiang mai,140,chiang mai vs chiang rai,170,310
corfu-vs-crete,https://tabiji.ai/compare/corfu-vs-crete/,corfu vs crete,140,crete vs corfu,170,crete vs corfu,170,310
edinburgh-vs-dublin,https://tabiji.ai/compare/edinburgh-vs-dublin/,edinburgh vs dublin,140,dublin vs edinburgh,170,dublin vs edinburgh,170,310
ghent-vs-bruges,https://tabiji.ai/compare/ghent-vs-bruges/,ghent vs bruges,170,bruges vs ghent,110,ghent vs bruges,170,280
granada-vs-seville,https://tabiji.ai/compare/granada-vs-seville/,granada vs seville,140,seville vs granada,170,seville vs granada,170,310
greece-vs-croatia,https://tabiji.ai/compare/greece-vs-croatia/,greece vs croatia,90,croatia vs greece,170,croatia vs greece,170,260
hawaii-vs-caribbean,https://tabiji.ai/compare/hawaii-vs-caribbean/,hawaii vs caribbean,170,caribbean vs hawaii,70,hawaii vs caribbean,170,240
hawaii-vs-florida,https://tabiji.ai/compare/hawaii-vs-florida/,hawaii vs florida,170,florida vs hawaii,170,hawaii vs florida,170,340
islamabad-vs-lahore,https://tabiji.ai/compare/islamabad-vs-lahore/,islamabad vs lahore,70,lahore vs islamabad,170,lahore vs islamabad,170,240
laos-vs-myanmar,https://tabiji.ai/compare/laos-vs-myanmar/,laos vs myanmar,170,myanmar vs laos,110,laos vs myanmar,170,280
lisbon-vs-barcelona,https://tabiji.ai/compare/lisbon-vs-barcelona/,lisbon vs barcelona,170,barcelona vs lisbon,140,lisbon vs barcelona,170,310
maldives-vs-mauritius,https://tabiji.ai/compare/maldives-vs-mauritius/,maldives vs mauritius,90,mauritius vs maldives,170,mauritius vs maldives,170,260
napa-valley-vs-sonoma,https://tabiji.ai/compare/napa-valley-vs-sonoma/,napa valley vs sonoma,170,sonoma vs napa valley,170,napa valley vs sonoma,170,340
orlando-vs-new-york,https://tabiji.ai/compare/orlando-vs-new-york/,orlando vs new york,170,new york vs orlando,110,orlando vs new york,170,280
oslo-vs-stockholm,https://tabiji.ai/compare/oslo-vs-stockholm/,oslo vs stockholm,170,stockholm vs oslo,90,oslo vs stockholm,170,260
santa-fe-vs-taos,https://tabiji.ai/compare/santa-fe-vs-taos/,santa fe vs taos,70,taos vs santa fe,170,taos vs santa fe,170,240
slovakia-vs-czech-republic,https://tabiji.ai/compare/slovakia-vs-czech-republic/,slovakia vs czech republic,170,czech republic vs slovakia,170,slovakia vs czech republic,170,340
tenerife-vs-gran-canaria,https://tabiji.ai/compare/tenerife-vs-gran-canaria/,tenerife vs gran canaria,90,gran canaria vs tenerife,170,gran canaria vs tenerife,170,260
toledo-vs-segovia,https://tabiji.ai/compare/toledo-vs-segovia/,toledo vs segovia,90,segovia vs toledo,170,segovia vs toledo,170,260
zion-vs-grand-canyon,https://tabiji.ai/compare/zion-vs-grand-canyon/,zion vs grand canyon,170,grand canyon vs zion,140,zion vs grand canyon,170,310
austin-vs-denver,https://tabiji.ai/compare/austin-vs-denver/,austin vs denver,30,denver vs austin,140,denver vs austin,140,170
beijing-vs-hong-kong,https://tabiji.ai/compare/beijing-vs-hong-kong/,beijing vs hong kong,110,hong kong vs beijing,140,hong kong vs beijing,140,250
brussels-vs-amsterdam,https://tabiji.ai/compare/brussels-vs-amsterdam/,brussels vs amsterdam,140,amsterdam vs brussels,70,brussels vs amsterdam,140,210
chongqing-vs-chengdu,https://tabiji.ai/compare/chongqing-vs-chengdu/,chongqing vs chengdu,110,chengdu vs chongqing,140,chengdu vs chongqing,140,250
costa-rica-vs-ecuador,https://tabiji.ai/compare/costa-rica-vs-ecuador/,costa rica vs ecuador,140,ecuador vs costa rica,90,costa rica vs ecuador,140,230
dubai-vs-singapore,https://tabiji.ai/compare/dubai-vs-singapore/,dubai vs singapore,140,singapore vs dubai,50,dubai vs singapore,140,190
fiji-vs-samoa,https://tabiji.ai/compare/fiji-vs-samoa/,fiji vs samoa,140,samoa vs fiji,110,fiji vs samoa,140,250
frankfurt-vs-munich,https://tabiji.ai/compare/frankfurt-vs-munich/,frankfurt vs munich,140,munich vs frankfurt,90,frankfurt vs munich,140,230
houston-vs-new-orleans,https://tabiji.ai/compare/houston-vs-new-orleans/,houston vs new orleans,90,new orleans vs houston,140,new orleans vs houston,140,230
innsbruck-vs-salzburg,https://tabiji.ai/compare/innsbruck-vs-salzburg/,innsbruck vs salzburg,140,salzburg vs innsbruck,90,innsbruck vs salzburg,140,230
jaipur-vs-udaipur,https://tabiji.ai/compare/jaipur-vs-udaipur/,jaipur vs udaipur,110,udaipur vs jaipur,140,udaipur vs jaipur,140,250
japan-vs-italy,https://tabiji.ai/compare/japan-vs-italy/,japan vs italy,140,italy vs japan,110,japan vs italy,140,250
kuala-lumpur-vs-singapore,https://tabiji.ai/compare/kuala-lumpur-vs-singapore/,kuala lumpur vs singapore,140,singapore vs kuala lumpur,110,kuala lumpur vs singapore,140,250
las-vegas-vs-miami,https://tabiji.ai/compare/las-vegas-vs-miami/,las vegas vs miami,40,miami vs las vegas,140,miami vs las vegas,140,180
madrid-vs-lisbon,https://tabiji.ai/compare/madrid-vs-lisbon/,madrid vs lisbon,40,lisbon vs madrid,140,lisbon vs madrid,140,180
madrid-vs-seville,https://tabiji.ai/compare/madrid-vs-seville/,madrid vs seville,110,seville vs madrid,140,seville vs madrid,140,250
manchester-vs-london,https://tabiji.ai/compare/manchester-vs-london/,manchester vs london,140,london vs manchester,30,manchester vs london,140,170
minneapolis-vs-chicago,https://tabiji.ai/compare/minneapolis-vs-chicago/,minneapolis vs chicago,140,chicago vs minneapolis,110,minneapolis vs chicago,140,250
oslo-vs-bergen,https://tabiji.ai/compare/oslo-vs-bergen/,oslo vs bergen,90,bergen vs oslo,140,bergen vs oslo,140,230
oslo-vs-copenhagen,https://tabiji.ai/compare/oslo-vs-copenhagen/,oslo vs copenhagen,140,copenhagen vs oslo,140,oslo vs copenhagen,140,280
paris-vs-amsterdam,https://tabiji.ai/compare/paris-vs-amsterdam/,paris vs amsterdam,20,amsterdam vs paris,140,amsterdam vs paris,140,160
pyongyang-vs-seoul,https://tabiji.ai/compare/pyongyang-vs-seoul/,pyongyang vs seoul,140,seoul vs pyongyang,110,pyongyang vs seoul,140,250
tokyo-vs-shanghai,https://tabiji.ai/compare/tokyo-vs-shanghai/,tokyo vs shanghai,20,shanghai vs tokyo,140,shanghai vs tokyo,140,160
sri-lanka-vs-thailand,https://tabiji.ai/compare/sri-lanka-vs-thailand/,sri lanka vs thailand,110,thailand vs sri lanka,140,thailand vs sri lanka,140,250
tel-aviv-vs-jerusalem,https://tabiji.ai/compare/tel-aviv-vs-jerusalem/,tel aviv vs jerusalem,140,jerusalem vs tel aviv,70,tel aviv vs jerusalem,140,210
tokyo-vs-hong-kong,https://tabiji.ai/compare/tokyo-vs-hong-kong/,tokyo vs hong kong,70,hong kong vs tokyo,140,hong kong vs tokyo,140,210
washington-dc-vs-boston,https://tabiji.ai/compare/washington-dc-vs-boston/,washington dc vs boston,110,boston vs washington dc,140,boston vs washington dc,140,250
washington-dc-vs-new-york,https://tabiji.ai/compare/washington-dc-vs-new-york/,washington dc vs new york,140,new york vs washington dc,20,washington dc vs new york,140,160
zanzibar-vs-seychelles,https://tabiji.ai/compare/zanzibar-vs-seychelles/,zanzibar vs seychelles,110,seychelles vs zanzibar,140,seychelles vs zanzibar,140,250
alps-vs-rockies,https://tabiji.ai/compare/alps-vs-rockies/,alps vs rockies,110,rockies vs alps,20,alps vs rockies,110,130
antigua-vs-barbados,https://tabiji.ai/compare/antigua-vs-barbados/,antigua vs barbados,110,barbados vs antigua,90,antigua vs barbados,110,200
bali-vs-hawaii,https://tabiji.ai/compare/bali-vs-hawaii/,bali vs hawaii,110,hawaii vs bali,0,bali vs hawaii,110,110
bogota-vs-cartagena,https://tabiji.ai/compare/bogota-vs-cartagena/,bogota vs cartagena,110,cartagena vs bogota,90,bogota vs cartagena,110,200
capri-vs-positano,https://tabiji.ai/compare/capri-vs-positano/,capri vs positano,110,positano vs capri,110,capri vs positano,110,220
chamonix-vs-zermatt,https://tabiji.ai/compare/chamonix-vs-zermatt/,chamonix vs zermatt,110,zermatt vs chamonix,110,chamonix vs zermatt,110,220
chennai-vs-mumbai,https://tabiji.ai/compare/chennai-vs-mumbai/,chennai vs mumbai,70,mumbai vs chennai,110,mumbai vs chennai,110,180
da-nang-vs-hoi-an,https://tabiji.ai/compare/da-nang-vs-hoi-an/,da nang vs hoi an,110,hoi an vs da nang,70,da nang vs hoi an,110,180
helsinki-vs-stockholm,https://tabiji.ai/compare/helsinki-vs-stockholm/,helsinki vs stockholm,110,stockholm vs helsinki,110,helsinki vs stockholm,110,220
iceland-vs-ireland,https://tabiji.ai/compare/iceland-vs-ireland/,iceland vs ireland,110,ireland vs iceland,70,iceland vs ireland,110,180
japan-vs-taiwan,https://tabiji.ai/compare/japan-vs-taiwan/,japan vs taiwan,70,taiwan vs japan,110,taiwan vs japan,110,180
japan-vs-vietnam,https://tabiji.ai/compare/japan-vs-vietnam/,japan vs vietnam,70,vietnam vs japan,110,vietnam vs japan,110,180
joshua-tree-vs-death-valley,https://tabiji.ai/compare/joshua-tree-vs-death-valley/,joshua tree vs death valley,70,death valley vs joshua tree,110,death valley vs joshua tree,110,180
key-west-vs-miami,https://tabiji.ai/compare/key-west-vs-miami/,key west vs miami,110,miami vs key west,70,key west vs miami,110,180
lahore-vs-karachi,https://tabiji.ai/compare/lahore-vs-karachi/,lahore vs karachi,110,karachi vs lahore,110,lahore vs karachi,110,220
maldives-vs-tahiti,https://tabiji.ai/compare/maldives-vs-tahiti/,maldives vs tahiti,50,tahiti vs maldives,110,tahiti vs maldives,110,160
malta-vs-sicily,https://tabiji.ai/compare/malta-vs-sicily/,malta vs sicily,110,sicily vs malta,20,malta vs sicily,110,130
mexico-city-vs-guadalajara,https://tabiji.ai/compare/mexico-city-vs-guadalajara/,mexico city vs guadalajara,40,guadalajara vs mexico city,110,guadalajara vs mexico city,110,150
montreal-vs-new-york,https://tabiji.ai/compare/montreal-vs-new-york/,montreal vs new york,110,new york vs montreal,90,montreal vs new york,110,200
nashville-vs-new-orleans,https://tabiji.ai/compare/nashville-vs-new-orleans/,nashville vs new orleans,110,new orleans vs nashville,90,nashville vs new orleans,110,200
naxos-vs-crete,https://tabiji.ai/compare/naxos-vs-crete/,naxos vs crete,110,crete vs naxos,90,naxos vs crete,110,200
nepal-vs-bhutan,https://tabiji.ai/compare/nepal-vs-bhutan/,nepal vs bhutan,110,bhutan vs nepal,110,nepal vs bhutan,110,220
philadelphia-vs-washington-dc,https://tabiji.ai/compare/philadelphia-vs-washington-dc/,philadelphia vs washington dc,20,washington dc vs philadelphia,110,washington dc vs philadelphia,110,130
riyadh-vs-jeddah,https://tabiji.ai/compare/riyadh-vs-jeddah/,riyadh vs jeddah,20,jeddah vs riyadh,110,jeddah vs riyadh,110,130
san-sebastian-vs-bilbao,https://tabiji.ai/compare/san-sebastian-vs-bilbao/,san sebastian vs bilbao,30,bilbao vs san sebastian,110,bilbao vs san sebastian,110,140
seville-vs-cordoba,https://tabiji.ai/compare/seville-vs-cordoba/,seville vs cordoba,110,cordoba vs seville,40,seville vs cordoba,110,150
south-island-vs-north-island,https://tabiji.ai/compare/south-island-vs-north-island/,south island vs north island,110,north island vs south island,20,south island vs north island,110,130
tulum-vs-puerto-vallarta,https://tabiji.ai/compare/tulum-vs-puerto-vallarta/,tulum vs puerto vallarta,110,puerto vallarta vs tulum,110,tulum vs puerto vallarta,110,220
turin-vs-milan,https://tabiji.ai/compare/turin-vs-milan/,turin vs milan,110,milan vs turin,10,turin vs milan,110,120
yellowstone-vs-grand-canyon,https://tabiji.ai/compare/yellowstone-vs-grand-canyon/,yellowstone vs grand canyon,110,grand canyon vs yellowstone,40,yellowstone vs grand canyon,110,150
zurich-vs-bern,https://tabiji.ai/compare/zurich-vs-bern/,zurich vs bern,110,bern vs zurich,90,zurich vs bern,110,200
bangalore-vs-hyderabad,https://tabiji.ai/compare/bangalore-vs-hyderabad/,bangalore vs hyderabad,50,hyderabad vs bangalore,90,hyderabad vs bangalore,90,140
busan-vs-jeju,https://tabiji.ai/compare/busan-vs-jeju/,busan vs jeju,40,jeju vs busan,90,jeju vs busan,90,130
dubai-vs-riyadh,https://tabiji.ai/compare/dubai-vs-riyadh/,dubai vs riyadh,70,riyadh vs dubai,90,riyadh vs dubai,90,160
dublin-vs-london,https://tabiji.ai/compare/dublin-vs-london/,dublin vs london,90,london vs dublin,10,dublin vs london,90,100
edinburgh-vs-london,https://tabiji.ai/compare/edinburgh-vs-london/,edinburgh vs london,90,london vs edinburgh,30,edinburgh vs london,90,120
faroe-islands-vs-iceland,https://tabiji.ai/compare/faroe-islands-vs-iceland/,faroe islands vs iceland,90,iceland vs faroe islands,70,faroe islands vs iceland,90,160
french-alps-vs-swiss-alps,https://tabiji.ai/compare/french-alps-vs-swiss-alps/,french alps vs swiss alps,90,swiss alps vs french alps,30,french alps vs swiss alps,90,120
hvar-vs-korcula,https://tabiji.ai/compare/hvar-vs-korcula/,hvar vs korcula,90,korcula vs hvar,40,hvar vs korcula,90,130
iceland-vs-new-zealand,https://tabiji.ai/compare/iceland-vs-new-zealand/,iceland vs new zealand,90,new zealand vs iceland,30,iceland vs new zealand,90,120
jakarta-vs-bali,https://tabiji.ai/compare/jakarta-vs-bali/,jakarta vs bali,90,bali vs jakarta,70,jakarta vs bali,90,160
kyoto-vs-kanazawa,https://tabiji.ai/compare/kyoto-vs-kanazawa/,kyoto vs kanazawa,30,kanazawa vs kyoto,90,kanazawa vs kyoto,90,120
london-vs-amsterdam,https://tabiji.ai/compare/london-vs-amsterdam/,london vs amsterdam,90,amsterdam vs london,70,london vs amsterdam,90,160
mexico-city-vs-oaxaca,https://tabiji.ai/compare/mexico-city-vs-oaxaca/,mexico city vs oaxaca,30,oaxaca vs mexico city,90,oaxaca vs mexico city,90,120
rwanda-vs-uganda,https://tabiji.ai/compare/rwanda-vs-uganda/,rwanda vs uganda,50,uganda vs rwanda,90,uganda vs rwanda,90,140
shenzhen-vs-hong-kong,https://tabiji.ai/compare/shenzhen-vs-hong-kong/,shenzhen vs hong kong,90,hong kong vs shenzhen,90,shenzhen vs hong kong,90,180
slovenia-vs-austria,https://tabiji.ai/compare/slovenia-vs-austria/,slovenia vs austria,40,austria vs slovenia,90,austria vs slovenia,90,130
slovenia-vs-croatia,https://tabiji.ai/compare/slovenia-vs-croatia/,slovenia vs croatia,90,croatia vs slovenia,70,slovenia vs croatia,90,160
south-africa-vs-kenya,https://tabiji.ai/compare/south-africa-vs-kenya/,south africa vs kenya,20,kenya vs south africa,90,kenya vs south africa,90,110
taiwan-vs-vietnam,https://tabiji.ai/compare/taiwan-vs-vietnam/,taiwan vs vietnam,90,vietnam vs taiwan,20,taiwan vs vietnam,90,110
tuscany-vs-amalfi-coast,https://tabiji.ai/compare/tuscany-vs-amalfi-coast/,tuscany vs amalfi coast,90,amalfi coast vs tuscany,20,tuscany vs amalfi coast,90,110
albania-vs-montenegro,https://tabiji.ai/compare/albania-vs-montenegro/,albania vs montenegro,50,montenegro vs albania,70,montenegro vs albania,70,120
amalfi-coast-vs-french-riviera,https://tabiji.ai/compare/amalfi-coast-vs-french-riviera/,amalfi coast vs french riviera,40,french riviera vs amalfi coast,70,french riviera vs amalfi coast,70,110
bangkok-vs-ho-chi-minh,https://tabiji.ai/compare/bangkok-vs-ho-chi-minh/,bangkok vs ho chi minh,70,ho chi minh vs bangkok,50,bangkok vs ho chi minh,70,120
tokyo-vs-beijing,https://tabiji.ai/compare/tokyo-vs-beijing/,tokyo vs beijing,70,beijing vs tokyo,70,tokyo vs beijing,70,140
berlin-vs-prague,https://tabiji.ai/compare/berlin-vs-prague/,berlin vs prague,20,prague vs berlin,70,prague vs berlin,70,90
dolomites-vs-swiss-alps,https://tabiji.ai/compare/dolomites-vs-swiss-alps/,dolomites vs swiss alps,70,swiss alps vs dolomites,20,dolomites vs swiss alps,70,90
galway-vs-cork,https://tabiji.ai/compare/galway-vs-cork/,galway vs cork,50,cork vs galway,70,cork vs galway,70,120
hue-vs-hoi-an,https://tabiji.ai/compare/hue-vs-hoi-an/,hue vs hoi an,20,hoi an vs hue,70,hoi an vs hue,70,90
hyderabad-vs-chennai,https://tabiji.ai/compare/hyderabad-vs-chennai/,hyderabad vs chennai,30,chennai vs hyderabad,70,chennai vs hyderabad,70,100
ischia-vs-capri,https://tabiji.ai/compare/ischia-vs-capri/,ischia vs capri,70,capri vs ischia,50,ischia vs capri,70,120
istanbul-vs-athens,https://tabiji.ai/compare/istanbul-vs-athens/,istanbul vs athens,70,athens vs istanbul,70,istanbul vs athens,70,140
japan-vs-singapore,https://tabiji.ai/compare/japan-vs-singapore/,japan vs singapore,10,singapore vs japan,70,singapore vs japan,70,80
kilimanjaro-vs-everest-base-camp,https://tabiji.ai/compare/kilimanjaro-vs-everest-base-camp/,kilimanjaro vs everest base camp,70,everest base camp vs kilimanjaro,70,kilimanjaro vs everest base camp,70,140
kyoto-vs-nara,https://tabiji.ai/compare/kyoto-vs-nara/,kyoto vs nara,70,nara vs kyoto,70,kyoto vs nara,70,140
lagos-vs-abuja,https://tabiji.ai/compare/lagos-vs-abuja/,lagos vs abuja,10,abuja vs lagos,70,abuja vs lagos,70,80
lebanon-vs-jordan,https://tabiji.ai/compare/lebanon-vs-jordan/,lebanon vs jordan,70,jordan vs lebanon,40,lebanon vs jordan,70,110
maldives-vs-hawaii,https://tabiji.ai/compare/maldives-vs-hawaii/,maldives vs hawaii,70,hawaii vs maldives,70,maldives vs hawaii,70,140
marrakech-vs-fez,https://tabiji.ai/compare/marrakech-vs-fez/,marrakech vs fez,70,fez vs marrakech,20,marrakech vs fez,70,90
mexico-city-vs-cancun,https://tabiji.ai/compare/mexico-city-vs-cancun/,mexico city vs cancun,30,cancun vs mexico city,70,cancun vs mexico city,70,100
morocco-vs-turkey,https://tabiji.ai/compare/morocco-vs-turkey/,morocco vs turkey,20,turkey vs morocco,70,turkey vs morocco,70,90
munich-vs-vienna,https://tabiji.ai/compare/munich-vs-vienna/,munich vs vienna,70,vienna vs munich,30,munich vs vienna,70,100
new-orleans-vs-charleston,https://tabiji.ai/compare/new-orleans-vs-charleston/,new orleans vs charleston,70,charleston vs new orleans,70,new orleans vs charleston,70,140
normandy-vs-brittany,https://tabiji.ai/compare/normandy-vs-brittany/,normandy vs brittany,50,brittany vs normandy,70,brittany vs normandy,70,120
park-city-vs-aspen,https://tabiji.ai/compare/park-city-vs-aspen/,park city vs aspen,70,aspen vs park city,70,park city vs aspen,70,140
puglia-vs-sicily,https://tabiji.ai/compare/puglia-vs-sicily/,puglia vs sicily,70,sicily vs puglia,50,puglia vs sicily,70,120
rome-vs-barcelona,https://tabiji.ai/compare/rome-vs-barcelona/,rome vs barcelona,70,barcelona vs rome,10,rome vs barcelona,70,80
scottsdale-vs-palm-springs,https://tabiji.ai/compare/scottsdale-vs-palm-springs/,scottsdale vs palm springs,70,palm springs vs scottsdale,20,scottsdale vs palm springs,70,90
seville-vs-malaga,https://tabiji.ai/compare/seville-vs-malaga/,seville vs malaga,70,malaga vs seville,70,seville vs malaga,70,140
taipei-vs-hong-kong,https://tabiji.ai/compare/taipei-vs-hong-kong/,taipei vs hong kong,70,hong kong vs taipei,10,taipei vs hong kong,70,80
tallinn-vs-riga,https://tabiji.ai/compare/tallinn-vs-riga/,tallinn vs riga,70,riga vs tallinn,70,tallinn vs riga,70,140
tokyo-vs-london,https://tabiji.ai/compare/tokyo-vs-london/,tokyo vs london,70,london vs tokyo,70,tokyo vs london,70,140
tulum-vs-cozumel,https://tabiji.ai/compare/tulum-vs-cozumel/,tulum vs cozumel,70,cozumel vs tulum,70,tulum vs cozumel,70,140
amsterdam-vs-berlin,https://tabiji.ai/compare/amsterdam-vs-berlin/,amsterdam vs berlin,20,berlin vs amsterdam,50,berlin vs amsterdam,50,70
berlin-vs-vienna,https://tabiji.ai/compare/berlin-vs-vienna/,berlin vs vienna,50,vienna vs berlin,50,berlin vs vienna,50,100
bordeaux-vs-toulouse,https://tabiji.ai/compare/bordeaux-vs-toulouse/,bordeaux vs toulouse,50,toulouse vs bordeaux,50,bordeaux vs toulouse,50,100
cadiz-vs-malaga,https://tabiji.ai/compare/cadiz-vs-malaga/,cadiz vs malaga,50,malaga vs cadiz,40,cadiz vs malaga,50,90
chicago-vs-austin,https://tabiji.ai/compare/chicago-vs-austin/,chicago vs austin,20,austin vs chicago,50,austin vs chicago,50,70
croatia-vs-turkey,https://tabiji.ai/compare/croatia-vs-turkey/,croatia vs turkey,40,turkey vs croatia,50,turkey vs croatia,50,90
galle-vs-mirissa,https://tabiji.ai/compare/galle-vs-mirissa/,galle vs mirissa,50,mirissa vs galle,0,galle vs mirissa,50,50
goa-vs-kerala,https://tabiji.ai/compare/goa-vs-kerala/,goa vs kerala,30,kerala vs goa,50,kerala vs goa,50,80
koh-samui-vs-koh-phangan,https://tabiji.ai/compare/koh-samui-vs-koh-phangan/,koh samui vs koh phangan,50,koh phangan vs koh samui,50,koh samui vs koh phangan,50,100
kruger-vs-serengeti,https://tabiji.ai/compare/kruger-vs-serengeti/,kruger vs serengeti,50,serengeti vs kruger,50,kruger vs serengeti,50,100
kyrgyzstan-vs-tajikistan,https://tabiji.ai/compare/kyrgyzstan-vs-tajikistan/,kyrgyzstan vs tajikistan,50,tajikistan vs kyrgyzstan,40,kyrgyzstan vs tajikistan,50,90
mexico-vs-thailand,https://tabiji.ai/compare/mexico-vs-thailand/,mexico vs thailand,50,thailand vs mexico,20,mexico vs thailand,50,70
nagoya-vs-osaka,https://tabiji.ai/compare/nagoya-vs-osaka/,nagoya vs osaka,50,osaka vs nagoya,40,nagoya vs osaka,50,90
prague-vs-krakow,https://tabiji.ai/compare/prague-vs-krakow/,prague vs krakow,20,krakow vs prague,50,krakow vs prague,50,70
queensland-vs-victoria,https://tabiji.ai/compare/queensland-vs-victoria/,queensland vs victoria,50,victoria vs queensland,40,queensland vs victoria,50,90
queenstown-vs-wanaka,https://tabiji.ai/compare/queenstown-vs-wanaka/,queenstown vs wanaka,20,wanaka vs queenstown,50,wanaka vs queenstown,50,70
santorini-vs-amalfi-coast,https://tabiji.ai/compare/santorini-vs-amalfi-coast/,santorini vs amalfi coast,50,amalfi coast vs santorini,40,santorini vs amalfi coast,50,90
santorini-vs-milos,https://tabiji.ai/compare/santorini-vs-milos/,santorini vs milos,20,milos vs santorini,50,milos vs santorini,50,70
sayulita-vs-puerto-vallarta,https://tabiji.ai/compare/sayulita-vs-puerto-vallarta/,sayulita vs puerto vallarta,50,puerto vallarta vs sayulita,20,sayulita vs puerto vallarta,50,70
senegal-vs-ghana,https://tabiji.ai/compare/senegal-vs-ghana/,senegal vs ghana,50,ghana vs senegal,50,senegal vs ghana,50,100
bangkok-vs-singapore,https://tabiji.ai/compare/bangkok-vs-singapore/,bangkok vs singapore,50,singapore vs bangkok,10,bangkok vs singapore,50,60
suriname-vs-guyana,https://tabiji.ai/compare/suriname-vs-guyana/,suriname vs guyana,50,guyana vs suriname,30,suriname vs guyana,50,80
victoria-falls-vs-iguazu-falls,https://tabiji.ai/compare/victoria-falls-vs-iguazu-falls/,victoria falls vs iguazu falls,20,iguazu falls vs victoria falls,50,iguazu falls vs victoria falls,50,70
yokohama-vs-tokyo,https://tabiji.ai/compare/yokohama-vs-tokyo/,yokohama vs tokyo,50,tokyo vs yokohama,20,yokohama vs tokyo,50,70
zagreb-vs-dubrovnik,https://tabiji.ai/compare/zagreb-vs-dubrovnik/,zagreb vs dubrovnik,50,dubrovnik vs zagreb,50,zagreb vs dubrovnik,50,100
asheville-vs-gatlinburg,https://tabiji.ai/compare/asheville-vs-gatlinburg/,asheville vs gatlinburg,30,gatlinburg vs asheville,40,gatlinburg vs asheville,40,70
bangkok-vs-hanoi,https://tabiji.ai/compare/bangkok-vs-hanoi/,bangkok vs hanoi,40,hanoi vs bangkok,40,bangkok vs hanoi,40,80
bologna-vs-naples,https://tabiji.ai/compare/bologna-vs-naples/,bologna vs naples,40,naples vs bologna,0,bologna vs naples,40,40
buenos-aires-vs-rio-de-janeiro,https://tabiji.ai/compare/buenos-aires-vs-rio-de-janeiro/,buenos aires vs rio de janeiro,40,rio de janeiro vs buenos aires,20,buenos aires vs rio de janeiro,40,60
cape-town-vs-durban,https://tabiji.ai/compare/cape-town-vs-durban/,cape town vs durban,30,durban vs cape town,40,durban vs cape town,40,70
casablanca-vs-rabat,https://tabiji.ai/compare/casablanca-vs-rabat/,casablanca vs rabat,10,rabat vs casablanca,40,rabat vs casablanca,40,50
gothenburg-vs-malmo,https://tabiji.ai/compare/gothenburg-vs-malmo/,gothenburg vs malmo,20,malmo vs gothenburg,40,malmo vs gothenburg,40,60
ishigaki-vs-miyako,https://tabiji.ai/compare/ishigaki-vs-miyako/,ishigaki vs miyako,0,miyako vs ishigaki,40,miyako vs ishigaki,40,40
kansai-vs-kanto,https://tabiji.ai/compare/kansai-vs-kanto/,kansai vs kanto,40,kanto vs kansai,30,kansai vs kanto,40,70
mumbai-vs-bangalore,https://tabiji.ai/compare/mumbai-vs-bangalore/,mumbai vs bangalore,40,bangalore vs mumbai,10,mumbai vs bangalore,40,50
sintra-vs-cascais,https://tabiji.ai/compare/sintra-vs-cascais/,sintra vs cascais,40,cascais vs sintra,10,sintra vs cascais,40,50
stuttgart-vs-munich,https://tabiji.ai/compare/stuttgart-vs-munich/,stuttgart vs munich,40,munich vs stuttgart,40,stuttgart vs munich,40,80
takayama-vs-kanazawa,https://tabiji.ai/compare/takayama-vs-kanazawa/,takayama vs kanazawa,40,kanazawa vs takayama,40,takayama vs kanazawa,40,80
tibet-vs-bhutan,https://tabiji.ai/compare/tibet-vs-bhutan/,tibet vs bhutan,40,bhutan vs tibet,40,tibet vs bhutan,40,80
wadi-rum-vs-petra,https://tabiji.ai/compare/wadi-rum-vs-petra/,wadi rum vs petra,40,petra vs wadi rum,20,wadi rum vs petra,40,60
whistler-vs-revelstoke,https://tabiji.ai/compare/whistler-vs-revelstoke/,whistler vs revelstoke,10,revelstoke vs whistler,40,revelstoke vs whistler,40,50
zagreb-vs-split,https://tabiji.ai/compare/zagreb-vs-split/,zagreb vs split,30,split vs zagreb,40,split vs zagreb,40,70
bergen-vs-stavanger,https://tabiji.ai/compare/bergen-vs-stavanger/,bergen vs stavanger,30,stavanger vs bergen,0,bergen vs stavanger,30,30
berlin-vs-hamburg,https://tabiji.ai/compare/berlin-vs-hamburg/,berlin vs hamburg,30,hamburg vs berlin,30,berlin vs hamburg,30,60
bocas-del-toro-vs-san-blas,https://tabiji.ai/compare/bocas-del-toro-vs-san-blas/,bocas del toro vs san blas,20,san blas vs bocas del toro,30,san blas vs bocas del toro,30,50
helsinki-vs-oslo,https://tabiji.ai/compare/helsinki-vs-oslo/,helsinki vs oslo,30,oslo vs helsinki,30,helsinki vs oslo,30,60
hiroshima-vs-kyoto,https://tabiji.ai/compare/hiroshima-vs-kyoto/,hiroshima vs kyoto,30,kyoto vs hiroshima,20,hiroshima vs kyoto,30,50
kobe-vs-kyoto,https://tabiji.ai/compare/kobe-vs-kyoto/,kobe vs kyoto,30,kyoto vs kobe,0,kobe vs kyoto,30,30
la-paz-vs-sucre,https://tabiji.ai/compare/la-paz-vs-sucre/,la paz vs sucre,30,sucre vs la paz,10,la paz vs sucre,30,40
namibia-vs-botswana,https://tabiji.ai/compare/namibia-vs-botswana/,namibia vs botswana,30,botswana vs namibia,20,namibia vs botswana,30,50
nha-trang-vs-phu-quoc,https://tabiji.ai/compare/nha-trang-vs-phu-quoc/,nha trang vs phu quoc,30,phu quoc vs nha trang,20,nha trang vs phu quoc,30,50
ninh-binh-vs-ha-long-bay,https://tabiji.ai/compare/ninh-binh-vs-ha-long-bay/,ninh binh vs ha long bay,30,ha long bay vs ninh binh,10,ninh binh vs ha long bay,30,40
oaxaca-vs-puebla,https://tabiji.ai/compare/oaxaca-vs-puebla/,oaxaca vs puebla,20,puebla vs oaxaca,30,puebla vs oaxaca,30,50
osaka-vs-fukuoka,https://tabiji.ai/compare/osaka-vs-fukuoka/,osaka vs fukuoka,20,fukuoka vs osaka,30,fukuoka vs osaka,30,50
paris-vs-prague,https://tabiji.ai/compare/paris-vs-prague/,paris vs prague,0,prague vs paris,30,prague vs paris,30,30
rajasthan-vs-kerala,https://tabiji.ai/compare/rajasthan-vs-kerala/,rajasthan vs kerala,30,kerala vs rajasthan,30,rajasthan vs kerala,30,60
st-barts-vs-turks-and-caicos,https://tabiji.ai/compare/st-barts-vs-turks-and-caicos/,st barts vs turks and caicos,30,turks and caicos vs st barts,20,st barts vs turks and caicos,30,50
tamarindo-vs-nosara,https://tabiji.ai/compare/tamarindo-vs-nosara/,tamarindo vs nosara,20,nosara vs tamarindo,30,nosara vs tamarindo,30,50
wroclaw-vs-warsaw,https://tabiji.ai/compare/wroclaw-vs-warsaw/,wroclaw vs warsaw,30,warsaw vs wroclaw,30,wroclaw vs warsaw,30,60
zanzibar-vs-mauritius,https://tabiji.ai/compare/zanzibar-vs-mauritius/,zanzibar vs mauritius,30,mauritius vs zanzibar,10,zanzibar vs mauritius,30,40
zurich-vs-munich,https://tabiji.ai/compare/zurich-vs-munich/,zurich vs munich,30,munich vs zurich,30,zurich vs munich,30,60
accra-vs-lagos,https://tabiji.ai/compare/accra-vs-lagos/,accra vs lagos,20,lagos vs accra,20,accra vs lagos,20,40
addis-ababa-vs-nairobi,https://tabiji.ai/compare/addis-ababa-vs-nairobi/,addis ababa vs nairobi,20,nairobi vs addis ababa,20,addis ababa vs nairobi,20,40
agadir-vs-marrakech,https://tabiji.ai/compare/agadir-vs-marrakech/,agadir vs marrakech,20,marrakech vs agadir,20,agadir vs marrakech,20,40
agra-vs-delhi,https://tabiji.ai/compare/agra-vs-delhi/,agra vs delhi,20,delhi vs agra,20,agra vs delhi,20,40
agra-vs-jaipur,https://tabiji.ai/compare/agra-vs-jaipur/,agra vs jaipur,20,jaipur vs agra,20,agra vs jaipur,20,40
amazon-vs-congo,https://tabiji.ai/compare/amazon-vs-congo/,amazon vs congo,20,congo vs amazon,20,amazon vs congo,20,40
andalusia-vs-catalonia,https://tabiji.ai/compare/andalusia-vs-catalonia/,andalusia vs catalonia,20,catalonia vs andalusia,20,andalusia vs catalonia,20,40
annecy-vs-chamonix,https://tabiji.ai/compare/annecy-vs-chamonix/,annecy vs chamonix,20,chamonix vs annecy,20,annecy vs chamonix,20,40
antigua-vs-lake-atitlan,https://tabiji.ai/compare/antigua-vs-lake-atitlan/,antigua vs lake atitlan,20,lake atitlan vs antigua,0,antigua vs lake atitlan,20,20
aspen-vs-st-moritz,https://tabiji.ai/compare/aspen-vs-st-moritz/,aspen vs st moritz,20,st moritz vs aspen,20,aspen vs st moritz,20,40
athens-vs-barcelona,https://tabiji.ai/compare/athens-vs-barcelona/,athens vs barcelona,20,barcelona vs athens,0,athens vs barcelona,20,20
athens-vs-thessaloniki,https://tabiji.ai/compare/athens-vs-thessaloniki/,athens vs thessaloniki,20,thessaloniki vs athens,20,athens vs thessaloniki,20,40
bahrain-vs-dubai,https://tabiji.ai/compare/bahrain-vs-dubai/,bahrain vs dubai,20,dubai vs bahrain,20,bahrain vs dubai,20,40
baku-vs-yerevan,https://tabiji.ai/compare/baku-vs-yerevan/,baku vs yerevan,20,yerevan vs baku,20,baku vs yerevan,20,40
bali-vs-chiang-mai,https://tabiji.ai/compare/bali-vs-chiang-mai/,bali vs chiang mai,20,chiang mai vs bali,20,bali vs chiang mai,20,40
bali-vs-philippines,https://tabiji.ai/compare/bali-vs-philippines/,bali vs philippines,20,philippines vs bali,20,bali vs philippines,20,40
bali-vs-seychelles,https://tabiji.ai/compare/bali-vs-seychelles/,bali vs seychelles,20,seychelles vs bali,20,bali vs seychelles,20,40
bali-vs-vietnam,https://tabiji.ai/compare/bali-vs-vietnam/,bali vs vietnam,20,vietnam vs bali,20,bali vs vietnam,20,40
banff-vs-patagonia,https://tabiji.ai/compare/banff-vs-patagonia/,banff vs patagonia,0,patagonia vs banff,20,patagonia vs banff,20,20
bangkok-vs-bali,https://tabiji.ai/compare/bangkok-vs-bali/,bangkok vs bali,20,bali vs bangkok,20,bangkok vs bali,20,40
bangkok-vs-taipei,https://tabiji.ai/compare/bangkok-vs-taipei/,bangkok vs taipei,20,taipei vs bangkok,20,bangkok vs taipei,20,40
barcelona-vs-amsterdam,https://tabiji.ai/compare/barcelona-vs-amsterdam/,barcelona vs amsterdam,20,amsterdam vs barcelona,10,barcelona vs amsterdam,20,30
basque-country-vs-catalonia,https://tabiji.ai/compare/basque-country-vs-catalonia/,basque country vs catalonia,20,catalonia vs basque country,20,basque country vs catalonia,20,40
bath-vs-cotswolds,https://tabiji.ai/compare/bath-vs-cotswolds/,bath vs cotswolds,20,cotswolds vs bath,20,bath vs cotswolds,20,40
bavarian-alps-vs-swiss-alps,https://tabiji.ai/compare/bavarian-alps-vs-swiss-alps/,bavarian alps vs swiss alps,20,swiss alps vs bavarian alps,0,bavarian alps vs swiss alps,20,20
belgrade-vs-bucharest,https://tabiji.ai/compare/belgrade-vs-bucharest/,belgrade vs bucharest,20,bucharest vs belgrade,20,belgrade vs bucharest,20,40
budapest-vs-belgrade,https://tabiji.ai/compare/budapest-vs-belgrade/,budapest vs belgrade,10,belgrade vs budapest,20,belgrade vs budapest,20,30
boise-vs-portland,https://tabiji.ai/compare/boise-vs-portland/,boise vs portland,20,portland vs boise,20,boise vs portland,20,40
bora-bora-vs-seychelles,https://tabiji.ai/compare/bora-bora-vs-seychelles/,bora bora vs seychelles,20,seychelles vs bora bora,20,bora bora vs seychelles,20,40
bordeaux-vs-paris,https://tabiji.ai/compare/bordeaux-vs-paris/,bordeaux vs paris,20,paris vs bordeaux,20,bordeaux vs paris,20,40
borneo-vs-sumatra,https://tabiji.ai/compare/borneo-vs-sumatra/,borneo vs sumatra,20,sumatra vs borneo,20,borneo vs sumatra,20,40
bratislava-vs-vienna,https://tabiji.ai/compare/bratislava-vs-vienna/,bratislava vs vienna,20,vienna vs bratislava,20,bratislava vs vienna,20,40
bristol-vs-london,https://tabiji.ai/compare/bristol-vs-london/,bristol vs london,20,london vs bristol,20,bristol vs london,20,40
bruges-vs-amsterdam,https://tabiji.ai/compare/bruges-vs-amsterdam/,bruges vs amsterdam,0,amsterdam vs bruges,20,amsterdam vs bruges,20,20
bucharest-vs-sofia,https://tabiji.ai/compare/bucharest-vs-sofia/,bucharest vs sofia,20,sofia vs bucharest,20,bucharest vs sofia,20,40
budapest-vs-krakow,https://tabiji.ai/compare/budapest-vs-krakow/,budapest vs krakow,20,krakow vs budapest,20,budapest vs krakow,20,40
budapest-vs-lisbon,https://tabiji.ai/compare/budapest-vs-lisbon/,budapest vs lisbon,20,lisbon vs budapest,20,budapest vs lisbon,20,40
byron-bay-vs-gold-coast,https://tabiji.ai/compare/byron-bay-vs-gold-coast/,byron bay vs gold coast,20,gold coast vs byron bay,20,byron bay vs gold coast,20,40
cairo-vs-alexandria,https://tabiji.ai/compare/cairo-vs-alexandria/,cairo vs alexandria,20,alexandria vs cairo,20,cairo vs alexandria,20,40
cairo-vs-luxor,https://tabiji.ai/compare/cairo-vs-luxor/,cairo vs luxor,20,luxor vs cairo,20,cairo vs luxor,20,40
cairo-vs-marrakech,https://tabiji.ai/compare/cairo-vs-marrakech/,cairo vs marrakech,20,marrakech vs cairo,0,cairo vs marrakech,20,20
canadian-rockies-vs-swiss-alps,https://tabiji.ai/compare/canadian-rockies-vs-swiss-alps/,canadian rockies vs swiss alps,20,swiss alps vs canadian rockies,20,canadian rockies vs swiss alps,20,40
cape-town-vs-rio-de-janeiro,https://tabiji.ai/compare/cape-town-vs-rio-de-janeiro/,cape town vs rio de janeiro,20,rio de janeiro vs cape town,20,cape town vs rio de janeiro,20,40
cape-verde-vs-canary-islands,https://tabiji.ai/compare/cape-verde-vs-canary-islands/,cape verde vs canary islands,20,canary islands vs cape verde,20,cape verde vs canary islands,20,40
cartagena-vs-havana,https://tabiji.ai/compare/cartagena-vs-havana/,cartagena vs havana,10,havana vs cartagena,20,havana vs cartagena,20,30
cartagena-vs-santa-marta,https://tabiji.ai/compare/cartagena-vs-santa-marta/,cartagena vs santa marta,20,santa marta vs cartagena,10,cartagena vs santa marta,20,30
champagne-vs-burgundy,https://tabiji.ai/compare/champagne-vs-burgundy/,champagne vs burgundy,0,burgundy vs champagne,20,burgundy vs champagne,20,20
cologne-vs-berlin,https://tabiji.ai/compare/cologne-vs-berlin/,cologne vs berlin,20,berlin vs cologne,20,cologne vs berlin,20,40
colombo-vs-galle,https://tabiji.ai/compare/colombo-vs-galle/,colombo vs galle,20,galle vs colombo,10,colombo vs galle,20,30
colombo-vs-kandy,https://tabiji.ai/compare/colombo-vs-kandy/,colombo vs kandy,20,kandy vs colombo,20,colombo vs kandy,20,40
costa-brava-vs-costa-del-sol,https://tabiji.ai/compare/costa-brava-vs-costa-del-sol/,costa brava vs costa del sol,20,costa del sol vs costa brava,20,costa brava vs costa del sol,20,40
costa-rica-vs-galapagos,https://tabiji.ai/compare/costa-rica-vs-galapagos/,costa rica vs galapagos,0,galapagos vs costa rica,20,galapagos vs costa rica,20,20
courchevel-vs-zermatt,https://tabiji.ai/compare/courchevel-vs-zermatt/,courchevel vs zermatt,20,zermatt vs courchevel,20,courchevel vs zermatt,20,40
da-nang-vs-bali,https://tabiji.ai/compare/da-nang-vs-bali/,da nang vs bali,20,bali vs da nang,0,da nang vs bali,20,20
da-nang-vs-ho-chi-minh,https://tabiji.ai/compare/da-nang-vs-ho-chi-minh/,da nang vs ho chi minh,20,ho chi minh vs da nang,20,da nang vs ho chi minh,20,40
dakar-vs-abidjan,https://tabiji.ai/compare/dakar-vs-abidjan/,dakar vs abidjan,0,abidjan vs dakar,20,abidjan vs dakar,20,20
da-lat-vs-da-nang,https://tabiji.ai/compare/da-lat-vs-da-nang/,da lat vs da nang,20,da nang vs da lat,20,da lat vs da nang,20,40
darjeeling-vs-shimla,https://tabiji.ai/compare/darjeeling-vs-shimla/,darjeeling vs shimla,20,shimla vs darjeeling,20,darjeeling vs shimla,20,40
dolomites-vs-patagonia,https://tabiji.ai/compare/dolomites-vs-patagonia/,dolomites vs patagonia,20,patagonia vs dolomites,20,dolomites vs patagonia,20,40
dresden-vs-berlin,https://tabiji.ai/compare/dresden-vs-berlin/,dresden vs berlin,20,berlin vs dresden,20,dresden vs berlin,20,40
dubai-vs-bangkok,https://tabiji.ai/compare/dubai-vs-bangkok/,dubai vs bangkok,20,bangkok vs dubai,20,dubai vs bangkok,20,40
dubai-vs-maldives,https://tabiji.ai/compare/dubai-vs-maldives/,dubai vs maldives,20,maldives vs dubai,20,dubai vs maldives,20,40
durban-vs-johannesburg,https://tabiji.ai/compare/durban-vs-johannesburg/,durban vs johannesburg,20,johannesburg vs durban,20,durban vs johannesburg,20,40
east-coast-australia-vs-west-coast,https://tabiji.ai/compare/east-coast-australia-vs-west-coast/,east coast australia vs west coast,0,west coast vs east coast australia,20,west coast vs east coast australia,20,20
egypt-vs-greece,https://tabiji.ai/compare/egypt-vs-greece/,egypt vs greece,20,greece vs egypt,20,egypt vs greece,20,40
el-nido-vs-siargao,https://tabiji.ai/compare/el-nido-vs-siargao/,el nido vs siargao,20,siargao vs el nido,20,el nido vs siargao,20,40
essaouira-vs-taghazout,https://tabiji.ai/compare/essaouira-vs-taghazout/,essaouira vs taghazout,0,taghazout vs essaouira,20,taghazout vs essaouira,20,20
ethiopia-vs-madagascar,https://tabiji.ai/compare/ethiopia-vs-madagascar/,ethiopia vs madagascar,20,madagascar vs ethiopia,20,ethiopia vs madagascar,20,40
everest-base-camp-vs-annapurna,https://tabiji.ai/compare/everest-base-camp-vs-annapurna/,everest base camp vs annapurna,20,annapurna vs everest base camp,20,everest base camp vs annapurna,20,40
faroe-islands-vs-lofoten,https://tabiji.ai/compare/faroe-islands-vs-lofoten/,faroe islands vs lofoten,10,lofoten vs faroe islands,20,lofoten vs faroe islands,20,30
florence-vs-barcelona,https://tabiji.ai/compare/florence-vs-barcelona/,florence vs barcelona,20,barcelona vs florence,20,florence vs barcelona,20,40
galapagos-vs-madagascar,https://tabiji.ai/compare/galapagos-vs-madagascar/,galapagos vs madagascar,0,madagascar vs galapagos,20,madagascar vs galapagos,20,20
gdansk-vs-krakow,https://tabiji.ai/compare/gdansk-vs-krakow/,gdansk vs krakow,20,krakow vs gdansk,20,gdansk vs krakow,20,40
glasgow-vs-london,https://tabiji.ai/compare/glasgow-vs-london/,glasgow vs london,20,london vs glasgow,0,glasgow vs london,20,20
gothenburg-vs-oslo,https://tabiji.ai/compare/gothenburg-vs-oslo/,gothenburg vs oslo,0,oslo vs gothenburg,20,oslo vs gothenburg,20,20
gozo-vs-malta,https://tabiji.ai/compare/gozo-vs-malta/,gozo vs malta,20,malta vs gozo,20,gozo vs malta,20,40
great-barrier-reef-vs-ningaloo-reef,https://tabiji.ai/compare/great-barrier-reef-vs-ningaloo-reef/,great barrier reef vs ningaloo reef,0,ningaloo reef vs great barrier reef,20,ningaloo reef vs great barrier reef,20,20
guanajuato-vs-san-miguel-de-allende,https://tabiji.ai/compare/guanajuato-vs-san-miguel-de-allende/,guanajuato vs san miguel de allende,20,san miguel de allende vs guanajuato,20,guanajuato vs san miguel de allende,20,40
guangzhou-vs-hong-kong,https://tabiji.ai/compare/guangzhou-vs-hong-kong/,guangzhou vs hong kong,20,hong kong vs guangzhou,20,guangzhou vs hong kong,20,40
guilin-vs-zhangjiajie,https://tabiji.ai/compare/guilin-vs-zhangjiajie/,guilin vs zhangjiajie,20,zhangjiajie vs guilin,0,guilin vs zhangjiajie,20,20
gyeongju-vs-jeonju,https://tabiji.ai/compare/gyeongju-vs-jeonju/,gyeongju vs jeonju,20,jeonju vs gyeongju,20,gyeongju vs jeonju,20,40
hangzhou-vs-shanghai,https://tabiji.ai/compare/hangzhou-vs-shanghai/,hangzhou vs shanghai,20,shanghai vs hangzhou,0,hangzhou vs shanghai,20,20
helsinki-vs-tallinn,https://tabiji.ai/compare/helsinki-vs-tallinn/,helsinki vs tallinn,20,tallinn vs helsinki,20,helsinki vs tallinn,20,40
hiroshima-vs-osaka,https://tabiji.ai/compare/hiroshima-vs-osaka/,hiroshima vs osaka,20,osaka vs hiroshima,20,hiroshima vs osaka,20,40
ho-chi-minh-vs-phnom-penh,https://tabiji.ai/compare/ho-chi-minh-vs-phnom-penh/,ho chi minh vs phnom penh,0,phnom penh vs ho chi minh,20,phnom penh vs ho chi minh,20,20
hokkaido-vs-okinawa,https://tabiji.ai/compare/hokkaido-vs-okinawa/,hokkaido vs okinawa,20,okinawa vs hokkaido,20,hokkaido vs okinawa,20,40
hurghada-vs-sharm-el-sheikh,https://tabiji.ai/compare/hurghada-vs-sharm-el-sheikh/,hurghada vs sharm el sheikh,20,sharm el sheikh vs hurghada,0,hurghada vs sharm el sheikh,20,20
hwange-vs-chobe,https://tabiji.ai/compare/hwange-vs-chobe/,hwange vs chobe,20,chobe vs hwange,20,hwange vs chobe,20,40
inca-trail-vs-kilimanjaro,https://tabiji.ai/compare/inca-trail-vs-kilimanjaro/,inca trail vs kilimanjaro,20,kilimanjaro vs inca trail,20,inca trail vs kilimanjaro,20,40
incheon-vs-busan,https://tabiji.ai/compare/incheon-vs-busan/,incheon vs busan,20,busan vs incheon,20,incheon vs busan,20,40
istanbul-vs-cairo,https://tabiji.ai/compare/istanbul-vs-cairo/,istanbul vs cairo,20,cairo vs istanbul,20,istanbul vs cairo,20,40
istanbul-vs-marrakech,https://tabiji.ai/compare/istanbul-vs-marrakech/,istanbul vs marrakech,20,marrakech vs istanbul,20,istanbul vs marrakech,20,40
jackson-hole-vs-yellowstone,https://tabiji.ai/compare/jackson-hole-vs-yellowstone/,jackson hole vs yellowstone,20,yellowstone vs jackson hole,0,jackson hole vs yellowstone,20,20
jaipur-vs-delhi,https://tabiji.ai/compare/jaipur-vs-delhi/,jaipur vs delhi,20,delhi vs jaipur,0,jaipur vs delhi,20,20
jaisalmer-vs-jaipur,https://tabiji.ai/compare/jaisalmer-vs-jaipur/,jaisalmer vs jaipur,0,jaipur vs jaisalmer,20,jaipur vs jaisalmer,20,20
jakarta-vs-singapore,https://tabiji.ai/compare/jakarta-vs-singapore/,jakarta vs singapore,20,singapore vs jakarta,20,jakarta vs singapore,20,40
jodhpur-vs-jaisalmer,https://tabiji.ai/compare/jodhpur-vs-jaisalmer/,jodhpur vs jaisalmer,0,jaisalmer vs jodhpur,20,jaisalmer vs jodhpur,20,20
kamakura-vs-nikko,https://tabiji.ai/compare/kamakura-vs-nikko/,kamakura vs nikko,20,nikko vs kamakura,20,kamakura vs nikko,20,40
kaohsiung-vs-tainan,https://tabiji.ai/compare/kaohsiung-vs-tainan/,kaohsiung vs tainan,20,tainan vs kaohsiung,20,kaohsiung vs tainan,20,40
kigali-vs-kampala,https://tabiji.ai/compare/kigali-vs-kampala/,kigali vs kampala,20,kampala vs kigali,20,kigali vs kampala,20,40
kigali-vs-nairobi,https://tabiji.ai/compare/kigali-vs-nairobi/,kigali vs nairobi,20,nairobi vs kigali,0,kigali vs nairobi,20,20
ko-chang-vs-koh-samui,https://tabiji.ai/compare/ko-chang-vs-koh-samui/,ko chang vs koh samui,20,koh samui vs ko chang,0,ko chang vs koh samui,20,20
kobe-vs-osaka,https://tabiji.ai/compare/kobe-vs-osaka/,kobe vs osaka,20,osaka vs kobe,20,kobe vs osaka,20,40
koh-lanta-vs-koh-phangan,https://tabiji.ai/compare/koh-lanta-vs-koh-phangan/,koh lanta vs koh phangan,20,koh phangan vs koh lanta,0,koh lanta vs koh phangan,20,20
koh-phi-phi-vs-koh-tao,https://tabiji.ai/compare/koh-phi-phi-vs-koh-tao/,koh phi phi vs koh tao,0,koh tao vs koh phi phi,20,koh tao vs koh phi phi,20,20
koh-tao-vs-koh-lipe,https://tabiji.ai/compare/koh-tao-vs-koh-lipe/,koh tao vs koh lipe,20,koh lipe vs koh tao,20,koh tao vs koh lipe,20,40
kolkata-vs-delhi,https://tabiji.ai/compare/kolkata-vs-delhi/,kolkata vs delhi,20,delhi vs kolkata,20,kolkata vs delhi,20,40
kota-kinabalu-vs-kuching,https://tabiji.ai/compare/kota-kinabalu-vs-kuching/,kota kinabalu vs kuching,0,kuching vs kota kinabalu,20,kuching vs kota kinabalu,20,20
kotor-vs-mostar,https://tabiji.ai/compare/kotor-vs-mostar/,kotor vs mostar,20,mostar vs kotor,0,kotor vs mostar,20,20
krabi-vs-koh-lanta,https://tabiji.ai/compare/krabi-vs-koh-lanta/,krabi vs koh lanta,20,koh lanta vs krabi,0,krabi vs koh lanta,20,20
kuwait-city-vs-dubai,https://tabiji.ai/compare/kuwait-city-vs-dubai/,kuwait city vs dubai,20,dubai vs kuwait city,0,kuwait city vs dubai,20,20
lake-district-vs-cotswolds,https://tabiji.ai/compare/lake-district-vs-cotswolds/,lake district vs cotswolds,20,cotswolds vs lake district,20,lake district vs cotswolds,20,40
lakshadweep-vs-maldives,https://tabiji.ai/compare/lakshadweep-vs-maldives/,lakshadweep vs maldives,20,maldives vs lakshadweep,10,lakshadweep vs maldives,20,30
langkawi-vs-penang,https://tabiji.ai/compare/langkawi-vs-penang/,langkawi vs penang,10,penang vs langkawi,20,penang vs langkawi,20,30
langkawi-vs-phuket,https://tabiji.ai/compare/langkawi-vs-phuket/,langkawi vs phuket,0,phuket vs langkawi,20,phuket vs langkawi,20,20
lapland-vs-tromso,https://tabiji.ai/compare/lapland-vs-tromso/,lapland vs tromso,20,tromso vs lapland,20,lapland vs tromso,20,40
lima-vs-bogota,https://tabiji.ai/compare/lima-vs-bogota/,lima vs bogota,20,bogota vs lima,0,lima vs bogota,20,20
lima-vs-mexico-city,https://tabiji.ai/compare/lima-vs-mexico-city/,lima vs mexico city,20,mexico city vs lima,20,lima vs mexico city,20,40
lisbon-vs-rome,https://tabiji.ai/compare/lisbon-vs-rome/,lisbon vs rome,20,rome vs lisbon,20,lisbon vs rome,20,40
lombok-vs-flores,https://tabiji.ai/compare/lombok-vs-flores/,lombok vs flores,20,flores vs lombok,20,lombok vs flores,20,40
lombok-vs-gili-islands,https://tabiji.ai/compare/lombok-vs-gili-islands/,lombok vs gili islands,20,gili islands vs lombok,20,lombok vs gili islands,20,40
london-vs-berlin,https://tabiji.ai/compare/london-vs-berlin/,london vs berlin,0,berlin vs london,20,berlin vs london,20,20
luxor-vs-aswan,https://tabiji.ai/compare/luxor-vs-aswan/,luxor vs aswan,20,aswan vs luxor,20,luxor vs aswan,20,40
maldives-vs-caribbean,https://tabiji.ai/compare/maldives-vs-caribbean/,maldives vs caribbean,20,caribbean vs maldives,20,maldives vs caribbean,20,40
maldives-vs-phuket,https://tabiji.ai/compare/maldives-vs-phuket/,maldives vs phuket,20,phuket vs maldives,20,maldives vs phuket,20,40
masai-mara-vs-amboseli,https://tabiji.ai/compare/masai-mara-vs-amboseli/,masai mara vs amboseli,20,amboseli vs masai mara,0,masai mara vs amboseli,20,20
matsumoto-vs-nagano,https://tabiji.ai/compare/matsumoto-vs-nagano/,matsumoto vs nagano,20,nagano vs matsumoto,20,matsumoto vs nagano,20,40
maui-vs-cancun,https://tabiji.ai/compare/maui-vs-cancun/,maui vs cancun,20,cancun vs maui,20,maui vs cancun,20,40
medellin-vs-buenos-aires,https://tabiji.ai/compare/medellin-vs-buenos-aires/,medellin vs buenos aires,20,buenos aires vs medellin,20,medellin vs buenos aires,20,40
medellin-vs-mexico-city,https://tabiji.ai/compare/medellin-vs-mexico-city/,medellin vs mexico city,20,mexico city vs medellin,20,medellin vs mexico city,20,40
mendoza-vs-salta,https://tabiji.ai/compare/mendoza-vs-salta/,mendoza vs salta,20,salta vs mendoza,20,mendoza vs salta,20,40
menorca-vs-formentera,https://tabiji.ai/compare/menorca-vs-formentera/,menorca vs formentera,20,formentera vs menorca,20,menorca vs formentera,20,40
merida-vs-campeche,https://tabiji.ai/compare/merida-vs-campeche/,merida vs campeche,20,campeche vs merida,20,merida vs campeche,20,40
mexico-city-vs-bogota,https://tabiji.ai/compare/mexico-city-vs-bogota/,mexico city vs bogota,20,bogota vs mexico city,20,mexico city vs bogota,20,40
mexico-city-vs-buenos-aires,https://tabiji.ai/compare/mexico-city-vs-buenos-aires/,mexico city vs buenos aires,20,buenos aires vs mexico city,20,mexico city vs buenos aires,20,40
miyazaki-vs-kagoshima,https://tabiji.ai/compare/miyazaki-vs-kagoshima/,miyazaki vs kagoshima,0,kagoshima vs miyazaki,20,kagoshima vs miyazaki,20,20
mombasa-vs-zanzibar,https://tabiji.ai/compare/mombasa-vs-zanzibar/,mombasa vs zanzibar,10,zanzibar vs mombasa,20,zanzibar vs mombasa,20,30
monaco-vs-st-tropez,https://tabiji.ai/compare/monaco-vs-st-tropez/,monaco vs st tropez,20,st tropez vs monaco,20,monaco vs st tropez,20,40
montevideo-vs-colonia,https://tabiji.ai/compare/montevideo-vs-colonia/,montevideo vs colonia,10,colonia vs montevideo,20,colonia vs montevideo,20,30
montreal-vs-paris,https://tabiji.ai/compare/montreal-vs-paris/,montreal vs paris,20,paris vs montreal,0,montreal vs paris,20,20
mui-ne-vs-nha-trang,https://tabiji.ai/compare/mui-ne-vs-nha-trang/,mui ne vs nha trang,20,nha trang vs mui ne,20,mui ne vs nha trang,20,40
muscat-vs-salalah,https://tabiji.ai/compare/muscat-vs-salalah/,muscat vs salalah,0,salalah vs muscat,20,salalah vs muscat,20,20
mykonos-vs-ios,https://tabiji.ai/compare/mykonos-vs-ios/,mykonos vs ios,0,ios vs mykonos,20,ios vs mykonos,20,20
mysore-vs-bangalore,https://tabiji.ai/compare/mysore-vs-bangalore/,mysore vs bangalore,20,bangalore vs mysore,20,mysore vs bangalore,20,40
nagano-vs-hakone,https://tabiji.ai/compare/nagano-vs-hakone/,nagano vs hakone,0,hakone vs nagano,20,hakone vs nagano,20,20
nagasaki-vs-fukuoka,https://tabiji.ai/compare/nagasaki-vs-fukuoka/,nagasaki vs fukuoka,20,fukuoka vs nagasaki,20,nagasaki vs fukuoka,20,40
nagoya-vs-tokyo,https://tabiji.ai/compare/nagoya-vs-tokyo/,nagoya vs tokyo,20,tokyo vs nagoya,20,nagoya vs tokyo,20,40
nairobi-vs-cape-town,https://tabiji.ai/compare/nairobi-vs-cape-town/,nairobi vs cape town,20,cape town vs nairobi,20,nairobi vs cape town,20,40
nairobi-vs-mombasa,https://tabiji.ai/compare/nairobi-vs-mombasa/,nairobi vs mombasa,20,mombasa vs nairobi,0,nairobi vs mombasa,20,20
naples-vs-bari,https://tabiji.ai/compare/naples-vs-bari/,naples vs bari,0,bari vs naples,20,bari vs naples,20,20
naples-vs-palermo,https://tabiji.ai/compare/naples-vs-palermo/,naples vs palermo,0,palermo vs naples,20,palermo vs naples,20,20
nara-vs-osaka,https://tabiji.ai/compare/nara-vs-osaka/,nara vs osaka,20,osaka vs nara,20,nara vs osaka,20,40
noosa-vs-sunshine-coast,https://tabiji.ai/compare/noosa-vs-sunshine-coast/,noosa vs sunshine coast,20,sunshine coast vs noosa,10,noosa vs sunshine coast,20,30
north-macedonia-vs-albania,https://tabiji.ai/compare/north-macedonia-vs-albania/,north macedonia vs albania,20,albania vs north macedonia,0,north macedonia vs albania,20,20
nuremberg-vs-munich,https://tabiji.ai/compare/nuremberg-vs-munich/,nuremberg vs munich,20,munich vs nuremberg,20,nuremberg vs munich,20,40
nusa-penida-vs-gili-islands,https://tabiji.ai/compare/nusa-penida-vs-gili-islands/,nusa penida vs gili islands,10,gili islands vs nusa penida,20,gili islands vs nusa penida,20,30
okinawa-vs-jeju,https://tabiji.ai/compare/okinawa-vs-jeju/,okinawa vs jeju,20,jeju vs okinawa,20,okinawa vs jeju,20,40
ooty-vs-munnar,https://tabiji.ai/compare/ooty-vs-munnar/,ooty vs munnar,20,munnar vs ooty,20,ooty vs munnar,20,40
osaka-vs-seoul,https://tabiji.ai/compare/osaka-vs-seoul/,osaka vs seoul,20,seoul vs osaka,20,osaka vs seoul,20,40
oslo-vs-reykjavik,https://tabiji.ai/compare/oslo-vs-reykjavik/,oslo vs reykjavik,20,reykjavik vs oslo,0,oslo vs reykjavik,20,20
palawan-vs-cebu,https://tabiji.ai/compare/palawan-vs-cebu/,palawan vs cebu,0,cebu vs palawan,20,cebu vs palawan,20,20
paris-vs-lisbon,https://tabiji.ai/compare/paris-vs-lisbon/,paris vs lisbon,20,lisbon vs paris,20,paris vs lisbon,20,40
paris-vs-vienna,https://tabiji.ai/compare/paris-vs-vienna/,paris vs vienna,20,vienna vs paris,20,paris vs vienna,20,40
patagonia-vs-iceland,https://tabiji.ai/compare/patagonia-vs-iceland/,patagonia vs iceland,20,iceland vs patagonia,20,patagonia vs iceland,20,40
patagonia-vs-new-zealand,https://tabiji.ai/compare/patagonia-vs-new-zealand/,patagonia vs new zealand,20,new zealand vs patagonia,20,patagonia vs new zealand,20,40
penang-vs-ipoh,https://tabiji.ai/compare/penang-vs-ipoh/,penang vs ipoh,20,ipoh vs penang,20,penang vs ipoh,20,40
phu-quoc-vs-koh-samui,https://tabiji.ai/compare/phu-quoc-vs-koh-samui/,phu quoc vs koh samui,20,koh samui vs phu quoc,20,phu quoc vs koh samui,20,40
plovdiv-vs-sofia,https://tabiji.ai/compare/plovdiv-vs-sofia/,plovdiv vs sofia,20,sofia vs plovdiv,20,plovdiv vs sofia,20,40
pokhara-vs-chitwan,https://tabiji.ai/compare/pokhara-vs-chitwan/,pokhara vs chitwan,0,chitwan vs pokhara,20,chitwan vs pokhara,20,20
pondicherry-vs-goa,https://tabiji.ai/compare/pondicherry-vs-goa/,pondicherry vs goa,20,goa vs pondicherry,0,pondicherry vs goa,20,20
porto-vs-douro-valley,https://tabiji.ai/compare/porto-vs-douro-valley/,porto vs douro valley,20,douro valley vs porto,0,porto vs douro valley,20,20
provence-vs-tuscany,https://tabiji.ai/compare/provence-vs-tuscany/,provence vs tuscany,20,tuscany vs provence,20,provence vs tuscany,20,40
quito-vs-cuenca,https://tabiji.ai/compare/quito-vs-cuenca/,quito vs cuenca,20,cuenca vs quito,20,quito vs cuenca,20,40
rarotonga-vs-aitutaki,https://tabiji.ai/compare/rarotonga-vs-aitutaki/,rarotonga vs aitutaki,10,aitutaki vs rarotonga,20,aitutaki vs rarotonga,20,30
reunion-vs-mauritius,https://tabiji.ai/compare/reunion-vs-mauritius/,reunion vs mauritius,20,mauritius vs reunion,20,reunion vs mauritius,20,40
rhodes-vs-corfu,https://tabiji.ai/compare/rhodes-vs-corfu/,rhodes vs corfu,20,corfu vs rhodes,10,rhodes vs corfu,20,30
roatan-vs-cozumel,https://tabiji.ai/compare/roatan-vs-cozumel/,roatan vs cozumel,20,cozumel vs roatan,0,roatan vs cozumel,20,20
rome-vs-amsterdam,https://tabiji.ai/compare/rome-vs-amsterdam/,rome vs amsterdam,20,amsterdam vs rome,20,rome vs amsterdam,20,40
rome-vs-london,https://tabiji.ai/compare/rome-vs-london/,rome vs london,0,london vs rome,20,london vs rome,20,20
rome-vs-madrid,https://tabiji.ai/compare/rome-vs-madrid/,rome vs madrid,20,madrid vs rome,20,rome vs madrid,20,40
ronda-vs-granada,https://tabiji.ai/compare/ronda-vs-granada/,ronda vs granada,20,granada vs ronda,20,ronda vs granada,20,40
rotorua-vs-taupo,https://tabiji.ai/compare/rotorua-vs-taupo/,rotorua vs taupo,20,taupo vs rotorua,20,rotorua vs taupo,20,40
rovinj-vs-pula,https://tabiji.ai/compare/rovinj-vs-pula/,rovinj vs pula,0,pula vs rovinj,20,pula vs rovinj,20,20
salt-lake-city-vs-phoenix,https://tabiji.ai/compare/salt-lake-city-vs-phoenix/,salt lake city vs phoenix,20,phoenix vs salt lake city,20,salt lake city vs phoenix,20,40
salzburg-vs-munich,https://tabiji.ai/compare/salzburg-vs-munich/,salzburg vs munich,20,munich vs salzburg,20,salzburg vs munich,20,40
san-juan-vs-vieques,https://tabiji.ai/compare/san-juan-vs-vieques/,san juan vs vieques,0,vieques vs san juan,20,vieques vs san juan,20,20
san-sebastian-vs-barcelona,https://tabiji.ai/compare/san-sebastian-vs-barcelona/,san sebastian vs barcelona,20,barcelona vs san sebastian,20,san sebastian vs barcelona,20,40
santa-barbara-vs-monterey,https://tabiji.ai/compare/santa-barbara-vs-monterey/,santa barbara vs monterey,20,monterey vs santa barbara,20,santa barbara vs monterey,20,40
sapa-vs-ha-giang,https://tabiji.ai/compare/sapa-vs-ha-giang/,sapa vs ha giang,0,ha giang vs sapa,20,ha giang vs sapa,20,20
sarajevo-vs-belgrade,https://tabiji.ai/compare/sarajevo-vs-belgrade/,sarajevo vs belgrade,20,belgrade vs sarajevo,20,sarajevo vs belgrade,20,40
savannah-vs-st-augustine,https://tabiji.ai/compare/savannah-vs-st-augustine/,savannah vs st augustine,20,st augustine vs savannah,20,savannah vs st augustine,20,40
sedona-vs-moab,https://tabiji.ai/compare/sedona-vs-moab/,sedona vs moab,20,moab vs sedona,20,sedona vs moab,20,40
seminyak-vs-uluwatu,https://tabiji.ai/compare/seminyak-vs-uluwatu/,seminyak vs uluwatu,20,uluwatu vs seminyak,10,seminyak vs uluwatu,20,30
sendai-vs-tokyo,https://tabiji.ai/compare/sendai-vs-tokyo/,sendai vs tokyo,0,tokyo vs sendai,20,tokyo vs sendai,20,20
seoul-vs-bangkok,https://tabiji.ai/compare/seoul-vs-bangkok/,seoul vs bangkok,20,bangkok vs seoul,20,seoul vs bangkok,20,40
seoul-vs-taipei,https://tabiji.ai/compare/seoul-vs-taipei/,seoul vs taipei,20,taipei vs seoul,20,seoul vs taipei,20,40
seychelles-vs-fiji,https://tabiji.ai/compare/seychelles-vs-fiji/,seychelles vs fiji,20,fiji vs seychelles,20,seychelles vs fiji,20,40
shanghai-vs-seoul,https://tabiji.ai/compare/shanghai-vs-seoul/,shanghai vs seoul,20,seoul vs shanghai,20,shanghai vs seoul,20,40
shanghai-vs-singapore,https://tabiji.ai/compare/shanghai-vs-singapore/,shanghai vs singapore,20,singapore vs shanghai,10,shanghai vs singapore,20,30
shikoku-vs-kyushu,https://tabiji.ai/compare/shikoku-vs-kyushu/,shikoku vs kyushu,20,kyushu vs shikoku,20,shikoku vs kyushu,20,40
shimla-vs-manali,https://tabiji.ai/compare/shimla-vs-manali/,shimla vs manali,20,manali vs shimla,20,shimla vs manali,20,40
siargao-vs-bohol,https://tabiji.ai/compare/siargao-vs-bohol/,siargao vs bohol,20,bohol vs siargao,20,siargao vs bohol,20,40
sibiu-vs-brasov,https://tabiji.ai/compare/sibiu-vs-brasov/,sibiu vs brasov,20,brasov vs sibiu,20,sibiu vs brasov,20,40
singapore-vs-penang,https://tabiji.ai/compare/singapore-vs-penang/,singapore vs penang,20,penang vs singapore,20,singapore vs penang,20,40
skopje-vs-tirana,https://tabiji.ai/compare/skopje-vs-tirana/,skopje vs tirana,20,tirana vs skopje,20,skopje vs tirana,20,40
sofia-vs-budapest,https://tabiji.ai/compare/sofia-vs-budapest/,sofia vs budapest,20,budapest vs sofia,20,sofia vs budapest,20,40
south-korea-vs-taiwan,https://tabiji.ai/compare/south-korea-vs-taiwan/,south korea vs taiwan,0,taiwan vs south korea,20,taiwan vs south korea,20,20
sri-lanka-vs-bali,https://tabiji.ai/compare/sri-lanka-vs-bali/,sri lanka vs bali,20,bali vs sri lanka,20,sri lanka vs bali,20,40
st-barts-vs-st-lucia,https://tabiji.ai/compare/st-barts-vs-st-lucia/,st barts vs st lucia,20,st lucia vs st barts,20,st barts vs st lucia,20,40
stellenbosch-vs-franschhoek,https://tabiji.ai/compare/stellenbosch-vs-franschhoek/,stellenbosch vs franschhoek,20,franschhoek vs stellenbosch,0,stellenbosch vs franschhoek,20,20
sukhothai-vs-ayutthaya,https://tabiji.ai/compare/sukhothai-vs-ayutthaya/,sukhothai vs ayutthaya,20,ayutthaya vs sukhothai,20,sukhothai vs ayutthaya,20,40
suzhou-vs-hangzhou,https://tabiji.ai/compare/suzhou-vs-hangzhou/,suzhou vs hangzhou,20,hangzhou vs suzhou,20,suzhou vs hangzhou,20,40
taichung-vs-tainan,https://tabiji.ai/compare/taichung-vs-tainan/,taichung vs tainan,20,tainan vs taichung,20,taichung vs tainan,20,40
taipei-vs-kaohsiung,https://tabiji.ai/compare/taipei-vs-kaohsiung/,taipei vs kaohsiung,20,kaohsiung vs taipei,10,taipei vs kaohsiung,20,30
taipei-vs-tainan,https://tabiji.ai/compare/taipei-vs-tainan/,taipei vs tainan,20,tainan vs taipei,20,taipei vs tainan,20,40
tangier-vs-casablanca,https://tabiji.ai/compare/tangier-vs-casablanca/,tangier vs casablanca,0,casablanca vs tangier,20,casablanca vs tangier,20,20
tbilisi-vs-baku,https://tabiji.ai/compare/tbilisi-vs-baku/,tbilisi vs baku,20,baku vs tbilisi,20,tbilisi vs baku,20,40
tbilisi-vs-yerevan,https://tabiji.ai/compare/tbilisi-vs-yerevan/,tbilisi vs yerevan,20,yerevan vs tbilisi,20,tbilisi vs yerevan,20,40
tokyo-vs-bangkok,https://tabiji.ai/compare/tokyo-vs-bangkok/,tokyo vs bangkok,20,bangkok vs tokyo,20,tokyo vs bangkok,20,40
tokyo-vs-paris,https://tabiji.ai/compare/tokyo-vs-paris/,tokyo vs paris,20,paris vs tokyo,20,tokyo vs paris,20,40
tokyo-vs-sapporo,https://tabiji.ai/compare/tokyo-vs-sapporo/,tokyo vs sapporo,20,sapporo vs tokyo,20,tokyo vs sapporo,20,40
tokyo-vs-singapore,https://tabiji.ai/compare/tokyo-vs-singapore/,tokyo vs singapore,20,singapore vs tokyo,20,tokyo vs singapore,20,40
tokyo-vs-taipei,https://tabiji.ai/compare/tokyo-vs-taipei/,tokyo vs taipei,20,taipei vs tokyo,20,tokyo vs taipei,20,40
tromso-vs-lofoten,https://tabiji.ai/compare/tromso-vs-lofoten/,tromso vs lofoten,20,lofoten vs tromso,20,tromso vs lofoten,20,40
turkey-vs-egypt,https://tabiji.ai/compare/turkey-vs-egypt/,turkey vs egypt,0,egypt vs turkey,20,egypt vs turkey,20,20
turks-and-caicos-vs-maldives,https://tabiji.ai/compare/turks-and-caicos-vs-maldives/,turks and caicos vs maldives,20,maldives vs turks and caicos,20,turks and caicos vs maldives,20,40
valparaiso-vs-santiago,https://tabiji.ai/compare/valparaiso-vs-santiago/,valparaiso vs santiago,20,santiago vs valparaiso,20,valparaiso vs santiago,20,40
vanuatu-vs-new-caledonia,https://tabiji.ai/compare/vanuatu-vs-new-caledonia/,vanuatu vs new caledonia,20,new caledonia vs vanuatu,20,vanuatu vs new caledonia,20,40
venice-vs-amsterdam,https://tabiji.ai/compare/venice-vs-amsterdam/,venice vs amsterdam,20,amsterdam vs venice,20,venice vs amsterdam,20,40
vilnius-vs-kaunas,https://tabiji.ai/compare/vilnius-vs-kaunas/,vilnius vs kaunas,20,kaunas vs vilnius,20,vilnius vs kaunas,20,40
vilnius-vs-riga,https://tabiji.ai/compare/vilnius-vs-riga/,vilnius vs riga,20,riga vs vilnius,20,vilnius vs riga,20,40
vilnius-vs-tallinn,https://tabiji.ai/compare/vilnius-vs-tallinn/,vilnius vs tallinn,20,tallinn vs vilnius,20,vilnius vs tallinn,20,40
vis-vs-brac,https://tabiji.ai/compare/vis-vs-brac/,vis vs brac,20,brac vs vis,0,vis vs brac,20,20
warsaw-vs-berlin,https://tabiji.ai/compare/warsaw-vs-berlin/,warsaw vs berlin,0,berlin vs warsaw,20,berlin vs warsaw,20,20
warsaw-vs-budapest,https://tabiji.ai/compare/warsaw-vs-budapest/,warsaw vs budapest,20,budapest vs warsaw,0,warsaw vs budapest,20,20
warsaw-vs-prague,https://tabiji.ai/compare/warsaw-vs-prague/,warsaw vs prague,20,prague vs warsaw,20,warsaw vs prague,20,40
wroclaw-vs-krakow,https://tabiji.ai/compare/wroclaw-vs-krakow/,wroclaw vs krakow,20,krakow vs wroclaw,20,wroclaw vs krakow,20,40
yangon-vs-mandalay,https://tabiji.ai/compare/yangon-vs-mandalay/,yangon vs mandalay,20,mandalay vs yangon,0,yangon vs mandalay,20,20
york-vs-edinburgh,https://tabiji.ai/compare/york-vs-edinburgh/,york vs edinburgh,20,edinburgh vs york,20,york vs edinburgh,20,40
yunnan-vs-sichuan,https://tabiji.ai/compare/yunnan-vs-sichuan/,yunnan vs sichuan,20,sichuan vs yunnan,20,yunnan vs sichuan,20,40
zakynthos-vs-santorini,https://tabiji.ai/compare/zakynthos-vs-santorini/,zakynthos vs santorini,0,santorini vs zakynthos,20,santorini vs zakynthos,20,20
zanzibar-vs-cape-town,https://tabiji.ai/compare/zanzibar-vs-cape-town/,zanzibar vs cape town,20,cape town vs zanzibar,0,zanzibar vs cape town,20,20
zanzibar-vs-maldives,https://tabiji.ai/compare/zanzibar-vs-maldives/,zanzibar vs maldives,20,maldives vs zanzibar,20,zanzibar vs maldives,20,40
zanzibar-vs-mozambique,https://tabiji.ai/compare/zanzibar-vs-mozambique/,zanzibar vs mozambique,20,mozambique vs zanzibar,20,zanzibar vs mozambique,20,40
zurich-vs-paris,https://tabiji.ai/compare/zurich-vs-paris/,zurich vs paris,20,paris vs zurich,20,zurich vs paris,20,40
alishan-vs-taroko-gorge,https://tabiji.ai/compare/alishan-vs-taroko-gorge/,alishan vs taroko gorge,10,taroko gorge vs alishan,0,alishan vs taroko gorge,10,10
chiang-mai-vs-luang-prabang,https://tabiji.ai/compare/chiang-mai-vs-luang-prabang/,chiang mai vs luang prabang,0,luang prabang vs chiang mai,10,luang prabang vs chiang mai,10,10
dalmatian-coast-vs-amalfi-coast,https://tabiji.ai/compare/dalmatian-coast-vs-amalfi-coast/,dalmatian coast vs amalfi coast,0,amalfi coast vs dalmatian coast,10,amalfi coast vs dalmatian coast,10,10
guilin-vs-yangshuo,https://tabiji.ai/compare/guilin-vs-yangshuo/,guilin vs yangshuo,10,yangshuo vs guilin,0,guilin vs yangshuo,10,10
hakodate-vs-sapporo,https://tabiji.ai/compare/hakodate-vs-sapporo/,hakodate vs sapporo,10,sapporo vs hakodate,0,hakodate vs sapporo,10,10
hakone-vs-nikko,https://tabiji.ai/compare/hakone-vs-nikko/,hakone vs nikko,10,nikko vs hakone,10,hakone vs nikko,10,20
isle-of-skye-vs-highlands,https://tabiji.ai/compare/isle-of-skye-vs-highlands/,isle of skye vs highlands,10,highlands vs isle of skye,0,isle of skye vs highlands,10,10
jiufen-vs-shifen,https://tabiji.ai/compare/jiufen-vs-shifen/,jiufen vs shifen,0,shifen vs jiufen,10,shifen vs jiufen,10,10
kathmandu-vs-pokhara,https://tabiji.ai/compare/kathmandu-vs-pokhara/,kathmandu vs pokhara,10,pokhara vs kathmandu,10,kathmandu vs pokhara,10,20
kovalam-vs-varkala,https://tabiji.ai/compare/kovalam-vs-varkala/,kovalam vs varkala,10,varkala vs kovalam,0,kovalam vs varkala,10,10
lanzarote-vs-fuerteventura,https://tabiji.ai/compare/lanzarote-vs-fuerteventura/,lanzarote vs fuerteventura,10,fuerteventura vs lanzarote,10,lanzarote vs fuerteventura,10,20
manali-vs-leh,https://tabiji.ai/compare/manali-vs-leh/,manali vs leh,0,leh vs manali,10,leh vs manali,10,10
matsumoto-vs-kyoto,https://tabiji.ai/compare/matsumoto-vs-kyoto/,matsumoto vs kyoto,10,kyoto vs matsumoto,10,matsumoto vs kyoto,10,20
pai-vs-chiang-mai,https://tabiji.ai/compare/pai-vs-chiang-mai/,pai vs chiang mai,0,chiang mai vs pai,10,chiang mai vs pai,10,10
puglia-vs-calabria,https://tabiji.ai/compare/puglia-vs-calabria/,puglia vs calabria,0,calabria vs puglia,10,calabria vs puglia,10,10
seville-vs-lisbon,https://tabiji.ai/compare/seville-vs-lisbon/,seville vs lisbon,0,lisbon vs seville,10,lisbon vs seville,10,10
tel-aviv-vs-istanbul,https://tabiji.ai/compare/tel-aviv-vs-istanbul/,tel aviv vs istanbul,10,istanbul vs tel aviv,0,tel aviv vs istanbul,10,10
ubud-vs-canggu,https://tabiji.ai/compare/ubud-vs-canggu/,ubud vs canggu,0,canggu vs ubud,10,canggu vs ubud,10,10
varkala-vs-goa,https://tabiji.ai/compare/varkala-vs-goa/,varkala vs goa,0,goa vs varkala,10,goa vs varkala,10,10
vientiane-vs-luang-prabang,https://tabiji.ai/compare/vientiane-vs-luang-prabang/,vientiane vs luang prabang,10,luang prabang vs vientiane,0,vientiane vs luang prabang,10,10
abel-tasman-vs-milford-sound,https://tabiji.ai/compare/abel-tasman-vs-milford-sound/,abel tasman vs milford sound,0,milford sound vs abel tasman,0,abel tasman vs milford sound,0,0
abu-dhabi-vs-ras-al-khaimah,https://tabiji.ai/compare/abu-dhabi-vs-ras-al-khaimah/,abu dhabi vs ras al khaimah,0,ras al khaimah vs abu dhabi,0,abu dhabi vs ras al khaimah,0,0
addis-ababa-vs-simien-mountains,https://tabiji.ai/compare/addis-ababa-vs-simien-mountains/,addis ababa vs simien mountains,0,simien mountains vs addis ababa,0,addis ababa vs simien mountains,0,0
al-ula-vs-jeddah,https://tabiji.ai/compare/al-ula-vs-jeddah/,al ula vs jeddah,0,jeddah vs al ula,0,al ula vs jeddah,0,0
algarve-vs-amalfi-coast,https://tabiji.ai/compare/algarve-vs-amalfi-coast/,algarve vs amalfi coast,0,amalfi coast vs algarve,0,algarve vs amalfi coast,0,0
algarve-vs-costa-brava,https://tabiji.ai/compare/algarve-vs-costa-brava/,algarve vs costa brava,0,costa brava vs algarve,0,algarve vs costa brava,0,0
alsace-vs-loire-valley,https://tabiji.ai/compare/alsace-vs-loire-valley/,alsace vs loire valley,0,loire valley vs alsace,0,alsace vs loire valley,0,0
amazon-vs-borneo,https://tabiji.ai/compare/amazon-vs-borneo/,amazon vs borneo,0,borneo vs amazon,0,amazon vs borneo,0,0
amboseli-vs-serengeti,https://tabiji.ai/compare/amboseli-vs-serengeti/,amboseli vs serengeti,0,serengeti vs amboseli,0,amboseli vs serengeti,0,0
amed-vs-nusa-penida,https://tabiji.ai/compare/amed-vs-nusa-penida/,amed vs nusa penida,0,nusa penida vs amed,0,amed vs nusa penida,0,0
amman-vs-beirut,https://tabiji.ai/compare/amman-vs-beirut/,amman vs beirut,0,beirut vs amman,0,amman vs beirut,0,0
amritsar-vs-varanasi,https://tabiji.ai/compare/amritsar-vs-varanasi/,amritsar vs varanasi,0,varanasi vs amritsar,0,amritsar vs varanasi,0,0
andaman-islands-vs-lakshadweep,https://tabiji.ai/compare/andaman-islands-vs-lakshadweep/,andaman islands vs lakshadweep,0,lakshadweep vs andaman islands,0,andaman islands vs lakshadweep,0,0
andaman-islands-vs-maldives,https://tabiji.ai/compare/andaman-islands-vs-maldives/,andaman islands vs maldives,0,maldives vs andaman islands,0,andaman islands vs maldives,0,0
bacalar-vs-holbox,https://tabiji.ai/compare/bacalar-vs-holbox/,bacalar vs holbox,0,holbox vs bacalar,0,bacalar vs holbox,0,0
bagan-vs-luang-prabang,https://tabiji.ai/compare/bagan-vs-luang-prabang/,bagan vs luang prabang,0,luang prabang vs bagan,0,bagan vs luang prabang,0,0
bali-vs-medellin,https://tabiji.ai/compare/bali-vs-medellin/,bali vs medellin,0,medellin vs bali,0,bali vs medellin,0,0
bariloche-vs-el-calafate,https://tabiji.ai/compare/bariloche-vs-el-calafate/,bariloche vs el calafate,0,el calafate vs bariloche,0,bariloche vs el calafate,0,0
basle-vs-zurich,https://tabiji.ai/compare/basle-vs-zurich/,basle vs zurich,0,zurich vs basle,0,basle vs zurich,0,0
battambang-vs-kampot,https://tabiji.ai/compare/battambang-vs-kampot/,battambang vs kampot,0,kampot vs battambang,0,battambang vs kampot,0,0
bavarian-alps-vs-austrian-alps,https://tabiji.ai/compare/bavarian-alps-vs-austrian-alps/,bavarian alps vs austrian alps,0,austrian alps vs bavarian alps,0,bavarian alps vs austrian alps,0,0
beirut-vs-baalbek,https://tabiji.ai/compare/beirut-vs-baalbek/,beirut vs baalbek,0,baalbek vs beirut,0,beirut vs baalbek,0,0
bhutan-vs-ladakh,https://tabiji.ai/compare/bhutan-vs-ladakh/,bhutan vs ladakh,0,ladakh vs bhutan,0,bhutan vs ladakh,0,0
big-sur-vs-pacific-coast-highway,https://tabiji.ai/compare/big-sur-vs-pacific-coast-highway/,big sur vs pacific coast highway,0,pacific coast highway vs big sur,0,big sur vs pacific coast highway,0,0
blue-mountains-vs-hunter-valley,https://tabiji.ai/compare/blue-mountains-vs-hunter-valley/,blue mountains vs hunter valley,0,hunter valley vs blue mountains,0,blue mountains vs hunter valley,0,0
boracay-vs-siargao,https://tabiji.ai/compare/boracay-vs-siargao/,boracay vs siargao,0,siargao vs boracay,0,boracay vs siargao,0,0
bratislava-vs-ljubljana,https://tabiji.ai/compare/bratislava-vs-ljubljana/,bratislava vs ljubljana,0,ljubljana vs bratislava,0,bratislava vs ljubljana,0,0
budapest-vs-mexico-city,https://tabiji.ai/compare/budapest-vs-mexico-city/,budapest vs mexico city,0,mexico city vs budapest,0,budapest vs mexico city,0,0
cameron-highlands-vs-fraser-hill,https://tabiji.ai/compare/cameron-highlands-vs-fraser-hill/,cameron highlands vs fraser hill,0,fraser hill vs cameron highlands,0,cameron highlands vs fraser hill,0,0
canggu-vs-chiang-mai,https://tabiji.ai/compare/canggu-vs-chiang-mai/,canggu vs chiang mai,0,chiang mai vs canggu,0,canggu vs chiang mai,0,0
canggu-vs-da-nang,https://tabiji.ai/compare/canggu-vs-da-nang/,canggu vs da nang,0,da nang vs canggu,0,canggu vs da nang,0,0
cape-town-vs-garden-route,https://tabiji.ai/compare/cape-town-vs-garden-route/,cape town vs garden route,0,garden route vs cape town,0,cape town vs garden route,0,0
cape-town-vs-lisbon,https://tabiji.ai/compare/cape-town-vs-lisbon/,cape town vs lisbon,0,lisbon vs cape town,0,cape town vs lisbon,0,0
cape-town-vs-marrakech,https://tabiji.ai/compare/cape-town-vs-marrakech/,cape town vs marrakech,0,marrakech vs cape town,0,cape town vs marrakech,0,0
cesky-krumlov-vs-hallstatt,https://tabiji.ai/compare/cesky-krumlov-vs-hallstatt/,cesky krumlov vs hallstatt,0,hallstatt vs cesky krumlov,0,cesky krumlov vs hallstatt,0,0
chengdu-vs-xi-an,https://tabiji.ai/compare/chengdu-vs-xi-an/,chengdu vs xi an,0,xi an vs chengdu,0,chengdu vs xi an,0,0
chisinau-vs-bucharest,https://tabiji.ai/compare/chisinau-vs-bucharest/,chisinau vs bucharest,0,bucharest vs chisinau,0,chisinau vs bucharest,0,0
cinque-terre-vs-costa-brava,https://tabiji.ai/compare/cinque-terre-vs-costa-brava/,cinque terre vs costa brava,0,costa brava vs cinque terre,0,cinque terre vs costa brava,0,0
coromandel-vs-bay-of-islands,https://tabiji.ai/compare/coromandel-vs-bay-of-islands/,coromandel vs bay of islands,0,bay of islands vs coromandel,0,coromandel vs bay of islands,0,0
corsica-vs-crete,https://tabiji.ai/compare/corsica-vs-crete/,corsica vs crete,0,crete vs corsica,0,corsica vs crete,0,0
crete-vs-peloponnese,https://tabiji.ai/compare/crete-vs-peloponnese/,crete vs peloponnese,0,peloponnese vs crete,0,crete vs peloponnese,0,0
cusco-vs-arequipa,https://tabiji.ai/compare/cusco-vs-arequipa/,cusco vs arequipa,0,arequipa vs cusco,0,cusco vs arequipa,0,0
cusco-vs-kathmandu,https://tabiji.ai/compare/cusco-vs-kathmandu/,cusco vs kathmandu,0,kathmandu vs cusco,0,cusco vs kathmandu,0,0
dahab-vs-sharm-el-sheikh,https://tabiji.ai/compare/dahab-vs-sharm-el-sheikh/,dahab vs sharm el sheikh,0,sharm el sheikh vs dahab,0,dahab vs sharm el sheikh,0,0
dakar-vs-saint-louis,https://tabiji.ai/compare/dakar-vs-saint-louis/,dakar vs saint louis,0,saint louis vs dakar,0,dakar vs saint louis,0,0
dharamsala-vs-manali,https://tabiji.ai/compare/dharamsala-vs-manali/,dharamsala vs manali,0,manali vs dharamsala,0,dharamsala vs manali,0,0
diani-vs-zanzibar,https://tabiji.ai/compare/diani-vs-zanzibar/,diani vs zanzibar,0,zanzibar vs diani,0,diani vs zanzibar,0,0
djerba-vs-hammamet,https://tabiji.ai/compare/djerba-vs-hammamet/,djerba vs hammamet,0,hammamet vs djerba,0,djerba vs hammamet,0,0
douro-valley-vs-algarve,https://tabiji.ai/compare/douro-valley-vs-algarve/,douro valley vs algarve,0,algarve vs douro valley,0,douro valley vs algarve,0,0
east-timor-vs-bali,https://tabiji.ai/compare/east-timor-vs-bali/,east timor vs bali,0,bali vs east timor,0,east timor vs bali,0,0
etosha-vs-chobe,https://tabiji.ai/compare/etosha-vs-chobe/,etosha vs chobe,0,chobe vs etosha,0,etosha vs chobe,0,0
fez-vs-chefchaouen,https://tabiji.ai/compare/fez-vs-chefchaouen/,fez vs chefchaouen,0,chefchaouen vs fez,0,fez vs chefchaouen,0,0
galapagos-vs-amazon-ecuador,https://tabiji.ai/compare/galapagos-vs-amazon-ecuador/,galapagos vs amazon ecuador,0,amazon ecuador vs galapagos,0,galapagos vs amazon ecuador,0,0
galapagos-vs-great-barrier-reef,https://tabiji.ai/compare/galapagos-vs-great-barrier-reef/,galapagos vs great barrier reef,0,great barrier reef vs galapagos,0,galapagos vs great barrier reef,0,0
gangneung-vs-sokcho,https://tabiji.ai/compare/gangneung-vs-sokcho/,gangneung vs sokcho,0,sokcho vs gangneung,0,gangneung vs sokcho,0,0
garden-route-vs-route-62,https://tabiji.ai/compare/garden-route-vs-route-62/,garden route vs route 62,0,route 62 vs garden route,0,garden route vs route 62,0,0
granada-vs-leon-nicaragua,https://tabiji.ai/compare/granada-vs-leon-nicaragua/,granada vs leon nicaragua,0,leon nicaragua vs granada,0,granada vs leon nicaragua,0,0
great-ocean-road-vs-garden-route,https://tabiji.ai/compare/great-ocean-road-vs-garden-route/,great ocean road vs garden route,0,garden route vs great ocean road,0,great ocean road vs garden route,0,0
gyeongju-vs-andong,https://tabiji.ai/compare/gyeongju-vs-andong/,gyeongju vs andong,0,andong vs gyeongju,0,gyeongju vs andong,0,0
halifax-vs-st-johns,https://tabiji.ai/compare/halifax-vs-st-johns/,halifax vs st johns,0,st johns vs halifax,0,halifax vs st johns,0,0
hallstatt-vs-interlaken,https://tabiji.ai/compare/hallstatt-vs-interlaken/,hallstatt vs interlaken,0,interlaken vs hallstatt,0,hallstatt vs interlaken,0,0
hampi-vs-mysore,https://tabiji.ai/compare/hampi-vs-mysore/,hampi vs mysore,0,mysore vs hampi,0,hampi vs mysore,0,0
hampi-vs-varanasi,https://tabiji.ai/compare/hampi-vs-varanasi/,hampi vs varanasi,0,varanasi vs hampi,0,hampi vs varanasi,0,0
havana-vs-trinidad-cuba,https://tabiji.ai/compare/havana-vs-trinidad-cuba/,havana vs trinidad cuba,0,trinidad cuba vs havana,0,havana vs trinidad cuba,0,0
hoi-an-vs-oaxaca,https://tabiji.ai/compare/hoi-an-vs-oaxaca/,hoi an vs oaxaca,0,oaxaca vs hoi an,0,hoi an vs oaxaca,0,0
hokkaido-vs-kyushu,https://tabiji.ai/compare/hokkaido-vs-kyushu/,hokkaido vs kyushu,0,kyushu vs hokkaido,0,hokkaido vs kyushu,0,0
hpa-an-vs-inle-lake,https://tabiji.ai/compare/hpa-an-vs-inle-lake/,hpa an vs inle lake,0,inle lake vs hpa an,0,hpa an vs inle lake,0,0
huacachina-vs-nazca,https://tabiji.ai/compare/huacachina-vs-nazca/,huacachina vs nazca,0,nazca vs huacachina,0,huacachina vs nazca,0,0
hualien-vs-taipei,https://tabiji.ai/compare/hualien-vs-taipei/,hualien vs taipei,0,taipei vs hualien,0,hualien vs taipei,0,0
inca-trail-vs-w-trek,https://tabiji.ai/compare/inca-trail-vs-w-trek/,inca trail vs w trek,0,w trek vs inca trail,0,inca trail vs w trek,0,0
jeonju-vs-busan,https://tabiji.ai/compare/jeonju-vs-busan/,jeonju vs busan,0,busan vs jeonju,0,jeonju vs busan,0,0
jerusalem-vs-amman,https://tabiji.ai/compare/jerusalem-vs-amman/,jerusalem vs amman,0,amman vs jerusalem,0,jerusalem vs amman,0,0
kagoshima-vs-okinawa,https://tabiji.ai/compare/kagoshima-vs-okinawa/,kagoshima vs okinawa,0,okinawa vs kagoshima,0,kagoshima vs okinawa,0,0
kangaroo-island-vs-phillip-island,https://tabiji.ai/compare/kangaroo-island-vs-phillip-island/,kangaroo island vs phillip island,0,phillip island vs kangaroo island,0,kangaroo island vs phillip island,0,0
kochi-vs-munnar,https://tabiji.ai/compare/kochi-vs-munnar/,kochi vs munnar,0,munnar vs kochi,0,kochi vs munnar,0,0
kolkata-vs-varanasi,https://tabiji.ai/compare/kolkata-vs-varanasi/,kolkata vs varanasi,0,varanasi vs kolkata,0,kolkata vs varanasi,0,0
komodo-vs-galapagos,https://tabiji.ai/compare/komodo-vs-galapagos/,komodo vs galapagos,0,galapagos vs komodo,0,komodo vs galapagos,0,0
koyasan-vs-kumano-kodo,https://tabiji.ai/compare/koyasan-vs-kumano-kodo/,koyasan vs kumano kodo,0,kumano kodo vs koyasan,0,koyasan vs kumano kodo,0,0
kruger-vs-okavango-delta,https://tabiji.ai/compare/kruger-vs-okavango-delta/,kruger vs okavango delta,0,okavango delta vs kruger,0,kruger vs okavango delta,0,0
kyoto-vs-bangkok,https://tabiji.ai/compare/kyoto-vs-bangkok/,kyoto vs bangkok,0,bangkok vs kyoto,0,kyoto vs bangkok,0,0
kyoto-vs-marrakech,https://tabiji.ai/compare/kyoto-vs-marrakech/,kyoto vs marrakech,0,marrakech vs kyoto,0,kyoto vs marrakech,0,0
kyoto-vs-seoul,https://tabiji.ai/compare/kyoto-vs-seoul/,kyoto vs seoul,0,seoul vs kyoto,0,kyoto vs seoul,0,0
ladakh-vs-nepal,https://tabiji.ai/compare/ladakh-vs-nepal/,ladakh vs nepal,0,nepal vs ladakh,0,ladakh vs nepal,0,0
lake-bled-vs-hallstatt,https://tabiji.ai/compare/lake-bled-vs-hallstatt/,lake bled vs hallstatt,0,hallstatt vs lake bled,0,lake bled vs hallstatt,0,0
lake-bled-vs-lake-atitlan,https://tabiji.ai/compare/lake-bled-vs-lake-atitlan/,lake bled vs lake atitlan,0,lake atitlan vs lake bled,0,lake bled vs lake atitlan,0,0
lake-como-vs-french-riviera,https://tabiji.ai/compare/lake-como-vs-french-riviera/,lake como vs french riviera,0,french riviera vs lake como,0,lake como vs french riviera,0,0
lalibela-vs-axum,https://tabiji.ai/compare/lalibela-vs-axum/,lalibela vs axum,0,axum vs lalibela,0,lalibela vs axum,0,0
lijiang-vs-dali,https://tabiji.ai/compare/lijiang-vs-dali/,lijiang vs dali,0,dali vs lijiang,0,lijiang vs dali,0,0
lijiang-vs-kunming,https://tabiji.ai/compare/lijiang-vs-kunming/,lijiang vs kunming,0,kunming vs lijiang,0,lijiang vs kunming,0,0
lisbon-vs-tbilisi,https://tabiji.ai/compare/lisbon-vs-tbilisi/,lisbon vs tbilisi,0,tbilisi vs lisbon,0,lisbon vs tbilisi,0,0
luang-prabang-vs-siem-reap,https://tabiji.ai/compare/luang-prabang-vs-siem-reap/,luang prabang vs siem reap,0,siem reap vs luang prabang,0,luang prabang vs siem reap,0,0
lucerne-vs-grindelwald,https://tabiji.ai/compare/lucerne-vs-grindelwald/,lucerne vs grindelwald,0,grindelwald vs lucerne,0,lucerne vs grindelwald,0,0
lyon-vs-bologna,https://tabiji.ai/compare/lyon-vs-bologna/,lyon vs bologna,0,bologna vs lyon,0,lyon vs bologna,0,0
mae-hong-son-vs-pai,https://tabiji.ai/compare/mae-hong-son-vs-pai/,mae hong son vs pai,0,pai vs mae hong son,0,mae hong son vs pai,0,0
malacca-vs-george-town,https://tabiji.ai/compare/malacca-vs-george-town/,malacca vs george town,0,george town vs malacca,0,malacca vs george town,0,0
mancora-vs-huanchaco,https://tabiji.ai/compare/mancora-vs-huanchaco/,mancora vs huanchaco,0,huanchaco vs mancora,0,mancora vs huanchaco,0,0
margaret-river-vs-barossa-valley,https://tabiji.ai/compare/margaret-river-vs-barossa-valley/,margaret river vs barossa valley,0,barossa valley vs margaret river,0,margaret river vs barossa valley,0,0
maui-vs-maldives,https://tabiji.ai/compare/maui-vs-maldives/,maui vs maldives,0,maldives vs maui,0,maui vs maldives,0,0
medellin-vs-chiang-mai,https://tabiji.ai/compare/medellin-vs-chiang-mai/,medellin vs chiang mai,0,chiang mai vs medellin,0,medellin vs chiang mai,0,0
miyajima-vs-naoshima,https://tabiji.ai/compare/miyajima-vs-naoshima/,miyajima vs naoshima,0,naoshima vs miyajima,0,miyajima vs naoshima,0,0
naoshima-vs-teshima,https://tabiji.ai/compare/naoshima-vs-teshima/,naoshima vs teshima,0,teshima vs naoshima,0,naoshima vs teshima,0,0
napa-valley-vs-tuscany,https://tabiji.ai/compare/napa-valley-vs-tuscany/,napa valley vs tuscany,0,tuscany vs napa valley,0,napa valley vs tuscany,0,0
new-orleans-vs-mexico-city,https://tabiji.ai/compare/new-orleans-vs-mexico-city/,new orleans vs mexico city,0,mexico city vs new orleans,0,new orleans vs mexico city,0,0
ngorongoro-vs-serengeti,https://tabiji.ai/compare/ngorongoro-vs-serengeti/,ngorongoro vs serengeti,0,serengeti vs ngorongoro,0,ngorongoro vs serengeti,0,0
normandy-vs-provence,https://tabiji.ai/compare/normandy-vs-provence/,normandy vs provence,0,provence vs normandy,0,normandy vs provence,0,0
nosy-be-vs-zanzibar,https://tabiji.ai/compare/nosy-be-vs-zanzibar/,nosy be vs zanzibar,0,zanzibar vs nosy be,0,nosy be vs zanzibar,0,0
oaxaca-vs-chiang-mai,https://tabiji.ai/compare/oaxaca-vs-chiang-mai/,oaxaca vs chiang mai,0,chiang mai vs oaxaca,0,oaxaca vs chiang mai,0,0
ohrid-vs-kotor,https://tabiji.ai/compare/ohrid-vs-kotor/,ohrid vs kotor,0,kotor vs ohrid,0,ohrid vs kotor,0,0
osaka-vs-bangkok,https://tabiji.ai/compare/osaka-vs-bangkok/,osaka vs bangkok,0,bangkok vs osaka,0,osaka vs bangkok,0,0
osaka-vs-taipei,https://tabiji.ai/compare/osaka-vs-taipei/,osaka vs taipei,0,taipei vs osaka,0,osaka vs taipei,0,0
otaru-vs-hakodate,https://tabiji.ai/compare/otaru-vs-hakodate/,otaru vs hakodate,0,hakodate vs otaru,0,otaru vs hakodate,0,0
paris-vs-santorini,https://tabiji.ai/compare/paris-vs-santorini/,paris vs santorini,0,santorini vs paris,0,paris vs santorini,0,0
peloponnese-vs-cyclades,https://tabiji.ai/compare/peloponnese-vs-cyclades/,peloponnese vs cyclades,0,cyclades vs peloponnese,0,peloponnese vs cyclades,0,0
pemba-vs-zanzibar,https://tabiji.ai/compare/pemba-vs-zanzibar/,pemba vs zanzibar,0,zanzibar vs pemba,0,pemba vs zanzibar,0,0
penang-vs-bangkok,https://tabiji.ai/compare/penang-vs-bangkok/,penang vs bangkok,0,bangkok vs penang,0,penang vs bangkok,0,0
penang-vs-taipei,https://tabiji.ai/compare/penang-vs-taipei/,penang vs taipei,0,taipei vs penang,0,penang vs taipei,0,0
petra-vs-jerash,https://tabiji.ai/compare/petra-vs-jerash/,petra vs jerash,0,jerash vs petra,0,petra vs jerash,0,0
phnom-penh-vs-vientiane,https://tabiji.ai/compare/phnom-penh-vs-vientiane/,phnom penh vs vientiane,0,vientiane vs phnom penh,0,phnom penh vs vientiane,0,0
playa-del-carmen-vs-lisbon,https://tabiji.ai/compare/playa-del-carmen-vs-lisbon/,playa del carmen vs lisbon,0,lisbon vs playa del carmen,0,playa del carmen vs lisbon,0,0
playa-del-carmen-vs-medellin,https://tabiji.ai/compare/playa-del-carmen-vs-medellin/,playa del carmen vs medellin,0,medellin vs playa del carmen,0,playa del carmen vs medellin,0,0
plovdiv-vs-bucharest,https://tabiji.ai/compare/plovdiv-vs-bucharest/,plovdiv vs bucharest,0,bucharest vs plovdiv,0,plovdiv vs bucharest,0,0
porto-vs-buenos-aires,https://tabiji.ai/compare/porto-vs-buenos-aires/,porto vs buenos aires,0,buenos aires vs porto,0,porto vs buenos aires,0,0
porto-vs-krakow,https://tabiji.ai/compare/porto-vs-krakow/,porto vs krakow,0,krakow vs porto,0,porto vs krakow,0,0
pushkar-vs-jodhpur,https://tabiji.ai/compare/pushkar-vs-jodhpur/,pushkar vs jodhpur,0,jodhpur vs pushkar,0,pushkar vs jodhpur,0,0
queenstown-vs-chamonix,https://tabiji.ai/compare/queenstown-vs-chamonix/,queenstown vs chamonix,0,chamonix vs queenstown,0,queenstown vs chamonix,0,0
queenstown-vs-interlaken,https://tabiji.ai/compare/queenstown-vs-interlaken/,queenstown vs interlaken,0,interlaken vs queenstown,0,queenstown vs interlaken,0,0
raja-ampat-vs-great-barrier-reef,https://tabiji.ai/compare/raja-ampat-vs-great-barrier-reef/,raja ampat vs great barrier reef,0,great barrier reef vs raja ampat,0,raja ampat vs great barrier reef,0,0
reykjavik-vs-bergen,https://tabiji.ai/compare/reykjavik-vs-bergen/,reykjavik vs bergen,0,bergen vs reykjavik,0,reykjavik vs bergen,0,0
reykjavik-vs-edinburgh,https://tabiji.ai/compare/reykjavik-vs-edinburgh/,reykjavik vs edinburgh,0,edinburgh vs reykjavik,0,reykjavik vs edinburgh,0,0
reykjavik-vs-stockholm,https://tabiji.ai/compare/reykjavik-vs-stockholm/,reykjavik vs stockholm,0,stockholm vs reykjavik,0,reykjavik vs stockholm,0,0
ring-of-kerry-vs-wild-atlantic-way,https://tabiji.ai/compare/ring-of-kerry-vs-wild-atlantic-way/,ring of kerry vs wild atlantic way,0,wild atlantic way vs ring of kerry,0,ring of kerry vs wild atlantic way,0,0
rishikesh-vs-dharamsala,https://tabiji.ai/compare/rishikesh-vs-dharamsala/,rishikesh vs dharamsala,0,dharamsala vs rishikesh,0,rishikesh vs dharamsala,0,0
riviera-maya-vs-yucatan,https://tabiji.ai/compare/riviera-maya-vs-yucatan/,riviera maya vs yucatan,0,yucatan vs riviera maya,0,riviera maya vs yucatan,0,0
sacred-valley-vs-colca-canyon,https://tabiji.ai/compare/sacred-valley-vs-colca-canyon/,sacred valley vs colca canyon,0,colca canyon vs sacred valley,0,sacred valley vs colca canyon,0,0
san-sebastian-vs-bologna,https://tabiji.ai/compare/san-sebastian-vs-bologna/,san sebastian vs bologna,0,bologna vs san sebastian,0,san sebastian vs bologna,0,0
santorini-vs-tulum,https://tabiji.ai/compare/santorini-vs-tulum/,santorini vs tulum,0,tulum vs santorini,0,santorini vs tulum,0,0
sao-tome-vs-cape-verde,https://tabiji.ai/compare/sao-tome-vs-cape-verde/,sao tome vs cape verde,0,cape verde vs sao tome,0,sao tome vs cape verde,0,0
scottish-highlands-vs-lake-district,https://tabiji.ai/compare/scottish-highlands-vs-lake-district/,scottish highlands vs lake district,0,lake district vs scottish highlands,0,scottish highlands vs lake district,0,0
scottish-highlands-vs-norwegian-fjords,https://tabiji.ai/compare/scottish-highlands-vs-norwegian-fjords/,scottish highlands vs norwegian fjords,0,norwegian fjords vs scottish highlands,0,scottish highlands vs norwegian fjords,0,0
shimokitazawa-vs-golden-gai,https://tabiji.ai/compare/shimokitazawa-vs-golden-gai/,shimokitazawa vs golden gai,0,golden gai vs shimokitazawa,0,shimokitazawa vs golden gai,0,0
shirakawa-go-vs-takayama,https://tabiji.ai/compare/shirakawa-go-vs-takayama/,shirakawa go vs takayama,0,takayama vs shirakawa go,0,shirakawa go vs takayama,0,0
siargao-vs-la-union,https://tabiji.ai/compare/siargao-vs-la-union/,siargao vs la union,0,la union vs siargao,0,siargao vs la union,0,0
sossusvlei-vs-fish-river-canyon,https://tabiji.ai/compare/sossusvlei-vs-fish-river-canyon/,sossusvlei vs fish river canyon,0,fish river canyon vs sossusvlei,0,sossusvlei vs fish river canyon,0,0
south-france-vs-south-spain,https://tabiji.ai/compare/south-france-vs-south-spain/,south france vs south spain,0,south spain vs south france,0,south france vs south spain,0,0
stone-town-vs-jambiani,https://tabiji.ai/compare/stone-town-vs-jambiani/,stone town vs jambiani,0,jambiani vs stone town,0,stone town vs jambiani,0,0
swiss-alps-vs-french-riviera,https://tabiji.ai/compare/swiss-alps-vs-french-riviera/,swiss alps vs french riviera,0,french riviera vs swiss alps,0,swiss alps vs french riviera,0,0
patagonia-vs-swiss-alps,https://tabiji.ai/compare/patagonia-vs-swiss-alps/,patagonia vs swiss alps,0,swiss alps vs patagonia,0,patagonia vs swiss alps,0,0
tasmania-vs-south-island,https://tabiji.ai/compare/tasmania-vs-south-island/,tasmania vs south island,0,south island vs tasmania,0,tasmania vs south island,0,0
tbilisi-vs-bangkok,https://tabiji.ai/compare/tbilisi-vs-bangkok/,tbilisi vs bangkok,0,bangkok vs tbilisi,0,tbilisi vs bangkok,0,0
tbilisi-vs-medellin,https://tabiji.ai/compare/tbilisi-vs-medellin/,tbilisi vs medellin,0,medellin vs tbilisi,0,tbilisi vs medellin,0,0
tbilisi-vs-tirana,https://tabiji.ai/compare/tbilisi-vs-tirana/,tbilisi vs tirana,0,tirana vs tbilisi,0,tbilisi vs tirana,0,0
tirana-vs-sofia,https://tabiji.ai/compare/tirana-vs-sofia/,tirana vs sofia,0,sofia vs tirana,0,tirana vs sofia,0,0
tofino-vs-ucluelet,https://tabiji.ai/compare/tofino-vs-ucluelet/,tofino vs ucluelet,0,ucluelet vs tofino,0,tofino vs ucluelet,0,0
torres-del-paine-vs-mont-blanc,https://tabiji.ai/compare/torres-del-paine-vs-mont-blanc/,torres del paine vs mont blanc,0,mont blanc vs torres del paine,0,torres del paine vs mont blanc,0,0
toscana-vs-umbria,https://tabiji.ai/compare/toscana-vs-umbria/,toscana vs umbria,0,umbria vs toscana,0,toscana vs umbria,0,0
transylvania-vs-maramures,https://tabiji.ai/compare/transylvania-vs-maramures/,transylvania vs maramures,0,maramures vs transylvania,0,transylvania vs maramures,0,0
turin-vs-venice,https://tabiji.ai/compare/turin-vs-venice/,turin vs venice,0,venice vs turin,0,turin vs venice,0,0
tuscany-vs-santorini,https://tabiji.ai/compare/tuscany-vs-santorini/,tuscany vs santorini,0,santorini vs tuscany,0,tuscany vs santorini,0,0
uluru-vs-kakadu,https://tabiji.ai/compare/uluru-vs-kakadu/,uluru vs kakadu,0,kakadu vs uluru,0,uluru vs kakadu,0,0
uyuni-vs-atacama,https://tabiji.ai/compare/uyuni-vs-atacama/,uyuni vs atacama,0,atacama vs uyuni,0,uyuni vs atacama,0,0
valparaiso-vs-medellin,https://tabiji.ai/compare/valparaiso-vs-medellin/,valparaiso vs medellin,0,medellin vs valparaiso,0,valparaiso vs medellin,0,0
victoria-falls-vs-kruger,https://tabiji.ai/compare/victoria-falls-vs-kruger/,victoria falls vs kruger,0,kruger vs victoria falls,0,victoria falls vs kruger,0,0
vilnius-vs-warsaw,https://tabiji.ai/compare/vilnius-vs-warsaw/,vilnius vs warsaw,0,warsaw vs vilnius,0,vilnius vs warsaw,0,0
whitsundays-vs-great-barrier-reef,https://tabiji.ai/compare/whitsundays-vs-great-barrier-reef/,whitsundays vs great barrier reef,0,great barrier reef vs whitsundays,0,whitsundays vs great barrier reef,0,0
wild-atlantic-way-vs-nc500,https://tabiji.ai/compare/wild-atlantic-way-vs-nc500/,wild atlantic way vs nc500,0,nc500 vs wild atlantic way,0,wild atlantic way vs nc500,0,0
wroclaw-vs-berlin,https://tabiji.ai/compare/wroclaw-vs-berlin/,wroclaw vs berlin,0,berlin vs wroclaw,0,wroclaw vs berlin,0,0
xi-an-vs-beijing,https://tabiji.ai/compare/xi-an-vs-beijing/,xi an vs beijing,0,beijing vs xi an,0,xi an vs beijing,0,0
yakushima-vs-aso,https://tabiji.ai/compare/yakushima-vs-aso/,yakushima vs aso,0,aso vs yakushima,0,yakushima vs aso,0,0
yogyakarta-vs-solo,https://tabiji.ai/compare/yogyakarta-vs-solo/,yogyakarta vs solo,0,solo vs yogyakarta,0,yogyakarta vs solo,0,0
zagreb-vs-ljubljana,https://tabiji.ai/compare/zagreb-vs-ljubljana/,zagreb vs ljubljana,0,ljubljana vs zagreb,0,zagreb vs ljubljana,0,0
zanzibar-vs-goa,https://tabiji.ai/compare/zanzibar-vs-goa/,zanzibar vs goa,0,goa vs zanzibar,0,zanzibar vs goa,0,0
