tier,total_vol,best_vol,best_keyword,slug,url,vol_1,vol_2,keyword_1,keyword_2,likely_sports
1,640500,550000,india vs england,england-vs-india,https://tabiji.ai/compare/england-vs-india/,90500,550000,england vs india,india vs england,yes
1,466000,301000,portugal vs spain,portugal-vs-spain,https://tabiji.ai/compare/portugal-vs-spain/,301000,165000,portugal vs spain,spain vs portugal,yes
1,366000,201000,mexico vs usa,mexico-vs-usa,https://tabiji.ai/compare/mexico-vs-usa/,201000,165000,mexico vs usa,usa vs mexico,yes
1,275000,201000,india vs australia,australia-vs-india,https://tabiji.ai/compare/australia-vs-india/,74000,201000,australia vs india,india vs australia,yes
1,225500,165000,spain vs france,spain-vs-france,https://tabiji.ai/compare/spain-vs-france/,165000,60500,spain vs france,france vs spain,yes
1,214500,165000,mexico vs honduras,honduras-vs-mexico,https://tabiji.ai/compare/honduras-vs-mexico/,49500,165000,honduras vs mexico,mexico vs honduras,yes
1,159500,110000,argentina vs brazil,brazil-vs-argentina,https://tabiji.ai/compare/brazil-vs-argentina/,49500,110000,brazil vs argentina,argentina vs brazil,yes
1,150500,110000,india vs south africa,india-vs-south-africa,https://tabiji.ai/compare/india-vs-south-africa/,110000,40500,india vs south africa,south africa vs india,yes
1,143100,135000,mexico vs panama,mexico-vs-panama,https://tabiji.ai/compare/mexico-vs-panama/,135000,8100,mexico vs panama,panama vs mexico,yes
1,140000,90500,usa vs guatemala,guatemala-vs-usa,https://tabiji.ai/compare/guatemala-vs-usa/,49500,90500,guatemala vs usa,usa vs guatemala,yes
1,137100,110000,texas vs georgia,georgia-vs-texas,https://tabiji.ai/compare/georgia-vs-texas/,27100,110000,georgia vs texas,texas vs georgia,yes
1,131000,90500,argentina vs colombia,argentina-vs-colombia,https://tabiji.ai/compare/argentina-vs-colombia/,90500,40500,argentina vs colombia,colombia vs argentina,yes
1,128100,110000,mexico vs colombia,colombia-vs-mexico,https://tabiji.ai/compare/colombia-vs-mexico/,18100,110000,colombia vs mexico,mexico vs colombia,yes
1,114500,74000,barcelona vs valencia,valencia-vs-barcelona,https://tabiji.ai/compare/valencia-vs-barcelona/,40500,74000,valencia vs barcelona,barcelona vs valencia,yes
1,101100,74000,mexico vs canada,canada-vs-mexico,https://tabiji.ai/compare/canada-vs-mexico/,27100,74000,canada vs mexico,mexico vs canada,
1,93600,60500,brazil vs colombia,brazil-vs-colombia,https://tabiji.ai/compare/brazil-vs-colombia/,60500,33100,brazil vs colombia,colombia vs brazil,yes
1,92100,74000,portugal vs denmark,denmark-vs-portugal,https://tabiji.ai/compare/denmark-vs-portugal/,18100,74000,denmark vs portugal,portugal vs denmark,yes
1,90000,49500,germany vs portugal,germany-vs-portugal,https://tabiji.ai/compare/germany-vs-portugal/,49500,40500,germany vs portugal,portugal vs germany,yes
1,83900,74000,georgia vs florida,florida-vs-georgia,https://tabiji.ai/compare/florida-vs-georgia/,9900,74000,florida vs georgia,georgia vs florida,yes
1,82700,60500,india vs new zealand,india-vs-new-zealand,https://tabiji.ai/compare/india-vs-new-zealand/,60500,22200,india vs new zealand,new zealand vs india,yes
1,78600,60500,guatemala vs panama,guatemala-vs-panama,https://tabiji.ai/compare/guatemala-vs-panama/,60500,18100,guatemala vs panama,panama vs guatemala,yes
1,78400,74000,mexico vs japan,japan-vs-mexico,https://tabiji.ai/compare/japan-vs-mexico/,4400,74000,japan vs mexico,mexico vs japan,yes
1,75300,74000,mexico vs dominican republic,dominican-republic-vs-mexico,https://tabiji.ai/compare/dominican-republic-vs-mexico/,1300,74000,dominican republic vs mexico,mexico vs dominican republic,yes
1,73600,40500,barcelona vs mallorca,barcelona-vs-mallorca,https://tabiji.ai/compare/barcelona-vs-mallorca/,40500,33100,barcelona vs mallorca,mallorca vs barcelona,yes
1,70400,60500,mexico vs ecuador,ecuador-vs-mexico,https://tabiji.ai/compare/ecuador-vs-mexico/,9900,60500,ecuador vs mexico,mexico vs ecuador,yes
1,68600,60500,usa vs costa rica,costa-rica-vs-usa,https://tabiji.ai/compare/costa-rica-vs-usa/,8100,60500,costa rica vs usa,usa vs costa rica,yes
1,67600,49500,madrid vs barcelona,madrid-vs-barcelona,https://tabiji.ai/compare/madrid-vs-barcelona/,49500,18100,madrid vs barcelona,barcelona vs madrid,yes
1,67600,49500,spain vs netherlands,netherlands-vs-spain,https://tabiji.ai/compare/netherlands-vs-spain/,18100,49500,netherlands vs spain,spain vs netherlands,yes
1,62700,40500,uruguay vs argentina,argentina-vs-uruguay,https://tabiji.ai/compare/argentina-vs-uruguay/,22200,40500,argentina vs uruguay,uruguay vs argentina,yes
1,62700,40500,chile vs argentina,chile-vs-argentina,https://tabiji.ai/compare/chile-vs-argentina/,40500,22200,chile vs argentina,argentina vs chile,yes
1,58600,40500,portugal vs armenia,armenia-vs-portugal,https://tabiji.ai/compare/armenia-vs-portugal/,18100,40500,armenia vs portugal,portugal vs armenia,yes
1,58600,40500,ecuador vs brazil,brazil-vs-ecuador,https://tabiji.ai/compare/brazil-vs-ecuador/,18100,40500,brazil vs ecuador,ecuador vs brazil,yes
1,55300,40500,france vs croatia,croatia-vs-france,https://tabiji.ai/compare/croatia-vs-france/,14800,40500,croatia vs france,france vs croatia,yes
1,54900,49500,mexico vs uruguay,mexico-vs-uruguay,https://tabiji.ai/compare/mexico-vs-uruguay/,49500,5400,mexico vs uruguay,uruguay vs mexico,yes
1,54200,27100,ireland vs portugal,ireland-vs-portugal,https://tabiji.ai/compare/ireland-vs-portugal/,27100,27100,ireland vs portugal,portugal vs ireland,yes
1,52400,49500,mexico vs costa rica,costa-rica-vs-mexico,https://tabiji.ai/compare/costa-rica-vs-mexico/,2900,49500,costa rica vs mexico,mexico vs costa rica,yes
1,51400,49500,guadalajara vs barcelona,barcelona-vs-guadalajara,https://tabiji.ai/compare/barcelona-vs-guadalajara/,1900,49500,barcelona vs guadalajara,guadalajara vs barcelona,
1,51200,33100,honduras vs costa rica,costa-rica-vs-honduras,https://tabiji.ai/compare/costa-rica-vs-honduras/,18100,33100,costa rica vs honduras,honduras vs costa rica,yes
1,45900,40500,usa vs panama,panama-vs-usa,https://tabiji.ai/compare/panama-vs-usa/,5400,40500,panama vs usa,usa vs panama,yes
1,45200,33100,australia vs south africa,australia-vs-south-africa,https://tabiji.ai/compare/australia-vs-south-africa/,33100,12100,australia vs south africa,south africa vs australia,yes
1,45200,33100,bolivia vs brazil,bolivia-vs-brazil,https://tabiji.ai/compare/bolivia-vs-brazil/,33100,12100,bolivia vs brazil,brazil vs bolivia,yes
1,45200,27100,canada vs guatemala,canada-vs-guatemala,https://tabiji.ai/compare/canada-vs-guatemala/,27100,18100,canada vs guatemala,guatemala vs canada,
1,45200,33100,germany vs france,france-vs-germany,https://tabiji.ai/compare/france-vs-germany/,12100,33100,france vs germany,germany vs france,yes
1,43400,40500,mexico vs south korea,south-korea-vs-mexico,https://tabiji.ai/compare/south-korea-vs-mexico/,2900,40500,south korea vs mexico,mexico vs south korea,yes
1,41900,27100,portugal vs hungary,hungary-vs-portugal,https://tabiji.ai/compare/hungary-vs-portugal/,14800,27100,hungary vs portugal,portugal vs hungary,yes
1,40980,40500,mexico vs switzerland,mexico-vs-switzerland,https://tabiji.ai/compare/mexico-vs-switzerland/,40500,480,mexico vs switzerland,switzerland vs mexico,yes
1,40300,22200,norway vs italy,italy-vs-norway,https://tabiji.ai/compare/italy-vs-norway/,18100,22200,italy vs norway,norway vs italy,yes
1,37500,33100,colombia vs bolivia,bolivia-vs-colombia,https://tabiji.ai/compare/bolivia-vs-colombia/,4400,33100,bolivia vs colombia,colombia vs bolivia,yes
1,37500,33100,colombia vs canada,canada-vs-colombia,https://tabiji.ai/compare/canada-vs-colombia/,4400,33100,canada vs colombia,colombia vs canada,
1,36000,33100,mexico vs turkey,mexico-vs-turkey,https://tabiji.ai/compare/mexico-vs-turkey/,33100,2900,mexico vs turkey,turkey vs mexico,yes
1,34300,22200,peru vs ecuador,peru-vs-ecuador,https://tabiji.ai/compare/peru-vs-ecuador/,22200,12100,peru vs ecuador,ecuador vs peru,yes
1,33700,27100,colombia vs peru,colombia-vs-peru,https://tabiji.ai/compare/colombia-vs-peru/,27100,6600,colombia vs peru,peru vs colombia,yes
1,32900,18100,germany vs italy,germany-vs-italy,https://tabiji.ai/compare/germany-vs-italy/,18100,14800,germany vs italy,italy vs germany,yes
1,32900,18100,panama vs honduras,honduras-vs-panama,https://tabiji.ai/compare/honduras-vs-panama/,14800,18100,honduras vs panama,panama vs honduras,yes
1,31500,27100,usa vs uruguay,uruguay-vs-usa,https://tabiji.ai/compare/uruguay-vs-usa/,4400,27100,uruguay vs usa,usa vs uruguay,yes
1,30300,22200,mexico vs argentina,argentina-vs-mexico,https://tabiji.ai/compare/argentina-vs-mexico/,8100,22200,argentina vs mexico,mexico vs argentina,yes
1,30300,22200,puerto rico vs argentina,argentina-vs-puerto-rico,https://tabiji.ai/compare/argentina-vs-puerto-rico/,8100,22200,argentina vs puerto rico,puerto rico vs argentina,
1,30300,22200,japan vs brazil,japan-vs-brazil,https://tabiji.ai/compare/japan-vs-brazil/,22200,8100,japan vs brazil,brazil vs japan,yes
1,30200,18100,usa vs ecuador,ecuador-vs-usa,https://tabiji.ai/compare/ecuador-vs-usa/,12100,18100,ecuador vs usa,usa vs ecuador,yes
1,30200,18100,england vs spain,england-vs-spain,https://tabiji.ai/compare/england-vs-spain/,18100,12100,england vs spain,spain vs england,yes
1,29000,27100,usa vs japan,japan-vs-usa,https://tabiji.ai/compare/japan-vs-usa/,1900,27100,japan vs usa,usa vs japan,yes
1,28000,18100,chile vs bolivia,bolivia-vs-chile,https://tabiji.ai/compare/bolivia-vs-chile/,9900,18100,bolivia vs chile,chile vs bolivia,yes
1,28000,18100,spain vs bulgaria,bulgaria-vs-spain,https://tabiji.ai/compare/bulgaria-vs-spain/,9900,18100,bulgaria vs spain,spain vs bulgaria,yes
1,28000,18100,spain vs georgia,georgia-vs-spain,https://tabiji.ai/compare/georgia-vs-spain/,9900,18100,georgia vs spain,spain vs georgia,yes
1,26900,14800,chile vs ecuador,chile-vs-ecuador,https://tabiji.ai/compare/chile-vs-ecuador/,14800,12100,chile vs ecuador,ecuador vs chile,yes
1,26900,14800,jamaica vs guatemala,guatemala-vs-jamaica,https://tabiji.ai/compare/guatemala-vs-jamaica/,12100,14800,guatemala vs jamaica,jamaica vs guatemala,yes
1,25800,22200,bolivia vs uruguay,bolivia-vs-uruguay,https://tabiji.ai/compare/bolivia-vs-uruguay/,22200,3600,bolivia vs uruguay,uruguay vs bolivia,yes
1,24700,14800,england vs serbia,england-vs-serbia,https://tabiji.ai/compare/england-vs-serbia/,14800,9900,england vs serbia,serbia vs england,yes
1,24700,14800,england vs south africa,england-vs-south-africa,https://tabiji.ai/compare/england-vs-south-africa/,14800,9900,england vs south africa,south africa vs england,yes
1,24700,14800,italy vs israel,israel-vs-italy,https://tabiji.ai/compare/israel-vs-italy/,9900,14800,israel vs italy,italy vs israel,yes
1,23500,22200,usa vs south korea,south-korea-vs-usa,https://tabiji.ai/compare/south-korea-vs-usa/,1300,22200,south korea vs usa,usa vs south korea,yes
1,22900,14800,england vs albania,albania-vs-england,https://tabiji.ai/compare/albania-vs-england/,8100,14800,albania vs england,england vs albania,yes
1,22000,12100,costa rica vs nicaragua,nicaragua-vs-costa-rica,https://tabiji.ai/compare/nicaragua-vs-costa-rica/,9900,12100,nicaragua vs costa rica,costa rica vs nicaragua,yes
1,21400,14800,france vs iceland,france-vs-iceland,https://tabiji.ai/compare/france-vs-iceland/,14800,6600,france vs iceland,iceland vs france,yes
1,20200,14800,new zealand vs south africa,new-zealand-vs-south-africa,https://tabiji.ai/compare/new-zealand-vs-south-africa/,14800,5400,new zealand vs south africa,south africa vs new zealand,yes
1,19200,14800,south korea vs brazil,brazil-vs-south-korea,https://tabiji.ai/compare/brazil-vs-south-korea/,4400,14800,brazil vs south korea,south korea vs brazil,yes
1,19200,14800,canada vs honduras,canada-vs-honduras,https://tabiji.ai/compare/canada-vs-honduras/,14800,4400,canada vs honduras,honduras vs canada,
1,18820,18100,brazil vs senegal,brazil-vs-senegal,https://tabiji.ai/compare/brazil-vs-senegal/,18100,720,brazil vs senegal,senegal vs brazil,yes
1,18700,12100,england vs latvia,england-vs-latvia,https://tabiji.ai/compare/england-vs-latvia/,12100,6600,england vs latvia,latvia vs england,yes
1,18690,18100,usa vs australia,australia-vs-usa,https://tabiji.ai/compare/australia-vs-usa/,590,18100,australia vs usa,usa vs australia,yes
1,16500,9900,france vs azerbaijan,azerbaijan-vs-france,https://tabiji.ai/compare/azerbaijan-vs-france/,6600,9900,azerbaijan vs france,france vs azerbaijan,yes
1,16500,12100,usa vs brazil,brazil-vs-usa,https://tabiji.ai/compare/brazil-vs-usa/,4400,12100,brazil vs usa,usa vs brazil,yes
1,16400,14800,england vs senegal,england-vs-senegal,https://tabiji.ai/compare/england-vs-senegal/,14800,1600,england vs senegal,senegal vs england,yes
1,16400,14800,peru vs bolivia,peru-vs-bolivia,https://tabiji.ai/compare/peru-vs-bolivia/,14800,1600,peru vs bolivia,bolivia vs peru,yes
1,16200,8100,germany vs spain,germany-vs-spain,https://tabiji.ai/compare/germany-vs-spain/,8100,8100,germany vs spain,spain vs germany,yes
1,15300,9900,spain vs turkey,spain-vs-turkey,https://tabiji.ai/compare/spain-vs-turkey/,9900,5400,spain vs turkey,turkey vs spain,yes
1,14700,8100,sri lanka vs australia,australia-vs-sri-lanka,https://tabiji.ai/compare/australia-vs-sri-lanka/,6600,8100,australia vs sri lanka,sri lanka vs australia,yes
1,14700,8100,chile vs peru,chile-vs-peru,https://tabiji.ai/compare/chile-vs-peru/,8100,6600,chile vs peru,peru vs chile,yes
1,14700,8100,greece vs scotland,greece-vs-scotland,https://tabiji.ai/compare/greece-vs-scotland/,8100,6600,greece vs scotland,scotland vs greece,yes
1,14700,8100,poland vs netherlands,netherlands-vs-poland,https://tabiji.ai/compare/netherlands-vs-poland/,6600,8100,netherlands vs poland,poland vs netherlands,yes
1,14500,12100,usa vs sweden,sweden-vs-usa,https://tabiji.ai/compare/sweden-vs-usa/,2400,12100,sweden vs usa,usa vs sweden,yes
1,13700,12100,england vs italy,england-vs-italy,https://tabiji.ai/compare/england-vs-italy/,12100,1600,england vs italy,italy vs england,yes
1,13500,9900,argentina vs france,argentina-vs-france,https://tabiji.ai/compare/argentina-vs-france/,9900,3600,argentina vs france,france vs argentina,yes
1,13500,9900,germany vs slovakia,germany-vs-slovakia,https://tabiji.ai/compare/germany-vs-slovakia/,9900,3600,germany vs slovakia,slovakia vs germany,yes
1,13500,8100,honduras vs guatemala,honduras-vs-guatemala,https://tabiji.ai/compare/honduras-vs-guatemala/,8100,5400,honduras vs guatemala,guatemala vs honduras,yes
1,13500,9900,mexico vs portugal,mexico-vs-portugal,https://tabiji.ai/compare/mexico-vs-portugal/,9900,3600,mexico vs portugal,portugal vs mexico,yes
1,13200,6600,jamaica vs trinidad and tobago,jamaica-vs-trinidad-and-tobago,https://tabiji.ai/compare/jamaica-vs-trinidad-and-tobago/,6600,6600,jamaica vs trinidad and tobago,trinidad and tobago vs jamaica,yes
1,13100,12100,brazil vs chile,brazil-vs-chile,https://tabiji.ai/compare/brazil-vs-chile/,12100,1000,brazil vs chile,chile vs brazil,yes
1,13100,12100,liverpool vs milan,liverpool-vs-milan,https://tabiji.ai/compare/liverpool-vs-milan/,12100,1000,liverpool vs milan,milan vs liverpool,yes
1,12800,9900,norway vs israel,israel-vs-norway,https://tabiji.ai/compare/israel-vs-norway/,2900,9900,israel vs norway,norway vs israel,yes
1,12500,8100,california vs hawaii,california-vs-hawaii,https://tabiji.ai/compare/california-vs-hawaii/,8100,4400,california vs hawaii,hawaii vs california,
1,12500,8100,hungary vs ireland,hungary-vs-ireland,https://tabiji.ai/compare/hungary-vs-ireland/,8100,4400,hungary vs ireland,ireland vs hungary,yes
1,12310,12100,colombia vs new zealand,colombia-vs-new-zealand,https://tabiji.ai/compare/colombia-vs-new-zealand/,12100,210,colombia vs new zealand,new zealand vs colombia,yes
1,12300,9900,scotland vs denmark,denmark-vs-scotland,https://tabiji.ai/compare/denmark-vs-scotland/,2400,9900,denmark vs scotland,scotland vs denmark,yes
1,12240,12100,mexico vs south africa,mexico-vs-south-africa,https://tabiji.ai/compare/mexico-vs-south-africa/,12100,140,mexico vs south africa,south africa vs mexico,yes
1,11000,6600,canada vs ecuador,canada-vs-ecuador,https://tabiji.ai/compare/canada-vs-ecuador/,6600,4400,canada vs ecuador,ecuador vs canada,
1,11000,6600,portugal vs france,france-vs-portugal,https://tabiji.ai/compare/france-vs-portugal/,4400,6600,france vs portugal,portugal vs france,yes
1,11000,8100,germany vs luxembourg,germany-vs-luxembourg,https://tabiji.ai/compare/germany-vs-luxembourg/,8100,2900,germany vs luxembourg,luxembourg vs germany,yes
1,10780,9900,usa vs switzerland,switzerland-vs-usa,https://tabiji.ai/compare/switzerland-vs-usa/,880,9900,switzerland vs usa,usa vs switzerland,yes
1,10380,9900,brazil vs morocco,brazil-vs-morocco,https://tabiji.ai/compare/brazil-vs-morocco/,9900,480,brazil vs morocco,morocco vs brazil,yes
1,10200,6600,uruguay vs peru,peru-vs-uruguay,https://tabiji.ai/compare/peru-vs-uruguay/,3600,6600,peru vs uruguay,uruguay vs peru,yes
1,10110,9900,ecuador vs new zealand,ecuador-vs-new-zealand,https://tabiji.ai/compare/ecuador-vs-new-zealand/,9900,210,ecuador vs new zealand,new zealand vs ecuador,yes
1,10000,8100,mexico vs chile,chile-vs-mexico,https://tabiji.ai/compare/chile-vs-mexico/,1900,8100,chile vs mexico,mexico vs chile,yes
1,9800,5400,bahrain vs japan,bahrain-vs-japan,https://tabiji.ai/compare/bahrain-vs-japan/,5400,4400,bahrain vs japan,japan vs bahrain,yes
1,9800,5400,armenia vs georgia,georgia-vs-armenia,https://tabiji.ai/compare/georgia-vs-armenia/,4400,5400,georgia vs armenia,armenia vs georgia,yes
1,9800,5400,india vs uae,india-vs-uae,https://tabiji.ai/compare/india-vs-uae/,5400,4400,india vs uae,uae vs india,yes
1,9500,6600,netherlands vs germany,germany-vs-netherlands,https://tabiji.ai/compare/germany-vs-netherlands/,2900,6600,germany vs netherlands,netherlands vs germany,yes
1,9400,8100,jamaica vs curacao,curacao-vs-jamaica,https://tabiji.ai/compare/curacao-vs-jamaica/,1300,8100,curacao vs jamaica,jamaica vs curacao,
1,9000,6600,mexico vs brazil,brazil-vs-mexico,https://tabiji.ai/compare/brazil-vs-mexico/,2400,6600,brazil vs mexico,mexico vs brazil,yes
1,9000,6600,colombia vs portugal,colombia-vs-portugal,https://tabiji.ai/compare/colombia-vs-portugal/,6600,2400,colombia vs portugal,portugal vs colombia,yes
1,9000,5400,seattle vs toronto,seattle-vs-toronto,https://tabiji.ai/compare/seattle-vs-toronto/,5400,3600,seattle vs toronto,toronto vs seattle,
1,8800,4400,argentina vs spain,argentina-vs-spain,https://tabiji.ai/compare/argentina-vs-spain/,4400,4400,argentina vs spain,spain vs argentina,yes
1,8800,4400,greece vs turkey,greece-vs-turkey,https://tabiji.ai/compare/greece-vs-turkey/,4400,4400,greece vs turkey,turkey vs greece,yes
1,8580,8100,costa rica vs dominican republic,costa-rica-vs-dominican-republic,https://tabiji.ai/compare/costa-rica-vs-dominican-republic/,8100,480,costa rica vs dominican republic,dominican republic vs costa rica,yes
1,8300,5400,chile vs uruguay,chile-vs-uruguay,https://tabiji.ai/compare/chile-vs-uruguay/,5400,2900,chile vs uruguay,uruguay vs chile,yes
1,8300,5400,italy vs estonia,estonia-vs-italy,https://tabiji.ai/compare/estonia-vs-italy/,2900,5400,estonia vs italy,italy vs estonia,yes
1,8300,5400,norway vs estonia,estonia-vs-norway,https://tabiji.ai/compare/estonia-vs-norway/,2900,5400,estonia vs norway,norway vs estonia,yes
1,8300,5400,jordan vs morocco,morocco-vs-jordan,https://tabiji.ai/compare/morocco-vs-jordan/,2900,5400,morocco vs jordan,jordan vs morocco,yes
1,8300,5400,nepal vs netherlands,nepal-vs-netherlands,https://tabiji.ai/compare/nepal-vs-netherlands/,5400,2900,nepal vs netherlands,netherlands vs nepal,yes
1,8300,5400,usa vs portugal,portugal-vs-usa,https://tabiji.ai/compare/portugal-vs-usa/,2900,5400,portugal vs usa,usa vs portugal,yes
1,8200,6600,england vs new zealand,england-vs-new-zealand,https://tabiji.ai/compare/england-vs-new-zealand/,6600,1600,england vs new zealand,new zealand vs england,yes
1,7800,5400,jamaica vs bermuda,bermuda-vs-jamaica,https://tabiji.ai/compare/bermuda-vs-jamaica/,2400,5400,bermuda vs jamaica,jamaica vs bermuda,
1,7600,6600,mexico vs jamaica,jamaica-vs-mexico,https://tabiji.ai/compare/jamaica-vs-mexico/,1000,6600,jamaica vs mexico,mexico vs jamaica,yes
1,7300,4400,georgia vs bulgaria,bulgaria-vs-georgia,https://tabiji.ai/compare/bulgaria-vs-georgia/,2900,4400,bulgaria vs georgia,georgia vs bulgaria,yes
1,7300,4400,poland vs finland,finland-vs-poland,https://tabiji.ai/compare/finland-vs-poland/,2900,4400,finland vs poland,poland vs finland,yes
1,7300,4400,south korea vs oman,south-korea-vs-oman,https://tabiji.ai/compare/south-korea-vs-oman/,4400,2900,south korea vs oman,oman vs south korea,yes
1,7200,3600,belgium vs north macedonia,belgium-vs-north-macedonia,https://tabiji.ai/compare/belgium-vs-north-macedonia/,3600,3600,belgium vs north macedonia,north macedonia vs belgium,yes
1,7080,6600,barcelona vs frankfurt,barcelona-vs-frankfurt,https://tabiji.ai/compare/barcelona-vs-frankfurt/,6600,480,barcelona vs frankfurt,frankfurt vs barcelona,yes
1,7000,5400,england vs finland,england-vs-finland,https://tabiji.ai/compare/england-vs-finland/,5400,1600,england vs finland,finland vs england,yes
1,7000,5400,france vs england,france-vs-england,https://tabiji.ai/compare/france-vs-england/,5400,1600,france vs england,england vs france,yes
1,6800,4400,slovenia vs sweden,slovenia-vs-sweden,https://tabiji.ai/compare/slovenia-vs-sweden/,4400,2400,slovenia vs sweden,sweden vs slovenia,yes
1,6500,3600,ireland vs armenia,armenia-vs-ireland,https://tabiji.ai/compare/armenia-vs-ireland/,2900,3600,armenia vs ireland,ireland vs armenia,yes
1,6500,3600,sweden vs england,england-vs-sweden,https://tabiji.ai/compare/england-vs-sweden/,2900,3600,england vs sweden,sweden vs england,yes
1,6500,3600,lithuania vs greece,greece-vs-lithuania,https://tabiji.ai/compare/greece-vs-lithuania/,2900,3600,greece vs lithuania,lithuania vs greece,yes
1,6400,5400,canada vs sweden,canada-vs-sweden,https://tabiji.ai/compare/canada-vs-sweden/,5400,1000,canada vs sweden,sweden vs canada,
1,6400,5400,new england vs chicago,chicago-vs-new-england,https://tabiji.ai/compare/chicago-vs-new-england/,1000,5400,chicago vs new england,new england vs chicago,
1,6120,5400,panama vs jamaica,jamaica-vs-panama,https://tabiji.ai/compare/jamaica-vs-panama/,720,5400,jamaica vs panama,panama vs jamaica,yes
1,6000,3600,greece vs denmark,denmark-vs-greece,https://tabiji.ai/compare/denmark-vs-greece/,2400,3600,denmark vs greece,greece vs denmark,yes
1,6000,3600,netherlands vs finland,finland-vs-netherlands,https://tabiji.ai/compare/finland-vs-netherlands/,2400,3600,finland vs netherlands,netherlands vs finland,yes
1,6000,4400,germany vs slovenia,germany-vs-slovenia,https://tabiji.ai/compare/germany-vs-slovenia/,4400,1600,germany vs slovenia,slovenia vs germany,yes
1,6000,3600,netherlands vs malta,malta-vs-netherlands,https://tabiji.ai/compare/malta-vs-netherlands/,2400,3600,malta vs netherlands,netherlands vs malta,yes
1,6000,4400,strasbourg vs marseille,marseille-vs-strasbourg,https://tabiji.ai/compare/marseille-vs-strasbourg/,1600,4400,marseille vs strasbourg,strasbourg vs marseille,
1,6000,4400,nepal vs uae,nepal-vs-uae,https://tabiji.ai/compare/nepal-vs-uae/,4400,1600,nepal vs uae,uae vs nepal,yes
1,6000,3600,vietnam vs thailand,vietnam-vs-thailand,https://tabiji.ai/compare/vietnam-vs-thailand/,3600,2400,vietnam vs thailand,thailand vs vietnam,yes
1,5800,2900,england vs united kingdom,england-vs-united-kingdom,https://tabiji.ai/compare/england-vs-united-kingdom/,2900,2900,england vs united kingdom,united kingdom vs england,
1,5800,2900,malta vs poland,malta-vs-poland,https://tabiji.ai/compare/malta-vs-poland/,2900,2900,malta vs poland,poland vs malta,yes
1,5800,2900,nepal vs scotland,nepal-vs-scotland,https://tabiji.ai/compare/nepal-vs-scotland/,2900,2900,nepal vs scotland,scotland vs nepal,yes
1,5790,5400,miami vs vancouver,miami-vs-vancouver,https://tabiji.ai/compare/miami-vs-vancouver/,5400,390,miami vs vancouver,vancouver vs miami,
1,5700,4400,serbia vs latvia,latvia-vs-serbia,https://tabiji.ai/compare/latvia-vs-serbia/,1300,4400,latvia vs serbia,serbia vs latvia,yes
1,5500,3600,hungary vs armenia,armenia-vs-hungary,https://tabiji.ai/compare/armenia-vs-hungary/,1900,3600,armenia vs hungary,hungary vs armenia,yes
1,5500,3600,croatia vs montenegro,croatia-vs-montenegro,https://tabiji.ai/compare/croatia-vs-montenegro/,3600,1900,croatia vs montenegro,montenegro vs croatia,yes
1,5500,3600,new zealand vs australia,new-zealand-vs-australia,https://tabiji.ai/compare/new-zealand-vs-australia/,3600,1900,new zealand vs australia,australia vs new zealand,yes
1,5500,3600,italy vs spain,spain-vs-italy,https://tabiji.ai/compare/spain-vs-italy/,1900,3600,spain vs italy,italy vs spain,yes
1,5490,5400,senegal vs botswana,botswana-vs-senegal,https://tabiji.ai/compare/botswana-vs-senegal/,90,5400,botswana vs senegal,senegal vs botswana,yes
1,5300,2900,portugal vs argentina,argentina-vs-portugal,https://tabiji.ai/compare/argentina-vs-portugal/,2400,2900,argentina vs portugal,portugal vs argentina,yes
1,5300,2900,poland vs lithuania,lithuania-vs-poland,https://tabiji.ai/compare/lithuania-vs-poland/,2400,2900,lithuania vs poland,poland vs lithuania,yes
1,5200,3600,sri lanka vs new zealand,new-zealand-vs-sri-lanka,https://tabiji.ai/compare/new-zealand-vs-sri-lanka/,1600,3600,new zealand vs sri lanka,sri lanka vs new zealand,yes
1,4880,4400,usa vs jamaica,jamaica-vs-usa,https://tabiji.ai/compare/jamaica-vs-usa/,480,4400,jamaica vs usa,usa vs jamaica,yes
1,4800,2900,spain vs brazil,brazil-vs-spain,https://tabiji.ai/compare/brazil-vs-spain/,1900,2900,brazil vs spain,spain vs brazil,yes
1,4800,2900,japan vs ghana,ghana-vs-japan,https://tabiji.ai/compare/ghana-vs-japan/,1900,2900,ghana vs japan,japan vs ghana,yes
1,4800,2900,mexico vs guatemala,guatemala-vs-mexico,https://tabiji.ai/compare/guatemala-vs-mexico/,1900,2900,guatemala vs mexico,mexico vs guatemala,yes
1,4800,2900,south korea vs japan,japan-vs-south-korea,https://tabiji.ai/compare/japan-vs-south-korea/,1900,2900,japan vs south korea,south korea vs japan,yes
1,4720,4400,honduras vs curacao,curacao-vs-honduras,https://tabiji.ai/compare/curacao-vs-honduras/,320,4400,curacao vs honduras,honduras vs curacao,
1,4660,4400,guatemala vs dominican republic,dominican-republic-vs-guatemala,https://tabiji.ai/compare/dominican-republic-vs-guatemala/,260,4400,dominican republic vs guatemala,guatemala vs dominican republic,yes
1,4600,3600,argentina vs peru,peru-vs-argentina,https://tabiji.ai/compare/peru-vs-argentina/,1000,3600,peru vs argentina,argentina vs peru,yes
1,4500,2900,colombia vs ecuador,colombia-vs-ecuador,https://tabiji.ai/compare/colombia-vs-ecuador/,2900,1600,colombia vs ecuador,ecuador vs colombia,yes
1,4320,3600,morocco vs senegal,morocco-vs-senegal,https://tabiji.ai/compare/morocco-vs-senegal/,3600,720,morocco vs senegal,senegal vs morocco,yes
1,4300,2400,monaco vs barcelona,barcelona-vs-monaco,https://tabiji.ai/compare/barcelona-vs-monaco/,1900,2400,barcelona vs monaco,monaco vs barcelona,yes
1,4300,2400,dallas vs houston,dallas-vs-houston,https://tabiji.ai/compare/dallas-vs-houston/,2400,1900,dallas vs houston,houston vs dallas,
1,4300,2400,germany vs finland,finland-vs-germany,https://tabiji.ai/compare/finland-vs-germany/,1900,2400,finland vs germany,germany vs finland,yes
1,4300,2400,morocco vs tanzania,morocco-vs-tanzania,https://tabiji.ai/compare/morocco-vs-tanzania/,2400,1900,morocco vs tanzania,tanzania vs morocco,yes
1,4300,2400,switzerland vs slovenia,slovenia-vs-switzerland,https://tabiji.ai/compare/slovenia-vs-switzerland/,1900,2400,slovenia vs switzerland,switzerland vs slovenia,yes
1,4200,2900,south korea vs ghana,ghana-vs-south-korea,https://tabiji.ai/compare/ghana-vs-south-korea/,1300,2900,ghana vs south korea,south korea vs ghana,yes
1,4190,3600,germany vs costa rica,costa-rica-vs-germany,https://tabiji.ai/compare/costa-rica-vs-germany/,590,3600,costa rica vs germany,germany vs costa rica,yes
1,4190,3600,nepal vs qatar,nepal-vs-qatar,https://tabiji.ai/compare/nepal-vs-qatar/,3600,590,nepal vs qatar,qatar vs nepal,yes
1,4000,2400,curacao vs trinidad and tobago,curacao-vs-trinidad-and-tobago,https://tabiji.ai/compare/curacao-vs-trinidad-and-tobago/,2400,1600,curacao vs trinidad and tobago,trinidad and tobago vs curacao,
1,4000,2400,turkey vs georgia,georgia-vs-turkey,https://tabiji.ai/compare/georgia-vs-turkey/,1600,2400,georgia vs turkey,turkey vs georgia,yes
1,4000,2400,honduras vs jamaica,honduras-vs-jamaica,https://tabiji.ai/compare/honduras-vs-jamaica/,2400,1600,honduras vs jamaica,jamaica vs honduras,yes
1,4000,2400,italy vs slovenia,italy-vs-slovenia,https://tabiji.ai/compare/italy-vs-slovenia/,2400,1600,italy vs slovenia,slovenia vs italy,yes
1,4000,2400,china vs japan,japan-vs-china,https://tabiji.ai/compare/japan-vs-china/,1600,2400,japan vs china,china vs japan,yes
1,4000,2400,maui vs kauai,kauai-vs-maui,https://tabiji.ai/compare/kauai-vs-maui/,1600,2400,kauai vs maui,maui vs kauai,
1,3990,3600,usa vs new zealand,new-zealand-vs-usa,https://tabiji.ai/compare/new-zealand-vs-usa/,390,3600,new zealand vs usa,usa vs new zealand,yes
1,3920,3600,uzbekistan vs uruguay,uruguay-vs-uzbekistan,https://tabiji.ai/compare/uruguay-vs-uzbekistan/,320,3600,uruguay vs uzbekistan,uzbekistan vs uruguay,yes
1,3900,2900,cuba vs nicaragua,cuba-vs-nicaragua,https://tabiji.ai/compare/cuba-vs-nicaragua/,2900,1000,cuba vs nicaragua,nicaragua vs cuba,yes
1,3900,2900,finland vs lithuania,finland-vs-lithuania,https://tabiji.ai/compare/finland-vs-lithuania/,2900,1000,finland vs lithuania,lithuania vs finland,yes
1,3900,2900,sweden vs germany,germany-vs-sweden,https://tabiji.ai/compare/germany-vs-sweden/,1000,2900,germany vs sweden,sweden vs germany,yes
1,3900,2900,ireland vs england,ireland-vs-england,https://tabiji.ai/compare/ireland-vs-england/,2900,1000,ireland vs england,england vs ireland,yes
1,3860,3600,mexico vs morocco,mexico-vs-morocco,https://tabiji.ai/compare/mexico-vs-morocco/,3600,260,mexico vs morocco,morocco vs mexico,yes
1,3860,3600,monaco vs nice,nice-vs-monaco,https://tabiji.ai/compare/nice-vs-monaco/,260,3600,nice vs monaco,monaco vs nice,yes
1,3800,1900,argentina vs canada,argentina-vs-canada,https://tabiji.ai/compare/argentina-vs-canada/,1900,1900,argentina vs canada,canada vs argentina,
1,3800,1900,china vs taiwan,china-vs-taiwan,https://tabiji.ai/compare/china-vs-taiwan/,1900,1900,china vs taiwan,taiwan vs china,yes
1,3800,1900,orlando vs miami,orlando-vs-miami,https://tabiji.ai/compare/orlando-vs-miami/,1900,1900,orlando vs miami,miami vs orlando,
1,3800,1900,serbia vs turkey,serbia-vs-turkey,https://tabiji.ai/compare/serbia-vs-turkey/,1900,1900,serbia vs turkey,turkey vs serbia,yes
1,3780,2900,iran vs uzbekistan,uzbekistan-vs-iran,https://tabiji.ai/compare/uzbekistan-vs-iran/,880,2900,uzbekistan vs iran,iran vs uzbekistan,yes
1,3770,3600,madrid vs mallorca,madrid-vs-mallorca,https://tabiji.ai/compare/madrid-vs-mallorca/,3600,170,madrid vs mallorca,mallorca vs madrid,yes
1,3700,2400,romania vs austria,austria-vs-romania,https://tabiji.ai/compare/austria-vs-romania/,1300,2400,austria vs romania,romania vs austria,yes
1,3700,2400,boston vs new york,boston-vs-new-york,https://tabiji.ai/compare/boston-vs-new-york/,2400,1300,boston vs new york,new york vs boston,
1,3700,2400,trinidad and tobago vs costa rica,costa-rica-vs-trinidad-and-tobago,https://tabiji.ai/compare/costa-rica-vs-trinidad-and-tobago/,1300,2400,costa rica vs trinidad and tobago,trinidad and tobago vs costa rica,yes
1,3700,2400,abu dhabi vs dubai,dubai-vs-abu-dhabi,https://tabiji.ai/compare/dubai-vs-abu-dhabi/,1300,2400,dubai vs abu dhabi,abu dhabi vs dubai,
1,3700,2400,madagascar vs ghana,ghana-vs-madagascar,https://tabiji.ai/compare/ghana-vs-madagascar/,1300,2400,ghana vs madagascar,madagascar vs ghana,yes
1,3700,2400,italy vs france,italy-vs-france,https://tabiji.ai/compare/italy-vs-france/,2400,1300,italy vs france,france vs italy,yes
1,3700,2400,nice vs lyon,lyon-vs-nice,https://tabiji.ai/compare/lyon-vs-nice/,1300,2400,lyon vs nice,nice vs lyon,yes
1,3700,2400,mexico vs spain,mexico-vs-spain,https://tabiji.ai/compare/mexico-vs-spain/,2400,1300,mexico vs spain,spain vs mexico,yes
1,3700,2400,thailand vs cambodia,thailand-vs-cambodia,https://tabiji.ai/compare/thailand-vs-cambodia/,2400,1300,thailand vs cambodia,cambodia vs thailand,
1,3500,1900,argentina vs morocco,argentina-vs-morocco,https://tabiji.ai/compare/argentina-vs-morocco/,1900,1600,argentina vs morocco,morocco vs argentina,yes
1,3500,1900,costa rica vs belize,belize-vs-costa-rica,https://tabiji.ai/compare/belize-vs-costa-rica/,1600,1900,belize vs costa rica,costa rica vs belize,
1,3500,1900,brazil vs uruguay,brazil-vs-uruguay,https://tabiji.ai/compare/brazil-vs-uruguay/,1900,1600,brazil vs uruguay,uruguay vs brazil,yes
1,3500,1900,barcelona vs milan,milan-vs-barcelona,https://tabiji.ai/compare/milan-vs-barcelona/,1600,1900,milan vs barcelona,barcelona vs milan,yes
1,3500,1900,panama vs nicaragua,nicaragua-vs-panama,https://tabiji.ai/compare/nicaragua-vs-panama/,1600,1900,nicaragua vs panama,panama vs nicaragua,yes
1,3500,1900,kyoto vs osaka,osaka-vs-kyoto,https://tabiji.ai/compare/osaka-vs-kyoto/,1600,1900,osaka vs kyoto,kyoto vs osaka,
1,3500,1900,scotland vs ireland,scotland-vs-ireland,https://tabiji.ai/compare/scotland-vs-ireland/,1900,1600,scotland vs ireland,ireland vs scotland,yes
1,3500,1900,spain vs switzerland,spain-vs-switzerland,https://tabiji.ai/compare/spain-vs-switzerland/,1900,1600,spain vs switzerland,switzerland vs spain,yes
1,3400,2400,chile vs panama,chile-vs-panama,https://tabiji.ai/compare/chile-vs-panama/,2400,1000,chile vs panama,panama vs chile,yes
1,3400,2400,mexico vs germany,germany-vs-mexico,https://tabiji.ai/compare/germany-vs-mexico/,1000,2400,germany vs mexico,mexico vs germany,yes
1,3290,2900,serbia vs finland,finland-vs-serbia,https://tabiji.ai/compare/finland-vs-serbia/,390,2900,finland vs serbia,serbia vs finland,yes
1,3280,2400,united states vs australia,australia-vs-united-states,https://tabiji.ai/compare/australia-vs-united-states/,880,2400,australia vs united states,united states vs australia,yes
1,3280,2400,puerto rico vs dominican republic,puerto-rico-vs-dominican-republic,https://tabiji.ai/compare/puerto-rico-vs-dominican-republic/,2400,880,puerto rico vs dominican republic,dominican republic vs puerto rico,
1,3220,2900,nepal vs oman,nepal-vs-oman,https://tabiji.ai/compare/nepal-vs-oman/,2900,320,nepal vs oman,oman vs nepal,yes
1,3200,1600,bermuda vs trinidad and tobago,bermuda-vs-trinidad-and-tobago,https://tabiji.ai/compare/bermuda-vs-trinidad-and-tobago/,1600,1600,bermuda vs trinidad and tobago,trinidad and tobago vs bermuda,
1,3200,1900,israel vs estonia,estonia-vs-israel,https://tabiji.ai/compare/estonia-vs-israel/,1300,1900,estonia vs israel,israel vs estonia,yes
1,3200,1900,portugal vs italy,italy-vs-portugal,https://tabiji.ai/compare/italy-vs-portugal/,1300,1900,italy vs portugal,portugal vs italy,yes
1,3200,1900,australia vs japan,japan-vs-australia,https://tabiji.ai/compare/japan-vs-australia/,1300,1900,japan vs australia,australia vs japan,yes
1,3200,1900,lyon vs marseille,lyon-vs-marseille,https://tabiji.ai/compare/lyon-vs-marseille/,1900,1300,lyon vs marseille,marseille vs lyon,yes
1,3200,1900,oxford vs cambridge,oxford-vs-cambridge,https://tabiji.ai/compare/oxford-vs-cambridge/,1900,1300,oxford vs cambridge,cambridge vs oxford,
1,3200,1600,paris vs barcelona,paris-vs-barcelona,https://tabiji.ai/compare/paris-vs-barcelona/,1600,1600,paris vs barcelona,barcelona vs paris,
1,3200,1900,slovenia vs slovakia,slovakia-vs-slovenia,https://tabiji.ai/compare/slovakia-vs-slovenia/,1300,1900,slovakia vs slovenia,slovenia vs slovakia,yes
1,3160,2900,ecuador vs guatemala,ecuador-vs-guatemala,https://tabiji.ai/compare/ecuador-vs-guatemala/,2900,260,ecuador vs guatemala,guatemala vs ecuador,yes
1,3120,2400,trinidad and tobago vs ghana,ghana-vs-trinidad-and-tobago,https://tabiji.ai/compare/ghana-vs-trinidad-and-tobago/,720,2400,ghana vs trinidad and tobago,trinidad and tobago vs ghana,yes
1,3120,2400,greece vs israel,greece-vs-israel,https://tabiji.ai/compare/greece-vs-israel/,2400,720,greece vs israel,israel vs greece,yes
1,3120,2400,uae vs oman,oman-vs-uae,https://tabiji.ai/compare/oman-vs-uae/,720,2400,oman vs uae,uae vs oman,yes
1,3040,2900,monaco vs strasbourg,monaco-vs-strasbourg,https://tabiji.ai/compare/monaco-vs-strasbourg/,2900,140,monaco vs strasbourg,strasbourg vs monaco,
1,2990,2900,albania vs georgia,albania-vs-georgia,https://tabiji.ai/compare/albania-vs-georgia/,2900,90,albania vs georgia,georgia vs albania,yes
1,2990,2400,norway vs finland,norway-vs-finland,https://tabiji.ai/compare/norway-vs-finland/,2400,590,norway vs finland,finland vs norway,yes
1,2940,2900,argentina vs austria,argentina-vs-austria,https://tabiji.ai/compare/argentina-vs-austria/,2900,40,argentina vs austria,austria vs argentina,yes
1,2930,2900,morocco vs bahrain,bahrain-vs-morocco,https://tabiji.ai/compare/bahrain-vs-morocco/,30,2900,bahrain vs morocco,morocco vs bahrain,yes
1,2900,1900,albania vs latvia,albania-vs-latvia,https://tabiji.ai/compare/albania-vs-latvia/,1900,1000,albania vs latvia,latvia vs albania,yes
1,2900,1900,france vs belgium,belgium-vs-france,https://tabiji.ai/compare/belgium-vs-france/,1000,1900,belgium vs france,france vs belgium,yes
1,2900,1900,brazil vs germany,brazil-vs-germany,https://tabiji.ai/compare/brazil-vs-germany/,1900,1000,brazil vs germany,germany vs brazil,yes
1,2900,1600,united states vs canada,canada-vs-united-states,https://tabiji.ai/compare/canada-vs-united-states/,1300,1600,canada vs united states,united states vs canada,
1,2900,1900,denmark vs sweden,denmark-vs-sweden,https://tabiji.ai/compare/denmark-vs-sweden/,1900,1000,denmark vs sweden,sweden vs denmark,yes
1,2900,1900,porto vs lisbon,lisbon-vs-porto,https://tabiji.ai/compare/lisbon-vs-porto/,1000,1900,lisbon vs porto,porto vs lisbon,
1,2900,1600,mykonos vs santorini,mykonos-vs-santorini,https://tabiji.ai/compare/mykonos-vs-santorini/,1600,1300,mykonos vs santorini,santorini vs mykonos,
1,2900,1600,vancouver vs portland,portland-vs-vancouver,https://tabiji.ai/compare/portland-vs-vancouver/,1300,1600,portland vs vancouver,vancouver vs portland,
1,2900,1900,portugal vs croatia,portugal-vs-croatia,https://tabiji.ai/compare/portugal-vs-croatia/,1900,1000,portugal vs croatia,croatia vs portugal,yes
1,2900,1900,uae vs usa,uae-vs-usa,https://tabiji.ai/compare/uae-vs-usa/,1900,1000,uae vs usa,usa vs uae,yes
1,2880,2400,marseille vs monaco,marseille-vs-monaco,https://tabiji.ai/compare/marseille-vs-monaco/,2400,480,marseille vs monaco,monaco vs marseille,yes
1,2790,2400,portugal vs poland,poland-vs-portugal,https://tabiji.ai/compare/poland-vs-portugal/,390,2400,poland vs portugal,portugal vs poland,yes
1,2790,2400,turkey vs poland,poland-vs-turkey,https://tabiji.ai/compare/poland-vs-turkey/,390,2400,poland vs turkey,turkey vs poland,yes
1,2790,2400,south korea vs jordan,south-korea-vs-jordan,https://tabiji.ai/compare/south-korea-vs-jordan/,2400,390,south korea vs jordan,jordan vs south korea,yes
1,2780,1900,turkey vs hungary,hungary-vs-turkey,https://tabiji.ai/compare/hungary-vs-turkey/,880,1900,hungary vs turkey,turkey vs hungary,yes
1,2780,1900,nice vs marseille,marseille-vs-nice,https://tabiji.ai/compare/marseille-vs-nice/,880,1900,marseille vs nice,nice vs marseille,yes
1,2780,1900,mexico vs puerto rico,mexico-vs-puerto-rico,https://tabiji.ai/compare/mexico-vs-puerto-rico/,1900,880,mexico vs puerto rico,puerto rico vs mexico,
1,2720,2400,england vs croatia,croatia-vs-england,https://tabiji.ai/compare/croatia-vs-england/,320,2400,croatia vs england,england vs croatia,yes
1,2720,2400,hong kong vs sri lanka,hong-kong-vs-sri-lanka,https://tabiji.ai/compare/hong-kong-vs-sri-lanka/,2400,320,hong kong vs sri lanka,sri lanka vs hong kong,yes
1,2660,2400,spain vs greece,greece-vs-spain,https://tabiji.ai/compare/greece-vs-spain/,260,2400,greece vs spain,spain vs greece,yes
1,2660,2400,morocco vs tunisia,morocco-vs-tunisia,https://tabiji.ai/compare/morocco-vs-tunisia/,2400,260,morocco vs tunisia,tunisia vs morocco,yes
1,2620,1900,argentina vs bolivia,argentina-vs-bolivia,https://tabiji.ai/compare/argentina-vs-bolivia/,1900,720,argentina vs bolivia,bolivia vs argentina,yes
1,2620,1900,france vs poland,france-vs-poland,https://tabiji.ai/compare/france-vs-poland/,1900,720,france vs poland,poland vs france,yes
1,2620,1900,toronto vs montreal,toronto-vs-montreal,https://tabiji.ai/compare/toronto-vs-montreal/,1900,720,toronto vs montreal,montreal vs toronto,
1,2610,2400,scotland vs brazil,brazil-vs-scotland,https://tabiji.ai/compare/brazil-vs-scotland/,210,2400,brazil vs scotland,scotland vs brazil,yes
1,2610,2400,vancouver vs chicago,chicago-vs-vancouver,https://tabiji.ai/compare/chicago-vs-vancouver/,210,2400,chicago vs vancouver,vancouver vs chicago,
1,2600,1300,argentina vs netherlands,argentina-vs-netherlands,https://tabiji.ai/compare/argentina-vs-netherlands/,1300,1300,argentina vs netherlands,netherlands vs argentina,yes
1,2600,1600,miami vs atlanta,atlanta-vs-miami,https://tabiji.ai/compare/atlanta-vs-miami/,1000,1600,atlanta vs miami,miami vs atlanta,
1,2600,1600,austria vs cyprus,austria-vs-cyprus,https://tabiji.ai/compare/austria-vs-cyprus/,1600,1000,austria vs cyprus,cyprus vs austria,yes
1,2600,1300,bulgaria vs ireland,bulgaria-vs-ireland,https://tabiji.ai/compare/bulgaria-vs-ireland/,1300,1300,bulgaria vs ireland,ireland vs bulgaria,yes
1,2600,1300,england vs jamaica,england-vs-jamaica,https://tabiji.ai/compare/england-vs-jamaica/,1300,1300,england vs jamaica,jamaica vs england,yes
1,2600,1300,france vs morocco,france-vs-morocco,https://tabiji.ai/compare/france-vs-morocco/,1300,1300,france vs morocco,morocco vs france,yes
1,2600,1300,oman vs jordan,oman-vs-jordan,https://tabiji.ai/compare/oman-vs-jordan/,1300,1300,oman vs jordan,jordan vs oman,yes
1,2600,1300,portland vs seattle,portland-vs-seattle,https://tabiji.ai/compare/portland-vs-seattle/,1300,1300,portland vs seattle,seattle vs portland,
1,2490,1900,vancouver vs austin,austin-vs-vancouver,https://tabiji.ai/compare/austin-vs-vancouver/,590,1900,austin vs vancouver,vancouver vs austin,
1,2490,1900,chicago vs new york,chicago-vs-new-york,https://tabiji.ai/compare/chicago-vs-new-york/,1900,590,chicago vs new york,new york vs chicago,
1,2490,1900,indonesia vs china,china-vs-indonesia,https://tabiji.ai/compare/china-vs-indonesia/,590,1900,china vs indonesia,indonesia vs china,yes
1,2490,2400,finland vs georgia,finland-vs-georgia,https://tabiji.ai/compare/finland-vs-georgia/,2400,90,finland vs georgia,georgia vs finland,yes
1,2490,1900,finland vs malta,finland-vs-malta,https://tabiji.ai/compare/finland-vs-malta/,1900,590,finland vs malta,malta vs finland,yes
1,2490,1900,egypt vs jordan,jordan-vs-egypt,https://tabiji.ai/compare/jordan-vs-egypt/,590,1900,jordan vs egypt,egypt vs jordan,yes
1,2490,1900,luxembourg vs slovakia,luxembourg-vs-slovakia,https://tabiji.ai/compare/luxembourg-vs-slovakia/,1900,590,luxembourg vs slovakia,slovakia vs luxembourg,yes
1,2480,1600,cabo vs cancun,cabo-vs-cancun,https://tabiji.ai/compare/cabo-vs-cancun/,1600,880,cabo vs cancun,cancun vs cabo,
1,2480,1600,colombia vs uruguay,colombia-vs-uruguay,https://tabiji.ai/compare/colombia-vs-uruguay/,1600,880,colombia vs uruguay,uruguay vs colombia,yes
1,2480,1600,maui vs oahu,maui-vs-oahu,https://tabiji.ai/compare/maui-vs-oahu/,1600,880,maui vs oahu,oahu vs maui,
1,2480,1600,scotland vs netherlands,netherlands-vs-scotland,https://tabiji.ai/compare/netherlands-vs-scotland/,880,1600,netherlands vs scotland,scotland vs netherlands,yes
1,2480,1600,switzerland vs norway,norway-vs-switzerland,https://tabiji.ai/compare/norway-vs-switzerland/,880,1600,norway vs switzerland,switzerland vs norway,yes
1,2480,1600,taiwan vs thailand,taiwan-vs-thailand,https://tabiji.ai/compare/taiwan-vs-thailand/,1600,880,taiwan vs thailand,thailand vs taiwan,yes
1,2470,2400,kenya vs madagascar,kenya-vs-madagascar,https://tabiji.ai/compare/kenya-vs-madagascar/,2400,70,kenya vs madagascar,madagascar vs kenya,yes
1,2320,1600,croatia vs brazil,brazil-vs-croatia,https://tabiji.ai/compare/brazil-vs-croatia/,720,1600,brazil vs croatia,croatia vs brazil,yes
1,2320,1600,japan vs colombia,japan-vs-colombia,https://tabiji.ai/compare/japan-vs-colombia/,1600,720,japan vs colombia,colombia vs japan,yes
1,2320,1600,morocco vs portugal,portugal-vs-morocco,https://tabiji.ai/compare/portugal-vs-morocco/,720,1600,portugal vs morocco,morocco vs portugal,yes
1,2300,1300,azerbaijan vs iceland,azerbaijan-vs-iceland,https://tabiji.ai/compare/azerbaijan-vs-iceland/,1300,1000,azerbaijan vs iceland,iceland vs azerbaijan,yes
1,2300,1300,portugal vs england,england-vs-portugal,https://tabiji.ai/compare/england-vs-portugal/,1000,1300,england vs portugal,portugal vs england,yes
1,2290,1900,canada vs australia,australia-vs-canada,https://tabiji.ai/compare/australia-vs-canada/,390,1900,australia vs canada,canada vs australia,
1,2290,1900,madrid vs valencia,madrid-vs-valencia,https://tabiji.ai/compare/madrid-vs-valencia/,1900,390,madrid vs valencia,valencia vs madrid,yes
1,2220,1900,ecuador vs germany,ecuador-vs-germany,https://tabiji.ai/compare/ecuador-vs-germany/,1900,320,ecuador vs germany,germany vs ecuador,yes
1,2220,1900,france vs norway,france-vs-norway,https://tabiji.ai/compare/france-vs-norway/,1900,320,france vs norway,norway vs france,yes
1,2220,1900,norway vs new zealand,new-zealand-vs-norway,https://tabiji.ai/compare/new-zealand-vs-norway/,320,1900,new zealand vs norway,norway vs new zealand,yes
1,2190,1600,colorado vs portland,colorado-vs-portland,https://tabiji.ai/compare/colorado-vs-portland/,1600,590,colorado vs portland,portland vs colorado,
1,2190,1600,poland vs germany,germany-vs-poland,https://tabiji.ai/compare/germany-vs-poland/,590,1600,germany vs poland,poland vs germany,yes
1,2190,1600,madagascar vs morocco,madagascar-vs-morocco,https://tabiji.ai/compare/madagascar-vs-morocco/,1600,590,madagascar vs morocco,morocco vs madagascar,yes
1,2190,1600,oman vs qatar,oman-vs-qatar,https://tabiji.ai/compare/oman-vs-qatar/,1600,590,oman vs qatar,qatar vs oman,yes
1,2180,1300,nashville vs austin,austin-vs-nashville,https://tabiji.ai/compare/austin-vs-nashville/,880,1300,austin vs nashville,nashville vs austin,
1,2180,1300,france vs slovenia,france-vs-slovenia,https://tabiji.ai/compare/france-vs-slovenia/,1300,880,france vs slovenia,slovenia vs france,yes
1,2180,1300,india vs maldives,india-vs-maldives,https://tabiji.ai/compare/india-vs-maldives/,1300,880,india vs maldives,maldives vs india,
1,2180,1300,japan vs nepal,japan-vs-nepal,https://tabiji.ai/compare/japan-vs-nepal/,1300,880,japan vs nepal,nepal vs japan,yes
1,2180,1300,toronto vs vancouver,toronto-vs-vancouver,https://tabiji.ai/compare/toronto-vs-vancouver/,1300,880,toronto vs vancouver,vancouver vs toronto,
1,2160,1900,germany vs denmark,denmark-vs-germany,https://tabiji.ai/compare/denmark-vs-germany/,260,1900,denmark vs germany,germany vs denmark,yes
1,2110,1900,south korea vs china,south-korea-vs-china,https://tabiji.ai/compare/south-korea-vs-china/,1900,210,south korea vs china,china vs south korea,yes
1,2080,1600,france vs senegal,france-vs-senegal,https://tabiji.ai/compare/france-vs-senegal/,1600,480,france vs senegal,senegal vs france,yes
1,2080,1600,japan vs indonesia,japan-vs-indonesia,https://tabiji.ai/compare/japan-vs-indonesia/,1600,480,japan vs indonesia,indonesia vs japan,yes
1,2070,1900,jordan vs argentina,argentina-vs-jordan,https://tabiji.ai/compare/argentina-vs-jordan/,170,1900,argentina vs jordan,jordan vs argentina,yes
1,2020,1300,romania vs canada,canada-vs-romania,https://tabiji.ai/compare/canada-vs-romania/,720,1300,canada vs romania,romania vs canada,
1,2020,1300,turkey vs germany,germany-vs-turkey,https://tabiji.ai/compare/germany-vs-turkey/,720,1300,germany vs turkey,turkey vs germany,yes
1,2020,1300,montreal vs quebec city,quebec-city-vs-montreal,https://tabiji.ai/compare/quebec-city-vs-montreal/,720,1300,quebec city vs montreal,montreal vs quebec city,
1,2020,1300,toronto vs new york,toronto-vs-new-york,https://tabiji.ai/compare/toronto-vs-new-york/,1300,720,toronto vs new york,new york vs toronto,
1,2010,1900,south korea vs bolivia,bolivia-vs-south-korea,https://tabiji.ai/compare/bolivia-vs-south-korea/,110,1900,bolivia vs south korea,south korea vs bolivia,yes
1,2010,1900,parma vs bologna,bologna-vs-parma,https://tabiji.ai/compare/bologna-vs-parma/,110,1900,bologna vs parma,parma vs bologna,
1,2010,1900,greece vs finland,finland-vs-greece,https://tabiji.ai/compare/finland-vs-greece/,110,1900,finland vs greece,greece vs finland,yes
1,2000,1000,cyprus vs romania,cyprus-vs-romania,https://tabiji.ai/compare/cyprus-vs-romania/,1000,1000,cyprus vs romania,romania vs cyprus,yes
1,2000,1000,lyon vs strasbourg,lyon-vs-strasbourg,https://tabiji.ai/compare/lyon-vs-strasbourg/,1000,1000,lyon vs strasbourg,strasbourg vs lyon,
1,2000,1000,oman vs united states,oman-vs-united-states,https://tabiji.ai/compare/oman-vs-united-states/,1000,1000,oman vs united states,united states vs oman,yes
2,1990,1600,ireland vs new zealand,ireland-vs-new-zealand,https://tabiji.ai/compare/ireland-vs-new-zealand/,1600,390,ireland vs new zealand,new zealand vs ireland,yes
2,1990,1600,portugal vs uruguay,portugal-vs-uruguay,https://tabiji.ai/compare/portugal-vs-uruguay/,1600,390,portugal vs uruguay,uruguay vs portugal,yes
2,1990,1900,portugal vs uzbekistan,portugal-vs-uzbekistan,https://tabiji.ai/compare/portugal-vs-uzbekistan/,1900,90,portugal vs uzbekistan,uzbekistan vs portugal,yes
2,1950,1900,united states vs costa rica,costa-rica-vs-united-states,https://tabiji.ai/compare/costa-rica-vs-united-states/,50,1900,costa rica vs united states,united states vs costa rica,yes
2,1950,1900,netherlands vs japan,japan-vs-netherlands,https://tabiji.ai/compare/japan-vs-netherlands/,50,1900,japan vs netherlands,netherlands vs japan,yes
2,1920,1600,kenya vs senegal,kenya-vs-senegal,https://tabiji.ai/compare/kenya-vs-senegal/,1600,320,kenya vs senegal,senegal vs kenya,yes
2,1920,1600,lyon vs paris,lyon-vs-paris,https://tabiji.ai/compare/lyon-vs-paris/,1600,320,lyon vs paris,paris vs lyon,
2,1920,1900,poland vs new zealand,new-zealand-vs-poland,https://tabiji.ai/compare/new-zealand-vs-poland/,20,1900,new zealand vs poland,poland vs new zealand,yes
2,1890,1300,england vs belgium,belgium-vs-england,https://tabiji.ai/compare/belgium-vs-england/,590,1300,belgium vs england,england vs belgium,yes
2,1890,1300,turkey vs bulgaria,bulgaria-vs-turkey,https://tabiji.ai/compare/bulgaria-vs-turkey/,590,1300,bulgaria vs turkey,turkey vs bulgaria,yes
2,1890,1300,estonia vs serbia,estonia-vs-serbia,https://tabiji.ai/compare/estonia-vs-serbia/,1300,590,estonia vs serbia,serbia vs estonia,yes
2,1890,1300,usa vs germany,germany-vs-usa,https://tabiji.ai/compare/germany-vs-usa/,590,1300,germany vs usa,usa vs germany,yes
2,1890,1300,nepal vs united states,nepal-vs-united-states,https://tabiji.ai/compare/nepal-vs-united-states/,1300,590,nepal vs united states,united states vs nepal,yes
2,1890,1300,charleston vs savannah,savannah-vs-charleston,https://tabiji.ai/compare/savannah-vs-charleston/,590,1300,savannah vs charleston,charleston vs savannah,
2,1880,1000,cinque terre vs amalfi coast,amalfi-coast-vs-cinque-terre,https://tabiji.ai/compare/amalfi-coast-vs-cinque-terre/,880,1000,amalfi coast vs cinque terre,cinque terre vs amalfi coast,
2,1880,1000,argentina vs australia,argentina-vs-australia,https://tabiji.ai/compare/argentina-vs-australia/,1000,880,argentina vs australia,australia vs argentina,yes
2,1880,1000,guatemala vs argentina,argentina-vs-guatemala,https://tabiji.ai/compare/argentina-vs-guatemala/,880,1000,argentina vs guatemala,guatemala vs argentina,yes
2,1880,1000,oman vs bahrain,bahrain-vs-oman,https://tabiji.ai/compare/bahrain-vs-oman/,880,1000,bahrain vs oman,oman vs bahrain,yes
2,1880,1000,portugal vs brazil,brazil-vs-portugal,https://tabiji.ai/compare/brazil-vs-portugal/,880,1000,brazil vs portugal,portugal vs brazil,yes
2,1880,1000,bulgaria vs greece,bulgaria-vs-greece,https://tabiji.ai/compare/bulgaria-vs-greece/,1000,880,bulgaria vs greece,greece vs bulgaria,yes
2,1880,1000,glasgow vs edinburgh,edinburgh-vs-glasgow,https://tabiji.ai/compare/edinburgh-vs-glasgow/,880,1000,edinburgh vs glasgow,glasgow vs edinburgh,
2,1880,1000,hong kong vs south korea,hong-kong-vs-south-korea,https://tabiji.ai/compare/hong-kong-vs-south-korea/,1000,880,hong kong vs south korea,south korea vs hong kong,yes
2,1880,1000,lithuania vs malta,lithuania-vs-malta,https://tabiji.ai/compare/lithuania-vs-malta/,1000,880,lithuania vs malta,malta vs lithuania,yes
2,1880,1000,luxembourg vs sweden,luxembourg-vs-sweden,https://tabiji.ai/compare/luxembourg-vs-sweden/,1000,880,luxembourg vs sweden,sweden vs luxembourg,yes
2,1880,1000,new zealand vs new caledonia,new-caledonia-vs-new-zealand,https://tabiji.ai/compare/new-caledonia-vs-new-zealand/,880,1000,new caledonia vs new zealand,new zealand vs new caledonia,
2,1880,1000,uae vs qatar,qatar-vs-uae,https://tabiji.ai/compare/qatar-vs-uae/,880,1000,qatar vs uae,uae vs qatar,yes
2,1880,1000,yosemite vs yellowstone,yosemite-vs-yellowstone,https://tabiji.ai/compare/yosemite-vs-yellowstone/,1000,880,yosemite vs yellowstone,yellowstone vs yosemite,
2,1860,1600,greece vs italy,greece-vs-italy,https://tabiji.ai/compare/greece-vs-italy/,1600,260,greece vs italy,italy vs greece,yes
2,1860,1600,hungary vs sweden,hungary-vs-sweden,https://tabiji.ai/compare/hungary-vs-sweden/,1600,260,hungary vs sweden,sweden vs hungary,yes
2,1860,1600,nepal vs usa,nepal-vs-usa,https://tabiji.ai/compare/nepal-vs-usa/,1600,260,nepal vs usa,usa vs nepal,yes
2,1860,1600,oman vs morocco,oman-vs-morocco,https://tabiji.ai/compare/oman-vs-morocco/,1600,260,oman vs morocco,morocco vs oman,yes
2,1780,1300,cabo san lucas vs cancun,cabo-san-lucas-vs-cancun,https://tabiji.ai/compare/cabo-san-lucas-vs-cancun/,1300,480,cabo san lucas vs cancun,cancun vs cabo san lucas,
2,1780,1300,morocco vs spain,morocco-vs-spain,https://tabiji.ai/compare/morocco-vs-spain/,1300,480,morocco vs spain,spain vs morocco,yes
2,1770,1600,belgium vs egypt,belgium-vs-egypt,https://tabiji.ai/compare/belgium-vs-egypt/,1600,170,belgium vs egypt,egypt vs belgium,yes
2,1770,1600,nepal vs samoa,nepal-vs-samoa,https://tabiji.ai/compare/nepal-vs-samoa/,1600,170,nepal vs samoa,samoa vs nepal,
2,1760,880,chicago vs miami,chicago-vs-miami,https://tabiji.ai/compare/chicago-vs-miami/,880,880,chicago vs miami,miami vs chicago,
2,1760,880,naxos vs paros,naxos-vs-paros,https://tabiji.ai/compare/naxos-vs-paros/,880,880,naxos vs paros,paros vs naxos,
2,1740,1600,slovenia vs poland,poland-vs-slovenia,https://tabiji.ai/compare/poland-vs-slovenia/,140,1600,poland vs slovenia,slovenia vs poland,yes
2,1740,1600,portugal vs serbia,portugal-vs-serbia,https://tabiji.ai/compare/portugal-vs-serbia/,1600,140,portugal vs serbia,serbia vs portugal,yes
2,1720,1000,ecuador vs bolivia,bolivia-vs-ecuador,https://tabiji.ai/compare/bolivia-vs-ecuador/,720,1000,bolivia vs ecuador,ecuador vs bolivia,yes
2,1720,1000,austria vs germany,germany-vs-austria,https://tabiji.ai/compare/germany-vs-austria/,720,1000,germany vs austria,austria vs germany,yes
2,1720,1000,switzerland vs iceland,iceland-vs-switzerland,https://tabiji.ai/compare/iceland-vs-switzerland/,720,1000,iceland vs switzerland,switzerland vs iceland,yes
2,1720,1000,san francisco vs los angeles,san-francisco-vs-los-angeles,https://tabiji.ai/compare/san-francisco-vs-los-angeles/,1000,720,san francisco vs los angeles,los angeles vs san francisco,
2,1690,1300,germany vs argentina,argentina-vs-germany,https://tabiji.ai/compare/argentina-vs-germany/,390,1300,argentina vs germany,germany vs argentina,yes
2,1690,1300,jordan vs bolivia,bolivia-vs-jordan,https://tabiji.ai/compare/bolivia-vs-jordan/,390,1300,bolivia vs jordan,jordan vs bolivia,yes
2,1690,1300,israel vs slovenia,israel-vs-slovenia,https://tabiji.ai/compare/israel-vs-slovenia/,1300,390,israel vs slovenia,slovenia vs israel,yes
2,1630,1600,qatar vs switzerland,qatar-vs-switzerland,https://tabiji.ai/compare/qatar-vs-switzerland/,1600,30,qatar vs switzerland,switzerland vs qatar,yes
2,1620,1300,ecuador vs uruguay,ecuador-vs-uruguay,https://tabiji.ai/compare/ecuador-vs-uruguay/,1300,320,ecuador vs uruguay,uruguay vs ecuador,yes
2,1620,1300,uzbekistan vs egypt,egypt-vs-uzbekistan,https://tabiji.ai/compare/egypt-vs-uzbekistan/,320,1300,egypt vs uzbekistan,uzbekistan vs egypt,yes
2,1620,1300,ireland vs south africa,ireland-vs-south-africa,https://tabiji.ai/compare/ireland-vs-south-africa/,1300,320,ireland vs south africa,south africa vs ireland,yes
2,1620,1300,miami vs porto,miami-vs-porto,https://tabiji.ai/compare/miami-vs-porto/,1300,320,miami vs porto,porto vs miami,
2,1620,1300,nashville vs montreal,montreal-vs-nashville,https://tabiji.ai/compare/montreal-vs-nashville/,320,1300,montreal vs nashville,nashville vs montreal,
2,1600,880,bora bora vs maldives,bora-bora-vs-maldives,https://tabiji.ai/compare/bora-bora-vs-maldives/,880,720,bora bora vs maldives,maldives vs bora bora,
2,1600,880,cabo san lucas vs los cabos,cabo-san-lucas-vs-los-cabos,https://tabiji.ai/compare/cabo-san-lucas-vs-los-cabos/,880,720,cabo san lucas vs los cabos,los cabos vs cabo san lucas,
2,1600,880,puerto vallarta vs cabo,cabo-vs-puerto-vallarta,https://tabiji.ai/compare/cabo-vs-puerto-vallarta/,720,880,cabo vs puerto vallarta,puerto vallarta vs cabo,
2,1600,880,germany vs japan,japan-vs-germany,https://tabiji.ai/compare/japan-vs-germany/,720,880,japan vs germany,germany vs japan,yes
2,1600,880,japan vs korea,japan-vs-korea,https://tabiji.ai/compare/japan-vs-korea/,880,720,japan vs korea,korea vs japan,
2,1600,880,latvia vs lithuania,latvia-vs-lithuania,https://tabiji.ai/compare/latvia-vs-lithuania/,880,720,latvia vs lithuania,lithuania vs latvia,yes
2,1600,880,norway vs sweden,norway-vs-sweden,https://tabiji.ai/compare/norway-vs-sweden/,880,720,norway vs sweden,sweden vs norway,yes
2,1600,880,kyoto vs tokyo,tokyo-vs-kyoto,https://tabiji.ai/compare/tokyo-vs-kyoto/,720,880,tokyo vs kyoto,kyoto vs tokyo,
2,1590,1000,china vs australia,australia-vs-china,https://tabiji.ai/compare/australia-vs-china/,590,1000,australia vs china,china vs australia,yes
2,1590,1000,boston vs philadelphia,boston-vs-philadelphia,https://tabiji.ai/compare/boston-vs-philadelphia/,1000,590,boston vs philadelphia,philadelphia vs boston,
2,1590,1000,denmark vs netherlands,denmark-vs-netherlands,https://tabiji.ai/compare/denmark-vs-netherlands/,1000,590,denmark vs netherlands,netherlands vs denmark,yes
2,1590,1000,tonga vs samoa,samoa-vs-tonga,https://tabiji.ai/compare/samoa-vs-tonga/,590,1000,samoa vs tonga,tonga vs samoa,
2,1560,1300,colombia vs chile,chile-vs-colombia,https://tabiji.ai/compare/chile-vs-colombia/,260,1300,chile vs colombia,colombia vs chile,yes
2,1560,1300,colombia vs panama,colombia-vs-panama,https://tabiji.ai/compare/colombia-vs-panama/,1300,260,colombia vs panama,panama vs colombia,yes
2,1510,1300,croatia vs czech republic,croatia-vs-czech-republic,https://tabiji.ai/compare/croatia-vs-czech-republic/,1300,210,croatia vs czech republic,czech republic vs croatia,yes
2,1510,1300,portugal vs slovenia,portugal-vs-slovenia,https://tabiji.ai/compare/portugal-vs-slovenia/,1300,210,portugal vs slovenia,slovenia vs portugal,yes
2,1510,1300,uzbekistan vs qatar,qatar-vs-uzbekistan,https://tabiji.ai/compare/qatar-vs-uzbekistan/,210,1300,qatar vs uzbekistan,uzbekistan vs qatar,yes
2,1480,1000,canada vs curacao,canada-vs-curacao,https://tabiji.ai/compare/canada-vs-curacao/,1000,480,canada vs curacao,curacao vs canada,
2,1480,1000,tulum vs cancun,cancun-vs-tulum,https://tabiji.ai/compare/cancun-vs-tulum/,480,1000,cancun vs tulum,tulum vs cancun,
2,1480,1000,mexico vs poland,mexico-vs-poland,https://tabiji.ai/compare/mexico-vs-poland/,1000,480,mexico vs poland,poland vs mexico,yes
2,1480,1000,usa vs morocco,morocco-vs-usa,https://tabiji.ai/compare/morocco-vs-usa/,480,1000,morocco vs usa,usa vs morocco,yes
2,1480,1000,osaka vs tokyo,tokyo-vs-osaka,https://tabiji.ai/compare/tokyo-vs-osaka/,480,1000,tokyo vs osaka,osaka vs tokyo,
2,1470,880,canada vs namibia,canada-vs-namibia,https://tabiji.ai/compare/canada-vs-namibia/,880,590,canada vs namibia,namibia vs canada,
2,1470,880,england vs ghana,england-vs-ghana,https://tabiji.ai/compare/england-vs-ghana/,880,590,england vs ghana,ghana vs england,yes
2,1470,880,haiti vs dominican republic,haiti-vs-dominican-republic,https://tabiji.ai/compare/haiti-vs-dominican-republic/,880,590,haiti vs dominican republic,dominican republic vs haiti,yes
2,1470,880,san diego vs san francisco,san-diego-vs-san-francisco,https://tabiji.ai/compare/san-diego-vs-san-francisco/,880,590,san diego vs san francisco,san francisco vs san diego,
2,1470,880,spain vs sweden,spain-vs-sweden,https://tabiji.ai/compare/spain-vs-sweden/,880,590,spain vs sweden,sweden vs spain,yes
2,1440,1300,albania vs jordan,albania-vs-jordan,https://tabiji.ai/compare/albania-vs-jordan/,1300,140,albania vs jordan,jordan vs albania,yes
2,1440,720,argentina vs south africa,argentina-vs-south-africa,https://tabiji.ai/compare/argentina-vs-south-africa/,720,720,argentina vs south africa,south africa vs argentina,yes
2,1440,720,barcelona vs granada,barcelona-vs-granada,https://tabiji.ai/compare/barcelona-vs-granada/,720,720,barcelona vs granada,granada vs barcelona,
2,1440,720,colombia vs spain,colombia-vs-spain,https://tabiji.ai/compare/colombia-vs-spain/,720,720,colombia vs spain,spain vs colombia,yes
2,1440,720,croatia vs spain,croatia-vs-spain,https://tabiji.ai/compare/croatia-vs-spain/,720,720,croatia vs spain,spain vs croatia,yes
2,1440,720,mallorca vs menorca,mallorca-vs-menorca,https://tabiji.ai/compare/mallorca-vs-menorca/,720,720,mallorca vs menorca,menorca vs mallorca,
2,1440,720,vietnam vs malaysia,vietnam-vs-malaysia,https://tabiji.ai/compare/vietnam-vs-malaysia/,720,720,vietnam vs malaysia,malaysia vs vietnam,yes
2,1410,1300,portugal vs ghana,ghana-vs-portugal,https://tabiji.ai/compare/ghana-vs-portugal/,110,1300,ghana vs portugal,portugal vs ghana,yes
2,1390,1000,puerto vallarta vs cancun,cancun-vs-puerto-vallarta,https://tabiji.ai/compare/cancun-vs-puerto-vallarta/,390,1000,cancun vs puerto vallarta,puerto vallarta vs cancun,
2,1390,1000,hong kong vs china,china-vs-hong-kong,https://tabiji.ai/compare/china-vs-hong-kong/,390,1000,china vs hong kong,hong kong vs china,yes
2,1390,1300,england vs switzerland,england-vs-switzerland,https://tabiji.ai/compare/england-vs-switzerland/,1300,90,england vs switzerland,switzerland vs england,yes
2,1390,1300,montenegro vs germany,germany-vs-montenegro,https://tabiji.ai/compare/germany-vs-montenegro/,90,1300,germany vs montenegro,montenegro vs germany,yes
2,1390,1300,iceland vs slovenia,iceland-vs-slovenia,https://tabiji.ai/compare/iceland-vs-slovenia/,1300,90,iceland vs slovenia,slovenia vs iceland,yes
2,1370,1300,madrid vs marseille,madrid-vs-marseille,https://tabiji.ai/compare/madrid-vs-marseille/,1300,70,madrid vs marseille,marseille vs madrid,yes
2,1360,880,united states vs guatemala,guatemala-vs-united-states,https://tabiji.ai/compare/guatemala-vs-united-states/,480,880,guatemala vs united states,united states vs guatemala,yes
2,1360,880,portugal vs netherlands,netherlands-vs-portugal,https://tabiji.ai/compare/netherlands-vs-portugal/,480,880,netherlands vs portugal,portugal vs netherlands,yes
2,1360,880,denver vs portland,portland-vs-denver,https://tabiji.ai/compare/portland-vs-denver/,480,880,portland vs denver,denver vs portland,
2,1350,1300,japan vs bolivia,bolivia-vs-japan,https://tabiji.ai/compare/bolivia-vs-japan/,50,1300,bolivia vs japan,japan vs bolivia,yes
2,1350,1300,colorado vs san francisco,colorado-vs-san-francisco,https://tabiji.ai/compare/colorado-vs-san-francisco/,1300,50,colorado vs san francisco,san francisco vs colorado,
2,1350,1300,madrid vs salzburg,madrid-vs-salzburg,https://tabiji.ai/compare/madrid-vs-salzburg/,1300,50,madrid vs salzburg,salzburg vs madrid,
2,1330,1300,south africa vs south korea,south-africa-vs-south-korea,https://tabiji.ai/compare/south-africa-vs-south-korea/,1300,30,south africa vs south korea,south korea vs south africa,yes
2,1330,1300,turkey vs sweden,sweden-vs-turkey,https://tabiji.ai/compare/sweden-vs-turkey/,30,1300,sweden vs turkey,turkey vs sweden,yes
2,1320,1000,england vs brazil,brazil-vs-england,https://tabiji.ai/compare/brazil-vs-england/,320,1000,brazil vs england,england vs brazil,yes
2,1320,1000,england vs germany,england-vs-germany,https://tabiji.ai/compare/england-vs-germany/,1000,320,england vs germany,germany vs england,yes
2,1320,1000,iceland vs finland,finland-vs-iceland,https://tabiji.ai/compare/finland-vs-iceland/,320,1000,finland vs iceland,iceland vs finland,yes
2,1320,1000,paris vs liverpool,liverpool-vs-paris,https://tabiji.ai/compare/liverpool-vs-paris/,320,1000,liverpool vs paris,paris vs liverpool,
2,1310,720,curacao vs aruba,aruba-vs-curacao,https://tabiji.ai/compare/aruba-vs-curacao/,590,720,aruba vs curacao,curacao vs aruba,
2,1310,720,australia vs philippines,australia-vs-philippines,https://tabiji.ai/compare/australia-vs-philippines/,720,590,australia vs philippines,philippines vs australia,yes
2,1310,720,punta cana vs cancun,cancun-vs-punta-cana,https://tabiji.ai/compare/cancun-vs-punta-cana/,590,720,cancun vs punta cana,punta cana vs cancun,
2,1310,720,chile vs usa,chile-vs-usa,https://tabiji.ai/compare/chile-vs-usa/,720,590,chile vs usa,usa vs chile,yes
2,1310,720,panama vs costa rica,costa-rica-vs-panama,https://tabiji.ai/compare/costa-rica-vs-panama/,590,720,costa rica vs panama,panama vs costa rica,yes
2,1310,720,scotland vs england,england-vs-scotland,https://tabiji.ai/compare/england-vs-scotland/,590,720,england vs scotland,scotland vs england,yes
2,1310,720,rome vs greece,greece-vs-rome,https://tabiji.ai/compare/greece-vs-rome/,590,720,greece vs rome,rome vs greece,
2,1310,720,hawaii vs samoa,hawaii-vs-samoa,https://tabiji.ai/compare/hawaii-vs-samoa/,720,590,hawaii vs samoa,samoa vs hawaii,
2,1310,720,melbourne vs sydney,melbourne-vs-sydney,https://tabiji.ai/compare/melbourne-vs-sydney/,720,590,melbourne vs sydney,sydney vs melbourne,
2,1270,880,italy vs argentina,argentina-vs-italy,https://tabiji.ai/compare/argentina-vs-italy/,390,880,argentina vs italy,italy vs argentina,yes
2,1270,880,belize vs panama,belize-vs-panama,https://tabiji.ai/compare/belize-vs-panama/,880,390,belize vs panama,panama vs belize,
2,1270,880,ireland vs greece,greece-vs-ireland,https://tabiji.ai/compare/greece-vs-ireland/,390,880,greece vs ireland,ireland vs greece,yes
2,1270,880,japan vs hong kong,hong-kong-vs-japan,https://tabiji.ai/compare/hong-kong-vs-japan/,390,880,hong kong vs japan,japan vs hong kong,yes
2,1270,880,tampa vs miami,tampa-vs-miami,https://tabiji.ai/compare/tampa-vs-miami/,880,390,tampa vs miami,miami vs tampa,
2,1260,1000,finland vs switzerland,finland-vs-switzerland,https://tabiji.ai/compare/finland-vs-switzerland/,1000,260,finland vs switzerland,switzerland vs finland,yes
2,1260,1000,uzbekistan vs kyrgyzstan,kyrgyzstan-vs-uzbekistan,https://tabiji.ai/compare/kyrgyzstan-vs-uzbekistan/,260,1000,kyrgyzstan vs uzbekistan,uzbekistan vs kyrgyzstan,yes
2,1260,1000,maui vs big island,maui-vs-big-island,https://tabiji.ai/compare/maui-vs-big-island/,1000,260,maui vs big island,big island vs maui,
2,1210,1000,georgia vs greece,georgia-vs-greece,https://tabiji.ai/compare/georgia-vs-greece/,1000,210,georgia vs greece,greece vs georgia,yes
2,1210,1000,united states vs new zealand,new-zealand-vs-united-states,https://tabiji.ai/compare/new-zealand-vs-united-states/,210,1000,new zealand vs united states,united states vs new zealand,yes
2,1200,720,austin vs colorado,austin-vs-colorado,https://tabiji.ai/compare/austin-vs-colorado/,720,480,austin vs colorado,colorado vs austin,
2,1200,720,south korea vs australia,australia-vs-south-korea,https://tabiji.ai/compare/australia-vs-south-korea/,480,720,australia vs south korea,south korea vs australia,yes
2,1200,720,brazil vs peru,brazil-vs-peru,https://tabiji.ai/compare/brazil-vs-peru/,720,480,brazil vs peru,peru vs brazil,yes
2,1200,720,costa rica vs puerto rico,costa-rica-vs-puerto-rico,https://tabiji.ai/compare/costa-rica-vs-puerto-rico/,720,480,costa rica vs puerto rico,puerto rico vs costa rica,
2,1200,720,south africa vs ghana,ghana-vs-south-africa,https://tabiji.ai/compare/ghana-vs-south-africa/,480,720,ghana vs south africa,south africa vs ghana,yes
2,1200,880,usa vs italy,italy-vs-usa,https://tabiji.ai/compare/italy-vs-usa/,320,880,italy vs usa,usa vs italy,yes
2,1200,720,south africa vs namibia,namibia-vs-south-africa,https://tabiji.ai/compare/namibia-vs-south-africa/,480,720,namibia vs south africa,south africa vs namibia,yes
2,1200,720,london vs new york,new-york-vs-london,https://tabiji.ai/compare/new-york-vs-london/,480,720,new york vs london,london vs new york,
2,1200,720,toronto vs ottawa,ottawa-vs-toronto,https://tabiji.ai/compare/ottawa-vs-toronto/,480,720,ottawa vs toronto,toronto vs ottawa,
2,1200,720,krabi vs phuket,phuket-vs-krabi,https://tabiji.ai/compare/phuket-vs-krabi/,480,720,phuket vs krabi,krabi vs phuket,
2,1200,880,san diego vs los angeles,san-diego-vs-los-angeles,https://tabiji.ai/compare/san-diego-vs-los-angeles/,880,320,san diego vs los angeles,los angeles vs san diego,
2,1180,590,aspen vs vail,aspen-vs-vail,https://tabiji.ai/compare/aspen-vs-vail/,590,590,aspen vs vail,vail vs aspen,
2,1180,590,cabo san lucas vs puerto vallarta,cabo-san-lucas-vs-puerto-vallarta,https://tabiji.ai/compare/cabo-san-lucas-vs-puerto-vallarta/,590,590,cabo san lucas vs puerto vallarta,puerto vallarta vs cabo san lucas,
2,1180,590,dallas vs austin,dallas-vs-austin,https://tabiji.ai/compare/dallas-vs-austin/,590,590,dallas vs austin,austin vs dallas,
2,1180,590,san francisco vs seattle,san-francisco-vs-seattle,https://tabiji.ai/compare/san-francisco-vs-seattle/,590,590,san francisco vs seattle,seattle vs san francisco,
2,1180,590,south africa vs tanzania,south-africa-vs-tanzania,https://tabiji.ai/compare/south-africa-vs-tanzania/,590,590,south africa vs tanzania,tanzania vs south africa,yes
2,1180,590,spain vs usa,spain-vs-usa,https://tabiji.ai/compare/spain-vs-usa/,590,590,spain vs usa,usa vs spain,yes
2,1170,1000,ireland vs senegal,ireland-vs-senegal,https://tabiji.ai/compare/ireland-vs-senegal/,1000,170,ireland vs senegal,senegal vs ireland,yes
2,1140,880,portugal vs belgium,belgium-vs-portugal,https://tabiji.ai/compare/belgium-vs-portugal/,260,880,belgium vs portugal,portugal vs belgium,yes
2,1140,1000,morocco vs ghana,ghana-vs-morocco,https://tabiji.ai/compare/ghana-vs-morocco/,140,1000,ghana vs morocco,morocco vs ghana,yes
2,1140,1000,puerto rico vs nicaragua,nicaragua-vs-puerto-rico,https://tabiji.ai/compare/nicaragua-vs-puerto-rico/,140,1000,nicaragua vs puerto rico,puerto rico vs nicaragua,
2,1110,720,playa del carmen vs cancun,cancun-vs-playa-del-carmen,https://tabiji.ai/compare/cancun-vs-playa-del-carmen/,390,720,cancun vs playa del carmen,playa del carmen vs cancun,
2,1110,1000,germany vs scotland,germany-vs-scotland,https://tabiji.ai/compare/germany-vs-scotland/,1000,110,germany vs scotland,scotland vs germany,yes
2,1110,720,maui vs honolulu,honolulu-vs-maui,https://tabiji.ai/compare/honolulu-vs-maui/,390,720,honolulu vs maui,maui vs honolulu,
2,1110,720,peru vs mexico,peru-vs-mexico,https://tabiji.ai/compare/peru-vs-mexico/,720,390,peru vs mexico,mexico vs peru,yes
2,1110,720,san diego vs vancouver,san-diego-vs-vancouver,https://tabiji.ai/compare/san-diego-vs-vancouver/,720,390,san diego vs vancouver,vancouver vs san diego,
2,1110,720,tahiti vs bora bora,tahiti-vs-bora-bora,https://tabiji.ai/compare/tahiti-vs-bora-bora/,720,390,tahiti vs bora bora,bora bora vs tahiti,
2,1090,880,barbados vs aruba,aruba-vs-barbados,https://tabiji.ai/compare/aruba-vs-barbados/,210,880,aruba vs barbados,barbados vs aruba,
2,1090,880,turkey vs portugal,portugal-vs-turkey,https://tabiji.ai/compare/portugal-vs-turkey/,210,880,portugal vs turkey,turkey vs portugal,yes
2,1090,880,uae vs uzbekistan,uae-vs-uzbekistan,https://tabiji.ai/compare/uae-vs-uzbekistan/,880,210,uae vs uzbekistan,uzbekistan vs uae,yes
2,1070,590,armenia vs azerbaijan,armenia-vs-azerbaijan,https://tabiji.ai/compare/armenia-vs-azerbaijan/,590,480,armenia vs azerbaijan,azerbaijan vs armenia,yes
2,1070,590,madeira vs azores,azores-vs-madeira,https://tabiji.ai/compare/azores-vs-madeira/,480,590,azores vs madeira,madeira vs azores,
2,1070,590,costa rica vs bahamas,bahamas-vs-costa-rica,https://tabiji.ai/compare/bahamas-vs-costa-rica/,480,590,bahamas vs costa rica,costa rica vs bahamas,yes
2,1070,590,belgium vs italy,belgium-vs-italy,https://tabiji.ai/compare/belgium-vs-italy/,590,480,belgium vs italy,italy vs belgium,yes
2,1070,590,bordeaux vs burgundy,bordeaux-vs-burgundy,https://tabiji.ai/compare/bordeaux-vs-burgundy/,590,480,bordeaux vs burgundy,burgundy vs bordeaux,
2,1070,590,charlotte vs raleigh,charlotte-vs-raleigh,https://tabiji.ai/compare/charlotte-vs-raleigh/,590,480,charlotte vs raleigh,raleigh vs charlotte,
2,1070,1000,panama vs england,england-vs-panama,https://tabiji.ai/compare/england-vs-panama/,70,1000,england vs panama,panama vs england,yes
2,1070,590,france vs guatemala,france-vs-guatemala,https://tabiji.ai/compare/france-vs-guatemala/,590,480,france vs guatemala,guatemala vs france,yes
2,1070,590,usa vs france,france-vs-usa,https://tabiji.ai/compare/france-vs-usa/,480,590,france vs usa,usa vs france,yes
2,1070,1000,lithuania vs sweden,lithuania-vs-sweden,https://tabiji.ai/compare/lithuania-vs-sweden/,1000,70,lithuania vs sweden,sweden vs lithuania,yes
2,1070,590,memphis vs nashville,memphis-vs-nashville,https://tabiji.ai/compare/memphis-vs-nashville/,590,480,memphis vs nashville,nashville vs memphis,
2,1070,590,thailand vs singapore,thailand-vs-singapore,https://tabiji.ai/compare/thailand-vs-singapore/,590,480,thailand vs singapore,singapore vs thailand,yes
2,1070,590,zurich vs geneva,zurich-vs-geneva,https://tabiji.ai/compare/zurich-vs-geneva/,590,480,zurich vs geneva,geneva vs zurich,
2,1050,1000,indonesia vs lebanon,indonesia-vs-lebanon,https://tabiji.ai/compare/indonesia-vs-lebanon/,1000,50,indonesia vs lebanon,lebanon vs indonesia,yes
2,1050,880,indonesia vs philippines,philippines-vs-indonesia,https://tabiji.ai/compare/philippines-vs-indonesia/,170,880,philippines vs indonesia,indonesia vs philippines,yes
2,1050,880,sweden vs united states,sweden-vs-united-states,https://tabiji.ai/compare/sweden-vs-united-states/,880,170,sweden vs united states,united states vs sweden,yes
2,1040,720,bangkok vs phuket,bangkok-vs-phuket,https://tabiji.ai/compare/bangkok-vs-phuket/,720,320,bangkok vs phuket,phuket vs bangkok,
2,1040,720,bermuda vs bahamas,bermuda-vs-bahamas,https://tabiji.ai/compare/bermuda-vs-bahamas/,720,320,bermuda vs bahamas,bahamas vs bermuda,
2,1040,720,colorado vs vancouver,colorado-vs-vancouver,https://tabiji.ai/compare/colorado-vs-vancouver/,720,320,colorado vs vancouver,vancouver vs colorado,
2,1040,720,mexico vs france,france-vs-mexico,https://tabiji.ai/compare/france-vs-mexico/,320,720,france vs mexico,mexico vs france,yes
2,1040,1000,greece vs slovakia,greece-vs-slovakia,https://tabiji.ai/compare/greece-vs-slovakia/,1000,40,greece vs slovakia,slovakia vs greece,yes
2,1040,720,ireland vs india,india-vs-ireland,https://tabiji.ai/compare/india-vs-ireland/,320,720,india vs ireland,ireland vs india,yes
2,1030,1000,denmark vs lithuania,denmark-vs-lithuania,https://tabiji.ai/compare/denmark-vs-lithuania/,1000,30,denmark vs lithuania,lithuania vs denmark,yes
2,1020,1000,canada vs toronto,canada-vs-toronto,https://tabiji.ai/compare/canada-vs-toronto/,1000,20,canada vs toronto,toronto vs canada,
2,1020,880,morocco vs uae,morocco-vs-uae,https://tabiji.ai/compare/morocco-vs-uae/,880,140,morocco vs uae,uae vs morocco,yes
2,1020,880,strasbourg vs nice,nice-vs-strasbourg,https://tabiji.ai/compare/nice-vs-strasbourg/,140,880,nice vs strasbourg,strasbourg vs nice,
2,1000,1000,porto vs nice,nice-vs-porto,https://tabiji.ai/compare/nice-vs-porto/,0,1000,nice vs porto,porto vs nice,yes
2,990,880,scotland vs iceland,iceland-vs-scotland,https://tabiji.ai/compare/iceland-vs-scotland/,110,880,iceland vs scotland,scotland vs iceland,yes
2,990,880,united states vs scotland,scotland-vs-united-states,https://tabiji.ai/compare/scotland-vs-united-states/,110,880,scotland vs united states,united states vs scotland,yes
2,980,590,santa fe vs albuquerque,albuquerque-vs-santa-fe,https://tabiji.ai/compare/albuquerque-vs-santa-fe/,390,590,albuquerque vs santa fe,santa fe vs albuquerque,
2,980,720,bali vs thailand,bali-vs-thailand,https://tabiji.ai/compare/bali-vs-thailand/,720,260,bali vs thailand,thailand vs bali,
2,980,590,calgary vs edmonton,calgary-vs-edmonton,https://tabiji.ai/compare/calgary-vs-edmonton/,590,390,calgary vs edmonton,edmonton vs calgary,
2,980,720,england vs greece,england-vs-greece,https://tabiji.ai/compare/england-vs-greece/,720,260,england vs greece,greece vs england,yes
2,980,590,fiji vs tahiti,fiji-vs-tahiti,https://tabiji.ai/compare/fiji-vs-tahiti/,590,390,fiji vs tahiti,tahiti vs fiji,
2,980,590,florence vs venice,florence-vs-venice,https://tabiji.ai/compare/florence-vs-venice/,590,390,florence vs venice,venice vs florence,
2,980,590,manchester vs liverpool,liverpool-vs-manchester,https://tabiji.ai/compare/liverpool-vs-manchester/,390,590,liverpool vs manchester,manchester vs liverpool,yes
2,980,720,miami vs new york,new-york-vs-miami,https://tabiji.ai/compare/new-york-vs-miami/,260,720,new york vs miami,miami vs new york,
2,980,590,austin vs portland,portland-vs-austin,https://tabiji.ai/compare/portland-vs-austin/,390,590,portland vs austin,austin vs portland,
2,980,590,budapest vs prague,prague-vs-budapest,https://tabiji.ai/compare/prague-vs-budapest/,390,590,prague vs budapest,budapest vs prague,
2,960,480,cartagena vs medellin,cartagena-vs-medellin,https://tabiji.ai/compare/cartagena-vs-medellin/,480,480,cartagena vs medellin,medellin vs cartagena,
2,960,480,jamaica vs bahamas,jamaica-vs-bahamas,https://tabiji.ai/compare/jamaica-vs-bahamas/,480,480,jamaica vs bahamas,bahamas vs jamaica,yes
2,960,480,new orleans vs atlanta,new-orleans-vs-atlanta,https://tabiji.ai/compare/new-orleans-vs-atlanta/,480,480,new orleans vs atlanta,atlanta vs new orleans,
2,960,480,tibet vs nepal,tibet-vs-nepal,https://tabiji.ai/compare/tibet-vs-nepal/,480,480,tibet vs nepal,nepal vs tibet,
2,950,880,argentina vs croatia,argentina-vs-croatia,https://tabiji.ai/compare/argentina-vs-croatia/,880,70,argentina vs croatia,croatia vs argentina,yes
2,910,590,san antonio vs austin,austin-vs-san-antonio,https://tabiji.ai/compare/austin-vs-san-antonio/,320,590,austin vs san antonio,san antonio vs austin,
2,910,590,bryce canyon vs zion,bryce-canyon-vs-zion,https://tabiji.ai/compare/bryce-canyon-vs-zion/,590,320,bryce canyon vs zion,zion vs bryce canyon,
2,910,590,hong kong vs singapore,hong-kong-vs-singapore,https://tabiji.ai/compare/hong-kong-vs-singapore/,590,320,hong kong vs singapore,singapore vs hong kong,yes
2,910,590,norway vs iceland,norway-vs-iceland,https://tabiji.ai/compare/norway-vs-iceland/,590,320,norway vs iceland,iceland vs norway,yes
2,910,590,thailand vs philippines,philippines-vs-thailand,https://tabiji.ai/compare/philippines-vs-thailand/,320,590,philippines vs thailand,thailand vs philippines,yes
2,890,720,hanoi vs ho chi minh,hanoi-vs-ho-chi-minh,https://tabiji.ai/compare/hanoi-vs-ho-chi-minh/,720,170,hanoi vs ho chi minh,ho chi minh vs hanoi,
2,870,480,charlotte vs atlanta,atlanta-vs-charlotte,https://tabiji.ai/compare/atlanta-vs-charlotte/,390,480,atlanta vs charlotte,charlotte vs atlanta,
2,870,480,split vs dubrovnik,dubrovnik-vs-split,https://tabiji.ai/compare/dubrovnik-vs-split/,390,480,dubrovnik vs split,split vs dubrovnik,
2,870,480,ibiza vs mallorca,mallorca-vs-ibiza,https://tabiji.ai/compare/mallorca-vs-ibiza/,390,480,mallorca vs ibiza,ibiza vs mallorca,
2,870,480,miami vs los angeles,miami-vs-los-angeles,https://tabiji.ai/compare/miami-vs-los-angeles/,480,390,miami vs los angeles,los angeles vs miami,
2,870,480,san francisco vs new york,san-francisco-vs-new-york,https://tabiji.ai/compare/san-francisco-vs-new-york/,480,390,san francisco vs new york,new york vs san francisco,
2,870,480,laos vs vietnam,vietnam-vs-laos,https://tabiji.ai/compare/vietnam-vs-laos/,390,480,vietnam vs laos,laos vs vietnam,
2,850,590,koh samui vs phuket,phuket-vs-koh-samui,https://tabiji.ai/compare/phuket-vs-koh-samui/,260,590,phuket vs koh samui,koh samui vs phuket,
2,800,480,beijing vs shanghai,beijing-vs-shanghai,https://tabiji.ai/compare/beijing-vs-shanghai/,480,320,beijing vs shanghai,shanghai vs beijing,
2,800,590,cozumel vs cancun,cozumel-vs-cancun,https://tabiji.ai/compare/cozumel-vs-cancun/,590,210,cozumel vs cancun,cancun vs cozumel,
2,800,480,lake garda vs lake como,lake-como-vs-lake-garda,https://tabiji.ai/compare/lake-como-vs-lake-garda/,320,480,lake como vs lake garda,lake garda vs lake como,
2,800,480,london vs paris,london-vs-paris,https://tabiji.ai/compare/london-vs-paris/,480,320,london vs paris,paris vs london,
2,800,480,bogota vs medellin,medellin-vs-bogota,https://tabiji.ai/compare/medellin-vs-bogota/,320,480,medellin vs bogota,bogota vs medellin,
2,780,390,copenhagen vs stockholm,copenhagen-vs-stockholm,https://tabiji.ai/compare/copenhagen-vs-stockholm/,390,390,copenhagen vs stockholm,stockholm vs copenhagen,
2,780,390,new york vs los angeles,new-york-vs-los-angeles,https://tabiji.ai/compare/new-york-vs-los-angeles/,390,390,new york vs los angeles,los angeles vs new york,
2,760,590,colombia vs costa rica,costa-rica-vs-colombia,https://tabiji.ai/compare/costa-rica-vs-colombia/,170,590,costa rica vs colombia,colombia vs costa rica,yes
2,760,590,nepal vs india,india-vs-nepal,https://tabiji.ai/compare/india-vs-nepal/,170,590,india vs nepal,nepal vs india,yes
2,760,720,malmo vs copenhagen,malmo-vs-copenhagen,https://tabiji.ai/compare/malmo-vs-copenhagen/,720,40,malmo vs copenhagen,copenhagen vs malmo,
2,760,590,northern italy vs southern italy,northern-italy-vs-southern-italy,https://tabiji.ai/compare/northern-italy-vs-southern-italy/,590,170,northern italy vs southern italy,southern italy vs northern italy,
2,760,590,seoul vs tokyo,tokyo-vs-seoul,https://tabiji.ai/compare/tokyo-vs-seoul/,170,590,tokyo vs seoul,seoul vs tokyo,
2,740,480,copenhagen vs amsterdam,amsterdam-vs-copenhagen,https://tabiji.ai/compare/amsterdam-vs-copenhagen/,260,480,amsterdam vs copenhagen,copenhagen vs amsterdam,
2,740,720,hiroshima vs nagasaki,hiroshima-vs-nagasaki,https://tabiji.ai/compare/hiroshima-vs-nagasaki/,720,20,hiroshima vs nagasaki,nagasaki vs hiroshima,
2,740,480,las vegas vs los angeles,los-angeles-vs-las-vegas,https://tabiji.ai/compare/los-angeles-vs-las-vegas/,260,480,los angeles vs las vegas,las vegas vs los angeles,
2,740,480,sardinia vs sicily,sicily-vs-sardinia,https://tabiji.ai/compare/sicily-vs-sardinia/,260,480,sicily vs sardinia,sardinia vs sicily,
2,740,480,vietnam vs cambodia,vietnam-vs-cambodia,https://tabiji.ai/compare/vietnam-vs-cambodia/,480,260,vietnam vs cambodia,cambodia vs vietnam,
2,740,480,indonesia vs vietnam,vietnam-vs-indonesia,https://tabiji.ai/compare/vietnam-vs-indonesia/,260,480,vietnam vs indonesia,indonesia vs vietnam,yes
2,710,390,antigua vs anguilla,anguilla-vs-antigua,https://tabiji.ai/compare/anguilla-vs-antigua/,320,390,anguilla vs antigua,antigua vs anguilla,
2,710,390,kansas city vs st louis,kansas-city-vs-st-louis,https://tabiji.ai/compare/kansas-city-vs-st-louis/,390,320,kansas city vs st louis,st louis vs kansas city,
2,710,390,las vegas vs phoenix,phoenix-vs-las-vegas,https://tabiji.ai/compare/phoenix-vs-las-vegas/,320,390,phoenix vs las vegas,las vegas vs phoenix,
2,710,390,florence vs rome,rome-vs-florence,https://tabiji.ai/compare/rome-vs-florence/,320,390,rome vs florence,florence vs rome,
2,710,390,vancouver vs seattle,seattle-vs-vancouver,https://tabiji.ai/compare/seattle-vs-vancouver/,320,390,seattle vs vancouver,vancouver vs seattle,
2,650,480,madrid vs bilbao,bilbao-vs-madrid,https://tabiji.ai/compare/bilbao-vs-madrid/,170,480,bilbao vs madrid,madrid vs bilbao,
2,650,390,cannes vs nice,nice-vs-cannes,https://tabiji.ai/compare/nice-vs-cannes/,260,390,nice vs cannes,cannes vs nice,
2,640,320,berlin vs munich,berlin-vs-munich,https://tabiji.ai/compare/berlin-vs-munich/,320,320,berlin vs munich,munich vs berlin,
2,640,320,turks and caicos vs bahamas,turks-and-caicos-vs-bahamas,https://tabiji.ai/compare/turks-and-caicos-vs-bahamas/,320,320,turks and caicos vs bahamas,bahamas vs turks and caicos,
2,620,480,tucson vs phoenix,phoenix-vs-tucson,https://tabiji.ai/compare/phoenix-vs-tucson/,140,480,phoenix vs tucson,tucson vs phoenix,
2,620,480,sao paulo vs rio de janeiro,rio-de-janeiro-vs-sao-paulo,https://tabiji.ai/compare/rio-de-janeiro-vs-sao-paulo/,140,480,rio de janeiro vs sao paulo,sao paulo vs rio de janeiro,
2,600,390,jasper vs banff,banff-vs-jasper,https://tabiji.ai/compare/banff-vs-jasper/,210,390,banff vs jasper,jasper vs banff,
2,600,390,seychelles vs maldives,seychelles-vs-maldives,https://tabiji.ai/compare/seychelles-vs-maldives/,390,210,seychelles vs maldives,maldives vs seychelles,
2,590,480,tokyo vs new york,new-york-vs-tokyo,https://tabiji.ai/compare/new-york-vs-tokyo/,110,480,new york vs tokyo,tokyo vs new york,
2,580,320,zimbabwe vs botswana,botswana-vs-zimbabwe,https://tabiji.ai/compare/botswana-vs-zimbabwe/,260,320,botswana vs zimbabwe,zimbabwe vs botswana,yes
2,580,320,san antonio vs houston,houston-vs-san-antonio,https://tabiji.ai/compare/houston-vs-san-antonio/,260,320,houston vs san antonio,san antonio vs houston,
2,580,320,tanzania vs kenya,tanzania-vs-kenya,https://tabiji.ai/compare/tanzania-vs-kenya/,320,260,tanzania vs kenya,kenya vs tanzania,yes
2,560,390,indonesia vs thailand,thailand-vs-indonesia,https://tabiji.ai/compare/thailand-vs-indonesia/,170,390,thailand vs indonesia,indonesia vs thailand,yes
2,530,390,casablanca vs marrakech,casablanca-vs-marrakech,https://tabiji.ai/compare/casablanca-vs-marrakech/,390,140,casablanca vs marrakech,marrakech vs casablanca,
2,530,320,catania vs palermo,catania-vs-palermo,https://tabiji.ai/compare/catania-vs-palermo/,320,210,catania vs palermo,palermo vs catania,
2,530,390,qatar vs dubai,dubai-vs-qatar,https://tabiji.ai/compare/dubai-vs-qatar/,140,390,dubai vs qatar,qatar vs dubai,
2,530,390,puerto rico vs hawaii,hawaii-vs-puerto-rico,https://tabiji.ai/compare/hawaii-vs-puerto-rico/,140,390,hawaii vs puerto rico,puerto rico vs hawaii,
2,530,320,milan vs rome,milan-vs-rome,https://tabiji.ai/compare/milan-vs-rome/,320,210,milan vs rome,rome vs milan,
2,530,320,malaysia vs thailand,thailand-vs-malaysia,https://tabiji.ai/compare/thailand-vs-malaysia/,210,320,thailand vs malaysia,malaysia vs thailand,yes
2,530,390,vietnam vs philippines,vietnam-vs-philippines,https://tabiji.ai/compare/vietnam-vs-philippines/,390,140,vietnam vs philippines,philippines vs vietnam,yes
2,520,260,coron vs el nido,coron-vs-el-nido,https://tabiji.ai/compare/coron-vs-el-nido/,260,260,coron vs el nido,el nido vs coron,
2,520,260,playa del carmen vs tulum,playa-del-carmen-vs-tulum,https://tabiji.ai/compare/playa-del-carmen-vs-tulum/,260,260,playa del carmen vs tulum,tulum vs playa del carmen,
3,490,320,krakow vs warsaw,krakow-vs-warsaw,https://tabiji.ai/compare/krakow-vs-warsaw/,320,170,krakow vs warsaw,warsaw vs krakow,
3,490,320,corsica vs sardinia,sardinia-vs-corsica,https://tabiji.ai/compare/sardinia-vs-corsica/,170,320,sardinia vs corsica,corsica vs sardinia,
3,480,390,antwerp vs brussels,antwerp-vs-brussels,https://tabiji.ai/compare/antwerp-vs-brussels/,390,90,antwerp vs brussels,brussels vs antwerp,
3,480,390,doha vs dubai,dubai-vs-doha,https://tabiji.ai/compare/dubai-vs-doha/,90,390,dubai vs doha,doha vs dubai,
3,480,390,moorea vs bora bora,moorea-vs-bora-bora,https://tabiji.ai/compare/moorea-vs-bora-bora/,390,90,moorea vs bora bora,bora bora vs moorea,
3,470,260,auckland vs wellington,auckland-vs-wellington,https://tabiji.ai/compare/auckland-vs-wellington/,260,210,auckland vs wellington,wellington vs auckland,
3,470,260,barbados vs st lucia,barbados-vs-st-lucia,https://tabiji.ai/compare/barbados-vs-st-lucia/,260,210,barbados vs st lucia,st lucia vs barbados,
3,470,260,crete vs santorini,crete-vs-santorini,https://tabiji.ai/compare/crete-vs-santorini/,260,210,crete vs santorini,santorini vs crete,
3,470,260,cuba vs mexico,cuba-vs-mexico,https://tabiji.ai/compare/cuba-vs-mexico/,260,210,cuba vs mexico,mexico vs cuba,yes
3,470,260,cuba vs puerto rico,cuba-vs-puerto-rico,https://tabiji.ai/compare/cuba-vs-puerto-rico/,260,210,cuba vs puerto rico,puerto rico vs cuba,
3,470,260,morocco vs egypt,morocco-vs-egypt,https://tabiji.ai/compare/morocco-vs-egypt/,260,210,morocco vs egypt,egypt vs morocco,yes
3,470,260,delhi vs mumbai,mumbai-vs-delhi,https://tabiji.ai/compare/mumbai-vs-delhi/,210,260,mumbai vs delhi,delhi vs mumbai,
3,470,260,hong kong vs shanghai,shanghai-vs-hong-kong,https://tabiji.ai/compare/shanghai-vs-hong-kong/,210,260,shanghai vs hong kong,hong kong vs shanghai,
3,460,320,nashville vs atlanta,atlanta-vs-nashville,https://tabiji.ai/compare/atlanta-vs-nashville/,140,320,atlanta vs nashville,nashville vs atlanta,
3,460,390,busan vs seoul,seoul-vs-busan,https://tabiji.ai/compare/seoul-vs-busan/,70,390,seoul vs busan,busan vs seoul,
3,430,260,cali vs medellin,cali-vs-medellin,https://tabiji.ai/compare/cali-vs-medellin/,260,170,cali vs medellin,medellin vs cali,
3,430,320,costa rica vs hawaii,costa-rica-vs-hawaii,https://tabiji.ai/compare/costa-rica-vs-hawaii/,320,110,costa rica vs hawaii,hawaii vs costa rica,
3,430,260,jamaica vs barbados,jamaica-vs-barbados,https://tabiji.ai/compare/jamaica-vs-barbados/,260,170,jamaica vs barbados,barbados vs jamaica,yes
3,430,260,mauritius vs seychelles,mauritius-vs-seychelles,https://tabiji.ai/compare/mauritius-vs-seychelles/,260,170,mauritius vs seychelles,seychelles vs mauritius,yes
3,430,260,prague vs vienna,vienna-vs-prague,https://tabiji.ai/compare/vienna-vs-prague/,170,260,vienna vs prague,prague vs vienna,
3,430,320,salzburg vs vienna,vienna-vs-salzburg,https://tabiji.ai/compare/vienna-vs-salzburg/,110,320,vienna vs salzburg,salzburg vs vienna,
3,420,210,dead sea vs red sea,dead-sea-vs-red-sea,https://tabiji.ai/compare/dead-sea-vs-red-sea/,210,210,dead sea vs red sea,red sea vs dead sea,
3,420,210,denver vs salt lake city,denver-vs-salt-lake-city,https://tabiji.ai/compare/denver-vs-salt-lake-city/,210,210,denver vs salt lake city,salt lake city vs denver,
3,420,210,netherlands vs belgium,netherlands-vs-belgium,https://tabiji.ai/compare/netherlands-vs-belgium/,210,210,netherlands vs belgium,belgium vs netherlands,yes
3,420,210,pattaya vs phuket,pattaya-vs-phuket,https://tabiji.ai/compare/pattaya-vs-phuket/,210,210,pattaya vs phuket,phuket vs pattaya,
3,420,210,san diego vs miami,san-diego-vs-miami,https://tabiji.ai/compare/san-diego-vs-miami/,210,210,san diego vs miami,miami vs san diego,
3,420,210,serengeti vs masai mara,serengeti-vs-masai-mara,https://tabiji.ai/compare/serengeti-vs-masai-mara/,210,210,serengeti vs masai mara,masai mara vs serengeti,
3,420,210,sydney vs brisbane,sydney-vs-brisbane,https://tabiji.ai/compare/sydney-vs-brisbane/,210,210,sydney vs brisbane,brisbane vs sydney,
3,410,320,bonaire vs curacao,bonaire-vs-curacao,https://tabiji.ai/compare/bonaire-vs-curacao/,320,90,bonaire vs curacao,curacao vs bonaire,
3,410,320,glacier national park vs yellowstone,glacier-national-park-vs-yellowstone,https://tabiji.ai/compare/glacier-national-park-vs-yellowstone/,320,90,glacier national park vs yellowstone,yellowstone vs glacier national park,
3,400,260,bali vs maldives,bali-vs-maldives,https://tabiji.ai/compare/bali-vs-maldives/,260,140,bali vs maldives,maldives vs bali,
3,380,210,fiji vs bali,bali-vs-fiji,https://tabiji.ai/compare/bali-vs-fiji/,170,210,bali vs fiji,fiji vs bali,
3,380,210,japan vs thailand,japan-vs-thailand,https://tabiji.ai/compare/japan-vs-thailand/,210,170,japan vs thailand,thailand vs japan,yes
3,370,260,brisbane vs melbourne,brisbane-vs-melbourne,https://tabiji.ai/compare/brisbane-vs-melbourne/,260,110,brisbane vs melbourne,melbourne vs brisbane,
3,370,260,strasbourg vs colmar,colmar-vs-strasbourg,https://tabiji.ai/compare/colmar-vs-strasbourg/,110,260,colmar vs strasbourg,strasbourg vs colmar,
3,370,260,austria vs switzerland,switzerland-vs-austria,https://tabiji.ai/compare/switzerland-vs-austria/,110,260,switzerland vs austria,austria vs switzerland,yes
3,350,320,chicago vs los angeles,chicago-vs-los-angeles,https://tabiji.ai/compare/chicago-vs-los-angeles/,320,30,chicago vs los angeles,los angeles vs chicago,
3,350,260,portofino vs cinque terre,cinque-terre-vs-portofino,https://tabiji.ai/compare/cinque-terre-vs-portofino/,90,260,cinque terre vs portofino,portofino vs cinque terre,
3,350,210,kenya vs uganda,kenya-vs-uganda,https://tabiji.ai/compare/kenya-vs-uganda/,210,140,kenya vs uganda,uganda vs kenya,yes
3,350,210,lisbon vs barcelona,lisbon-vs-barcelona,https://tabiji.ai/compare/lisbon-vs-barcelona/,210,140,lisbon vs barcelona,barcelona vs lisbon,
3,350,210,macau vs hong kong,macau-vs-hong-kong,https://tabiji.ai/compare/macau-vs-hong-kong/,210,140,macau vs hong kong,hong kong vs macau,
3,350,210,naples vs rome,naples-vs-rome,https://tabiji.ai/compare/naples-vs-rome/,210,140,naples vs rome,rome vs naples,
3,350,210,rome vs venice,venice-vs-rome,https://tabiji.ai/compare/venice-vs-rome/,140,210,venice vs rome,rome vs venice,
3,340,170,arches vs canyonlands,arches-vs-canyonlands,https://tabiji.ai/compare/arches-vs-canyonlands/,170,170,arches vs canyonlands,canyonlands vs arches,
3,340,170,bangkok vs chiang mai,bangkok-vs-chiang-mai,https://tabiji.ai/compare/bangkok-vs-chiang-mai/,170,170,bangkok vs chiang mai,chiang mai vs bangkok,
3,340,170,buenos aires vs santiago,buenos-aires-vs-santiago,https://tabiji.ai/compare/buenos-aires-vs-santiago/,170,170,buenos aires vs santiago,santiago vs buenos aires,
3,340,170,cambodia vs laos,cambodia-vs-laos,https://tabiji.ai/compare/cambodia-vs-laos/,170,170,cambodia vs laos,laos vs cambodia,
3,340,170,cayman islands vs turks and caicos,cayman-islands-vs-turks-and-caicos,https://tabiji.ai/compare/cayman-islands-vs-turks-and-caicos/,170,170,cayman islands vs turks and caicos,turks and caicos vs cayman islands,
3,340,170,hawaii vs florida,hawaii-vs-florida,https://tabiji.ai/compare/hawaii-vs-florida/,170,170,hawaii vs florida,florida vs hawaii,
3,340,170,martinique vs guadeloupe,martinique-vs-guadeloupe,https://tabiji.ai/compare/martinique-vs-guadeloupe/,170,170,martinique vs guadeloupe,guadeloupe vs martinique,
3,340,170,napa valley vs sonoma,napa-valley-vs-sonoma,https://tabiji.ai/compare/napa-valley-vs-sonoma/,170,170,napa valley vs sonoma,sonoma vs napa valley,
3,340,170,slovakia vs czech republic,slovakia-vs-czech-republic,https://tabiji.ai/compare/slovakia-vs-czech-republic/,170,170,slovakia vs czech republic,czech republic vs slovakia,yes
3,330,260,athens vs rome,rome-vs-athens,https://tabiji.ai/compare/rome-vs-athens/,70,260,rome vs athens,athens vs rome,
3,320,210,milan vs venice,milan-vs-venice,https://tabiji.ai/compare/milan-vs-venice/,210,110,milan vs venice,venice vs milan,
3,320,210,budapest vs vienna,vienna-vs-budapest,https://tabiji.ai/compare/vienna-vs-budapest/,110,210,vienna vs budapest,budapest vs vienna,
3,310,170,whistler vs banff,banff-vs-whistler,https://tabiji.ai/compare/banff-vs-whistler/,140,170,banff vs whistler,whistler vs banff,
3,310,170,bahamas vs cayman islands,cayman-islands-vs-bahamas,https://tabiji.ai/compare/cayman-islands-vs-bahamas/,140,170,cayman islands vs bahamas,bahamas vs cayman islands,
3,310,170,chiang mai vs chiang rai,chiang-mai-vs-chiang-rai,https://tabiji.ai/compare/chiang-mai-vs-chiang-rai/,170,140,chiang mai vs chiang rai,chiang rai vs chiang mai,
3,310,170,crete vs corfu,corfu-vs-crete,https://tabiji.ai/compare/corfu-vs-crete/,140,170,corfu vs crete,crete vs corfu,
3,310,170,dublin vs edinburgh,edinburgh-vs-dublin,https://tabiji.ai/compare/edinburgh-vs-dublin/,140,170,edinburgh vs dublin,dublin vs edinburgh,
3,310,170,seville vs granada,granada-vs-seville,https://tabiji.ai/compare/granada-vs-seville/,140,170,granada vs seville,seville vs granada,
3,310,170,zion vs grand canyon,zion-vs-grand-canyon,https://tabiji.ai/compare/zion-vs-grand-canyon/,170,140,zion vs grand canyon,grand canyon vs zion,
3,300,210,fiji vs maldives,fiji-vs-maldives,https://tabiji.ai/compare/fiji-vs-maldives/,210,90,fiji vs maldives,maldives vs fiji,
3,300,210,lake como vs amalfi coast,lake-como-vs-amalfi-coast,https://tabiji.ai/compare/lake-como-vs-amalfi-coast/,210,90,lake como vs amalfi coast,amalfi coast vs lake como,
3,300,260,moscow vs st petersburg,moscow-vs-st-petersburg,https://tabiji.ai/compare/moscow-vs-st-petersburg/,260,40,moscow vs st petersburg,st petersburg vs moscow,
3,300,210,rotterdam vs amsterdam,rotterdam-vs-amsterdam,https://tabiji.ai/compare/rotterdam-vs-amsterdam/,210,90,rotterdam vs amsterdam,amsterdam vs rotterdam,
3,280,170,azores vs canary islands,azores-vs-canary-islands,https://tabiji.ai/compare/azores-vs-canary-islands/,170,110,azores vs canary islands,canary islands vs azores,
3,280,140,florence vs naples,florence-vs-naples,https://tabiji.ai/compare/florence-vs-naples/,140,140,florence vs naples,naples vs florence,
3,280,170,ghent vs bruges,ghent-vs-bruges,https://tabiji.ai/compare/ghent-vs-bruges/,170,110,ghent vs bruges,bruges vs ghent,
3,280,140,lahore vs karachi,lahore-vs-karachi,https://tabiji.ai/compare/lahore-vs-karachi/,140,140,lahore vs karachi,karachi vs lahore,
3,280,140,moab vs zion,moab-vs-zion,https://tabiji.ai/compare/moab-vs-zion/,140,140,moab vs zion,zion vs moab,
3,280,170,orlando vs new york,orlando-vs-new-york,https://tabiji.ai/compare/orlando-vs-new-york/,170,110,orlando vs new york,new york vs orlando,
3,280,140,oslo vs copenhagen,oslo-vs-copenhagen,https://tabiji.ai/compare/oslo-vs-copenhagen/,140,140,oslo vs copenhagen,copenhagen vs oslo,
3,280,210,rome vs paris,rome-vs-paris,https://tabiji.ai/compare/rome-vs-paris/,210,70,rome vs paris,paris vs rome,
3,270,260,victoria vs vancouver,victoria-vs-vancouver,https://tabiji.ai/compare/victoria-vs-vancouver/,260,10,victoria vs vancouver,vancouver vs victoria,
3,260,210,boracay vs palawan,boracay-vs-palawan,https://tabiji.ai/compare/boracay-vs-palawan/,210,50,boracay vs palawan,palawan vs boracay,
3,260,170,croatia vs greece,greece-vs-croatia,https://tabiji.ai/compare/greece-vs-croatia/,90,170,greece vs croatia,croatia vs greece,yes
3,260,170,mauritius vs maldives,maldives-vs-mauritius,https://tabiji.ai/compare/maldives-vs-mauritius/,90,170,maldives vs mauritius,mauritius vs maldives,
3,260,170,oslo vs stockholm,oslo-vs-stockholm,https://tabiji.ai/compare/oslo-vs-stockholm/,170,90,oslo vs stockholm,stockholm vs oslo,
3,260,170,gran canaria vs tenerife,tenerife-vs-gran-canaria,https://tabiji.ai/compare/tenerife-vs-gran-canaria/,90,170,tenerife vs gran canaria,gran canaria vs tenerife,
3,260,170,segovia vs toledo,toledo-vs-segovia,https://tabiji.ai/compare/toledo-vs-segovia/,90,170,toledo vs segovia,segovia vs toledo,
3,250,140,anguilla vs st barts,anguilla-vs-st-barts,https://tabiji.ai/compare/anguilla-vs-st-barts/,140,110,anguilla vs st barts,st barts vs anguilla,
3,250,140,hong kong vs beijing,beijing-vs-hong-kong,https://tabiji.ai/compare/beijing-vs-hong-kong/,110,140,beijing vs hong kong,hong kong vs beijing,
3,250,140,chengdu vs chongqing,chongqing-vs-chengdu,https://tabiji.ai/compare/chongqing-vs-chengdu/,110,140,chongqing vs chengdu,chengdu vs chongqing,
3,250,140,malta vs cyprus,cyprus-vs-malta,https://tabiji.ai/compare/cyprus-vs-malta/,110,140,cyprus vs malta,malta vs cyprus,yes
3,250,140,fiji vs samoa,fiji-vs-samoa,https://tabiji.ai/compare/fiji-vs-samoa/,140,110,fiji vs samoa,samoa vs fiji,
3,250,140,bryce canyon vs grand canyon,grand-canyon-vs-bryce-canyon,https://tabiji.ai/compare/grand-canyon-vs-bryce-canyon/,110,140,grand canyon vs bryce canyon,bryce canyon vs grand canyon,
3,250,140,udaipur vs jaipur,jaipur-vs-udaipur,https://tabiji.ai/compare/jaipur-vs-udaipur/,110,140,jaipur vs udaipur,udaipur vs jaipur,
3,250,140,japan vs italy,japan-vs-italy,https://tabiji.ai/compare/japan-vs-italy/,140,110,japan vs italy,italy vs japan,yes
3,250,140,lombok vs bali,lombok-vs-bali,https://tabiji.ai/compare/lombok-vs-bali/,140,110,lombok vs bali,bali vs lombok,
3,250,140,seville vs madrid,madrid-vs-seville,https://tabiji.ai/compare/madrid-vs-seville/,110,140,madrid vs seville,seville vs madrid,
3,250,140,minneapolis vs chicago,minneapolis-vs-chicago,https://tabiji.ai/compare/minneapolis-vs-chicago/,140,110,minneapolis vs chicago,chicago vs minneapolis,
3,250,140,nha trang vs da nang,nha-trang-vs-da-nang,https://tabiji.ai/compare/nha-trang-vs-da-nang/,140,110,nha trang vs da nang,da nang vs nha trang,
3,250,210,perth vs sydney,perth-vs-sydney,https://tabiji.ai/compare/perth-vs-sydney/,210,40,perth vs sydney,sydney vs perth,
3,250,140,pyongyang vs seoul,pyongyang-vs-seoul,https://tabiji.ai/compare/pyongyang-vs-seoul/,140,110,pyongyang vs seoul,seoul vs pyongyang,
3,250,140,thailand vs sri lanka,sri-lanka-vs-thailand,https://tabiji.ai/compare/sri-lanka-vs-thailand/,110,140,sri lanka vs thailand,thailand vs sri lanka,yes
3,250,140,boston vs washington dc,washington-dc-vs-boston,https://tabiji.ai/compare/washington-dc-vs-boston/,110,140,washington dc vs boston,boston vs washington dc,
3,250,140,seychelles vs zanzibar,zanzibar-vs-seychelles,https://tabiji.ai/compare/zanzibar-vs-seychelles/,110,140,zanzibar vs seychelles,seychelles vs zanzibar,
3,240,170,glacier national park vs banff,glacier-national-park-vs-banff,https://tabiji.ai/compare/glacier-national-park-vs-banff/,170,70,glacier national park vs banff,banff vs glacier national park,
3,240,210,hamburg vs frankfurt,hamburg-vs-frankfurt,https://tabiji.ai/compare/hamburg-vs-frankfurt/,210,30,hamburg vs frankfurt,frankfurt vs hamburg,
3,240,170,hawaii vs caribbean,hawaii-vs-caribbean,https://tabiji.ai/compare/hawaii-vs-caribbean/,170,70,hawaii vs caribbean,caribbean vs hawaii,
3,240,170,lahore vs islamabad,islamabad-vs-lahore,https://tabiji.ai/compare/islamabad-vs-lahore/,70,170,islamabad vs lahore,lahore vs islamabad,
3,240,170,taos vs santa fe,santa-fe-vs-taos,https://tabiji.ai/compare/santa-fe-vs-taos/,70,170,santa fe vs taos,taos vs santa fe,
3,230,140,costa rica vs ecuador,costa-rica-vs-ecuador,https://tabiji.ai/compare/costa-rica-vs-ecuador/,140,90,costa rica vs ecuador,ecuador vs costa rica,yes
3,230,140,frankfurt vs munich,frankfurt-vs-munich,https://tabiji.ai/compare/frankfurt-vs-munich/,140,90,frankfurt vs munich,munich vs frankfurt,
3,230,140,new orleans vs houston,houston-vs-new-orleans,https://tabiji.ai/compare/houston-vs-new-orleans/,90,140,houston vs new orleans,new orleans vs houston,
3,230,140,innsbruck vs salzburg,innsbruck-vs-salzburg,https://tabiji.ai/compare/innsbruck-vs-salzburg/,140,90,innsbruck vs salzburg,salzburg vs innsbruck,
3,230,140,bergen vs oslo,oslo-vs-bergen,https://tabiji.ai/compare/oslo-vs-bergen/,90,140,oslo vs bergen,bergen vs oslo,
3,220,170,bali vs phuket,bali-vs-phuket,https://tabiji.ai/compare/bali-vs-phuket/,170,50,bali vs phuket,phuket vs bali,
3,220,110,bonaire vs aruba,bonaire-vs-aruba,https://tabiji.ai/compare/bonaire-vs-aruba/,110,110,bonaire vs aruba,aruba vs bonaire,
3,220,110,capri vs positano,capri-vs-positano,https://tabiji.ai/compare/capri-vs-positano/,110,110,capri vs positano,positano vs capri,
3,220,110,chamonix vs zermatt,chamonix-vs-zermatt,https://tabiji.ai/compare/chamonix-vs-zermatt/,110,110,chamonix vs zermatt,zermatt vs chamonix,
3,220,110,cyprus vs crete,cyprus-vs-crete,https://tabiji.ai/compare/cyprus-vs-crete/,110,110,cyprus vs crete,crete vs cyprus,
3,220,110,helsinki vs stockholm,helsinki-vs-stockholm,https://tabiji.ai/compare/helsinki-vs-stockholm/,110,110,helsinki vs stockholm,stockholm vs helsinki,
3,220,110,iceland vs alaska,iceland-vs-alaska,https://tabiji.ai/compare/iceland-vs-alaska/,110,110,iceland vs alaska,alaska vs iceland,
3,220,110,japan vs philippines,japan-vs-philippines,https://tabiji.ai/compare/japan-vs-philippines/,110,110,japan vs philippines,philippines vs japan,yes
3,220,110,kuala lumpur vs singapore,kuala-lumpur-vs-singapore,https://tabiji.ai/compare/kuala-lumpur-vs-singapore/,110,110,kuala lumpur vs singapore,singapore vs kuala lumpur,
3,220,110,nepal vs bhutan,nepal-vs-bhutan,https://tabiji.ai/compare/nepal-vs-bhutan/,110,110,nepal vs bhutan,bhutan vs nepal,
3,220,110,san diego vs tijuana,san-diego-vs-tijuana,https://tabiji.ai/compare/san-diego-vs-tijuana/,110,110,san diego vs tijuana,tijuana vs san diego,
3,210,140,brussels vs amsterdam,brussels-vs-amsterdam,https://tabiji.ai/compare/brussels-vs-amsterdam/,140,70,brussels vs amsterdam,amsterdam vs brussels,
3,210,140,indonesia vs myanmar,indonesia-vs-myanmar,https://tabiji.ai/compare/indonesia-vs-myanmar/,140,70,indonesia vs myanmar,myanmar vs indonesia,
3,210,140,tel aviv vs jerusalem,tel-aviv-vs-jerusalem,https://tabiji.ai/compare/tel-aviv-vs-jerusalem/,140,70,tel aviv vs jerusalem,jerusalem vs tel aviv,
3,210,140,hong kong vs tokyo,tokyo-vs-hong-kong,https://tabiji.ai/compare/tokyo-vs-hong-kong/,70,140,tokyo vs hong kong,hong kong vs tokyo,
3,210,140,fiji vs tonga,tonga-vs-fiji,https://tabiji.ai/compare/tonga-vs-fiji/,70,140,tonga vs fiji,fiji vs tonga,
3,200,110,antigua vs barbados,antigua-vs-barbados,https://tabiji.ai/compare/antigua-vs-barbados/,110,90,antigua vs barbados,barbados vs antigua,
3,200,170,bologna vs florence,bologna-vs-florence,https://tabiji.ai/compare/bologna-vs-florence/,170,30,bologna vs florence,florence vs bologna,
3,200,110,montreal vs new york,montreal-vs-new-york,https://tabiji.ai/compare/montreal-vs-new-york/,110,90,montreal vs new york,new york vs montreal,
3,200,110,naxos vs crete,naxos-vs-crete,https://tabiji.ai/compare/naxos-vs-crete/,110,90,naxos vs crete,crete vs naxos,
3,200,110,puerto vallarta vs tulum,tulum-vs-puerto-vallarta,https://tabiji.ai/compare/tulum-vs-puerto-vallarta/,90,110,tulum vs puerto vallarta,puerto vallarta vs tulum,
3,200,110,zurich vs bern,zurich-vs-bern,https://tabiji.ai/compare/zurich-vs-bern/,110,90,zurich vs bern,bern vs zurich,
3,190,140,dubai vs singapore,dubai-vs-singapore,https://tabiji.ai/compare/dubai-vs-singapore/,140,50,dubai vs singapore,singapore vs dubai,
3,180,110,bogota vs cartagena,bogota-vs-cartagena,https://tabiji.ai/compare/bogota-vs-cartagena/,110,70,bogota vs cartagena,cartagena vs bogota,
3,180,110,mumbai vs chennai,chennai-vs-mumbai,https://tabiji.ai/compare/chennai-vs-mumbai/,70,110,chennai vs mumbai,mumbai vs chennai,
3,180,110,da nang vs hoi an,da-nang-vs-hoi-an,https://tabiji.ai/compare/da-nang-vs-hoi-an/,110,70,da nang vs hoi an,hoi an vs da nang,
3,180,90,gold coast vs sunshine coast,gold-coast-vs-sunshine-coast,https://tabiji.ai/compare/gold-coast-vs-sunshine-coast/,90,90,gold coast vs sunshine coast,sunshine coast vs gold coast,
3,180,110,iceland vs ireland,iceland-vs-ireland,https://tabiji.ai/compare/iceland-vs-ireland/,110,70,iceland vs ireland,ireland vs iceland,yes
3,180,90,jamaica vs st lucia,jamaica-vs-st-lucia,https://tabiji.ai/compare/jamaica-vs-st-lucia/,90,90,jamaica vs st lucia,st lucia vs jamaica,
3,180,110,taiwan vs japan,japan-vs-taiwan,https://tabiji.ai/compare/japan-vs-taiwan/,70,110,japan vs taiwan,taiwan vs japan,yes
3,180,110,vietnam vs japan,japan-vs-vietnam,https://tabiji.ai/compare/japan-vs-vietnam/,70,110,japan vs vietnam,vietnam vs japan,yes
3,180,110,death valley vs joshua tree,joshua-tree-vs-death-valley,https://tabiji.ai/compare/joshua-tree-vs-death-valley/,70,110,joshua tree vs death valley,death valley vs joshua tree,
3,180,110,key west vs miami,key-west-vs-miami,https://tabiji.ai/compare/key-west-vs-miami/,110,70,key west vs miami,miami vs key west,
3,180,90,kuala lumpur vs penang,kuala-lumpur-vs-penang,https://tabiji.ai/compare/kuala-lumpur-vs-penang/,90,90,kuala lumpur vs penang,penang vs kuala lumpur,
3,180,140,miami vs las vegas,las-vegas-vs-miami,https://tabiji.ai/compare/las-vegas-vs-miami/,40,140,las vegas vs miami,miami vs las vegas,
3,180,140,lisbon vs madrid,madrid-vs-lisbon,https://tabiji.ai/compare/madrid-vs-lisbon/,40,140,madrid vs lisbon,lisbon vs madrid,
3,180,90,nashville vs new orleans,nashville-vs-new-orleans,https://tabiji.ai/compare/nashville-vs-new-orleans/,90,90,nashville vs new orleans,new orleans vs nashville,
3,180,90,shenzhen vs hong kong,shenzhen-vs-hong-kong,https://tabiji.ai/compare/shenzhen-vs-hong-kong/,90,90,shenzhen vs hong kong,hong kong vs shenzhen,
3,180,110,slovenia vs croatia,slovenia-vs-croatia,https://tabiji.ai/compare/slovenia-vs-croatia/,110,70,slovenia vs croatia,croatia vs slovenia,yes
3,170,140,denver vs austin,austin-vs-denver,https://tabiji.ai/compare/austin-vs-denver/,30,140,austin vs denver,denver vs austin,
3,170,140,manchester vs london,manchester-vs-london,https://tabiji.ai/compare/manchester-vs-london/,140,30,manchester vs london,london vs manchester,
3,160,90,bali vs koh samui,bali-vs-koh-samui,https://tabiji.ai/compare/bali-vs-koh-samui/,90,70,bali vs koh samui,koh samui vs bali,
3,160,90,dominica vs st lucia,dominica-vs-st-lucia,https://tabiji.ai/compare/dominica-vs-st-lucia/,90,70,dominica vs st lucia,st lucia vs dominica,
3,160,90,riyadh vs dubai,dubai-vs-riyadh,https://tabiji.ai/compare/dubai-vs-riyadh/,70,90,dubai vs riyadh,riyadh vs dubai,
3,160,90,faroe islands vs iceland,faroe-islands-vs-iceland,https://tabiji.ai/compare/faroe-islands-vs-iceland/,90,70,faroe islands vs iceland,iceland vs faroe islands,yes
3,160,90,antelope canyon vs grand canyon,grand-canyon-vs-antelope-canyon,https://tabiji.ai/compare/grand-canyon-vs-antelope-canyon/,70,90,grand canyon vs antelope canyon,antelope canyon vs grand canyon,
3,160,110,barbados vs grenada,grenada-vs-barbados,https://tabiji.ai/compare/grenada-vs-barbados/,50,110,grenada vs barbados,barbados vs grenada,
3,160,90,seoul vs incheon,incheon-vs-seoul,https://tabiji.ai/compare/incheon-vs-seoul/,70,90,incheon vs seoul,seoul vs incheon,
3,160,90,jakarta vs bali,jakarta-vs-bali,https://tabiji.ai/compare/jakarta-vs-bali/,90,70,jakarta vs bali,bali vs jakarta,
3,160,110,myanmar vs laos,laos-vs-myanmar,https://tabiji.ai/compare/laos-vs-myanmar/,50,110,laos vs myanmar,myanmar vs laos,
3,160,90,london vs amsterdam,london-vs-amsterdam,https://tabiji.ai/compare/london-vs-amsterdam/,90,70,london vs amsterdam,amsterdam vs london,
3,160,110,tahiti vs maldives,maldives-vs-tahiti,https://tabiji.ai/compare/maldives-vs-tahiti/,50,110,maldives vs tahiti,tahiti vs maldives,
3,160,90,milan vs madrid,milan-vs-madrid,https://tabiji.ai/compare/milan-vs-madrid/,90,70,milan vs madrid,madrid vs milan,yes
3,160,140,amsterdam vs paris,paris-vs-amsterdam,https://tabiji.ai/compare/paris-vs-amsterdam/,20,140,paris vs amsterdam,amsterdam vs paris,
3,160,140,shanghai vs tokyo,tokyo-vs-shanghai,https://tabiji.ai/compare/tokyo-vs-shanghai/,20,140,tokyo vs shanghai,shanghai vs tokyo,
3,160,140,washington dc vs new york,washington-dc-vs-new-york,https://tabiji.ai/compare/washington-dc-vs-new-york/,140,20,washington dc vs new york,new york vs washington dc,
3,150,110,guadalajara vs mexico city,mexico-city-vs-guadalajara,https://tabiji.ai/compare/mexico-city-vs-guadalajara/,40,110,mexico city vs guadalajara,guadalajara vs mexico city,
3,150,140,paris vs new york,paris-vs-new-york,https://tabiji.ai/compare/paris-vs-new-york/,140,10,paris vs new york,new york vs paris,
3,150,110,seville vs cordoba,seville-vs-cordoba,https://tabiji.ai/compare/seville-vs-cordoba/,110,40,seville vs cordoba,cordoba vs seville,
3,150,110,yellowstone vs grand canyon,yellowstone-vs-grand-canyon,https://tabiji.ai/compare/yellowstone-vs-grand-canyon/,110,40,yellowstone vs grand canyon,grand canyon vs yellowstone,
3,140,90,hyderabad vs bangalore,bangalore-vs-hyderabad,https://tabiji.ai/compare/bangalore-vs-hyderabad/,50,90,bangalore vs hyderabad,hyderabad vs bangalore,
3,140,70,bangkok vs ho chi minh,bangkok-vs-ho-chi-minh,https://tabiji.ai/compare/bangkok-vs-ho-chi-minh/,70,70,bangkok vs ho chi minh,ho chi minh vs bangkok,
3,140,70,bangkok vs kuala lumpur,bangkok-vs-kuala-lumpur,https://tabiji.ai/compare/bangkok-vs-kuala-lumpur/,70,70,bangkok vs kuala lumpur,kuala lumpur vs bangkok,
3,140,70,buenos aires vs montevideo,buenos-aires-vs-montevideo,https://tabiji.ai/compare/buenos-aires-vs-montevideo/,70,70,buenos aires vs montevideo,montevideo vs buenos aires,
3,140,110,cuba vs dominican republic,cuba-vs-dominican-republic,https://tabiji.ai/compare/cuba-vs-dominican-republic/,110,30,cuba vs dominican republic,dominican republic vs cuba,yes
3,140,70,istanbul vs athens,istanbul-vs-athens,https://tabiji.ai/compare/istanbul-vs-athens/,70,70,istanbul vs athens,athens vs istanbul,
3,140,70,kilimanjaro vs everest base camp,kilimanjaro-vs-everest-base-camp,https://tabiji.ai/compare/kilimanjaro-vs-everest-base-camp/,70,70,kilimanjaro vs everest base camp,everest base camp vs kilimanjaro,
3,140,70,kyoto vs nara,kyoto-vs-nara,https://tabiji.ai/compare/kyoto-vs-nara/,70,70,kyoto vs nara,nara vs kyoto,
3,140,70,maldives vs hawaii,maldives-vs-hawaii,https://tabiji.ai/compare/maldives-vs-hawaii/,70,70,maldives vs hawaii,hawaii vs maldives,
3,140,70,new orleans vs charleston,new-orleans-vs-charleston,https://tabiji.ai/compare/new-orleans-vs-charleston/,70,70,new orleans vs charleston,charleston vs new orleans,
3,140,70,normandy vs brittany,normandy-vs-brittany,https://tabiji.ai/compare/normandy-vs-brittany/,70,70,normandy vs brittany,brittany vs normandy,
3,140,70,park city vs aspen,park-city-vs-aspen,https://tabiji.ai/compare/park-city-vs-aspen/,70,70,park city vs aspen,aspen vs park city,
3,140,90,uganda vs rwanda,rwanda-vs-uganda,https://tabiji.ai/compare/rwanda-vs-uganda/,50,90,rwanda vs uganda,uganda vs rwanda,yes
3,140,110,bilbao vs san sebastian,san-sebastian-vs-bilbao,https://tabiji.ai/compare/san-sebastian-vs-bilbao/,30,110,san sebastian vs bilbao,bilbao vs san sebastian,
3,140,70,seville vs malaga,seville-vs-malaga,https://tabiji.ai/compare/seville-vs-malaga/,70,70,seville vs malaga,malaga vs seville,
3,140,70,tallinn vs riga,tallinn-vs-riga,https://tabiji.ai/compare/tallinn-vs-riga/,70,70,tallinn vs riga,riga vs tallinn,
3,140,70,tokyo vs beijing,tokyo-vs-beijing,https://tabiji.ai/compare/tokyo-vs-beijing/,70,70,tokyo vs beijing,beijing vs tokyo,
3,140,70,tokyo vs london,tokyo-vs-london,https://tabiji.ai/compare/tokyo-vs-london/,70,70,tokyo vs london,london vs tokyo,
3,140,70,tulum vs cozumel,tulum-vs-cozumel,https://tabiji.ai/compare/tulum-vs-cozumel/,70,70,tulum vs cozumel,cozumel vs tulum,
3,130,110,alps vs rockies,alps-vs-rockies,https://tabiji.ai/compare/alps-vs-rockies/,110,20,alps vs rockies,rockies vs alps,
3,130,90,jeju vs busan,busan-vs-jeju,https://tabiji.ai/compare/busan-vs-jeju/,40,90,busan vs jeju,jeju vs busan,
3,130,90,hvar vs korcula,hvar-vs-korcula,https://tabiji.ai/compare/hvar-vs-korcula/,90,40,hvar vs korcula,korcula vs hvar,
3,130,90,india vs japan,japan-vs-india,https://tabiji.ai/compare/japan-vs-india/,40,90,japan vs india,india vs japan,yes
3,130,110,malta vs sicily,malta-vs-sicily,https://tabiji.ai/compare/malta-vs-sicily/,110,20,malta vs sicily,sicily vs malta,
3,130,110,washington dc vs philadelphia,philadelphia-vs-washington-dc,https://tabiji.ai/compare/philadelphia-vs-washington-dc/,20,110,philadelphia vs washington dc,washington dc vs philadelphia,
3,130,110,jeddah vs riyadh,riyadh-vs-jeddah,https://tabiji.ai/compare/riyadh-vs-jeddah/,20,110,riyadh vs jeddah,jeddah vs riyadh,
3,130,110,sacramento vs san francisco,sacramento-vs-san-francisco,https://tabiji.ai/compare/sacramento-vs-san-francisco/,110,20,sacramento vs san francisco,san francisco vs sacramento,
3,130,90,austria vs slovenia,slovenia-vs-austria,https://tabiji.ai/compare/slovenia-vs-austria/,40,90,slovenia vs austria,austria vs slovenia,yes
3,130,110,south island vs north island,south-island-vs-north-island,https://tabiji.ai/compare/south-island-vs-north-island/,110,20,south island vs north island,north island vs south island,
3,120,70,montenegro vs albania,albania-vs-montenegro,https://tabiji.ai/compare/albania-vs-montenegro/,50,70,albania vs montenegro,montenegro vs albania,yes
3,120,110,denver vs san francisco,denver-vs-san-francisco,https://tabiji.ai/compare/denver-vs-san-francisco/,110,10,denver vs san francisco,san francisco vs denver,
3,120,90,edinburgh vs london,edinburgh-vs-london,https://tabiji.ai/compare/edinburgh-vs-london/,90,30,edinburgh vs london,london vs edinburgh,
3,120,90,french alps vs swiss alps,french-alps-vs-swiss-alps,https://tabiji.ai/compare/french-alps-vs-swiss-alps/,90,30,french alps vs swiss alps,swiss alps vs french alps,
3,120,70,cork vs galway,galway-vs-cork,https://tabiji.ai/compare/galway-vs-cork/,50,70,galway vs cork,cork vs galway,
3,120,90,iceland vs new zealand,iceland-vs-new-zealand,https://tabiji.ai/compare/iceland-vs-new-zealand/,90,30,iceland vs new zealand,new zealand vs iceland,yes
3,120,70,ischia vs capri,ischia-vs-capri,https://tabiji.ai/compare/ischia-vs-capri/,70,50,ischia vs capri,capri vs ischia,
3,120,90,kanazawa vs kyoto,kyoto-vs-kanazawa,https://tabiji.ai/compare/kyoto-vs-kanazawa/,30,90,kyoto vs kanazawa,kanazawa vs kyoto,
3,120,90,oaxaca vs mexico city,mexico-city-vs-oaxaca,https://tabiji.ai/compare/mexico-city-vs-oaxaca/,30,90,mexico city vs oaxaca,oaxaca vs mexico city,
3,120,70,puglia vs sicily,puglia-vs-sicily,https://tabiji.ai/compare/puglia-vs-sicily/,70,50,puglia vs sicily,sicily vs puglia,
3,120,110,turin vs milan,turin-vs-milan,https://tabiji.ai/compare/turin-vs-milan/,110,10,turin vs milan,milan vs turin,
3,110,70,french riviera vs amalfi coast,amalfi-coast-vs-french-riviera,https://tabiji.ai/compare/amalfi-coast-vs-french-riviera/,40,70,amalfi coast vs french riviera,french riviera vs amalfi coast,
3,110,110,bali vs hawaii,bali-vs-hawaii,https://tabiji.ai/compare/bali-vs-hawaii/,110,0,bali vs hawaii,hawaii vs bali,
3,110,70,cook islands vs fiji,cook-islands-vs-fiji,https://tabiji.ai/compare/cook-islands-vs-fiji/,70,40,cook islands vs fiji,fiji vs cook islands,
3,110,70,lima vs cusco,cusco-vs-lima,https://tabiji.ai/compare/cusco-vs-lima/,40,70,cusco vs lima,lima vs cusco,
3,110,70,lebanon vs jordan,lebanon-vs-jordan,https://tabiji.ai/compare/lebanon-vs-jordan/,70,40,lebanon vs jordan,jordan vs lebanon,yes
3,110,90,kenya vs south africa,south-africa-vs-kenya,https://tabiji.ai/compare/south-africa-vs-kenya/,20,90,south africa vs kenya,kenya vs south africa,yes
3,110,90,taiwan vs vietnam,taiwan-vs-vietnam,https://tabiji.ai/compare/taiwan-vs-vietnam/,90,20,taiwan vs vietnam,vietnam vs taiwan,yes
3,110,90,tuscany vs amalfi coast,tuscany-vs-amalfi-coast,https://tabiji.ai/compare/tuscany-vs-amalfi-coast/,90,20,tuscany vs amalfi coast,amalfi coast vs tuscany,
3,110,70,zion vs arches,zion-vs-arches,https://tabiji.ai/compare/zion-vs-arches/,70,40,zion vs arches,arches vs zion,
3,100,50,berlin vs vienna,berlin-vs-vienna,https://tabiji.ai/compare/berlin-vs-vienna/,50,50,berlin vs vienna,vienna vs berlin,
3,100,50,bordeaux vs toulouse,bordeaux-vs-toulouse,https://tabiji.ai/compare/bordeaux-vs-toulouse/,50,50,bordeaux vs toulouse,toulouse vs bordeaux,
3,100,50,christchurch vs queenstown,christchurch-vs-queenstown,https://tabiji.ai/compare/christchurch-vs-queenstown/,50,50,christchurch vs queenstown,queenstown vs christchurch,
3,100,90,dublin vs london,dublin-vs-london,https://tabiji.ai/compare/dublin-vs-london/,90,10,dublin vs london,london vs dublin,
3,100,70,chennai vs hyderabad,hyderabad-vs-chennai,https://tabiji.ai/compare/hyderabad-vs-chennai/,30,70,hyderabad vs chennai,chennai vs hyderabad,
3,100,50,koh samui vs koh phangan,koh-samui-vs-koh-phangan,https://tabiji.ai/compare/koh-samui-vs-koh-phangan/,50,50,koh samui vs koh phangan,koh phangan vs koh samui,
3,100,50,kruger vs serengeti,kruger-vs-serengeti,https://tabiji.ai/compare/kruger-vs-serengeti/,50,50,kruger vs serengeti,serengeti vs kruger,
3,100,50,kyrgyzstan vs tajikistan,kyrgyzstan-vs-tajikistan,https://tabiji.ai/compare/kyrgyzstan-vs-tajikistan/,50,50,kyrgyzstan vs tajikistan,tajikistan vs kyrgyzstan,yes
3,100,70,cancun vs mexico city,mexico-city-vs-cancun,https://tabiji.ai/compare/mexico-city-vs-cancun/,30,70,mexico city vs cancun,cancun vs mexico city,
3,100,70,munich vs vienna,munich-vs-vienna,https://tabiji.ai/compare/munich-vs-vienna/,70,30,munich vs vienna,vienna vs munich,
3,100,50,senegal vs ghana,senegal-vs-ghana,https://tabiji.ai/compare/senegal-vs-ghana/,50,50,senegal vs ghana,ghana vs senegal,yes
3,100,50,thailand vs maldives,thailand-vs-maldives,https://tabiji.ai/compare/thailand-vs-maldives/,50,50,thailand vs maldives,maldives vs thailand,
3,100,50,zagreb vs dubrovnik,zagreb-vs-dubrovnik,https://tabiji.ai/compare/zagreb-vs-dubrovnik/,50,50,zagreb vs dubrovnik,dubrovnik vs zagreb,
0,90,70,adelaide vs melbourne,adelaide-vs-melbourne,https://tabiji.ai/compare/adelaide-vs-melbourne/,70,20,adelaide vs melbourne,melbourne vs adelaide,
0,90,50,barbados vs trinidad,barbados-vs-trinidad,https://tabiji.ai/compare/barbados-vs-trinidad/,50,40,barbados vs trinidad,trinidad vs barbados,
0,90,70,prague vs berlin,berlin-vs-prague,https://tabiji.ai/compare/berlin-vs-prague/,20,70,berlin vs prague,prague vs berlin,
0,90,50,cadiz vs malaga,cadiz-vs-malaga,https://tabiji.ai/compare/cadiz-vs-malaga/,50,40,cadiz vs malaga,malaga vs cadiz,
0,90,50,turkey vs croatia,croatia-vs-turkey,https://tabiji.ai/compare/croatia-vs-turkey/,40,50,croatia vs turkey,turkey vs croatia,yes
0,90,90,jamaica vs cuba,cuba-vs-jamaica,https://tabiji.ai/compare/cuba-vs-jamaica/,0,90,cuba vs jamaica,jamaica vs cuba,yes
0,90,70,dolomites vs swiss alps,dolomites-vs-swiss-alps,https://tabiji.ai/compare/dolomites-vs-swiss-alps/,70,20,dolomites vs swiss alps,swiss alps vs dolomites,
0,90,70,hoi an vs hue,hue-vs-hoi-an,https://tabiji.ai/compare/hue-vs-hoi-an/,20,70,hue vs hoi an,hoi an vs hue,
0,90,70,marrakech vs fez,marrakech-vs-fez,https://tabiji.ai/compare/marrakech-vs-fez/,70,20,marrakech vs fez,fez vs marrakech,
0,90,70,turkey vs morocco,morocco-vs-turkey,https://tabiji.ai/compare/morocco-vs-turkey/,20,70,morocco vs turkey,turkey vs morocco,yes
0,90,50,nagoya vs osaka,nagoya-vs-osaka,https://tabiji.ai/compare/nagoya-vs-osaka/,50,40,nagoya vs osaka,osaka vs nagoya,
0,90,50,queensland vs victoria,queensland-vs-victoria,https://tabiji.ai/compare/queensland-vs-victoria/,50,40,queensland vs victoria,victoria vs queensland,
0,90,50,santorini vs amalfi coast,santorini-vs-amalfi-coast,https://tabiji.ai/compare/santorini-vs-amalfi-coast/,50,40,santorini vs amalfi coast,amalfi coast vs santorini,
0,90,70,scottsdale vs palm springs,scottsdale-vs-palm-springs,https://tabiji.ai/compare/scottsdale-vs-palm-springs/,70,20,scottsdale vs palm springs,palm springs vs scottsdale,
0,90,50,martinique vs st lucia,st-lucia-vs-martinique,https://tabiji.ai/compare/st-lucia-vs-martinique/,40,50,st lucia vs martinique,martinique vs st lucia,
0,90,70,trinidad vs tobago,trinidad-vs-tobago,https://tabiji.ai/compare/trinidad-vs-tobago/,70,20,trinidad vs tobago,tobago vs trinidad,
0,80,70,auckland vs christchurch,auckland-vs-christchurch,https://tabiji.ai/compare/auckland-vs-christchurch/,70,10,auckland vs christchurch,christchurch vs auckland,
0,80,70,auckland vs sydney,auckland-vs-sydney,https://tabiji.ai/compare/auckland-vs-sydney/,70,10,auckland vs sydney,sydney vs auckland,
0,80,40,bangkok vs hanoi,bangkok-vs-hanoi,https://tabiji.ai/compare/bangkok-vs-hanoi/,40,40,bangkok vs hanoi,hanoi vs bangkok,
0,80,50,kerala vs goa,goa-vs-kerala,https://tabiji.ai/compare/goa-vs-kerala/,30,50,goa vs kerala,kerala vs goa,
0,80,70,singapore vs japan,japan-vs-singapore,https://tabiji.ai/compare/japan-vs-singapore/,10,70,japan vs singapore,singapore vs japan,yes
0,80,70,abuja vs lagos,lagos-vs-abuja,https://tabiji.ai/compare/lagos-vs-abuja/,10,70,lagos vs abuja,abuja vs lagos,
0,80,70,rome vs barcelona,rome-vs-barcelona,https://tabiji.ai/compare/rome-vs-barcelona/,70,10,rome vs barcelona,barcelona vs rome,
0,80,50,solomon islands vs vanuatu,solomon-islands-vs-vanuatu,https://tabiji.ai/compare/solomon-islands-vs-vanuatu/,50,30,solomon islands vs vanuatu,vanuatu vs solomon islands,
0,80,40,stuttgart vs munich,stuttgart-vs-munich,https://tabiji.ai/compare/stuttgart-vs-munich/,40,40,stuttgart vs munich,munich vs stuttgart,
0,80,50,suriname vs guyana,suriname-vs-guyana,https://tabiji.ai/compare/suriname-vs-guyana/,50,30,suriname vs guyana,guyana vs suriname,
0,80,70,taipei vs hong kong,taipei-vs-hong-kong,https://tabiji.ai/compare/taipei-vs-hong-kong/,70,10,taipei vs hong kong,hong kong vs taipei,
0,80,40,takayama vs kanazawa,takayama-vs-kanazawa,https://tabiji.ai/compare/takayama-vs-kanazawa/,40,40,takayama vs kanazawa,kanazawa vs takayama,
0,80,40,tibet vs bhutan,tibet-vs-bhutan,https://tabiji.ai/compare/tibet-vs-bhutan/,40,40,tibet vs bhutan,bhutan vs tibet,
0,70,50,berlin vs amsterdam,amsterdam-vs-berlin,https://tabiji.ai/compare/amsterdam-vs-berlin/,20,50,amsterdam vs berlin,berlin vs amsterdam,
0,70,40,gatlinburg vs asheville,asheville-vs-gatlinburg,https://tabiji.ai/compare/asheville-vs-gatlinburg/,30,40,asheville vs gatlinburg,gatlinburg vs asheville,
0,70,40,durban vs cape town,cape-town-vs-durban,https://tabiji.ai/compare/cape-town-vs-durban/,30,40,cape town vs durban,durban vs cape town,
0,70,50,austin vs chicago,chicago-vs-austin,https://tabiji.ai/compare/chicago-vs-austin/,20,50,chicago vs austin,austin vs chicago,
0,70,40,kansai vs kanto,kansai-vs-kanto,https://tabiji.ai/compare/kansai-vs-kanto/,40,30,kansai vs kanto,kanto vs kansai,
0,70,50,mexico vs thailand,mexico-vs-thailand,https://tabiji.ai/compare/mexico-vs-thailand/,50,20,mexico vs thailand,thailand vs mexico,yes
0,70,40,palma vs barcelona,palma-vs-barcelona,https://tabiji.ai/compare/palma-vs-barcelona/,40,30,palma vs barcelona,barcelona vs palma,
0,70,50,krakow vs prague,prague-vs-krakow,https://tabiji.ai/compare/prague-vs-krakow/,20,50,prague vs krakow,krakow vs prague,
0,70,50,wanaka vs queenstown,queenstown-vs-wanaka,https://tabiji.ai/compare/queenstown-vs-wanaka/,20,50,queenstown vs wanaka,wanaka vs queenstown,
0,70,50,milos vs santorini,santorini-vs-milos,https://tabiji.ai/compare/santorini-vs-milos/,20,50,santorini vs milos,milos vs santorini,
0,70,50,sayulita vs puerto vallarta,sayulita-vs-puerto-vallarta,https://tabiji.ai/compare/sayulita-vs-puerto-vallarta/,50,20,sayulita vs puerto vallarta,puerto vallarta vs sayulita,
0,70,40,st kitts vs antigua,st-kitts-vs-antigua,https://tabiji.ai/compare/st-kitts-vs-antigua/,40,30,st kitts vs antigua,antigua vs st kitts,
0,70,50,iguazu falls vs victoria falls,victoria-falls-vs-iguazu-falls,https://tabiji.ai/compare/victoria-falls-vs-iguazu-falls/,20,50,victoria falls vs iguazu falls,iguazu falls vs victoria falls,
0,70,50,yokohama vs tokyo,yokohama-vs-tokyo,https://tabiji.ai/compare/yokohama-vs-tokyo/,50,20,yokohama vs tokyo,tokyo vs yokohama,
0,60,30,aconcagua vs denali,aconcagua-vs-denali,https://tabiji.ai/compare/aconcagua-vs-denali/,30,30,aconcagua vs denali,denali vs aconcagua,
0,60,50,bangkok vs singapore,bangkok-vs-singapore,https://tabiji.ai/compare/bangkok-vs-singapore/,50,10,bangkok vs singapore,singapore vs bangkok,
0,60,30,berlin vs hamburg,berlin-vs-hamburg,https://tabiji.ai/compare/berlin-vs-hamburg/,30,30,berlin vs hamburg,hamburg vs berlin,
0,60,40,malmo vs gothenburg,gothenburg-vs-malmo,https://tabiji.ai/compare/gothenburg-vs-malmo/,20,40,gothenburg vs malmo,malmo vs gothenburg,
0,60,30,helsinki vs oslo,helsinki-vs-oslo,https://tabiji.ai/compare/helsinki-vs-oslo/,30,30,helsinki vs oslo,oslo vs helsinki,
0,60,40,victoria falls vs iguazu,iguazu-vs-victoria-falls,https://tabiji.ai/compare/iguazu-vs-victoria-falls/,20,40,iguazu vs victoria falls,victoria falls vs iguazu,
0,60,40,naples vs sicily,naples-vs-sicily,https://tabiji.ai/compare/naples-vs-sicily/,40,20,naples vs sicily,sicily vs naples,
0,60,30,new caledonia vs fiji,new-caledonia-vs-fiji,https://tabiji.ai/compare/new-caledonia-vs-fiji/,30,30,new caledonia vs fiji,fiji vs new caledonia,
0,60,30,rajasthan vs kerala,rajasthan-vs-kerala,https://tabiji.ai/compare/rajasthan-vs-kerala/,30,30,rajasthan vs kerala,kerala vs rajasthan,
0,60,40,jakarta vs tokyo,tokyo-vs-jakarta,https://tabiji.ai/compare/tokyo-vs-jakarta/,20,40,tokyo vs jakarta,jakarta vs tokyo,
0,60,30,tucson vs sedona,tucson-vs-sedona,https://tabiji.ai/compare/tucson-vs-sedona/,30,30,tucson vs sedona,sedona vs tucson,
0,60,40,wadi rum vs petra,wadi-rum-vs-petra,https://tabiji.ai/compare/wadi-rum-vs-petra/,40,20,wadi rum vs petra,petra vs wadi rum,
0,60,30,wroclaw vs warsaw,wroclaw-vs-warsaw,https://tabiji.ai/compare/wroclaw-vs-warsaw/,30,30,wroclaw vs warsaw,warsaw vs wroclaw,
0,60,30,yosemite vs grand canyon,yosemite-vs-grand-canyon,https://tabiji.ai/compare/yosemite-vs-grand-canyon/,30,30,yosemite vs grand canyon,grand canyon vs yosemite,
0,60,30,zurich vs munich,zurich-vs-munich,https://tabiji.ai/compare/zurich-vs-munich/,30,30,zurich vs munich,munich vs zurich,
0,50,40,auckland vs melbourne,auckland-vs-melbourne,https://tabiji.ai/compare/auckland-vs-melbourne/,40,10,auckland vs melbourne,melbourne vs auckland,
0,50,30,san blas vs bocas del toro,bocas-del-toro-vs-san-blas,https://tabiji.ai/compare/bocas-del-toro-vs-san-blas/,20,30,bocas del toro vs san blas,san blas vs bocas del toro,
0,50,30,bordeaux vs lyon,bordeaux-vs-lyon,https://tabiji.ai/compare/bordeaux-vs-lyon/,30,20,bordeaux vs lyon,lyon vs bordeaux,
0,50,30,brussels vs paris,brussels-vs-paris,https://tabiji.ai/compare/brussels-vs-paris/,30,20,brussels vs paris,paris vs brussels,
0,50,30,buenos aires vs rio de janeiro,buenos-aires-vs-rio-de-janeiro,https://tabiji.ai/compare/buenos-aires-vs-rio-de-janeiro/,30,20,buenos aires vs rio de janeiro,rio de janeiro vs buenos aires,
0,50,40,rabat vs casablanca,casablanca-vs-rabat,https://tabiji.ai/compare/casablanca-vs-rabat/,10,40,casablanca vs rabat,rabat vs casablanca,
0,50,50,galle vs mirissa,galle-vs-mirissa,https://tabiji.ai/compare/galle-vs-mirissa/,50,0,galle vs mirissa,mirissa vs galle,
0,50,30,hiroshima vs kyoto,hiroshima-vs-kyoto,https://tabiji.ai/compare/hiroshima-vs-kyoto/,30,20,hiroshima vs kyoto,kyoto vs hiroshima,
0,50,30,hua hin vs pattaya,hua-hin-vs-pattaya,https://tabiji.ai/compare/hua-hin-vs-pattaya/,30,20,hua hin vs pattaya,pattaya vs hua hin,
0,50,30,tenerife vs lanzarote,lanzarote-vs-tenerife,https://tabiji.ai/compare/lanzarote-vs-tenerife/,20,30,lanzarote vs tenerife,tenerife vs lanzarote,
0,50,40,mumbai vs bangalore,mumbai-vs-bangalore,https://tabiji.ai/compare/mumbai-vs-bangalore/,40,10,mumbai vs bangalore,bangalore vs mumbai,
0,50,30,namibia vs botswana,namibia-vs-botswana,https://tabiji.ai/compare/namibia-vs-botswana/,30,20,namibia vs botswana,botswana vs namibia,yes
0,50,30,nha trang vs phu quoc,nha-trang-vs-phu-quoc,https://tabiji.ai/compare/nha-trang-vs-phu-quoc/,30,20,nha trang vs phu quoc,phu quoc vs nha trang,
0,50,30,puebla vs oaxaca,oaxaca-vs-puebla,https://tabiji.ai/compare/oaxaca-vs-puebla/,20,30,oaxaca vs puebla,puebla vs oaxaca,
0,50,30,fukuoka vs osaka,osaka-vs-fukuoka,https://tabiji.ai/compare/osaka-vs-fukuoka/,20,30,osaka vs fukuoka,fukuoka vs osaka,
0,50,30,madrid vs porto,porto-vs-madrid,https://tabiji.ai/compare/porto-vs-madrid/,20,30,porto vs madrid,madrid vs porto,yes
0,50,40,sintra vs cascais,sintra-vs-cascais,https://tabiji.ai/compare/sintra-vs-cascais/,40,10,sintra vs cascais,cascais vs sintra,
0,50,30,st barts vs turks and caicos,st-barts-vs-turks-and-caicos,https://tabiji.ai/compare/st-barts-vs-turks-and-caicos/,30,20,st barts vs turks and caicos,turks and caicos vs st barts,
0,50,30,nosara vs tamarindo,tamarindo-vs-nosara,https://tabiji.ai/compare/tamarindo-vs-nosara/,20,30,tamarindo vs nosara,nosara vs tamarindo,
0,50,40,revelstoke vs whistler,whistler-vs-revelstoke,https://tabiji.ai/compare/whistler-vs-revelstoke/,10,40,whistler vs revelstoke,revelstoke vs whistler,
0,50,30,zagreb vs split,zagreb-vs-split,https://tabiji.ai/compare/zagreb-vs-split/,30,20,zagreb vs split,split vs zagreb,
0,40,20,accra vs lagos,accra-vs-lagos,https://tabiji.ai/compare/accra-vs-lagos/,20,20,accra vs lagos,lagos vs accra,
0,40,20,addis ababa vs nairobi,addis-ababa-vs-nairobi,https://tabiji.ai/compare/addis-ababa-vs-nairobi/,20,20,addis ababa vs nairobi,nairobi vs addis ababa,
0,40,20,agadir vs marrakech,agadir-vs-marrakech,https://tabiji.ai/compare/agadir-vs-marrakech/,20,20,agadir vs marrakech,marrakech vs agadir,
0,40,20,agra vs delhi,agra-vs-delhi,https://tabiji.ai/compare/agra-vs-delhi/,20,20,agra vs delhi,delhi vs agra,
0,40,20,agra vs jaipur,agra-vs-jaipur,https://tabiji.ai/compare/agra-vs-jaipur/,20,20,agra vs jaipur,jaipur vs agra,
0,40,20,almaty vs tashkent,almaty-vs-tashkent,https://tabiji.ai/compare/almaty-vs-tashkent/,20,20,almaty vs tashkent,tashkent vs almaty,
0,40,20,alps vs andes,alps-vs-andes,https://tabiji.ai/compare/alps-vs-andes/,20,20,alps vs andes,andes vs alps,
0,40,20,amazon vs congo,amazon-vs-congo,https://tabiji.ai/compare/amazon-vs-congo/,20,20,amazon vs congo,congo vs amazon,
0,40,20,amazon vs pantanal,amazon-vs-pantanal,https://tabiji.ai/compare/amazon-vs-pantanal/,20,20,amazon vs pantanal,pantanal vs amazon,
0,40,20,andalusia vs catalonia,andalusia-vs-catalonia,https://tabiji.ai/compare/andalusia-vs-catalonia/,20,20,andalusia vs catalonia,catalonia vs andalusia,
0,40,20,andes vs rockies,andes-vs-rockies,https://tabiji.ai/compare/andes-vs-rockies/,20,20,andes vs rockies,rockies vs andes,
0,40,20,annecy vs chamonix,annecy-vs-chamonix,https://tabiji.ai/compare/annecy-vs-chamonix/,20,20,annecy vs chamonix,chamonix vs annecy,
0,40,20,aspen vs st moritz,aspen-vs-st-moritz,https://tabiji.ai/compare/aspen-vs-st-moritz/,20,20,aspen vs st moritz,st moritz vs aspen,
0,40,20,athens vs thessaloniki,athens-vs-thessaloniki,https://tabiji.ai/compare/athens-vs-thessaloniki/,20,20,athens vs thessaloniki,thessaloniki vs athens,
0,40,20,bahrain vs dubai,bahrain-vs-dubai,https://tabiji.ai/compare/bahrain-vs-dubai/,20,20,bahrain vs dubai,dubai vs bahrain,
0,40,20,baku vs yerevan,baku-vs-yerevan,https://tabiji.ai/compare/baku-vs-yerevan/,20,20,baku vs yerevan,yerevan vs baku,
0,40,20,bali vs boracay,bali-vs-boracay,https://tabiji.ai/compare/bali-vs-boracay/,20,20,bali vs boracay,boracay vs bali,
0,40,20,bali vs chiang mai,bali-vs-chiang-mai,https://tabiji.ai/compare/bali-vs-chiang-mai/,20,20,bali vs chiang mai,chiang mai vs bali,
0,40,20,bali vs krabi,bali-vs-krabi,https://tabiji.ai/compare/bali-vs-krabi/,20,20,bali vs krabi,krabi vs bali,
0,40,20,bali vs philippines,bali-vs-philippines,https://tabiji.ai/compare/bali-vs-philippines/,20,20,bali vs philippines,philippines vs bali,
0,40,20,bali vs seychelles,bali-vs-seychelles,https://tabiji.ai/compare/bali-vs-seychelles/,20,20,bali vs seychelles,seychelles vs bali,
0,40,20,bali vs siargao,bali-vs-siargao,https://tabiji.ai/compare/bali-vs-siargao/,20,20,bali vs siargao,siargao vs bali,
0,40,20,bali vs vietnam,bali-vs-vietnam,https://tabiji.ai/compare/bali-vs-vietnam/,20,20,bali vs vietnam,vietnam vs bali,
0,40,20,bangkok vs bali,bangkok-vs-bali,https://tabiji.ai/compare/bangkok-vs-bali/,20,20,bangkok vs bali,bali vs bangkok,
0,40,20,bangkok vs taipei,bangkok-vs-taipei,https://tabiji.ai/compare/bangkok-vs-taipei/,20,20,bangkok vs taipei,taipei vs bangkok,
0,40,20,basque country vs catalonia,basque-country-vs-catalonia,https://tabiji.ai/compare/basque-country-vs-catalonia/,20,20,basque country vs catalonia,catalonia vs basque country,
0,40,20,bath vs cotswolds,bath-vs-cotswolds,https://tabiji.ai/compare/bath-vs-cotswolds/,20,20,bath vs cotswolds,cotswolds vs bath,
0,40,20,belgrade vs bucharest,belgrade-vs-bucharest,https://tabiji.ai/compare/belgrade-vs-bucharest/,20,20,belgrade vs bucharest,bucharest vs belgrade,
0,40,20,bogota vs quito,bogota-vs-quito,https://tabiji.ai/compare/bogota-vs-quito/,20,20,bogota vs quito,quito vs bogota,
0,40,20,boise vs portland,boise-vs-portland,https://tabiji.ai/compare/boise-vs-portland/,20,20,boise vs portland,portland vs boise,
0,40,40,bologna vs naples,bologna-vs-naples,https://tabiji.ai/compare/bologna-vs-naples/,40,0,bologna vs naples,naples vs bologna,
0,40,20,bora bora vs seychelles,bora-bora-vs-seychelles,https://tabiji.ai/compare/bora-bora-vs-seychelles/,20,20,bora bora vs seychelles,seychelles vs bora bora,
0,40,20,bordeaux vs paris,bordeaux-vs-paris,https://tabiji.ai/compare/bordeaux-vs-paris/,20,20,bordeaux vs paris,paris vs bordeaux,
0,40,20,borneo vs sumatra,borneo-vs-sumatra,https://tabiji.ai/compare/borneo-vs-sumatra/,20,20,borneo vs sumatra,sumatra vs borneo,
0,40,20,bratislava vs vienna,bratislava-vs-vienna,https://tabiji.ai/compare/bratislava-vs-vienna/,20,20,bratislava vs vienna,vienna vs bratislava,
0,40,20,bristol vs london,bristol-vs-london,https://tabiji.ai/compare/bristol-vs-london/,20,20,bristol vs london,london vs bristol,
0,40,20,bucharest vs sofia,bucharest-vs-sofia,https://tabiji.ai/compare/bucharest-vs-sofia/,20,20,bucharest vs sofia,sofia vs bucharest,
0,40,20,budapest vs krakow,budapest-vs-krakow,https://tabiji.ai/compare/budapest-vs-krakow/,20,20,budapest vs krakow,krakow vs budapest,
0,40,20,budapest vs lisbon,budapest-vs-lisbon,https://tabiji.ai/compare/budapest-vs-lisbon/,20,20,budapest vs lisbon,lisbon vs budapest,
0,40,20,byron bay vs gold coast,byron-bay-vs-gold-coast,https://tabiji.ai/compare/byron-bay-vs-gold-coast/,20,20,byron bay vs gold coast,gold coast vs byron bay,
0,40,20,cairns vs darwin,cairns-vs-darwin,https://tabiji.ai/compare/cairns-vs-darwin/,20,20,cairns vs darwin,darwin vs cairns,
0,40,20,cairo vs alexandria,cairo-vs-alexandria,https://tabiji.ai/compare/cairo-vs-alexandria/,20,20,cairo vs alexandria,alexandria vs cairo,
0,40,20,cairo vs luxor,cairo-vs-luxor,https://tabiji.ai/compare/cairo-vs-luxor/,20,20,cairo vs luxor,luxor vs cairo,
0,40,20,canadian rockies vs swiss alps,canadian-rockies-vs-swiss-alps,https://tabiji.ai/compare/canadian-rockies-vs-swiss-alps/,20,20,canadian rockies vs swiss alps,swiss alps vs canadian rockies,
0,40,20,cape town vs rio de janeiro,cape-town-vs-rio-de-janeiro,https://tabiji.ai/compare/cape-town-vs-rio-de-janeiro/,20,20,cape town vs rio de janeiro,rio de janeiro vs cape town,
0,40,20,cape verde vs canary islands,cape-verde-vs-canary-islands,https://tabiji.ai/compare/cape-verde-vs-canary-islands/,20,20,cape verde vs canary islands,canary islands vs cape verde,
0,40,20,cape verde vs senegal,cape-verde-vs-senegal,https://tabiji.ai/compare/cape-verde-vs-senegal/,20,20,cape verde vs senegal,senegal vs cape verde,yes
0,40,20,cologne vs berlin,cologne-vs-berlin,https://tabiji.ai/compare/cologne-vs-berlin/,20,20,cologne vs berlin,berlin vs cologne,
0,40,20,colombo vs kandy,colombo-vs-kandy,https://tabiji.ai/compare/colombo-vs-kandy/,20,20,colombo vs kandy,kandy vs colombo,
0,40,20,cook islands vs samoa,cook-islands-vs-samoa,https://tabiji.ai/compare/cook-islands-vs-samoa/,20,20,cook islands vs samoa,samoa vs cook islands,
0,40,20,corsica vs sicily,corsica-vs-sicily,https://tabiji.ai/compare/corsica-vs-sicily/,20,20,corsica vs sicily,sicily vs corsica,
0,40,20,costa brava vs costa del sol,costa-brava-vs-costa-del-sol,https://tabiji.ai/compare/costa-brava-vs-costa-del-sol/,20,20,costa brava vs costa del sol,costa del sol vs costa brava,
0,40,20,courchevel vs zermatt,courchevel-vs-zermatt,https://tabiji.ai/compare/courchevel-vs-zermatt/,20,20,courchevel vs zermatt,zermatt vs courchevel,
0,40,20,da lat vs da nang,da-lat-vs-da-nang,https://tabiji.ai/compare/da-lat-vs-da-nang/,20,20,da lat vs da nang,da nang vs da lat,
0,40,20,da nang vs ho chi minh,da-nang-vs-ho-chi-minh,https://tabiji.ai/compare/da-nang-vs-ho-chi-minh/,20,20,da nang vs ho chi minh,ho chi minh vs da nang,
0,40,20,darjeeling vs shimla,darjeeling-vs-shimla,https://tabiji.ai/compare/darjeeling-vs-shimla/,20,20,darjeeling vs shimla,shimla vs darjeeling,
0,40,20,dolomites vs patagonia,dolomites-vs-patagonia,https://tabiji.ai/compare/dolomites-vs-patagonia/,20,20,dolomites vs patagonia,patagonia vs dolomites,
0,40,20,dresden vs berlin,dresden-vs-berlin,https://tabiji.ai/compare/dresden-vs-berlin/,20,20,dresden vs berlin,berlin vs dresden,
0,40,20,dubai vs bangkok,dubai-vs-bangkok,https://tabiji.ai/compare/dubai-vs-bangkok/,20,20,dubai vs bangkok,bangkok vs dubai,
0,40,20,dubai vs maldives,dubai-vs-maldives,https://tabiji.ai/compare/dubai-vs-maldives/,20,20,dubai vs maldives,maldives vs dubai,
0,40,20,durban vs johannesburg,durban-vs-johannesburg,https://tabiji.ai/compare/durban-vs-johannesburg/,20,20,durban vs johannesburg,johannesburg vs durban,
0,40,20,egypt vs greece,egypt-vs-greece,https://tabiji.ai/compare/egypt-vs-greece/,20,20,egypt vs greece,greece vs egypt,yes
0,40,20,el nido vs siargao,el-nido-vs-siargao,https://tabiji.ai/compare/el-nido-vs-siargao/,20,20,el nido vs siargao,siargao vs el nido,
0,40,20,ethiopia vs madagascar,ethiopia-vs-madagascar,https://tabiji.ai/compare/ethiopia-vs-madagascar/,20,20,ethiopia vs madagascar,madagascar vs ethiopia,yes
0,40,20,everest base camp vs annapurna,everest-base-camp-vs-annapurna,https://tabiji.ai/compare/everest-base-camp-vs-annapurna/,20,20,everest base camp vs annapurna,annapurna vs everest base camp,
0,40,20,florence vs barcelona,florence-vs-barcelona,https://tabiji.ai/compare/florence-vs-barcelona/,20,20,florence vs barcelona,barcelona vs florence,
0,40,20,florianopolis vs rio de janeiro,florianopolis-vs-rio-de-janeiro,https://tabiji.ai/compare/florianopolis-vs-rio-de-janeiro/,20,20,florianopolis vs rio de janeiro,rio de janeiro vs florianopolis,
0,40,20,florida keys vs bahamas,florida-keys-vs-bahamas,https://tabiji.ai/compare/florida-keys-vs-bahamas/,20,20,florida keys vs bahamas,bahamas vs florida keys,
0,40,20,gdansk vs krakow,gdansk-vs-krakow,https://tabiji.ai/compare/gdansk-vs-krakow/,20,20,gdansk vs krakow,krakow vs gdansk,
0,40,20,gozo vs malta,gozo-vs-malta,https://tabiji.ai/compare/gozo-vs-malta/,20,20,gozo vs malta,malta vs gozo,
0,40,20,great smoky mountains vs blue ridge,great-smoky-mountains-vs-blue-ridge,https://tabiji.ai/compare/great-smoky-mountains-vs-blue-ridge/,20,20,great smoky mountains vs blue ridge,blue ridge vs great smoky mountains,
0,40,20,guanajuato vs san miguel de allende,guanajuato-vs-san-miguel-de-allende,https://tabiji.ai/compare/guanajuato-vs-san-miguel-de-allende/,20,20,guanajuato vs san miguel de allende,san miguel de allende vs guanajuato,
0,40,20,guangzhou vs hong kong,guangzhou-vs-hong-kong,https://tabiji.ai/compare/guangzhou-vs-hong-kong/,20,20,guangzhou vs hong kong,hong kong vs guangzhou,
0,40,20,gyeongju vs jeonju,gyeongju-vs-jeonju,https://tabiji.ai/compare/gyeongju-vs-jeonju/,20,20,gyeongju vs jeonju,jeonju vs gyeongju,
0,40,20,helsinki vs tallinn,helsinki-vs-tallinn,https://tabiji.ai/compare/helsinki-vs-tallinn/,20,20,helsinki vs tallinn,tallinn vs helsinki,
0,40,20,himalayas vs andes,himalayas-vs-andes,https://tabiji.ai/compare/himalayas-vs-andes/,20,20,himalayas vs andes,andes vs himalayas,
0,40,20,hiroshima vs osaka,hiroshima-vs-osaka,https://tabiji.ai/compare/hiroshima-vs-osaka/,20,20,hiroshima vs osaka,osaka vs hiroshima,
0,40,20,hokkaido vs okinawa,hokkaido-vs-okinawa,https://tabiji.ai/compare/hokkaido-vs-okinawa/,20,20,hokkaido vs okinawa,okinawa vs hokkaido,
0,40,20,hwange vs chobe,hwange-vs-chobe,https://tabiji.ai/compare/hwange-vs-chobe/,20,20,hwange vs chobe,chobe vs hwange,
0,40,20,inca trail vs kilimanjaro,inca-trail-vs-kilimanjaro,https://tabiji.ai/compare/inca-trail-vs-kilimanjaro/,20,20,inca trail vs kilimanjaro,kilimanjaro vs inca trail,
0,40,20,incheon vs busan,incheon-vs-busan,https://tabiji.ai/compare/incheon-vs-busan/,20,20,incheon vs busan,busan vs incheon,
0,40,40,miyako vs ishigaki,ishigaki-vs-miyako,https://tabiji.ai/compare/ishigaki-vs-miyako/,0,40,ishigaki vs miyako,miyako vs ishigaki,
0,40,20,istanbul vs cairo,istanbul-vs-cairo,https://tabiji.ai/compare/istanbul-vs-cairo/,20,20,istanbul vs cairo,cairo vs istanbul,
0,40,20,istanbul vs marrakech,istanbul-vs-marrakech,https://tabiji.ai/compare/istanbul-vs-marrakech/,20,20,istanbul vs marrakech,marrakech vs istanbul,
0,40,20,jakarta vs singapore,jakarta-vs-singapore,https://tabiji.ai/compare/jakarta-vs-singapore/,20,20,jakarta vs singapore,singapore vs jakarta,
0,40,20,kamakura vs nikko,kamakura-vs-nikko,https://tabiji.ai/compare/kamakura-vs-nikko/,20,20,kamakura vs nikko,nikko vs kamakura,
0,40,20,kaohsiung vs tainan,kaohsiung-vs-tainan,https://tabiji.ai/compare/kaohsiung-vs-tainan/,20,20,kaohsiung vs tainan,tainan vs kaohsiung,
0,40,20,kigali vs kampala,kigali-vs-kampala,https://tabiji.ai/compare/kigali-vs-kampala/,20,20,kigali vs kampala,kampala vs kigali,
0,40,20,kilimanjaro vs aconcagua,kilimanjaro-vs-aconcagua,https://tabiji.ai/compare/kilimanjaro-vs-aconcagua/,20,20,kilimanjaro vs aconcagua,aconcagua vs kilimanjaro,
0,40,20,kobe vs osaka,kobe-vs-osaka,https://tabiji.ai/compare/kobe-vs-osaka/,20,20,kobe vs osaka,osaka vs kobe,
0,40,20,koh tao vs koh lipe,koh-tao-vs-koh-lipe,https://tabiji.ai/compare/koh-tao-vs-koh-lipe/,20,20,koh tao vs koh lipe,koh lipe vs koh tao,
0,40,20,kolkata vs delhi,kolkata-vs-delhi,https://tabiji.ai/compare/kolkata-vs-delhi/,20,20,kolkata vs delhi,delhi vs kolkata,
0,40,30,la paz vs sucre,la-paz-vs-sucre,https://tabiji.ai/compare/la-paz-vs-sucre/,30,10,la paz vs sucre,sucre vs la paz,
0,40,20,lake district vs cotswolds,lake-district-vs-cotswolds,https://tabiji.ai/compare/lake-district-vs-cotswolds/,20,20,lake district vs cotswolds,cotswolds vs lake district,
0,40,20,lapland vs tromso,lapland-vs-tromso,https://tabiji.ai/compare/lapland-vs-tromso/,20,20,lapland vs tromso,tromso vs lapland,
0,40,20,lima vs buenos aires,lima-vs-buenos-aires,https://tabiji.ai/compare/lima-vs-buenos-aires/,20,20,lima vs buenos aires,buenos aires vs lima,
0,40,20,lima vs mexico city,lima-vs-mexico-city,https://tabiji.ai/compare/lima-vs-mexico-city/,20,20,lima vs mexico city,mexico city vs lima,
0,40,20,lisbon vs rome,lisbon-vs-rome,https://tabiji.ai/compare/lisbon-vs-rome/,20,20,lisbon vs rome,rome vs lisbon,
0,40,20,lombok vs flores,lombok-vs-flores,https://tabiji.ai/compare/lombok-vs-flores/,20,20,lombok vs flores,flores vs lombok,
0,40,20,lombok vs gili islands,lombok-vs-gili-islands,https://tabiji.ai/compare/lombok-vs-gili-islands/,20,20,lombok vs gili islands,gili islands vs lombok,
0,40,20,london vs milan,london-vs-milan,https://tabiji.ai/compare/london-vs-milan/,20,20,london vs milan,milan vs london,
0,40,20,london vs munich,london-vs-munich,https://tabiji.ai/compare/london-vs-munich/,20,20,london vs munich,munich vs london,
0,40,20,luxor vs aswan,luxor-vs-aswan,https://tabiji.ai/compare/luxor-vs-aswan/,20,20,luxor vs aswan,aswan vs luxor,
0,40,20,maldives vs caribbean,maldives-vs-caribbean,https://tabiji.ai/compare/maldives-vs-caribbean/,20,20,maldives vs caribbean,caribbean vs maldives,
0,40,20,maldives vs phuket,maldives-vs-phuket,https://tabiji.ai/compare/maldives-vs-phuket/,20,20,maldives vs phuket,phuket vs maldives,
0,40,20,mallorca vs corfu,mallorca-vs-corfu,https://tabiji.ai/compare/mallorca-vs-corfu/,20,20,mallorca vs corfu,corfu vs mallorca,
0,40,20,matsumoto vs nagano,matsumoto-vs-nagano,https://tabiji.ai/compare/matsumoto-vs-nagano/,20,20,matsumoto vs nagano,nagano vs matsumoto,
0,40,20,maui vs cancun,maui-vs-cancun,https://tabiji.ai/compare/maui-vs-cancun/,20,20,maui vs cancun,cancun vs maui,
0,40,20,medellin vs buenos aires,medellin-vs-buenos-aires,https://tabiji.ai/compare/medellin-vs-buenos-aires/,20,20,medellin vs buenos aires,buenos aires vs medellin,
0,40,20,medellin vs lima,medellin-vs-lima,https://tabiji.ai/compare/medellin-vs-lima/,20,20,medellin vs lima,lima vs medellin,
0,40,20,medellin vs mexico city,medellin-vs-mexico-city,https://tabiji.ai/compare/medellin-vs-mexico-city/,20,20,medellin vs mexico city,mexico city vs medellin,
0,40,20,mendoza vs buenos aires,mendoza-vs-buenos-aires,https://tabiji.ai/compare/mendoza-vs-buenos-aires/,20,20,mendoza vs buenos aires,buenos aires vs mendoza,
0,40,20,mendoza vs salta,mendoza-vs-salta,https://tabiji.ai/compare/mendoza-vs-salta/,20,20,mendoza vs salta,salta vs mendoza,
0,40,20,menorca vs formentera,menorca-vs-formentera,https://tabiji.ai/compare/menorca-vs-formentera/,20,20,menorca vs formentera,formentera vs menorca,
0,40,20,merida vs campeche,merida-vs-campeche,https://tabiji.ai/compare/merida-vs-campeche/,20,20,merida vs campeche,campeche vs merida,
0,40,20,mexico city vs bogota,mexico-city-vs-bogota,https://tabiji.ai/compare/mexico-city-vs-bogota/,20,20,mexico city vs bogota,bogota vs mexico city,
0,40,20,mexico city vs buenos aires,mexico-city-vs-buenos-aires,https://tabiji.ai/compare/mexico-city-vs-buenos-aires/,20,20,mexico city vs buenos aires,buenos aires vs mexico city,
0,40,20,miami vs san juan,miami-vs-san-juan,https://tabiji.ai/compare/miami-vs-san-juan/,20,20,miami vs san juan,san juan vs miami,
0,40,20,monaco vs st tropez,monaco-vs-st-tropez,https://tabiji.ai/compare/monaco-vs-st-tropez/,20,20,monaco vs st tropez,st tropez vs monaco,
0,40,20,mui ne vs nha trang,mui-ne-vs-nha-trang,https://tabiji.ai/compare/mui-ne-vs-nha-trang/,20,20,mui ne vs nha trang,nha trang vs mui ne,
0,40,20,mysore vs bangalore,mysore-vs-bangalore,https://tabiji.ai/compare/mysore-vs-bangalore/,20,20,mysore vs bangalore,bangalore vs mysore,
0,40,20,nagasaki vs fukuoka,nagasaki-vs-fukuoka,https://tabiji.ai/compare/nagasaki-vs-fukuoka/,20,20,nagasaki vs fukuoka,fukuoka vs nagasaki,
0,40,20,nagoya vs tokyo,nagoya-vs-tokyo,https://tabiji.ai/compare/nagoya-vs-tokyo/,20,20,nagoya vs tokyo,tokyo vs nagoya,
0,40,20,nairobi vs cape town,nairobi-vs-cape-town,https://tabiji.ai/compare/nairobi-vs-cape-town/,20,20,nairobi vs cape town,cape town vs nairobi,
0,40,20,nairobi vs kampala,nairobi-vs-kampala,https://tabiji.ai/compare/nairobi-vs-kampala/,20,20,nairobi vs kampala,kampala vs nairobi,
0,40,20,nara vs osaka,nara-vs-osaka,https://tabiji.ai/compare/nara-vs-osaka/,20,20,nara vs osaka,osaka vs nara,
0,40,20,nice vs barcelona,nice-vs-barcelona,https://tabiji.ai/compare/nice-vs-barcelona/,20,20,nice vs barcelona,barcelona vs nice,yes
0,40,30,ninh binh vs ha long bay,ninh-binh-vs-ha-long-bay,https://tabiji.ai/compare/ninh-binh-vs-ha-long-bay/,30,10,ninh binh vs ha long bay,ha long bay vs ninh binh,
0,40,20,nuremberg vs munich,nuremberg-vs-munich,https://tabiji.ai/compare/nuremberg-vs-munich/,20,20,nuremberg vs munich,munich vs nuremberg,
0,40,20,oaxaca vs guadalajara,oaxaca-vs-guadalajara,https://tabiji.ai/compare/oaxaca-vs-guadalajara/,20,20,oaxaca vs guadalajara,guadalajara vs oaxaca,
0,40,20,okinawa vs jeju,okinawa-vs-jeju,https://tabiji.ai/compare/okinawa-vs-jeju/,20,20,okinawa vs jeju,jeju vs okinawa,
0,40,20,ooty vs munnar,ooty-vs-munnar,https://tabiji.ai/compare/ooty-vs-munnar/,20,20,ooty vs munnar,munnar vs ooty,
0,40,20,osaka vs seoul,osaka-vs-seoul,https://tabiji.ai/compare/osaka-vs-seoul/,20,20,osaka vs seoul,seoul vs osaka,
0,40,20,paris vs lisbon,paris-vs-lisbon,https://tabiji.ai/compare/paris-vs-lisbon/,20,20,paris vs lisbon,lisbon vs paris,
0,40,20,paris vs vienna,paris-vs-vienna,https://tabiji.ai/compare/paris-vs-vienna/,20,20,paris vs vienna,vienna vs paris,
0,40,20,patagonia vs alaska,patagonia-vs-alaska,https://tabiji.ai/compare/patagonia-vs-alaska/,20,20,patagonia vs alaska,alaska vs patagonia,
0,40,20,patagonia vs iceland,patagonia-vs-iceland,https://tabiji.ai/compare/patagonia-vs-iceland/,20,20,patagonia vs iceland,iceland vs patagonia,
0,40,20,patagonia vs new zealand,patagonia-vs-new-zealand,https://tabiji.ai/compare/patagonia-vs-new-zealand/,20,20,patagonia vs new zealand,new zealand vs patagonia,
0,40,20,penang vs ipoh,penang-vs-ipoh,https://tabiji.ai/compare/penang-vs-ipoh/,20,20,penang vs ipoh,ipoh vs penang,
0,40,20,phu quoc vs koh samui,phu-quoc-vs-koh-samui,https://tabiji.ai/compare/phu-quoc-vs-koh-samui/,20,20,phu quoc vs koh samui,koh samui vs phu quoc,
0,40,20,phuket vs penang,phuket-vs-penang,https://tabiji.ai/compare/phuket-vs-penang/,20,20,phuket vs penang,penang vs phuket,
0,40,20,plovdiv vs sofia,plovdiv-vs-sofia,https://tabiji.ai/compare/plovdiv-vs-sofia/,20,20,plovdiv vs sofia,sofia vs plovdiv,
0,40,20,provence vs tuscany,provence-vs-tuscany,https://tabiji.ai/compare/provence-vs-tuscany/,20,20,provence vs tuscany,tuscany vs provence,
0,40,20,quito vs cuenca,quito-vs-cuenca,https://tabiji.ai/compare/quito-vs-cuenca/,20,20,quito vs cuenca,cuenca vs quito,
0,40,20,recife vs fortaleza,recife-vs-fortaleza,https://tabiji.ai/compare/recife-vs-fortaleza/,20,20,recife vs fortaleza,fortaleza vs recife,
0,40,20,reunion vs mauritius,reunion-vs-mauritius,https://tabiji.ai/compare/reunion-vs-mauritius/,20,20,reunion vs mauritius,mauritius vs reunion,
0,40,20,rhodes vs santorini,rhodes-vs-santorini,https://tabiji.ai/compare/rhodes-vs-santorini/,20,20,rhodes vs santorini,santorini vs rhodes,
0,40,20,rioja vs bordeaux,rioja-vs-bordeaux,https://tabiji.ai/compare/rioja-vs-bordeaux/,20,20,rioja vs bordeaux,bordeaux vs rioja,
0,40,20,rome vs amsterdam,rome-vs-amsterdam,https://tabiji.ai/compare/rome-vs-amsterdam/,20,20,rome vs amsterdam,amsterdam vs rome,
0,40,20,rome vs madrid,rome-vs-madrid,https://tabiji.ai/compare/rome-vs-madrid/,20,20,rome vs madrid,madrid vs rome,
0,40,20,ronda vs granada,ronda-vs-granada,https://tabiji.ai/compare/ronda-vs-granada/,20,20,ronda vs granada,granada vs ronda,
0,40,20,rotorua vs taupo,rotorua-vs-taupo,https://tabiji.ai/compare/rotorua-vs-taupo/,20,20,rotorua vs taupo,taupo vs rotorua,
0,40,20,rwanda vs kenya,rwanda-vs-kenya,https://tabiji.ai/compare/rwanda-vs-kenya/,20,20,rwanda vs kenya,kenya vs rwanda,yes
0,40,20,salt lake city vs phoenix,salt-lake-city-vs-phoenix,https://tabiji.ai/compare/salt-lake-city-vs-phoenix/,20,20,salt lake city vs phoenix,phoenix vs salt lake city,
0,40,20,salzburg vs munich,salzburg-vs-munich,https://tabiji.ai/compare/salzburg-vs-munich/,20,20,salzburg vs munich,munich vs salzburg,
0,40,20,san sebastian vs barcelona,san-sebastian-vs-barcelona,https://tabiji.ai/compare/san-sebastian-vs-barcelona/,20,20,san sebastian vs barcelona,barcelona vs san sebastian,
0,40,20,santa barbara vs monterey,santa-barbara-vs-monterey,https://tabiji.ai/compare/santa-barbara-vs-monterey/,20,20,santa barbara vs monterey,monterey vs santa barbara,
0,40,20,sarajevo vs belgrade,sarajevo-vs-belgrade,https://tabiji.ai/compare/sarajevo-vs-belgrade/,20,20,sarajevo vs belgrade,belgrade vs sarajevo,
0,40,20,savannah vs st augustine,savannah-vs-st-augustine,https://tabiji.ai/compare/savannah-vs-st-augustine/,20,20,savannah vs st augustine,st augustine vs savannah,
0,40,20,sedona vs moab,sedona-vs-moab,https://tabiji.ai/compare/sedona-vs-moab/,20,20,sedona vs moab,moab vs sedona,
0,40,20,seoul vs bangkok,seoul-vs-bangkok,https://tabiji.ai/compare/seoul-vs-bangkok/,20,20,seoul vs bangkok,bangkok vs seoul,
0,40,20,seoul vs taipei,seoul-vs-taipei,https://tabiji.ai/compare/seoul-vs-taipei/,20,20,seoul vs taipei,taipei vs seoul,
0,40,20,seychelles vs fiji,seychelles-vs-fiji,https://tabiji.ai/compare/seychelles-vs-fiji/,20,20,seychelles vs fiji,fiji vs seychelles,
0,40,20,shanghai vs seoul,shanghai-vs-seoul,https://tabiji.ai/compare/shanghai-vs-seoul/,20,20,shanghai vs seoul,seoul vs shanghai,
0,40,20,shikoku vs kyushu,shikoku-vs-kyushu,https://tabiji.ai/compare/shikoku-vs-kyushu/,20,20,shikoku vs kyushu,kyushu vs shikoku,
0,40,20,shimla vs manali,shimla-vs-manali,https://tabiji.ai/compare/shimla-vs-manali/,20,20,shimla vs manali,manali vs shimla,
0,40,20,siargao vs bohol,siargao-vs-bohol,https://tabiji.ai/compare/siargao-vs-bohol/,20,20,siargao vs bohol,bohol vs siargao,
0,40,20,sibiu vs brasov,sibiu-vs-brasov,https://tabiji.ai/compare/sibiu-vs-brasov/,20,20,sibiu vs brasov,brasov vs sibiu,
0,40,20,siem reap vs phnom penh,siem-reap-vs-phnom-penh,https://tabiji.ai/compare/siem-reap-vs-phnom-penh/,20,20,siem reap vs phnom penh,phnom penh vs siem reap,
0,40,20,singapore vs penang,singapore-vs-penang,https://tabiji.ai/compare/singapore-vs-penang/,20,20,singapore vs penang,penang vs singapore,
0,40,20,skopje vs tirana,skopje-vs-tirana,https://tabiji.ai/compare/skopje-vs-tirana/,20,20,skopje vs tirana,tirana vs skopje,
0,40,20,sofia vs budapest,sofia-vs-budapest,https://tabiji.ai/compare/sofia-vs-budapest/,20,20,sofia vs budapest,budapest vs sofia,
0,40,20,sri lanka vs bali,sri-lanka-vs-bali,https://tabiji.ai/compare/sri-lanka-vs-bali/,20,20,sri lanka vs bali,bali vs sri lanka,
0,40,20,st barts vs st lucia,st-barts-vs-st-lucia,https://tabiji.ai/compare/st-barts-vs-st-lucia/,20,20,st barts vs st lucia,st lucia vs st barts,
0,40,20,st maarten vs st barts,st-maarten-vs-st-barts,https://tabiji.ai/compare/st-maarten-vs-st-barts/,20,20,st maarten vs st barts,st barts vs st maarten,
0,40,20,stockholm vs berlin,stockholm-vs-berlin,https://tabiji.ai/compare/stockholm-vs-berlin/,20,20,stockholm vs berlin,berlin vs stockholm,
0,40,20,sukhothai vs ayutthaya,sukhothai-vs-ayutthaya,https://tabiji.ai/compare/sukhothai-vs-ayutthaya/,20,20,sukhothai vs ayutthaya,ayutthaya vs sukhothai,
0,40,20,suzhou vs hangzhou,suzhou-vs-hangzhou,https://tabiji.ai/compare/suzhou-vs-hangzhou/,20,20,suzhou vs hangzhou,hangzhou vs suzhou,
0,40,20,taichung vs tainan,taichung-vs-tainan,https://tabiji.ai/compare/taichung-vs-tainan/,20,20,taichung vs tainan,tainan vs taichung,
0,40,20,taipei vs beijing,taipei-vs-beijing,https://tabiji.ai/compare/taipei-vs-beijing/,20,20,taipei vs beijing,beijing vs taipei,
0,40,20,taipei vs tainan,taipei-vs-tainan,https://tabiji.ai/compare/taipei-vs-tainan/,20,20,taipei vs tainan,tainan vs taipei,
0,40,20,tbilisi vs baku,tbilisi-vs-baku,https://tabiji.ai/compare/tbilisi-vs-baku/,20,20,tbilisi vs baku,baku vs tbilisi,
0,40,20,tbilisi vs yerevan,tbilisi-vs-yerevan,https://tabiji.ai/compare/tbilisi-vs-yerevan/,20,20,tbilisi vs yerevan,yerevan vs tbilisi,
0,40,20,tokyo vs bangkok,tokyo-vs-bangkok,https://tabiji.ai/compare/tokyo-vs-bangkok/,20,20,tokyo vs bangkok,bangkok vs tokyo,
0,40,20,tokyo vs fukuoka,tokyo-vs-fukuoka,https://tabiji.ai/compare/tokyo-vs-fukuoka/,20,20,tokyo vs fukuoka,fukuoka vs tokyo,
0,40,20,tokyo vs kuala lumpur,tokyo-vs-kuala-lumpur,https://tabiji.ai/compare/tokyo-vs-kuala-lumpur/,20,20,tokyo vs kuala lumpur,kuala lumpur vs tokyo,
0,40,20,tokyo vs manila,tokyo-vs-manila,https://tabiji.ai/compare/tokyo-vs-manila/,20,20,tokyo vs manila,manila vs tokyo,
0,40,20,tokyo vs paris,tokyo-vs-paris,https://tabiji.ai/compare/tokyo-vs-paris/,20,20,tokyo vs paris,paris vs tokyo,
0,40,20,tokyo vs sapporo,tokyo-vs-sapporo,https://tabiji.ai/compare/tokyo-vs-sapporo/,20,20,tokyo vs sapporo,sapporo vs tokyo,
0,40,20,tokyo vs singapore,tokyo-vs-singapore,https://tabiji.ai/compare/tokyo-vs-singapore/,20,20,tokyo vs singapore,singapore vs tokyo,
0,40,20,tokyo vs taipei,tokyo-vs-taipei,https://tabiji.ai/compare/tokyo-vs-taipei/,20,20,tokyo vs taipei,taipei vs tokyo,
0,40,20,torres del paine vs fitz roy,torres-del-paine-vs-fitz-roy,https://tabiji.ai/compare/torres-del-paine-vs-fitz-roy/,20,20,torres del paine vs fitz roy,fitz roy vs torres del paine,
0,40,20,tromso vs lofoten,tromso-vs-lofoten,https://tabiji.ai/compare/tromso-vs-lofoten/,20,20,tromso vs lofoten,lofoten vs tromso,
0,40,20,turks and caicos vs maldives,turks-and-caicos-vs-maldives,https://tabiji.ai/compare/turks-and-caicos-vs-maldives/,20,20,turks and caicos vs maldives,maldives vs turks and caicos,
0,40,20,valparaiso vs santiago,valparaiso-vs-santiago,https://tabiji.ai/compare/valparaiso-vs-santiago/,20,20,valparaiso vs santiago,santiago vs valparaiso,
0,40,20,vanuatu vs new caledonia,vanuatu-vs-new-caledonia,https://tabiji.ai/compare/vanuatu-vs-new-caledonia/,20,20,vanuatu vs new caledonia,new caledonia vs vanuatu,
0,40,20,venice vs amsterdam,venice-vs-amsterdam,https://tabiji.ai/compare/venice-vs-amsterdam/,20,20,venice vs amsterdam,amsterdam vs venice,
0,40,20,vilnius vs kaunas,vilnius-vs-kaunas,https://tabiji.ai/compare/vilnius-vs-kaunas/,20,20,vilnius vs kaunas,kaunas vs vilnius,
0,40,20,vilnius vs riga,vilnius-vs-riga,https://tabiji.ai/compare/vilnius-vs-riga/,20,20,vilnius vs riga,riga vs vilnius,
0,40,20,vilnius vs tallinn,vilnius-vs-tallinn,https://tabiji.ai/compare/vilnius-vs-tallinn/,20,20,vilnius vs tallinn,tallinn vs vilnius,
0,40,20,warsaw vs prague,warsaw-vs-prague,https://tabiji.ai/compare/warsaw-vs-prague/,20,20,warsaw vs prague,prague vs warsaw,
0,40,20,wroclaw vs krakow,wroclaw-vs-krakow,https://tabiji.ai/compare/wroclaw-vs-krakow/,20,20,wroclaw vs krakow,krakow vs wroclaw,
0,40,20,york vs edinburgh,york-vs-edinburgh,https://tabiji.ai/compare/york-vs-edinburgh/,20,20,york vs edinburgh,edinburgh vs york,
0,40,20,yunnan vs sichuan,yunnan-vs-sichuan,https://tabiji.ai/compare/yunnan-vs-sichuan/,20,20,yunnan vs sichuan,sichuan vs yunnan,
0,40,20,zanzibar vs maldives,zanzibar-vs-maldives,https://tabiji.ai/compare/zanzibar-vs-maldives/,20,20,zanzibar vs maldives,maldives vs zanzibar,
0,40,30,zanzibar vs mauritius,zanzibar-vs-mauritius,https://tabiji.ai/compare/zanzibar-vs-mauritius/,30,10,zanzibar vs mauritius,mauritius vs zanzibar,
0,40,20,zanzibar vs mozambique,zanzibar-vs-mozambique,https://tabiji.ai/compare/zanzibar-vs-mozambique/,20,20,zanzibar vs mozambique,mozambique vs zanzibar,
0,40,20,zurich vs paris,zurich-vs-paris,https://tabiji.ai/compare/zurich-vs-paris/,20,20,zurich vs paris,paris vs zurich,
0,30,20,barcelona vs amsterdam,barcelona-vs-amsterdam,https://tabiji.ai/compare/barcelona-vs-amsterdam/,20,10,barcelona vs amsterdam,amsterdam vs barcelona,
0,30,30,bergen vs stavanger,bergen-vs-stavanger,https://tabiji.ai/compare/bergen-vs-stavanger/,30,0,bergen vs stavanger,stavanger vs bergen,
0,30,20,bratislava vs budapest,bratislava-vs-budapest,https://tabiji.ai/compare/bratislava-vs-budapest/,20,10,bratislava vs budapest,budapest vs bratislava,
0,30,20,belgrade vs budapest,budapest-vs-belgrade,https://tabiji.ai/compare/budapest-vs-belgrade/,10,20,budapest vs belgrade,belgrade vs budapest,
0,30,20,havana vs cartagena,cartagena-vs-havana,https://tabiji.ai/compare/cartagena-vs-havana/,10,20,cartagena vs havana,havana vs cartagena,
0,30,20,cartagena vs santa marta,cartagena-vs-santa-marta,https://tabiji.ai/compare/cartagena-vs-santa-marta/,20,10,cartagena vs santa marta,santa marta vs cartagena,
0,30,20,colombo vs galle,colombo-vs-galle,https://tabiji.ai/compare/colombo-vs-galle/,20,10,colombo vs galle,galle vs colombo,
0,30,20,lofoten vs faroe islands,faroe-islands-vs-lofoten,https://tabiji.ai/compare/faroe-islands-vs-lofoten/,10,20,faroe islands vs lofoten,lofoten vs faroe islands,
0,30,30,hanoi vs sapa,hanoi-vs-sapa,https://tabiji.ai/compare/hanoi-vs-sapa/,30,0,hanoi vs sapa,sapa vs hanoi,
0,30,20,hobart vs sydney,hobart-vs-sydney,https://tabiji.ai/compare/hobart-vs-sydney/,20,10,hobart vs sydney,sydney vs hobart,
0,30,30,kobe vs kyoto,kobe-vs-kyoto,https://tabiji.ai/compare/kobe-vs-kyoto/,30,0,kobe vs kyoto,kyoto vs kobe,
0,30,20,lakshadweep vs maldives,lakshadweep-vs-maldives,https://tabiji.ai/compare/lakshadweep-vs-maldives/,20,10,lakshadweep vs maldives,maldives vs lakshadweep,
0,30,20,penang vs langkawi,langkawi-vs-penang,https://tabiji.ai/compare/langkawi-vs-penang/,10,20,langkawi vs penang,penang vs langkawi,
0,30,20,quito vs lima,lima-vs-quito,https://tabiji.ai/compare/lima-vs-quito/,10,20,lima vs quito,quito vs lima,
0,30,20,zanzibar vs mombasa,mombasa-vs-zanzibar,https://tabiji.ai/compare/mombasa-vs-zanzibar/,10,20,mombasa vs zanzibar,zanzibar vs mombasa,
0,30,20,colonia vs montevideo,montevideo-vs-colonia,https://tabiji.ai/compare/montevideo-vs-colonia/,10,20,montevideo vs colonia,colonia vs montevideo,
0,30,20,noosa vs sunshine coast,noosa-vs-sunshine-coast,https://tabiji.ai/compare/noosa-vs-sunshine-coast/,20,10,noosa vs sunshine coast,sunshine coast vs noosa,
0,30,20,gili islands vs nusa penida,nusa-penida-vs-gili-islands,https://tabiji.ai/compare/nusa-penida-vs-gili-islands/,10,20,nusa penida vs gili islands,gili islands vs nusa penida,
0,30,30,prague vs paris,paris-vs-prague,https://tabiji.ai/compare/paris-vs-prague/,0,30,paris vs prague,prague vs paris,
0,30,20,poznan vs warsaw,poznan-vs-warsaw,https://tabiji.ai/compare/poznan-vs-warsaw/,20,10,poznan vs warsaw,warsaw vs poznan,
0,30,20,aitutaki vs rarotonga,rarotonga-vs-aitutaki,https://tabiji.ai/compare/rarotonga-vs-aitutaki/,10,20,rarotonga vs aitutaki,aitutaki vs rarotonga,
0,30,20,rhodes vs corfu,rhodes-vs-corfu,https://tabiji.ai/compare/rhodes-vs-corfu/,20,10,rhodes vs corfu,corfu vs rhodes,
0,30,20,seminyak vs uluwatu,seminyak-vs-uluwatu,https://tabiji.ai/compare/seminyak-vs-uluwatu/,20,10,seminyak vs uluwatu,uluwatu vs seminyak,
0,30,20,shanghai vs singapore,shanghai-vs-singapore,https://tabiji.ai/compare/shanghai-vs-singapore/,20,10,shanghai vs singapore,singapore vs shanghai,
0,30,20,taipei vs kaohsiung,taipei-vs-kaohsiung,https://tabiji.ai/compare/taipei-vs-kaohsiung/,20,10,taipei vs kaohsiung,kaohsiung vs taipei,
0,20,20,aegean vs adriatic,adriatic-vs-aegean,https://tabiji.ai/compare/adriatic-vs-aegean/,0,20,adriatic vs aegean,aegean vs adriatic,
0,20,20,antigua vs lake atitlan,antigua-vs-lake-atitlan,https://tabiji.ai/compare/antigua-vs-lake-atitlan/,20,0,antigua vs lake atitlan,lake atitlan vs antigua,
0,20,20,athens vs barcelona,athens-vs-barcelona,https://tabiji.ai/compare/athens-vs-barcelona/,20,0,athens vs barcelona,barcelona vs athens,
0,20,20,bali vs langkawi,bali-vs-langkawi,https://tabiji.ai/compare/bali-vs-langkawi/,20,0,bali vs langkawi,langkawi vs bali,
0,20,20,bali vs palawan,bali-vs-palawan,https://tabiji.ai/compare/bali-vs-palawan/,20,0,bali vs palawan,palawan vs bali,
0,20,20,patagonia vs banff,banff-vs-patagonia,https://tabiji.ai/compare/banff-vs-patagonia/,0,20,banff vs patagonia,patagonia vs banff,
0,20,20,bavarian alps vs swiss alps,bavarian-alps-vs-swiss-alps,https://tabiji.ai/compare/bavarian-alps-vs-swiss-alps/,20,0,bavarian alps vs swiss alps,swiss alps vs bavarian alps,
0,20,20,bishkek vs almaty,bishkek-vs-almaty,https://tabiji.ai/compare/bishkek-vs-almaty/,20,0,bishkek vs almaty,almaty vs bishkek,
0,20,20,amsterdam vs bruges,bruges-vs-amsterdam,https://tabiji.ai/compare/bruges-vs-amsterdam/,0,20,bruges vs amsterdam,amsterdam vs bruges,
0,20,20,cairo vs marrakech,cairo-vs-marrakech,https://tabiji.ai/compare/cairo-vs-marrakech/,20,0,cairo vs marrakech,marrakech vs cairo,
0,20,20,cartagena vs rio de janeiro,cartagena-vs-rio-de-janeiro,https://tabiji.ai/compare/cartagena-vs-rio-de-janeiro/,20,0,cartagena vs rio de janeiro,rio de janeiro vs cartagena,
0,20,20,burgundy vs champagne,champagne-vs-burgundy,https://tabiji.ai/compare/champagne-vs-burgundy/,0,20,champagne vs burgundy,burgundy vs champagne,
0,20,20,pattaya vs chiang mai,chiang-mai-vs-pattaya,https://tabiji.ai/compare/chiang-mai-vs-pattaya/,0,20,chiang mai vs pattaya,pattaya vs chiang mai,
0,20,20,colombo vs mumbai,colombo-vs-mumbai,https://tabiji.ai/compare/colombo-vs-mumbai/,20,0,colombo vs mumbai,mumbai vs colombo,
0,20,20,cook islands vs bora bora,cook-islands-vs-bora-bora,https://tabiji.ai/compare/cook-islands-vs-bora-bora/,20,0,cook islands vs bora bora,bora bora vs cook islands,
0,20,20,galapagos vs costa rica,costa-rica-vs-galapagos,https://tabiji.ai/compare/costa-rica-vs-galapagos/,0,20,costa rica vs galapagos,galapagos vs costa rica,
0,20,20,da nang vs bali,da-nang-vs-bali,https://tabiji.ai/compare/da-nang-vs-bali/,20,0,da nang vs bali,bali vs da nang,
0,20,20,abidjan vs dakar,dakar-vs-abidjan,https://tabiji.ai/compare/dakar-vs-abidjan/,0,20,dakar vs abidjan,abidjan vs dakar,
0,20,20,davao vs cebu,davao-vs-cebu,https://tabiji.ai/compare/davao-vs-cebu/,20,0,davao vs cebu,cebu vs davao,
0,20,20,kotor vs dubrovnik,dubrovnik-vs-kotor,https://tabiji.ai/compare/dubrovnik-vs-kotor/,0,20,dubrovnik vs kotor,kotor vs dubrovnik,
0,20,20,west coast vs east coast australia,east-coast-australia-vs-west-coast,https://tabiji.ai/compare/east-coast-australia-vs-west-coast/,0,20,east coast australia vs west coast,west coast vs east coast australia,
0,20,20,easter island vs galapagos,easter-island-vs-galapagos,https://tabiji.ai/compare/easter-island-vs-galapagos/,20,0,easter island vs galapagos,galapagos vs easter island,
0,20,20,ella vs kandy,ella-vs-kandy,https://tabiji.ai/compare/ella-vs-kandy/,20,0,ella vs kandy,kandy vs ella,
0,20,20,taghazout vs essaouira,essaouira-vs-taghazout,https://tabiji.ai/compare/essaouira-vs-taghazout/,0,20,essaouira vs taghazout,taghazout vs essaouira,
0,20,20,madagascar vs galapagos,galapagos-vs-madagascar,https://tabiji.ai/compare/galapagos-vs-madagascar/,0,20,galapagos vs madagascar,madagascar vs galapagos,
0,20,20,glasgow vs london,glasgow-vs-london,https://tabiji.ai/compare/glasgow-vs-london/,20,0,glasgow vs london,london vs glasgow,
0,20,20,oslo vs gothenburg,gothenburg-vs-oslo,https://tabiji.ai/compare/gothenburg-vs-oslo/,0,20,gothenburg vs oslo,oslo vs gothenburg,
0,20,20,ningaloo reef vs great barrier reef,great-barrier-reef-vs-ningaloo-reef,https://tabiji.ai/compare/great-barrier-reef-vs-ningaloo-reef/,0,20,great barrier reef vs ningaloo reef,ningaloo reef vs great barrier reef,
0,20,20,guilin vs zhangjiajie,guilin-vs-zhangjiajie,https://tabiji.ai/compare/guilin-vs-zhangjiajie/,20,0,guilin vs zhangjiajie,zhangjiajie vs guilin,
0,20,10,hakone vs nikko,hakone-vs-nikko,https://tabiji.ai/compare/hakone-vs-nikko/,10,10,hakone vs nikko,nikko vs hakone,
0,20,20,hangzhou vs shanghai,hangzhou-vs-shanghai,https://tabiji.ai/compare/hangzhou-vs-shanghai/,20,0,hangzhou vs shanghai,shanghai vs hangzhou,
0,20,20,cook islands vs hawaii,hawaii-vs-cook-islands,https://tabiji.ai/compare/hawaii-vs-cook-islands/,0,20,hawaii vs cook islands,cook islands vs hawaii,
0,20,20,phnom penh vs ho chi minh,ho-chi-minh-vs-phnom-penh,https://tabiji.ai/compare/ho-chi-minh-vs-phnom-penh/,0,20,ho chi minh vs phnom penh,phnom penh vs ho chi minh,
0,20,20,hurghada vs sharm el sheikh,hurghada-vs-sharm-el-sheikh,https://tabiji.ai/compare/hurghada-vs-sharm-el-sheikh/,20,0,hurghada vs sharm el sheikh,sharm el sheikh vs hurghada,
0,20,20,jackson hole vs yellowstone,jackson-hole-vs-yellowstone,https://tabiji.ai/compare/jackson-hole-vs-yellowstone/,20,0,jackson hole vs yellowstone,yellowstone vs jackson hole,
0,20,20,jackson vs memphis,jackson-vs-memphis,https://tabiji.ai/compare/jackson-vs-memphis/,20,0,jackson vs memphis,memphis vs jackson,
0,20,20,jaipur vs delhi,jaipur-vs-delhi,https://tabiji.ai/compare/jaipur-vs-delhi/,20,0,jaipur vs delhi,delhi vs jaipur,
0,20,20,jaipur vs jaisalmer,jaisalmer-vs-jaipur,https://tabiji.ai/compare/jaisalmer-vs-jaipur/,0,20,jaisalmer vs jaipur,jaipur vs jaisalmer,
0,20,20,jakarta vs kuala lumpur,jakarta-vs-kuala-lumpur,https://tabiji.ai/compare/jakarta-vs-kuala-lumpur/,20,0,jakarta vs kuala lumpur,kuala lumpur vs jakarta,
0,20,20,malaysia vs japan,japan-vs-malaysia,https://tabiji.ai/compare/japan-vs-malaysia/,0,20,japan vs malaysia,malaysia vs japan,yes
0,20,20,sri lanka vs japan,japan-vs-sri-lanka,https://tabiji.ai/compare/japan-vs-sri-lanka/,0,20,japan vs sri lanka,sri lanka vs japan,yes
0,20,20,jaisalmer vs jodhpur,jodhpur-vs-jaisalmer,https://tabiji.ai/compare/jodhpur-vs-jaisalmer/,0,20,jodhpur vs jaisalmer,jaisalmer vs jodhpur,
0,20,10,kathmandu vs pokhara,kathmandu-vs-pokhara,https://tabiji.ai/compare/kathmandu-vs-pokhara/,10,10,kathmandu vs pokhara,pokhara vs kathmandu,
0,20,20,kefalonia vs mykonos,kefalonia-vs-mykonos,https://tabiji.ai/compare/kefalonia-vs-mykonos/,20,0,kefalonia vs mykonos,mykonos vs kefalonia,
0,20,20,kigali vs nairobi,kigali-vs-nairobi,https://tabiji.ai/compare/kigali-vs-nairobi/,20,0,kigali vs nairobi,nairobi vs kigali,
0,20,20,ko chang vs koh samui,ko-chang-vs-koh-samui,https://tabiji.ai/compare/ko-chang-vs-koh-samui/,20,0,ko chang vs koh samui,koh samui vs ko chang,
0,20,20,koh lanta vs koh phangan,koh-lanta-vs-koh-phangan,https://tabiji.ai/compare/koh-lanta-vs-koh-phangan/,20,0,koh lanta vs koh phangan,koh phangan vs koh lanta,
0,20,20,koh tao vs koh phi phi,koh-phi-phi-vs-koh-tao,https://tabiji.ai/compare/koh-phi-phi-vs-koh-tao/,0,20,koh phi phi vs koh tao,koh tao vs koh phi phi,
0,20,20,kuching vs kota kinabalu,kota-kinabalu-vs-kuching,https://tabiji.ai/compare/kota-kinabalu-vs-kuching/,0,20,kota kinabalu vs kuching,kuching vs kota kinabalu,
0,20,20,kotor vs mostar,kotor-vs-mostar,https://tabiji.ai/compare/kotor-vs-mostar/,20,0,kotor vs mostar,mostar vs kotor,
0,20,20,krabi vs koh lanta,krabi-vs-koh-lanta,https://tabiji.ai/compare/krabi-vs-koh-lanta/,20,0,krabi vs koh lanta,koh lanta vs krabi,
0,20,20,kuwait city vs dubai,kuwait-city-vs-dubai,https://tabiji.ai/compare/kuwait-city-vs-dubai/,20,0,kuwait city vs dubai,dubai vs kuwait city,
0,20,20,koh samui vs langkawi,langkawi-vs-koh-samui,https://tabiji.ai/compare/langkawi-vs-koh-samui/,0,20,langkawi vs koh samui,koh samui vs langkawi,
0,20,20,phuket vs langkawi,langkawi-vs-phuket,https://tabiji.ai/compare/langkawi-vs-phuket/,0,20,langkawi vs phuket,phuket vs langkawi,
0,20,10,lanzarote vs fuerteventura,lanzarote-vs-fuerteventura,https://tabiji.ai/compare/lanzarote-vs-fuerteventura/,10,10,lanzarote vs fuerteventura,fuerteventura vs lanzarote,
0,20,20,lanzarote vs madeira,lanzarote-vs-madeira,https://tabiji.ai/compare/lanzarote-vs-madeira/,20,0,lanzarote vs madeira,madeira vs lanzarote,
0,20,20,lima vs bogota,lima-vs-bogota,https://tabiji.ai/compare/lima-vs-bogota/,20,0,lima vs bogota,bogota vs lima,
0,20,20,berlin vs london,london-vs-berlin,https://tabiji.ai/compare/london-vs-berlin/,0,20,london vs berlin,berlin vs london,
0,20,20,madrid vs london,london-vs-madrid,https://tabiji.ai/compare/london-vs-madrid/,0,20,london vs madrid,madrid vs london,
0,20,20,masai mara vs amboseli,masai-mara-vs-amboseli,https://tabiji.ai/compare/masai-mara-vs-amboseli/,20,0,masai mara vs amboseli,amboseli vs masai mara,
0,20,10,matsumoto vs kyoto,matsumoto-vs-kyoto,https://tabiji.ai/compare/matsumoto-vs-kyoto/,10,10,matsumoto vs kyoto,kyoto vs matsumoto,
0,20,20,kagoshima vs miyazaki,miyazaki-vs-kagoshima,https://tabiji.ai/compare/miyazaki-vs-kagoshima/,0,20,miyazaki vs kagoshima,kagoshima vs miyazaki,
0,20,20,montevideo vs santiago,montevideo-vs-santiago,https://tabiji.ai/compare/montevideo-vs-santiago/,20,0,montevideo vs santiago,santiago vs montevideo,
0,20,20,montreal vs paris,montreal-vs-paris,https://tabiji.ai/compare/montreal-vs-paris/,20,0,montreal vs paris,paris vs montreal,
0,20,20,salalah vs muscat,muscat-vs-salalah,https://tabiji.ai/compare/muscat-vs-salalah/,0,20,muscat vs salalah,salalah vs muscat,
0,20,20,ios vs mykonos,mykonos-vs-ios,https://tabiji.ai/compare/mykonos-vs-ios/,0,20,mykonos vs ios,ios vs mykonos,
0,20,20,hakone vs nagano,nagano-vs-hakone,https://tabiji.ai/compare/nagano-vs-hakone/,0,20,nagano vs hakone,hakone vs nagano,
0,20,20,nairobi vs mombasa,nairobi-vs-mombasa,https://tabiji.ai/compare/nairobi-vs-mombasa/,20,0,nairobi vs mombasa,mombasa vs nairobi,
0,20,20,bari vs naples,naples-vs-bari,https://tabiji.ai/compare/naples-vs-bari/,0,20,naples vs bari,bari vs naples,
0,20,20,palermo vs naples,naples-vs-palermo,https://tabiji.ai/compare/naples-vs-palermo/,0,20,naples vs palermo,palermo vs naples,
0,20,20,north macedonia vs albania,north-macedonia-vs-albania,https://tabiji.ai/compare/north-macedonia-vs-albania/,20,0,north macedonia vs albania,albania vs north macedonia,yes
0,20,20,oslo vs reykjavik,oslo-vs-reykjavik,https://tabiji.ai/compare/oslo-vs-reykjavik/,20,0,oslo vs reykjavik,reykjavik vs oslo,
0,20,20,cebu vs palawan,palawan-vs-cebu,https://tabiji.ai/compare/palawan-vs-cebu/,0,20,palawan vs cebu,cebu vs palawan,
0,20,20,chitwan vs pokhara,pokhara-vs-chitwan,https://tabiji.ai/compare/pokhara-vs-chitwan/,0,20,pokhara vs chitwan,chitwan vs pokhara,
0,20,20,pondicherry vs goa,pondicherry-vs-goa,https://tabiji.ai/compare/pondicherry-vs-goa/,20,0,pondicherry vs goa,goa vs pondicherry,
0,20,20,porto vs douro valley,porto-vs-douro-valley,https://tabiji.ai/compare/porto-vs-douro-valley/,20,0,porto vs douro valley,douro valley vs porto,
0,20,20,seville vs porto,porto-vs-seville,https://tabiji.ai/compare/porto-vs-seville/,0,20,porto vs seville,seville vs porto,
0,20,20,raja ampat vs palawan,raja-ampat-vs-palawan,https://tabiji.ai/compare/raja-ampat-vs-palawan/,20,0,raja ampat vs palawan,palawan vs raja ampat,
0,20,20,roatan vs cozumel,roatan-vs-cozumel,https://tabiji.ai/compare/roatan-vs-cozumel/,20,0,roatan vs cozumel,cozumel vs roatan,
0,20,20,london vs rome,rome-vs-london,https://tabiji.ai/compare/rome-vs-london/,0,20,rome vs london,london vs rome,
0,20,20,pula vs rovinj,rovinj-vs-pula,https://tabiji.ai/compare/rovinj-vs-pula/,0,20,rovinj vs pula,pula vs rovinj,
0,20,20,gobi vs sahara,sahara-vs-gobi,https://tabiji.ai/compare/sahara-vs-gobi/,0,20,sahara vs gobi,gobi vs sahara,
0,20,20,salvador vs recife,salvador-vs-recife,https://tabiji.ai/compare/salvador-vs-recife/,20,0,salvador vs recife,recife vs salvador,
0,20,20,vieques vs san juan,san-juan-vs-vieques,https://tabiji.ai/compare/san-juan-vs-vieques/,0,20,san juan vs vieques,vieques vs san juan,
0,20,20,lima vs santiago,santiago-vs-lima,https://tabiji.ai/compare/santiago-vs-lima/,0,20,santiago vs lima,lima vs santiago,
0,20,20,santorini vs capri,santorini-vs-capri,https://tabiji.ai/compare/santorini-vs-capri/,20,0,santorini vs capri,capri vs santorini,
0,20,20,ha giang vs sapa,sapa-vs-ha-giang,https://tabiji.ai/compare/sapa-vs-ha-giang/,0,20,sapa vs ha giang,ha giang vs sapa,
0,20,20,kyoto vs sapporo,sapporo-vs-kyoto,https://tabiji.ai/compare/sapporo-vs-kyoto/,0,20,sapporo vs kyoto,kyoto vs sapporo,
0,20,20,tokyo vs sendai,sendai-vs-tokyo,https://tabiji.ai/compare/sendai-vs-tokyo/,0,20,sendai vs tokyo,tokyo vs sendai,
0,20,20,taiwan vs south korea,south-korea-vs-taiwan,https://tabiji.ai/compare/south-korea-vs-taiwan/,0,20,south korea vs taiwan,taiwan vs south korea,yes
0,20,20,stellenbosch vs franschhoek,stellenbosch-vs-franschhoek,https://tabiji.ai/compare/stellenbosch-vs-franschhoek/,20,0,stellenbosch vs franschhoek,franschhoek vs stellenbosch,
0,20,20,casablanca vs tangier,tangier-vs-casablanca,https://tabiji.ai/compare/tangier-vs-casablanca/,0,20,tangier vs casablanca,casablanca vs tangier,
0,20,20,tashkent vs samarkand,tashkent-vs-samarkand,https://tabiji.ai/compare/tashkent-vs-samarkand/,20,0,tashkent vs samarkand,samarkand vs tashkent,
0,20,20,tunis vs marrakech,tunis-vs-marrakech,https://tabiji.ai/compare/tunis-vs-marrakech/,20,0,tunis vs marrakech,marrakech vs tunis,
0,20,20,egypt vs turkey,turkey-vs-egypt,https://tabiji.ai/compare/turkey-vs-egypt/,0,20,turkey vs egypt,egypt vs turkey,yes
0,20,20,vis vs brac,vis-vs-brac,https://tabiji.ai/compare/vis-vs-brac/,20,0,vis vs brac,brac vs vis,
0,20,20,berlin vs warsaw,warsaw-vs-berlin,https://tabiji.ai/compare/warsaw-vs-berlin/,0,20,warsaw vs berlin,berlin vs warsaw,
0,20,20,warsaw vs budapest,warsaw-vs-budapest,https://tabiji.ai/compare/warsaw-vs-budapest/,20,0,warsaw vs budapest,budapest vs warsaw,
0,20,20,queenstown vs wellington,wellington-vs-queenstown,https://tabiji.ai/compare/wellington-vs-queenstown/,0,20,wellington vs queenstown,queenstown vs wellington,
0,20,20,yangon vs mandalay,yangon-vs-mandalay,https://tabiji.ai/compare/yangon-vs-mandalay/,20,0,yangon vs mandalay,mandalay vs yangon,
0,20,20,santorini vs zakynthos,zakynthos-vs-santorini,https://tabiji.ai/compare/zakynthos-vs-santorini/,0,20,zakynthos vs santorini,santorini vs zakynthos,
0,20,20,zanzibar vs cape town,zanzibar-vs-cape-town,https://tabiji.ai/compare/zanzibar-vs-cape-town/,20,0,zanzibar vs cape town,cape town vs zanzibar,
0,10,10,alishan vs taroko gorge,alishan-vs-taroko-gorge,https://tabiji.ai/compare/alishan-vs-taroko-gorge/,10,0,alishan vs taroko gorge,taroko gorge vs alishan,
0,10,10,bali vs bandung,bandung-vs-bali,https://tabiji.ai/compare/bandung-vs-bali/,0,10,bandung vs bali,bali vs bandung,
0,10,10,luang prabang vs chiang mai,chiang-mai-vs-luang-prabang,https://tabiji.ai/compare/chiang-mai-vs-luang-prabang/,0,10,chiang mai vs luang prabang,luang prabang vs chiang mai,
0,10,10,amalfi coast vs dalmatian coast,dalmatian-coast-vs-amalfi-coast,https://tabiji.ai/compare/dalmatian-coast-vs-amalfi-coast/,0,10,dalmatian coast vs amalfi coast,amalfi coast vs dalmatian coast,
0,10,10,guilin vs yangshuo,guilin-vs-yangshuo,https://tabiji.ai/compare/guilin-vs-yangshuo/,10,0,guilin vs yangshuo,yangshuo vs guilin,
0,10,10,hakodate vs sapporo,hakodate-vs-sapporo,https://tabiji.ai/compare/hakodate-vs-sapporo/,10,0,hakodate vs sapporo,sapporo vs hakodate,
0,10,10,trinidad vs havana,havana-vs-trinidad,https://tabiji.ai/compare/havana-vs-trinidad/,0,10,havana vs trinidad,trinidad vs havana,
0,10,10,isle of skye vs highlands,isle-of-skye-vs-highlands,https://tabiji.ai/compare/isle-of-skye-vs-highlands/,10,0,isle of skye vs highlands,highlands vs isle of skye,
0,10,10,shifen vs jiufen,jiufen-vs-shifen,https://tabiji.ai/compare/jiufen-vs-shifen/,0,10,jiufen vs shifen,shifen vs jiufen,
0,10,10,kefalonia vs corfu,kefalonia-vs-corfu,https://tabiji.ai/compare/kefalonia-vs-corfu/,10,0,kefalonia vs corfu,corfu vs kefalonia,
0,10,10,zakynthos vs kefalonia,kefalonia-vs-zakynthos,https://tabiji.ai/compare/kefalonia-vs-zakynthos/,0,10,kefalonia vs zakynthos,zakynthos vs kefalonia,
0,10,10,kovalam vs varkala,kovalam-vs-varkala,https://tabiji.ai/compare/kovalam-vs-varkala/,10,0,kovalam vs varkala,varkala vs kovalam,
0,10,10,leh vs manali,manali-vs-leh,https://tabiji.ai/compare/manali-vs-leh/,0,10,manali vs leh,leh vs manali,
0,10,10,chiang mai vs pai,pai-vs-chiang-mai,https://tabiji.ai/compare/pai-vs-chiang-mai/,0,10,pai vs chiang mai,chiang mai vs pai,
0,10,10,calabria vs puglia,puglia-vs-calabria,https://tabiji.ai/compare/puglia-vs-calabria/,0,10,puglia vs calabria,calabria vs puglia,
0,10,10,samarkand vs bukhara,samarkand-vs-bukhara,https://tabiji.ai/compare/samarkand-vs-bukhara/,10,0,samarkand vs bukhara,bukhara vs samarkand,
0,10,10,lisbon vs seville,seville-vs-lisbon,https://tabiji.ai/compare/seville-vs-lisbon/,0,10,seville vs lisbon,lisbon vs seville,
0,10,10,tel aviv vs istanbul,tel-aviv-vs-istanbul,https://tabiji.ai/compare/tel-aviv-vs-istanbul/,10,0,tel aviv vs istanbul,istanbul vs tel aviv,
0,10,10,canggu vs ubud,ubud-vs-canggu,https://tabiji.ai/compare/ubud-vs-canggu/,0,10,ubud vs canggu,canggu vs ubud,
0,10,10,goa vs varkala,varkala-vs-goa,https://tabiji.ai/compare/varkala-vs-goa/,0,10,varkala vs goa,goa vs varkala,
0,10,10,vientiane vs luang prabang,vientiane-vs-luang-prabang,https://tabiji.ai/compare/vientiane-vs-luang-prabang/,10,0,vientiane vs luang prabang,luang prabang vs vientiane,
0,0,0,abel tasman vs milford sound,abel-tasman-vs-milford-sound,https://tabiji.ai/compare/abel-tasman-vs-milford-sound/,0,0,abel tasman vs milford sound,milford sound vs abel tasman,
0,0,0,abu dhabi vs ras al khaimah,abu-dhabi-vs-ras-al-khaimah,https://tabiji.ai/compare/abu-dhabi-vs-ras-al-khaimah/,0,0,abu dhabi vs ras al khaimah,ras al khaimah vs abu dhabi,
0,0,0,accra vs dakar,accra-vs-dakar,https://tabiji.ai/compare/accra-vs-dakar/,0,0,accra vs dakar,dakar vs accra,
0,0,0,addis ababa vs simien mountains,addis-ababa-vs-simien-mountains,https://tabiji.ai/compare/addis-ababa-vs-simien-mountains/,0,0,addis ababa vs simien mountains,simien mountains vs addis ababa,
0,0,0,agadir vs essaouira,agadir-vs-essaouira,https://tabiji.ai/compare/agadir-vs-essaouira/,0,0,agadir vs essaouira,essaouira vs agadir,
0,0,0,al ula vs jeddah,al-ula-vs-jeddah,https://tabiji.ai/compare/al-ula-vs-jeddah/,0,0,al ula vs jeddah,jeddah vs al ula,
0,0,0,algarve vs amalfi coast,algarve-vs-amalfi-coast,https://tabiji.ai/compare/algarve-vs-amalfi-coast/,0,0,algarve vs amalfi coast,amalfi coast vs algarve,
0,0,0,algarve vs costa brava,algarve-vs-costa-brava,https://tabiji.ai/compare/algarve-vs-costa-brava/,0,0,algarve vs costa brava,costa brava vs algarve,
0,0,0,alsace vs burgundy,alsace-vs-burgundy,https://tabiji.ai/compare/alsace-vs-burgundy/,0,0,alsace vs burgundy,burgundy vs alsace,
0,0,0,alsace vs loire valley,alsace-vs-loire-valley,https://tabiji.ai/compare/alsace-vs-loire-valley/,0,0,alsace vs loire valley,loire valley vs alsace,
0,0,0,amazon vs borneo,amazon-vs-borneo,https://tabiji.ai/compare/amazon-vs-borneo/,0,0,amazon vs borneo,borneo vs amazon,
0,0,0,amazon vs mekong,amazon-vs-mekong,https://tabiji.ai/compare/amazon-vs-mekong/,0,0,amazon vs mekong,mekong vs amazon,
0,0,0,amazonas vs pantanal,amazonas-vs-pantanal,https://tabiji.ai/compare/amazonas-vs-pantanal/,0,0,amazonas vs pantanal,pantanal vs amazonas,
0,0,0,amboseli vs serengeti,amboseli-vs-serengeti,https://tabiji.ai/compare/amboseli-vs-serengeti/,0,0,amboseli vs serengeti,serengeti vs amboseli,
0,0,0,amed vs nusa penida,amed-vs-nusa-penida,https://tabiji.ai/compare/amed-vs-nusa-penida/,0,0,amed vs nusa penida,nusa penida vs amed,
0,0,0,amman vs beirut,amman-vs-beirut,https://tabiji.ai/compare/amman-vs-beirut/,0,0,amman vs beirut,beirut vs amman,
0,0,0,amritsar vs varanasi,amritsar-vs-varanasi,https://tabiji.ai/compare/amritsar-vs-varanasi/,0,0,amritsar vs varanasi,varanasi vs amritsar,
0,0,0,andaman islands vs lakshadweep,andaman-islands-vs-lakshadweep,https://tabiji.ai/compare/andaman-islands-vs-lakshadweep/,0,0,andaman islands vs lakshadweep,lakshadweep vs andaman islands,
0,0,0,andaman islands vs maldives,andaman-islands-vs-maldives,https://tabiji.ai/compare/andaman-islands-vs-maldives/,0,0,andaman islands vs maldives,maldives vs andaman islands,
0,0,0,antigua guatemala vs merida,antigua-guatemala-vs-merida,https://tabiji.ai/compare/antigua-guatemala-vs-merida/,0,0,antigua guatemala vs merida,merida vs antigua guatemala,
0,0,0,antigua guatemala vs oaxaca,antigua-guatemala-vs-oaxaca,https://tabiji.ai/compare/antigua-guatemala-vs-oaxaca/,0,0,antigua guatemala vs oaxaca,oaxaca vs antigua guatemala,
0,0,0,bacalar vs holbox,bacalar-vs-holbox,https://tabiji.ai/compare/bacalar-vs-holbox/,0,0,bacalar vs holbox,holbox vs bacalar,
0,0,0,bagan vs luang prabang,bagan-vs-luang-prabang,https://tabiji.ai/compare/bagan-vs-luang-prabang/,0,0,bagan vs luang prabang,luang prabang vs bagan,
0,0,0,bali vs el nido,bali-vs-el-nido,https://tabiji.ai/compare/bali-vs-el-nido/,0,0,bali vs el nido,el nido vs bali,
0,0,0,bali vs french riviera,bali-vs-french-riviera,https://tabiji.ai/compare/bali-vs-french-riviera/,0,0,bali vs french riviera,french riviera vs bali,
0,0,0,bali vs medellin,bali-vs-medellin,https://tabiji.ai/compare/bali-vs-medellin/,0,0,bali vs medellin,medellin vs bali,
0,0,0,bali vs new caledonia,bali-vs-new-caledonia,https://tabiji.ai/compare/bali-vs-new-caledonia/,0,0,bali vs new caledonia,new caledonia vs bali,
0,0,0,bariloche vs el calafate,bariloche-vs-el-calafate,https://tabiji.ai/compare/bariloche-vs-el-calafate/,0,0,bariloche vs el calafate,el calafate vs bariloche,
0,0,0,basle vs zurich,basle-vs-zurich,https://tabiji.ai/compare/basle-vs-zurich/,0,0,basle vs zurich,zurich vs basle,
0,0,0,battambang vs kampot,battambang-vs-kampot,https://tabiji.ai/compare/battambang-vs-kampot/,0,0,battambang vs kampot,kampot vs battambang,
0,0,0,bavarian alps vs austrian alps,bavarian-alps-vs-austrian-alps,https://tabiji.ai/compare/bavarian-alps-vs-austrian-alps/,0,0,bavarian alps vs austrian alps,austrian alps vs bavarian alps,
0,0,0,beirut vs baalbek,beirut-vs-baalbek,https://tabiji.ai/compare/beirut-vs-baalbek/,0,0,beirut vs baalbek,baalbek vs beirut,
0,0,0,bermuda vs st barts,bermuda-vs-st-barts,https://tabiji.ai/compare/bermuda-vs-st-barts/,0,0,bermuda vs st barts,st barts vs bermuda,
0,0,0,bhutan vs ladakh,bhutan-vs-ladakh,https://tabiji.ai/compare/bhutan-vs-ladakh/,0,0,bhutan vs ladakh,ladakh vs bhutan,
0,0,0,big sur vs pacific coast highway,big-sur-vs-pacific-coast-highway,https://tabiji.ai/compare/big-sur-vs-pacific-coast-highway/,0,0,big sur vs pacific coast highway,pacific coast highway vs big sur,
0,0,0,blue mountains vs hunter valley,blue-mountains-vs-hunter-valley,https://tabiji.ai/compare/blue-mountains-vs-hunter-valley/,0,0,blue mountains vs hunter valley,hunter valley vs blue mountains,
0,0,0,boracay vs siargao,boracay-vs-siargao,https://tabiji.ai/compare/boracay-vs-siargao/,0,0,boracay vs siargao,siargao vs boracay,
0,0,0,bratislava vs ljubljana,bratislava-vs-ljubljana,https://tabiji.ai/compare/bratislava-vs-ljubljana/,0,0,bratislava vs ljubljana,ljubljana vs bratislava,
0,0,0,budapest vs mexico city,budapest-vs-mexico-city,https://tabiji.ai/compare/budapest-vs-mexico-city/,0,0,budapest vs mexico city,mexico city vs budapest,
0,0,0,bukhara vs khiva,bukhara-vs-khiva,https://tabiji.ai/compare/bukhara-vs-khiva/,0,0,bukhara vs khiva,khiva vs bukhara,
0,0,0,cameron highlands vs fraser hill,cameron-highlands-vs-fraser-hill,https://tabiji.ai/compare/cameron-highlands-vs-fraser-hill/,0,0,cameron highlands vs fraser hill,fraser hill vs cameron highlands,
0,0,0,canggu vs chiang mai,canggu-vs-chiang-mai,https://tabiji.ai/compare/canggu-vs-chiang-mai/,0,0,canggu vs chiang mai,chiang mai vs canggu,
0,0,0,canggu vs da nang,canggu-vs-da-nang,https://tabiji.ai/compare/canggu-vs-da-nang/,0,0,canggu vs da nang,da nang vs canggu,
0,0,0,cape town vs garden route,cape-town-vs-garden-route,https://tabiji.ai/compare/cape-town-vs-garden-route/,0,0,cape town vs garden route,garden route vs cape town,
0,0,0,cape town vs lisbon,cape-town-vs-lisbon,https://tabiji.ai/compare/cape-town-vs-lisbon/,0,0,cape town vs lisbon,lisbon vs cape town,
0,0,0,cape town vs marrakech,cape-town-vs-marrakech,https://tabiji.ai/compare/cape-town-vs-marrakech/,0,0,cape town vs marrakech,marrakech vs cape town,
0,0,0,cesky krumlov vs hallstatt,cesky-krumlov-vs-hallstatt,https://tabiji.ai/compare/cesky-krumlov-vs-hallstatt/,0,0,cesky krumlov vs hallstatt,hallstatt vs cesky krumlov,
0,0,0,champagne vs bordeaux,champagne-vs-bordeaux,https://tabiji.ai/compare/champagne-vs-bordeaux/,0,0,champagne vs bordeaux,bordeaux vs champagne,
0,0,0,chengdu vs lijiang,chengdu-vs-lijiang,https://tabiji.ai/compare/chengdu-vs-lijiang/,0,0,chengdu vs lijiang,lijiang vs chengdu,
0,0,0,chengdu vs xi an,chengdu-vs-xi-an,https://tabiji.ai/compare/chengdu-vs-xi-an/,0,0,chengdu vs xi an,xi an vs chengdu,
0,0,0,chiang mai vs hoi an,chiang-mai-vs-hoi-an,https://tabiji.ai/compare/chiang-mai-vs-hoi-an/,0,0,chiang mai vs hoi an,hoi an vs chiang mai,
0,0,0,chisinau vs bucharest,chisinau-vs-bucharest,https://tabiji.ai/compare/chisinau-vs-bucharest/,0,0,chisinau vs bucharest,bucharest vs chisinau,
0,0,0,cinque terre vs costa brava,cinque-terre-vs-costa-brava,https://tabiji.ai/compare/cinque-terre-vs-costa-brava/,0,0,cinque terre vs costa brava,costa brava vs cinque terre,
0,0,0,coromandel vs bay of islands,coromandel-vs-bay-of-islands,https://tabiji.ai/compare/coromandel-vs-bay-of-islands/,0,0,coromandel vs bay of islands,bay of islands vs coromandel,
0,0,0,corsica vs crete,corsica-vs-crete,https://tabiji.ai/compare/corsica-vs-crete/,0,0,corsica vs crete,crete vs corsica,
0,0,0,crete vs peloponnese,crete-vs-peloponnese,https://tabiji.ai/compare/crete-vs-peloponnese/,0,0,crete vs peloponnese,peloponnese vs crete,
0,0,0,cusco vs arequipa,cusco-vs-arequipa,https://tabiji.ai/compare/cusco-vs-arequipa/,0,0,cusco vs arequipa,arequipa vs cusco,
0,0,0,cusco vs kathmandu,cusco-vs-kathmandu,https://tabiji.ai/compare/cusco-vs-kathmandu/,0,0,cusco vs kathmandu,kathmandu vs cusco,
0,0,0,cuzco vs machu picchu,cuzco-vs-machu-picchu,https://tabiji.ai/compare/cuzco-vs-machu-picchu/,0,0,cuzco vs machu picchu,machu picchu vs cuzco,
0,0,0,da lat vs chiang mai,da-lat-vs-chiang-mai,https://tabiji.ai/compare/da-lat-vs-chiang-mai/,0,0,da lat vs chiang mai,chiang mai vs da lat,
0,0,0,da lat vs hoi an,da-lat-vs-hoi-an,https://tabiji.ai/compare/da-lat-vs-hoi-an/,0,0,da lat vs hoi an,hoi an vs da lat,
0,0,0,dahab vs sharm el sheikh,dahab-vs-sharm-el-sheikh,https://tabiji.ai/compare/dahab-vs-sharm-el-sheikh/,0,0,dahab vs sharm el sheikh,sharm el sheikh vs dahab,
0,0,0,dakar vs saint louis,dakar-vs-saint-louis,https://tabiji.ai/compare/dakar-vs-saint-louis/,0,0,dakar vs saint louis,saint louis vs dakar,
0,0,0,dharamsala vs manali,dharamsala-vs-manali,https://tabiji.ai/compare/dharamsala-vs-manali/,0,0,dharamsala vs manali,manali vs dharamsala,
0,0,0,diani vs zanzibar,diani-vs-zanzibar,https://tabiji.ai/compare/diani-vs-zanzibar/,0,0,diani vs zanzibar,zanzibar vs diani,
0,0,0,djerba vs hammamet,djerba-vs-hammamet,https://tabiji.ai/compare/djerba-vs-hammamet/,0,0,djerba vs hammamet,hammamet vs djerba,
0,0,0,douro valley vs algarve,douro-valley-vs-algarve,https://tabiji.ai/compare/douro-valley-vs-algarve/,0,0,douro valley vs algarve,algarve vs douro valley,
0,0,0,douro vs rioja,douro-vs-rioja,https://tabiji.ai/compare/douro-vs-rioja/,0,0,douro vs rioja,rioja vs douro,
0,0,0,dubai vs santorini,dubai-vs-santorini,https://tabiji.ai/compare/dubai-vs-santorini/,0,0,dubai vs santorini,santorini vs dubai,
0,0,0,east timor vs bali,east-timor-vs-bali,https://tabiji.ai/compare/east-timor-vs-bali/,0,0,east timor vs bali,bali vs east timor,
0,0,0,etosha vs chobe,etosha-vs-chobe,https://tabiji.ai/compare/etosha-vs-chobe/,0,0,etosha vs chobe,chobe vs etosha,
0,0,0,fez vs chefchaouen,fez-vs-chefchaouen,https://tabiji.ai/compare/fez-vs-chefchaouen/,0,0,fez vs chefchaouen,chefchaouen vs fez,
0,0,0,fjords vs lofoten,fjords-vs-lofoten,https://tabiji.ai/compare/fjords-vs-lofoten/,0,0,fjords vs lofoten,lofoten vs fjords,
0,0,0,galapagos vs amazon ecuador,galapagos-vs-amazon-ecuador,https://tabiji.ai/compare/galapagos-vs-amazon-ecuador/,0,0,galapagos vs amazon ecuador,amazon ecuador vs galapagos,
0,0,0,galapagos vs great barrier reef,galapagos-vs-great-barrier-reef,https://tabiji.ai/compare/galapagos-vs-great-barrier-reef/,0,0,galapagos vs great barrier reef,great barrier reef vs galapagos,
0,0,0,gangneung vs sokcho,gangneung-vs-sokcho,https://tabiji.ai/compare/gangneung-vs-sokcho/,0,0,gangneung vs sokcho,sokcho vs gangneung,
0,0,0,garden route vs route 62,garden-route-vs-route-62,https://tabiji.ai/compare/garden-route-vs-route-62/,0,0,garden route vs route 62,route 62 vs garden route,
0,0,0,ghent vs amsterdam,ghent-vs-amsterdam,https://tabiji.ai/compare/ghent-vs-amsterdam/,0,0,ghent vs amsterdam,amsterdam vs ghent,
0,0,0,granada vs leon nicaragua,granada-vs-leon-nicaragua,https://tabiji.ai/compare/granada-vs-leon-nicaragua/,0,0,granada vs leon nicaragua,leon nicaragua vs granada,
0,0,0,great ocean road vs garden route,great-ocean-road-vs-garden-route,https://tabiji.ai/compare/great-ocean-road-vs-garden-route/,0,0,great ocean road vs garden route,garden route vs great ocean road,
0,0,0,gyeongju vs andong,gyeongju-vs-andong,https://tabiji.ai/compare/gyeongju-vs-andong/,0,0,gyeongju vs andong,andong vs gyeongju,
0,0,0,halifax vs st johns,halifax-vs-st-johns,https://tabiji.ai/compare/halifax-vs-st-johns/,0,0,halifax vs st johns,st johns vs halifax,
0,0,0,hallstatt vs interlaken,hallstatt-vs-interlaken,https://tabiji.ai/compare/hallstatt-vs-interlaken/,0,0,hallstatt vs interlaken,interlaken vs hallstatt,
0,0,0,hampi vs mysore,hampi-vs-mysore,https://tabiji.ai/compare/hampi-vs-mysore/,0,0,hampi vs mysore,mysore vs hampi,
0,0,0,hampi vs varanasi,hampi-vs-varanasi,https://tabiji.ai/compare/hampi-vs-varanasi/,0,0,hampi vs varanasi,varanasi vs hampi,
0,0,0,hanoii vs hanoi,hanoii-vs-hanoi,https://tabiji.ai/compare/hanoii-vs-hanoi/,0,0,hanoii vs hanoi,hanoi vs hanoii,
0,0,0,havana vs bogota,havana-vs-bogota,https://tabiji.ai/compare/havana-vs-bogota/,0,0,havana vs bogota,bogota vs havana,
0,0,0,havana vs trinidad cuba,havana-vs-trinidad-cuba,https://tabiji.ai/compare/havana-vs-trinidad-cuba/,0,0,havana vs trinidad cuba,trinidad cuba vs havana,
0,0,0,ho chi minh vs singapore,ho-chi-minh-vs-singapore,https://tabiji.ai/compare/ho-chi-minh-vs-singapore/,0,0,ho chi minh vs singapore,singapore vs ho chi minh,
0,0,0,hoi an vs luang prabang,hoi-an-vs-luang-prabang,https://tabiji.ai/compare/hoi-an-vs-luang-prabang/,0,0,hoi an vs luang prabang,luang prabang vs hoi an,
0,0,0,hoi an vs oaxaca,hoi-an-vs-oaxaca,https://tabiji.ai/compare/hoi-an-vs-oaxaca/,0,0,hoi an vs oaxaca,oaxaca vs hoi an,
0,0,0,hokkaido vs kyushu,hokkaido-vs-kyushu,https://tabiji.ai/compare/hokkaido-vs-kyushu/,0,0,hokkaido vs kyushu,kyushu vs hokkaido,
0,0,0,hpa an vs inle lake,hpa-an-vs-inle-lake,https://tabiji.ai/compare/hpa-an-vs-inle-lake/,0,0,hpa an vs inle lake,inle lake vs hpa an,
0,0,0,huacachina vs nazca,huacachina-vs-nazca,https://tabiji.ai/compare/huacachina-vs-nazca/,0,0,huacachina vs nazca,nazca vs huacachina,
0,0,0,hualien vs taipei,hualien-vs-taipei,https://tabiji.ai/compare/hualien-vs-taipei/,0,0,hualien vs taipei,taipei vs hualien,
0,0,0,inca trail vs w trek,inca-trail-vs-w-trek,https://tabiji.ai/compare/inca-trail-vs-w-trek/,0,0,inca trail vs w trek,w trek vs inca trail,
0,0,0,india vs southeast asia,india-vs-southeast-asia,https://tabiji.ai/compare/india-vs-southeast-asia/,0,0,india vs southeast asia,southeast asia vs india,
0,0,0,jeonju vs busan,jeonju-vs-busan,https://tabiji.ai/compare/jeonju-vs-busan/,0,0,jeonju vs busan,busan vs jeonju,
0,0,0,jerusalem vs amman,jerusalem-vs-amman,https://tabiji.ai/compare/jerusalem-vs-amman/,0,0,jerusalem vs amman,amman vs jerusalem,
0,0,0,kagoshima vs okinawa,kagoshima-vs-okinawa,https://tabiji.ai/compare/kagoshima-vs-okinawa/,0,0,kagoshima vs okinawa,okinawa vs kagoshima,
0,0,0,kangaroo island vs phillip island,kangaroo-island-vs-phillip-island,https://tabiji.ai/compare/kangaroo-island-vs-phillip-island/,0,0,kangaroo island vs phillip island,phillip island vs kangaroo island,
0,0,0,kathmandu vs lhasa,kathmandu-vs-lhasa,https://tabiji.ai/compare/kathmandu-vs-lhasa/,0,0,kathmandu vs lhasa,lhasa vs kathmandu,
0,0,0,kathmandu vs paro,kathmandu-vs-paro,https://tabiji.ai/compare/kathmandu-vs-paro/,0,0,kathmandu vs paro,paro vs kathmandu,
0,0,0,kochi vs munnar,kochi-vs-munnar,https://tabiji.ai/compare/kochi-vs-munnar/,0,0,kochi vs munnar,munnar vs kochi,
0,0,0,koh rong vs koh lanta,koh-rong-vs-koh-lanta,https://tabiji.ai/compare/koh-rong-vs-koh-lanta/,0,0,koh rong vs koh lanta,koh lanta vs koh rong,
0,0,0,kolkata vs varanasi,kolkata-vs-varanasi,https://tabiji.ai/compare/kolkata-vs-varanasi/,0,0,kolkata vs varanasi,varanasi vs kolkata,
0,0,0,komodo vs galapagos,komodo-vs-galapagos,https://tabiji.ai/compare/komodo-vs-galapagos/,0,0,komodo vs galapagos,galapagos vs komodo,
0,0,0,koyasan vs kumano kodo,koyasan-vs-kumano-kodo,https://tabiji.ai/compare/koyasan-vs-kumano-kodo/,0,0,koyasan vs kumano kodo,kumano kodo vs koyasan,
0,0,0,kruger vs okavango delta,kruger-vs-okavango-delta,https://tabiji.ai/compare/kruger-vs-okavango-delta/,0,0,kruger vs okavango delta,okavango delta vs kruger,
0,0,0,kyoto vs bangkok,kyoto-vs-bangkok,https://tabiji.ai/compare/kyoto-vs-bangkok/,0,0,kyoto vs bangkok,bangkok vs kyoto,
0,0,0,kyoto vs marrakech,kyoto-vs-marrakech,https://tabiji.ai/compare/kyoto-vs-marrakech/,0,0,kyoto vs marrakech,marrakech vs kyoto,
0,0,0,kyoto vs seoul,kyoto-vs-seoul,https://tabiji.ai/compare/kyoto-vs-seoul/,0,0,kyoto vs seoul,seoul vs kyoto,
0,0,0,ladakh vs nepal,ladakh-vs-nepal,https://tabiji.ai/compare/ladakh-vs-nepal/,0,0,ladakh vs nepal,nepal vs ladakh,
0,0,0,lake bled vs hallstatt,lake-bled-vs-hallstatt,https://tabiji.ai/compare/lake-bled-vs-hallstatt/,0,0,lake bled vs hallstatt,hallstatt vs lake bled,
0,0,0,lake bled vs lake atitlan,lake-bled-vs-lake-atitlan,https://tabiji.ai/compare/lake-bled-vs-lake-atitlan/,0,0,lake bled vs lake atitlan,lake atitlan vs lake bled,
0,0,0,lake como vs french riviera,lake-como-vs-french-riviera,https://tabiji.ai/compare/lake-como-vs-french-riviera/,0,0,lake como vs french riviera,french riviera vs lake como,
0,0,0,lake como vs santorini,lake-como-vs-santorini,https://tabiji.ai/compare/lake-como-vs-santorini/,0,0,lake como vs santorini,santorini vs lake como,
0,0,0,lalibela vs axum,lalibela-vs-axum,https://tabiji.ai/compare/lalibela-vs-axum/,0,0,lalibela vs axum,axum vs lalibela,
0,0,0,las vegas vs scottsdale,las-vegas-vs-scottsdale,https://tabiji.ai/compare/las-vegas-vs-scottsdale/,0,0,las vegas vs scottsdale,scottsdale vs las vegas,
0,0,0,leon vs managua,leon-vs-managua,https://tabiji.ai/compare/leon-vs-managua/,0,0,leon vs managua,managua vs leon,
0,0,0,lesbos vs rhodes,lesbos-vs-rhodes,https://tabiji.ai/compare/lesbos-vs-rhodes/,0,0,lesbos vs rhodes,rhodes vs lesbos,
0,0,0,lijiang vs dali,lijiang-vs-dali,https://tabiji.ai/compare/lijiang-vs-dali/,0,0,lijiang vs dali,dali vs lijiang,
0,0,0,lijiang vs kunming,lijiang-vs-kunming,https://tabiji.ai/compare/lijiang-vs-kunming/,0,0,lijiang vs kunming,kunming vs lijiang,
0,0,0,lima vs bangkok,lima-vs-bangkok,https://tabiji.ai/compare/lima-vs-bangkok/,0,0,lima vs bangkok,bangkok vs lima,
0,0,0,lima vs tokyo,lima-vs-tokyo,https://tabiji.ai/compare/lima-vs-tokyo/,0,0,lima vs tokyo,tokyo vs lima,
0,0,0,lisbon vs tbilisi,lisbon-vs-tbilisi,https://tabiji.ai/compare/lisbon-vs-tbilisi/,0,0,lisbon vs tbilisi,tbilisi vs lisbon,
0,0,0,london vs florence,london-vs-florence,https://tabiji.ai/compare/london-vs-florence/,0,0,london vs florence,florence vs london,
0,0,0,london vs naples,london-vs-naples,https://tabiji.ai/compare/london-vs-naples/,0,0,london vs naples,naples vs london,
0,0,0,london vs porto,london-vs-porto,https://tabiji.ai/compare/london-vs-porto/,0,0,london vs porto,porto vs london,
0,0,0,london vs venice,london-vs-venice,https://tabiji.ai/compare/london-vs-venice/,0,0,london vs venice,venice vs london,
0,0,0,luang prabang vs siem reap,luang-prabang-vs-siem-reap,https://tabiji.ai/compare/luang-prabang-vs-siem-reap/,0,0,luang prabang vs siem reap,siem reap vs luang prabang,
0,0,0,lucerne vs grindelwald,lucerne-vs-grindelwald,https://tabiji.ai/compare/lucerne-vs-grindelwald/,0,0,lucerne vs grindelwald,grindelwald vs lucerne,
0,0,0,luxor vs petra,luxor-vs-petra,https://tabiji.ai/compare/luxor-vs-petra/,0,0,luxor vs petra,petra vs luxor,
0,0,0,lyon vs bologna,lyon-vs-bologna,https://tabiji.ai/compare/lyon-vs-bologna/,0,0,lyon vs bologna,bologna vs lyon,
0,0,0,mae hong son vs pai,mae-hong-son-vs-pai,https://tabiji.ai/compare/mae-hong-son-vs-pai/,0,0,mae hong son vs pai,pai vs mae hong son,
0,0,0,malacca vs george town,malacca-vs-george-town,https://tabiji.ai/compare/malacca-vs-george-town/,0,0,malacca vs george town,george town vs malacca,
0,0,0,manado vs bali,manado-vs-bali,https://tabiji.ai/compare/manado-vs-bali/,0,0,manado vs bali,bali vs manado,
0,0,0,mancora vs huanchaco,mancora-vs-huanchaco,https://tabiji.ai/compare/mancora-vs-huanchaco/,0,0,mancora vs huanchaco,huanchaco vs mancora,
0,0,0,mandalay vs bagan,mandalay-vs-bagan,https://tabiji.ai/compare/mandalay-vs-bagan/,0,0,mandalay vs bagan,bagan vs mandalay,
0,0,0,margaret river vs barossa valley,margaret-river-vs-barossa-valley,https://tabiji.ai/compare/margaret-river-vs-barossa-valley/,0,0,margaret river vs barossa valley,barossa valley vs margaret river,
0,0,0,marlborough vs napa,marlborough-vs-napa,https://tabiji.ai/compare/marlborough-vs-napa/,0,0,marlborough vs napa,napa vs marlborough,
0,0,0,marrakech vs chefchaouen,marrakech-vs-chefchaouen,https://tabiji.ai/compare/marrakech-vs-chefchaouen/,0,0,marrakech vs chefchaouen,chefchaouen vs marrakech,
0,0,0,maui vs maldives,maui-vs-maldives,https://tabiji.ai/compare/maui-vs-maldives/,0,0,maui vs maldives,maldives vs maui,
0,0,0,medellin vs chiang mai,medellin-vs-chiang-mai,https://tabiji.ai/compare/medellin-vs-chiang-mai/,0,0,medellin vs chiang mai,chiang mai vs medellin,
0,0,0,mexico city vs havana,mexico-city-vs-havana,https://tabiji.ai/compare/mexico-city-vs-havana/,0,0,mexico city vs havana,havana vs mexico city,
0,0,0,mexico city vs lisbon,mexico-city-vs-lisbon,https://tabiji.ai/compare/mexico-city-vs-lisbon/,0,0,mexico city vs lisbon,lisbon vs mexico city,
0,0,0,miyajima vs naoshima,miyajima-vs-naoshima,https://tabiji.ai/compare/miyajima-vs-naoshima/,0,0,miyajima vs naoshima,naoshima vs miyajima,
0,0,0,montserrat vs st kitts,montserrat-vs-st-kitts,https://tabiji.ai/compare/montserrat-vs-st-kitts/,0,0,montserrat vs st kitts,st kitts vs montserrat,
0,0,0,moore vs bora bora,moore-vs-bora-bora,https://tabiji.ai/compare/moore-vs-bora-bora/,0,0,moore vs bora bora,bora bora vs moore,
0,0,0,naoshima vs teshima,naoshima-vs-teshima,https://tabiji.ai/compare/naoshima-vs-teshima/,0,0,naoshima vs teshima,teshima vs naoshima,
0,0,0,napa valley vs tuscany,napa-valley-vs-tuscany,https://tabiji.ai/compare/napa-valley-vs-tuscany/,0,0,napa valley vs tuscany,tuscany vs napa valley,
0,0,0,new orleans vs mexico city,new-orleans-vs-mexico-city,https://tabiji.ai/compare/new-orleans-vs-mexico-city/,0,0,new orleans vs mexico city,mexico city vs new orleans,
0,0,0,ngorongoro vs serengeti,ngorongoro-vs-serengeti,https://tabiji.ai/compare/ngorongoro-vs-serengeti/,0,0,ngorongoro vs serengeti,serengeti vs ngorongoro,
0,0,0,niagara falls vs banff,niagara-falls-vs-banff,https://tabiji.ai/compare/niagara-falls-vs-banff/,0,0,niagara falls vs banff,banff vs niagara falls,
0,0,0,normandy vs provence,normandy-vs-provence,https://tabiji.ai/compare/normandy-vs-provence/,0,0,normandy vs provence,provence vs normandy,
0,0,0,nosy be vs zanzibar,nosy-be-vs-zanzibar,https://tabiji.ai/compare/nosy-be-vs-zanzibar/,0,0,nosy be vs zanzibar,zanzibar vs nosy be,
0,0,0,oaxaca vs chiang mai,oaxaca-vs-chiang-mai,https://tabiji.ai/compare/oaxaca-vs-chiang-mai/,0,0,oaxaca vs chiang mai,chiang mai vs oaxaca,
0,0,0,ohrid vs kotor,ohrid-vs-kotor,https://tabiji.ai/compare/ohrid-vs-kotor/,0,0,ohrid vs kotor,kotor vs ohrid,
0,0,0,okavango vs serengeti,okavango-vs-serengeti,https://tabiji.ai/compare/okavango-vs-serengeti/,0,0,okavango vs serengeti,serengeti vs okavango,
0,0,0,osaka vs bangkok,osaka-vs-bangkok,https://tabiji.ai/compare/osaka-vs-bangkok/,0,0,osaka vs bangkok,bangkok vs osaka,
0,0,0,osaka vs taipei,osaka-vs-taipei,https://tabiji.ai/compare/osaka-vs-taipei/,0,0,osaka vs taipei,taipei vs osaka,
0,0,0,otaru vs hakodate,otaru-vs-hakodate,https://tabiji.ai/compare/otaru-vs-hakodate/,0,0,otaru vs hakodate,hakodate vs otaru,
0,0,0,palau vs great barrier reef,palau-vs-great-barrier-reef,https://tabiji.ai/compare/palau-vs-great-barrier-reef/,0,0,palau vs great barrier reef,great barrier reef vs palau,
0,0,0,palau vs micronesia,palau-vs-micronesia,https://tabiji.ai/compare/palau-vs-micronesia/,0,0,palau vs micronesia,micronesia vs palau,
0,0,0,palawan vs borneo,palawan-vs-borneo,https://tabiji.ai/compare/palawan-vs-borneo/,0,0,palawan vs borneo,borneo vs palawan,
0,0,0,panama city vs san jose,panama-city-vs-san-jose,https://tabiji.ai/compare/panama-city-vs-san-jose/,0,0,panama city vs san jose,san jose vs panama city,
0,0,0,pantanal vs borneo,pantanal-vs-borneo,https://tabiji.ai/compare/pantanal-vs-borneo/,0,0,pantanal vs borneo,borneo vs pantanal,
0,0,0,pantanal vs okavango,pantanal-vs-okavango,https://tabiji.ai/compare/pantanal-vs-okavango/,0,0,pantanal vs okavango,okavango vs pantanal,
0,0,0,paris vs lake como,paris-vs-lake-como,https://tabiji.ai/compare/paris-vs-lake-como/,0,0,paris vs lake como,lake como vs paris,
0,0,0,paris vs santorini,paris-vs-santorini,https://tabiji.ai/compare/paris-vs-santorini/,0,0,paris vs santorini,santorini vs paris,
0,0,0,patagonia vs canadian rockies,patagonia-vs-canadian-rockies,https://tabiji.ai/compare/patagonia-vs-canadian-rockies/,0,0,patagonia vs canadian rockies,canadian rockies vs patagonia,
0,0,0,patagonia vs faroe islands,patagonia-vs-faroe-islands,https://tabiji.ai/compare/patagonia-vs-faroe-islands/,0,0,patagonia vs faroe islands,faroe islands vs patagonia,
0,0,0,patagonia vs lofoten,patagonia-vs-lofoten,https://tabiji.ai/compare/patagonia-vs-lofoten/,0,0,patagonia vs lofoten,lofoten vs patagonia,
0,0,0,patagonia vs norwegian fjords,patagonia-vs-norwegian-fjords,https://tabiji.ai/compare/patagonia-vs-norwegian-fjords/,0,0,patagonia vs norwegian fjords,norwegian fjords vs patagonia,
0,0,0,patagonia vs scottish highlands,patagonia-vs-scottish-highlands,https://tabiji.ai/compare/patagonia-vs-scottish-highlands/,0,0,patagonia vs scottish highlands,scottish highlands vs patagonia,
0,0,0,patagonia vs swiss alps,patagonia-vs-swiss-alps,https://tabiji.ai/compare/patagonia-vs-swiss-alps/,0,0,patagonia vs swiss alps,swiss alps vs patagonia,
0,0,0,peloponnese vs cyclades,peloponnese-vs-cyclades,https://tabiji.ai/compare/peloponnese-vs-cyclades/,0,0,peloponnese vs cyclades,cyclades vs peloponnese,
0,0,0,pemba vs zanzibar,pemba-vs-zanzibar,https://tabiji.ai/compare/pemba-vs-zanzibar/,0,0,pemba vs zanzibar,zanzibar vs pemba,
0,0,0,penang vs bangkok,penang-vs-bangkok,https://tabiji.ai/compare/penang-vs-bangkok/,0,0,penang vs bangkok,bangkok vs penang,
0,0,0,penang vs chiang mai,penang-vs-chiang-mai,https://tabiji.ai/compare/penang-vs-chiang-mai/,0,0,penang vs chiang mai,chiang mai vs penang,
0,0,0,penang vs taipei,penang-vs-taipei,https://tabiji.ai/compare/penang-vs-taipei/,0,0,penang vs taipei,taipei vs penang,
0,0,0,perth vs bali,perth-vs-bali,https://tabiji.ai/compare/perth-vs-bali/,0,0,perth vs bali,bali vs perth,
0,0,0,petra vs jerash,petra-vs-jerash,https://tabiji.ai/compare/petra-vs-jerash/,0,0,petra vs jerash,jerash vs petra,
0,0,0,phnom penh vs vientiane,phnom-penh-vs-vientiane,https://tabiji.ai/compare/phnom-penh-vs-vientiane/,0,0,phnom penh vs vientiane,vientiane vs phnom penh,
0,0,0,playa del carmen vs lisbon,playa-del-carmen-vs-lisbon,https://tabiji.ai/compare/playa-del-carmen-vs-lisbon/,0,0,playa del carmen vs lisbon,lisbon vs playa del carmen,
0,0,0,playa del carmen vs medellin,playa-del-carmen-vs-medellin,https://tabiji.ai/compare/playa-del-carmen-vs-medellin/,0,0,playa del carmen vs medellin,medellin vs playa del carmen,
0,0,0,plovdiv vs bucharest,plovdiv-vs-bucharest,https://tabiji.ai/compare/plovdiv-vs-bucharest/,0,0,plovdiv vs bucharest,bucharest vs plovdiv,
0,0,0,porto vs buenos aires,porto-vs-buenos-aires,https://tabiji.ai/compare/porto-vs-buenos-aires/,0,0,porto vs buenos aires,buenos aires vs porto,
0,0,0,porto vs krakow,porto-vs-krakow,https://tabiji.ai/compare/porto-vs-krakow/,0,0,porto vs krakow,krakow vs porto,
0,0,0,potosi vs cusco,potosi-vs-cusco,https://tabiji.ai/compare/potosi-vs-cusco/,0,0,potosi vs cusco,cusco vs potosi,
0,0,0,pushkar vs jodhpur,pushkar-vs-jodhpur,https://tabiji.ai/compare/pushkar-vs-jodhpur/,0,0,pushkar vs jodhpur,jodhpur vs pushkar,
0,0,0,queenstown vs chamonix,queenstown-vs-chamonix,https://tabiji.ai/compare/queenstown-vs-chamonix/,0,0,queenstown vs chamonix,chamonix vs queenstown,
0,0,0,queenstown vs interlaken,queenstown-vs-interlaken,https://tabiji.ai/compare/queenstown-vs-interlaken/,0,0,queenstown vs interlaken,interlaken vs queenstown,
0,0,0,raja ampat vs great barrier reef,raja-ampat-vs-great-barrier-reef,https://tabiji.ai/compare/raja-ampat-vs-great-barrier-reef/,0,0,raja ampat vs great barrier reef,great barrier reef vs raja ampat,
0,0,0,red sea vs coral sea,red-sea-vs-coral-sea,https://tabiji.ai/compare/red-sea-vs-coral-sea/,0,0,red sea vs coral sea,coral sea vs red sea,
0,0,0,reykjavik vs bergen,reykjavik-vs-bergen,https://tabiji.ai/compare/reykjavik-vs-bergen/,0,0,reykjavik vs bergen,bergen vs reykjavik,
0,0,0,reykjavik vs edinburgh,reykjavik-vs-edinburgh,https://tabiji.ai/compare/reykjavik-vs-edinburgh/,0,0,reykjavik vs edinburgh,edinburgh vs reykjavik,
0,0,0,reykjavik vs stockholm,reykjavik-vs-stockholm,https://tabiji.ai/compare/reykjavik-vs-stockholm/,0,0,reykjavik vs stockholm,stockholm vs reykjavik,
0,0,0,ring of kerry vs wild atlantic way,ring-of-kerry-vs-wild-atlantic-way,https://tabiji.ai/compare/ring-of-kerry-vs-wild-atlantic-way/,0,0,ring of kerry vs wild atlantic way,wild atlantic way vs ring of kerry,
0,0,0,rishikesh vs dharamsala,rishikesh-vs-dharamsala,https://tabiji.ai/compare/rishikesh-vs-dharamsala/,0,0,rishikesh vs dharamsala,dharamsala vs rishikesh,
0,0,0,riviera maya vs yucatan,riviera-maya-vs-yucatan,https://tabiji.ai/compare/riviera-maya-vs-yucatan/,0,0,riviera maya vs yucatan,yucatan vs riviera maya,
0,0,0,rotorua vs queenstown,rotorua-vs-queenstown,https://tabiji.ai/compare/rotorua-vs-queenstown/,0,0,rotorua vs queenstown,queenstown vs rotorua,
0,0,0,sacred valley vs colca canyon,sacred-valley-vs-colca-canyon,https://tabiji.ai/compare/sacred-valley-vs-colca-canyon/,0,0,sacred valley vs colca canyon,colca canyon vs sacred valley,
0,0,0,sahara vs atacama,sahara-vs-atacama,https://tabiji.ai/compare/sahara-vs-atacama/,0,0,sahara vs atacama,atacama vs sahara,
0,0,0,san jose vs managua,san-jose-vs-managua,https://tabiji.ai/compare/san-jose-vs-managua/,0,0,san jose vs managua,managua vs san jose,
0,0,0,san jose vs medellin,san-jose-vs-medellin,https://tabiji.ai/compare/san-jose-vs-medellin/,0,0,san jose vs medellin,medellin vs san jose,
0,0,0,san pedro de atacama vs uyuni,san-pedro-de-atacama-vs-uyuni,https://tabiji.ai/compare/san-pedro-de-atacama-vs-uyuni/,0,0,san pedro de atacama vs uyuni,uyuni vs san pedro de atacama,
0,0,0,san sebastian vs bologna,san-sebastian-vs-bologna,https://tabiji.ai/compare/san-sebastian-vs-bologna/,0,0,san sebastian vs bologna,bologna vs san sebastian,
0,0,0,santorini vs tulum,santorini-vs-tulum,https://tabiji.ai/compare/santorini-vs-tulum/,0,0,santorini vs tulum,tulum vs santorini,
0,0,0,sao tome vs cape verde,sao-tome-vs-cape-verde,https://tabiji.ai/compare/sao-tome-vs-cape-verde/,0,0,sao tome vs cape verde,cape verde vs sao tome,
0,0,0,sarajevo vs kotor,sarajevo-vs-kotor,https://tabiji.ai/compare/sarajevo-vs-kotor/,0,0,sarajevo vs kotor,kotor vs sarajevo,
0,0,0,scottish highlands vs lake district,scottish-highlands-vs-lake-district,https://tabiji.ai/compare/scottish-highlands-vs-lake-district/,0,0,scottish highlands vs lake district,lake district vs scottish highlands,
0,0,0,scottish highlands vs norwegian fjords,scottish-highlands-vs-norwegian-fjords,https://tabiji.ai/compare/scottish-highlands-vs-norwegian-fjords/,0,0,scottish highlands vs norwegian fjords,norwegian fjords vs scottish highlands,
0,0,0,shimokitazawa vs golden gai,shimokitazawa-vs-golden-gai,https://tabiji.ai/compare/shimokitazawa-vs-golden-gai/,0,0,shimokitazawa vs golden gai,golden gai vs shimokitazawa,
0,0,0,shirakawa go vs takayama,shirakawa-go-vs-takayama,https://tabiji.ai/compare/shirakawa-go-vs-takayama/,0,0,shirakawa go vs takayama,takayama vs shirakawa go,
0,0,0,siargao vs la union,siargao-vs-la-union,https://tabiji.ai/compare/siargao-vs-la-union/,0,0,siargao vs la union,la union vs siargao,
0,0,0,sofia vs tbilisi,sofia-vs-tbilisi,https://tabiji.ai/compare/sofia-vs-tbilisi/,0,0,sofia vs tbilisi,tbilisi vs sofia,
0,0,0,sossusvlei vs fish river canyon,sossusvlei-vs-fish-river-canyon,https://tabiji.ai/compare/sossusvlei-vs-fish-river-canyon/,0,0,sossusvlei vs fish river canyon,fish river canyon vs sossusvlei,
0,0,0,south france vs south spain,south-france-vs-south-spain,https://tabiji.ai/compare/south-france-vs-south-spain/,0,0,south france vs south spain,south spain vs south france,
0,0,0,st barts vs maldives,st-barts-vs-maldives,https://tabiji.ai/compare/st-barts-vs-maldives/,0,0,st barts vs maldives,maldives vs st barts,
0,0,0,stellenbosch vs napa,stellenbosch-vs-napa,https://tabiji.ai/compare/stellenbosch-vs-napa/,0,0,stellenbosch vs napa,napa vs stellenbosch,
0,0,0,stone town vs jambiani,stone-town-vs-jambiani,https://tabiji.ai/compare/stone-town-vs-jambiani/,0,0,stone town vs jambiani,jambiani vs stone town,
0,0,0,swiss alps vs french riviera,swiss-alps-vs-french-riviera,https://tabiji.ai/compare/swiss-alps-vs-french-riviera/,0,0,swiss alps vs french riviera,french riviera vs swiss alps,
0,0,0,tasmania vs south island,tasmania-vs-south-island,https://tabiji.ai/compare/tasmania-vs-south-island/,0,0,tasmania vs south island,south island vs tasmania,
0,0,0,tbilisi vs bangkok,tbilisi-vs-bangkok,https://tabiji.ai/compare/tbilisi-vs-bangkok/,0,0,tbilisi vs bangkok,bangkok vs tbilisi,
0,0,0,tbilisi vs medellin,tbilisi-vs-medellin,https://tabiji.ai/compare/tbilisi-vs-medellin/,0,0,tbilisi vs medellin,medellin vs tbilisi,
0,0,0,tbilisi vs tirana,tbilisi-vs-tirana,https://tabiji.ai/compare/tbilisi-vs-tirana/,0,0,tbilisi vs tirana,tirana vs tbilisi,
0,0,0,tegucigalpa vs san jose,tegucigalpa-vs-san-jose,https://tabiji.ai/compare/tegucigalpa-vs-san-jose/,0,0,tegucigalpa vs san jose,san jose vs tegucigalpa,
0,0,0,thar desert vs sahara,thar-desert-vs-sahara,https://tabiji.ai/compare/thar-desert-vs-sahara/,0,0,thar desert vs sahara,sahara vs thar desert,
0,0,0,thessaloniki vs istanbul,thessaloniki-vs-istanbul,https://tabiji.ai/compare/thessaloniki-vs-istanbul/,0,0,thessaloniki vs istanbul,istanbul vs thessaloniki,
0,0,0,tirana vs sofia,tirana-vs-sofia,https://tabiji.ai/compare/tirana-vs-sofia/,0,0,tirana vs sofia,sofia vs tirana,
0,0,0,tofino vs ucluelet,tofino-vs-ucluelet,https://tabiji.ai/compare/tofino-vs-ucluelet/,0,0,tofino vs ucluelet,ucluelet vs tofino,
0,0,0,tokyo vs amsterdam,tokyo-vs-amsterdam,https://tabiji.ai/compare/tokyo-vs-amsterdam/,0,0,tokyo vs amsterdam,amsterdam vs tokyo,
0,0,0,tokyo vs barcelona,tokyo-vs-barcelona,https://tabiji.ai/compare/tokyo-vs-barcelona/,0,0,tokyo vs barcelona,barcelona vs tokyo,
0,0,0,tokyo vs busan,tokyo-vs-busan,https://tabiji.ai/compare/tokyo-vs-busan/,0,0,tokyo vs busan,busan vs tokyo,
0,0,0,tokyo vs chengdu,tokyo-vs-chengdu,https://tabiji.ai/compare/tokyo-vs-chengdu/,0,0,tokyo vs chengdu,chengdu vs tokyo,
0,0,0,tokyo vs da nang,tokyo-vs-da-nang,https://tabiji.ai/compare/tokyo-vs-da-nang/,0,0,tokyo vs da nang,da nang vs tokyo,
0,0,0,tokyo vs hakone,tokyo-vs-hakone,https://tabiji.ai/compare/tokyo-vs-hakone/,0,0,tokyo vs hakone,hakone vs tokyo,
0,0,0,tokyo vs hanoi,tokyo-vs-hanoi,https://tabiji.ai/compare/tokyo-vs-hanoi/,0,0,tokyo vs hanoi,hanoi vs tokyo,
0,0,0,tokyo vs ho chi minh city,tokyo-vs-ho-chi-minh-city,https://tabiji.ai/compare/tokyo-vs-ho-chi-minh-city/,0,0,tokyo vs ho chi minh city,ho chi minh city vs tokyo,
0,0,0,tokyo vs jeju,tokyo-vs-jeju,https://tabiji.ai/compare/tokyo-vs-jeju/,0,0,tokyo vs jeju,jeju vs tokyo,
0,0,0,tokyo vs kamakura,tokyo-vs-kamakura,https://tabiji.ai/compare/tokyo-vs-kamakura/,0,0,tokyo vs kamakura,kamakura vs tokyo,
0,0,0,tokyo vs kanazawa,tokyo-vs-kanazawa,https://tabiji.ai/compare/tokyo-vs-kanazawa/,0,0,tokyo vs kanazawa,kanazawa vs tokyo,
0,0,0,tokyo vs nagano,tokyo-vs-nagano,https://tabiji.ai/compare/tokyo-vs-nagano/,0,0,tokyo vs nagano,nagano vs tokyo,
0,0,0,tokyo vs nikko,tokyo-vs-nikko,https://tabiji.ai/compare/tokyo-vs-nikko/,0,0,tokyo vs nikko,nikko vs tokyo,
0,0,0,tokyo vs phuket,tokyo-vs-phuket,https://tabiji.ai/compare/tokyo-vs-phuket/,0,0,tokyo vs phuket,phuket vs tokyo,
0,0,0,tokyo vs rome,tokyo-vs-rome,https://tabiji.ai/compare/tokyo-vs-rome/,0,0,tokyo vs rome,rome vs tokyo,
0,0,0,tokyo vs takayama,tokyo-vs-takayama,https://tabiji.ai/compare/tokyo-vs-takayama/,0,0,tokyo vs takayama,takayama vs tokyo,
0,0,0,torres del paine vs mont blanc,torres-del-paine-vs-mont-blanc,https://tabiji.ai/compare/torres-del-paine-vs-mont-blanc/,0,0,torres del paine vs mont blanc,mont blanc vs torres del paine,
0,0,0,toscana vs umbria,toscana-vs-umbria,https://tabiji.ai/compare/toscana-vs-umbria/,0,0,toscana vs umbria,umbria vs toscana,
0,0,0,transylvania vs maramures,transylvania-vs-maramures,https://tabiji.ai/compare/transylvania-vs-maramures/,0,0,transylvania vs maramures,maramures vs transylvania,
0,0,0,tulum vs havana,tulum-vs-havana,https://tabiji.ai/compare/tulum-vs-havana/,0,0,tulum vs havana,havana vs tulum,
0,0,0,turin vs venice,turin-vs-venice,https://tabiji.ai/compare/turin-vs-venice/,0,0,turin vs venice,venice vs turin,
0,0,0,tuscany vs bordeaux,tuscany-vs-bordeaux,https://tabiji.ai/compare/tuscany-vs-bordeaux/,0,0,tuscany vs bordeaux,bordeaux vs tuscany,
0,0,0,tuscany vs santorini,tuscany-vs-santorini,https://tabiji.ai/compare/tuscany-vs-santorini/,0,0,tuscany vs santorini,santorini vs tuscany,
0,0,0,ulaanbaatar vs almaty,ulaanbaatar-vs-almaty,https://tabiji.ai/compare/ulaanbaatar-vs-almaty/,0,0,ulaanbaatar vs almaty,almaty vs ulaanbaatar,
0,0,0,uluru vs kakadu,uluru-vs-kakadu,https://tabiji.ai/compare/uluru-vs-kakadu/,0,0,uluru vs kakadu,kakadu vs uluru,
0,0,0,uyuni vs atacama,uyuni-vs-atacama,https://tabiji.ai/compare/uyuni-vs-atacama/,0,0,uyuni vs atacama,atacama vs uyuni,
0,0,0,valparaiso vs medellin,valparaiso-vs-medellin,https://tabiji.ai/compare/valparaiso-vs-medellin/,0,0,valparaiso vs medellin,medellin vs valparaiso,
0,0,0,vang vieng vs vientiane,vang-vieng-vs-vientiane,https://tabiji.ai/compare/vang-vieng-vs-vientiane/,0,0,vang vieng vs vientiane,vientiane vs vang vieng,
0,0,0,victoria falls vs kruger,victoria-falls-vs-kruger,https://tabiji.ai/compare/victoria-falls-vs-kruger/,0,0,victoria falls vs kruger,kruger vs victoria falls,
0,0,0,vilnius vs warsaw,vilnius-vs-warsaw,https://tabiji.ai/compare/vilnius-vs-warsaw/,0,0,vilnius vs warsaw,warsaw vs vilnius,
0,0,0,wadi rum vs sahara,wadi-rum-vs-sahara,https://tabiji.ai/compare/wadi-rum-vs-sahara/,0,0,wadi rum vs sahara,sahara vs wadi rum,
0,0,0,whitsundays vs great barrier reef,whitsundays-vs-great-barrier-reef,https://tabiji.ai/compare/whitsundays-vs-great-barrier-reef/,0,0,whitsundays vs great barrier reef,great barrier reef vs whitsundays,
0,0,0,wild atlantic way vs nc500,wild-atlantic-way-vs-nc500,https://tabiji.ai/compare/wild-atlantic-way-vs-nc500/,0,0,wild atlantic way vs nc500,nc500 vs wild atlantic way,
0,0,0,wroclaw vs berlin,wroclaw-vs-berlin,https://tabiji.ai/compare/wroclaw-vs-berlin/,0,0,wroclaw vs berlin,berlin vs wroclaw,
0,0,0,xi an vs beijing,xi-an-vs-beijing,https://tabiji.ai/compare/xi-an-vs-beijing/,0,0,xi an vs beijing,beijing vs xi an,
0,0,0,yakushima vs aso,yakushima-vs-aso,https://tabiji.ai/compare/yakushima-vs-aso/,0,0,yakushima vs aso,aso vs yakushima,
0,0,0,yarra valley vs barossa valley,yarra-valley-vs-barossa-valley,https://tabiji.ai/compare/yarra-valley-vs-barossa-valley/,0,0,yarra valley vs barossa valley,barossa valley vs yarra valley,
0,0,0,yogyakarta vs solo,yogyakarta-vs-solo,https://tabiji.ai/compare/yogyakarta-vs-solo/,0,0,yogyakarta vs solo,solo vs yogyakarta,
0,0,0,zagreb vs ljubljana,zagreb-vs-ljubljana,https://tabiji.ai/compare/zagreb-vs-ljubljana/,0,0,zagreb vs ljubljana,ljubljana vs zagreb,
0,0,0,zanzibar vs goa,zanzibar-vs-goa,https://tabiji.ai/compare/zanzibar-vs-goa/,0,0,zanzibar vs goa,goa vs zanzibar,
