slug,url,keyword_1,vol_1,keyword_2,vol_2,best_keyword,best_vol,total_vol
england-vs-india,https://tabiji.ai/compare/england-vs-india/,england vs india,90500,india vs england,550000,india vs england,550000,640500
portugal-vs-spain,https://tabiji.ai/compare/portugal-vs-spain/,portugal vs spain,301000,spain vs portugal,165000,portugal vs spain,301000,466000
mexico-vs-usa,https://tabiji.ai/compare/mexico-vs-usa/,mexico vs usa,201000,usa vs mexico,165000,mexico vs usa,201000,366000
australia-vs-india,https://tabiji.ai/compare/australia-vs-india/,australia vs india,74000,india vs australia,201000,india vs australia,201000,275000
spain-vs-france,https://tabiji.ai/compare/spain-vs-france/,spain vs france,165000,france vs spain,60500,spain vs france,165000,225500
honduras-vs-mexico,https://tabiji.ai/compare/honduras-vs-mexico/,honduras vs mexico,49500,mexico vs honduras,165000,mexico vs honduras,165000,214500
brazil-vs-argentina,https://tabiji.ai/compare/brazil-vs-argentina/,brazil vs argentina,49500,argentina vs brazil,110000,argentina vs brazil,110000,159500
india-vs-south-africa,https://tabiji.ai/compare/india-vs-south-africa/,india vs south africa,110000,south africa vs india,40500,india vs south africa,110000,150500
mexico-vs-panama,https://tabiji.ai/compare/mexico-vs-panama/,mexico vs panama,135000,panama vs mexico,8100,mexico vs panama,135000,143100
guatemala-vs-usa,https://tabiji.ai/compare/guatemala-vs-usa/,guatemala vs usa,49500,usa vs guatemala,90500,usa vs guatemala,90500,140000
georgia-vs-texas,https://tabiji.ai/compare/georgia-vs-texas/,georgia vs texas,27100,texas vs georgia,110000,texas vs georgia,110000,137100
argentina-vs-colombia,https://tabiji.ai/compare/argentina-vs-colombia/,argentina vs colombia,90500,colombia vs argentina,40500,argentina vs colombia,90500,131000
colombia-vs-mexico,https://tabiji.ai/compare/colombia-vs-mexico/,colombia vs mexico,18100,mexico vs colombia,110000,mexico vs colombia,110000,128100
valencia-vs-barcelona,https://tabiji.ai/compare/valencia-vs-barcelona/,valencia vs barcelona,40500,barcelona vs valencia,74000,barcelona vs valencia,74000,114500
canada-vs-mexico,https://tabiji.ai/compare/canada-vs-mexico/,canada vs mexico,27100,mexico vs canada,74000,mexico vs canada,74000,101100
brazil-vs-colombia,https://tabiji.ai/compare/brazil-vs-colombia/,brazil vs colombia,60500,colombia vs brazil,33100,brazil vs colombia,60500,93600
denmark-vs-portugal,https://tabiji.ai/compare/denmark-vs-portugal/,denmark vs portugal,18100,portugal vs denmark,74000,portugal vs denmark,74000,92100
germany-vs-portugal,https://tabiji.ai/compare/germany-vs-portugal/,germany vs portugal,49500,portugal vs germany,40500,germany vs portugal,49500,90000
florida-vs-georgia,https://tabiji.ai/compare/florida-vs-georgia/,florida vs georgia,9900,georgia vs florida,74000,georgia vs florida,74000,83900
india-vs-new-zealand,https://tabiji.ai/compare/india-vs-new-zealand/,india vs new zealand,60500,new zealand vs india,22200,india vs new zealand,60500,82700
guatemala-vs-panama,https://tabiji.ai/compare/guatemala-vs-panama/,guatemala vs panama,60500,panama vs guatemala,18100,guatemala vs panama,60500,78600
japan-vs-mexico,https://tabiji.ai/compare/japan-vs-mexico/,japan vs mexico,4400,mexico vs japan,74000,mexico vs japan,74000,78400
dominican-republic-vs-mexico,https://tabiji.ai/compare/dominican-republic-vs-mexico/,dominican republic vs mexico,1300,mexico vs dominican republic,74000,mexico vs dominican republic,74000,75300
barcelona-vs-mallorca,https://tabiji.ai/compare/barcelona-vs-mallorca/,barcelona vs mallorca,40500,mallorca vs barcelona,33100,barcelona vs mallorca,40500,73600
ecuador-vs-mexico,https://tabiji.ai/compare/ecuador-vs-mexico/,ecuador vs mexico,9900,mexico vs ecuador,60500,mexico vs ecuador,60500,70400
costa-rica-vs-usa,https://tabiji.ai/compare/costa-rica-vs-usa/,costa rica vs usa,8100,usa vs costa rica,60500,usa vs costa rica,60500,68600
madrid-vs-barcelona,https://tabiji.ai/compare/madrid-vs-barcelona/,madrid vs barcelona,49500,barcelona vs madrid,18100,madrid vs barcelona,49500,67600
netherlands-vs-spain,https://tabiji.ai/compare/netherlands-vs-spain/,netherlands vs spain,18100,spain vs netherlands,49500,spain vs netherlands,49500,67600
argentina-vs-uruguay,https://tabiji.ai/compare/argentina-vs-uruguay/,argentina vs uruguay,22200,uruguay vs argentina,40500,uruguay vs argentina,40500,62700
chile-vs-argentina,https://tabiji.ai/compare/chile-vs-argentina/,chile vs argentina,40500,argentina vs chile,22200,chile vs argentina,40500,62700
armenia-vs-portugal,https://tabiji.ai/compare/armenia-vs-portugal/,armenia vs portugal,18100,portugal vs armenia,40500,portugal vs armenia,40500,58600
brazil-vs-ecuador,https://tabiji.ai/compare/brazil-vs-ecuador/,brazil vs ecuador,18100,ecuador vs brazil,40500,ecuador vs brazil,40500,58600
croatia-vs-france,https://tabiji.ai/compare/croatia-vs-france/,croatia vs france,14800,france vs croatia,40500,france vs croatia,40500,55300
mexico-vs-uruguay,https://tabiji.ai/compare/mexico-vs-uruguay/,mexico vs uruguay,49500,uruguay vs mexico,5400,mexico vs uruguay,49500,54900
ireland-vs-portugal,https://tabiji.ai/compare/ireland-vs-portugal/,ireland vs portugal,27100,portugal vs ireland,27100,ireland vs portugal,27100,54200
costa-rica-vs-mexico,https://tabiji.ai/compare/costa-rica-vs-mexico/,costa rica vs mexico,2900,mexico vs costa rica,49500,mexico vs costa rica,49500,52400
barcelona-vs-guadalajara,https://tabiji.ai/compare/barcelona-vs-guadalajara/,barcelona vs guadalajara,1900,guadalajara vs barcelona,49500,guadalajara vs barcelona,49500,51400
costa-rica-vs-honduras,https://tabiji.ai/compare/costa-rica-vs-honduras/,costa rica vs honduras,18100,honduras vs costa rica,33100,honduras vs costa rica,33100,51200
panama-vs-usa,https://tabiji.ai/compare/panama-vs-usa/,panama vs usa,5400,usa vs panama,40500,usa vs panama,40500,45900
australia-vs-south-africa,https://tabiji.ai/compare/australia-vs-south-africa/,australia vs south africa,33100,south africa vs australia,12100,australia vs south africa,33100,45200
bolivia-vs-brazil,https://tabiji.ai/compare/bolivia-vs-brazil/,bolivia vs brazil,33100,brazil vs bolivia,12100,bolivia vs brazil,33100,45200
canada-vs-guatemala,https://tabiji.ai/compare/canada-vs-guatemala/,canada vs guatemala,27100,guatemala vs canada,18100,canada vs guatemala,27100,45200
france-vs-germany,https://tabiji.ai/compare/france-vs-germany/,france vs germany,12100,germany vs france,33100,germany vs france,33100,45200
south-korea-vs-mexico,https://tabiji.ai/compare/south-korea-vs-mexico/,south korea vs mexico,2900,mexico vs south korea,40500,mexico vs south korea,40500,43400
hungary-vs-portugal,https://tabiji.ai/compare/hungary-vs-portugal/,hungary vs portugal,14800,portugal vs hungary,27100,portugal vs hungary,27100,41900
mexico-vs-switzerland,https://tabiji.ai/compare/mexico-vs-switzerland/,mexico vs switzerland,40500,switzerland vs mexico,480,mexico vs switzerland,40500,40980
italy-vs-norway,https://tabiji.ai/compare/italy-vs-norway/,italy vs norway,18100,norway vs italy,22200,norway vs italy,22200,40300
bolivia-vs-colombia,https://tabiji.ai/compare/bolivia-vs-colombia/,bolivia vs colombia,4400,colombia vs bolivia,33100,colombia vs bolivia,33100,37500
canada-vs-colombia,https://tabiji.ai/compare/canada-vs-colombia/,canada vs colombia,4400,colombia vs canada,33100,colombia vs canada,33100,37500
mexico-vs-turkey,https://tabiji.ai/compare/mexico-vs-turkey/,mexico vs turkey,33100,turkey vs mexico,2900,mexico vs turkey,33100,36000
peru-vs-ecuador,https://tabiji.ai/compare/peru-vs-ecuador/,peru vs ecuador,22200,ecuador vs peru,12100,peru vs ecuador,22200,34300
colombia-vs-peru,https://tabiji.ai/compare/colombia-vs-peru/,colombia vs peru,27100,peru vs colombia,6600,colombia vs peru,27100,33700
germany-vs-italy,https://tabiji.ai/compare/germany-vs-italy/,germany vs italy,18100,italy vs germany,14800,germany vs italy,18100,32900
honduras-vs-panama,https://tabiji.ai/compare/honduras-vs-panama/,honduras vs panama,14800,panama vs honduras,18100,panama vs honduras,18100,32900
uruguay-vs-usa,https://tabiji.ai/compare/uruguay-vs-usa/,uruguay vs usa,4400,usa vs uruguay,27100,usa vs uruguay,27100,31500
argentina-vs-mexico,https://tabiji.ai/compare/argentina-vs-mexico/,argentina vs mexico,8100,mexico vs argentina,22200,mexico vs argentina,22200,30300
argentina-vs-puerto-rico,https://tabiji.ai/compare/argentina-vs-puerto-rico/,argentina vs puerto rico,8100,puerto rico vs argentina,22200,puerto rico vs argentina,22200,30300
japan-vs-brazil,https://tabiji.ai/compare/japan-vs-brazil/,japan vs brazil,22200,brazil vs japan,8100,japan vs brazil,22200,30300
ecuador-vs-usa,https://tabiji.ai/compare/ecuador-vs-usa/,ecuador vs usa,12100,usa vs ecuador,18100,usa vs ecuador,18100,30200
england-vs-spain,https://tabiji.ai/compare/england-vs-spain/,england vs spain,18100,spain vs england,12100,england vs spain,18100,30200
japan-vs-usa,https://tabiji.ai/compare/japan-vs-usa/,japan vs usa,1900,usa vs japan,27100,usa vs japan,27100,29000
bolivia-vs-chile,https://tabiji.ai/compare/bolivia-vs-chile/,bolivia vs chile,9900,chile vs bolivia,18100,chile vs bolivia,18100,28000
bulgaria-vs-spain,https://tabiji.ai/compare/bulgaria-vs-spain/,bulgaria vs spain,9900,spain vs bulgaria,18100,spain vs bulgaria,18100,28000
georgia-vs-spain,https://tabiji.ai/compare/georgia-vs-spain/,georgia vs spain,9900,spain vs georgia,18100,spain vs georgia,18100,28000
chile-vs-ecuador,https://tabiji.ai/compare/chile-vs-ecuador/,chile vs ecuador,14800,ecuador vs chile,12100,chile vs ecuador,14800,26900
guatemala-vs-jamaica,https://tabiji.ai/compare/guatemala-vs-jamaica/,guatemala vs jamaica,12100,jamaica vs guatemala,14800,jamaica vs guatemala,14800,26900
bolivia-vs-uruguay,https://tabiji.ai/compare/bolivia-vs-uruguay/,bolivia vs uruguay,22200,uruguay vs bolivia,3600,bolivia vs uruguay,22200,25800
england-vs-serbia,https://tabiji.ai/compare/england-vs-serbia/,england vs serbia,14800,serbia vs england,9900,england vs serbia,14800,24700
england-vs-south-africa,https://tabiji.ai/compare/england-vs-south-africa/,england vs south africa,14800,south africa vs england,9900,england vs south africa,14800,24700
israel-vs-italy,https://tabiji.ai/compare/israel-vs-italy/,israel vs italy,9900,italy vs israel,14800,italy vs israel,14800,24700
south-korea-vs-usa,https://tabiji.ai/compare/south-korea-vs-usa/,south korea vs usa,1300,usa vs south korea,22200,usa vs south korea,22200,23500
albania-vs-england,https://tabiji.ai/compare/albania-vs-england/,albania vs england,8100,england vs albania,14800,england vs albania,14800,22900
nicaragua-vs-costa-rica,https://tabiji.ai/compare/nicaragua-vs-costa-rica/,nicaragua vs costa rica,9900,costa rica vs nicaragua,12100,costa rica vs nicaragua,12100,22000
france-vs-iceland,https://tabiji.ai/compare/france-vs-iceland/,france vs iceland,14800,iceland vs france,6600,france vs iceland,14800,21400
new-zealand-vs-south-africa,https://tabiji.ai/compare/new-zealand-vs-south-africa/,new zealand vs south africa,14800,south africa vs new zealand,5400,new zealand vs south africa,14800,20200
brazil-vs-south-korea,https://tabiji.ai/compare/brazil-vs-south-korea/,brazil vs south korea,4400,south korea vs brazil,14800,south korea vs brazil,14800,19200
canada-vs-honduras,https://tabiji.ai/compare/canada-vs-honduras/,canada vs honduras,14800,honduras vs canada,4400,canada vs honduras,14800,19200
brazil-vs-senegal,https://tabiji.ai/compare/brazil-vs-senegal/,brazil vs senegal,18100,senegal vs brazil,720,brazil vs senegal,18100,18820
england-vs-latvia,https://tabiji.ai/compare/england-vs-latvia/,england vs latvia,12100,latvia vs england,6600,england vs latvia,12100,18700
australia-vs-usa,https://tabiji.ai/compare/australia-vs-usa/,australia vs usa,590,usa vs australia,18100,usa vs australia,18100,18690
azerbaijan-vs-france,https://tabiji.ai/compare/azerbaijan-vs-france/,azerbaijan vs france,6600,france vs azerbaijan,9900,france vs azerbaijan,9900,16500
brazil-vs-usa,https://tabiji.ai/compare/brazil-vs-usa/,brazil vs usa,4400,usa vs brazil,12100,usa vs brazil,12100,16500
england-vs-senegal,https://tabiji.ai/compare/england-vs-senegal/,england vs senegal,14800,senegal vs england,1600,england vs senegal,14800,16400
peru-vs-bolivia,https://tabiji.ai/compare/peru-vs-bolivia/,peru vs bolivia,14800,bolivia vs peru,1600,peru vs bolivia,14800,16400
germany-vs-spain,https://tabiji.ai/compare/germany-vs-spain/,germany vs spain,8100,spain vs germany,8100,germany vs spain,8100,16200
spain-vs-turkey,https://tabiji.ai/compare/spain-vs-turkey/,spain vs turkey,9900,turkey vs spain,5400,spain vs turkey,9900,15300
australia-vs-sri-lanka,https://tabiji.ai/compare/australia-vs-sri-lanka/,australia vs sri lanka,6600,sri lanka vs australia,8100,sri lanka vs australia,8100,14700
chile-vs-peru,https://tabiji.ai/compare/chile-vs-peru/,chile vs peru,8100,peru vs chile,6600,chile vs peru,8100,14700
greece-vs-scotland,https://tabiji.ai/compare/greece-vs-scotland/,greece vs scotland,8100,scotland vs greece,6600,greece vs scotland,8100,14700
netherlands-vs-poland,https://tabiji.ai/compare/netherlands-vs-poland/,netherlands vs poland,6600,poland vs netherlands,8100,poland vs netherlands,8100,14700
sweden-vs-usa,https://tabiji.ai/compare/sweden-vs-usa/,sweden vs usa,2400,usa vs sweden,12100,usa vs sweden,12100,14500
england-vs-italy,https://tabiji.ai/compare/england-vs-italy/,england vs italy,12100,italy vs england,1600,england vs italy,12100,13700
argentina-vs-france,https://tabiji.ai/compare/argentina-vs-france/,argentina vs france,9900,france vs argentina,3600,argentina vs france,9900,13500
germany-vs-slovakia,https://tabiji.ai/compare/germany-vs-slovakia/,germany vs slovakia,9900,slovakia vs germany,3600,germany vs slovakia,9900,13500
honduras-vs-guatemala,https://tabiji.ai/compare/honduras-vs-guatemala/,honduras vs guatemala,8100,guatemala vs honduras,5400,honduras vs guatemala,8100,13500
mexico-vs-portugal,https://tabiji.ai/compare/mexico-vs-portugal/,mexico vs portugal,9900,portugal vs mexico,3600,mexico vs portugal,9900,13500
jamaica-vs-trinidad-and-tobago,https://tabiji.ai/compare/jamaica-vs-trinidad-and-tobago/,jamaica vs trinidad and tobago,6600,trinidad and tobago vs jamaica,6600,jamaica vs trinidad and tobago,6600,13200
brazil-vs-chile,https://tabiji.ai/compare/brazil-vs-chile/,brazil vs chile,12100,chile vs brazil,1000,brazil vs chile,12100,13100
liverpool-vs-milan,https://tabiji.ai/compare/liverpool-vs-milan/,liverpool vs milan,12100,milan vs liverpool,1000,liverpool vs milan,12100,13100
israel-vs-norway,https://tabiji.ai/compare/israel-vs-norway/,israel vs norway,2900,norway vs israel,9900,norway vs israel,9900,12800
california-vs-hawaii,https://tabiji.ai/compare/california-vs-hawaii/,california vs hawaii,8100,hawaii vs california,4400,california vs hawaii,8100,12500
hungary-vs-ireland,https://tabiji.ai/compare/hungary-vs-ireland/,hungary vs ireland,8100,ireland vs hungary,4400,hungary vs ireland,8100,12500
colombia-vs-new-zealand,https://tabiji.ai/compare/colombia-vs-new-zealand/,colombia vs new zealand,12100,new zealand vs colombia,210,colombia vs new zealand,12100,12310
denmark-vs-scotland,https://tabiji.ai/compare/denmark-vs-scotland/,denmark vs scotland,2400,scotland vs denmark,9900,scotland vs denmark,9900,12300
mexico-vs-south-africa,https://tabiji.ai/compare/mexico-vs-south-africa/,mexico vs south africa,12100,south africa vs mexico,140,mexico vs south africa,12100,12240
canada-vs-ecuador,https://tabiji.ai/compare/canada-vs-ecuador/,canada vs ecuador,6600,ecuador vs canada,4400,canada vs ecuador,6600,11000
france-vs-portugal,https://tabiji.ai/compare/france-vs-portugal/,france vs portugal,4400,portugal vs france,6600,portugal vs france,6600,11000
germany-vs-luxembourg,https://tabiji.ai/compare/germany-vs-luxembourg/,germany vs luxembourg,8100,luxembourg vs germany,2900,germany vs luxembourg,8100,11000
switzerland-vs-usa,https://tabiji.ai/compare/switzerland-vs-usa/,switzerland vs usa,880,usa vs switzerland,9900,usa vs switzerland,9900,10780
brazil-vs-morocco,https://tabiji.ai/compare/brazil-vs-morocco/,brazil vs morocco,9900,morocco vs brazil,480,brazil vs morocco,9900,10380
peru-vs-uruguay,https://tabiji.ai/compare/peru-vs-uruguay/,peru vs uruguay,3600,uruguay vs peru,6600,uruguay vs peru,6600,10200
ecuador-vs-new-zealand,https://tabiji.ai/compare/ecuador-vs-new-zealand/,ecuador vs new zealand,9900,new zealand vs ecuador,210,ecuador vs new zealand,9900,10110
chile-vs-mexico,https://tabiji.ai/compare/chile-vs-mexico/,chile vs mexico,1900,mexico vs chile,8100,mexico vs chile,8100,10000
bahrain-vs-japan,https://tabiji.ai/compare/bahrain-vs-japan/,bahrain vs japan,5400,japan vs bahrain,4400,bahrain vs japan,5400,9800
georgia-vs-armenia,https://tabiji.ai/compare/georgia-vs-armenia/,georgia vs armenia,4400,armenia vs georgia,5400,armenia vs georgia,5400,9800
india-vs-uae,https://tabiji.ai/compare/india-vs-uae/,india vs uae,5400,uae vs india,4400,india vs uae,5400,9800
germany-vs-netherlands,https://tabiji.ai/compare/germany-vs-netherlands/,germany vs netherlands,2900,netherlands vs germany,6600,netherlands vs germany,6600,9500
curacao-vs-jamaica,https://tabiji.ai/compare/curacao-vs-jamaica/,curacao vs jamaica,1300,jamaica vs curacao,8100,jamaica vs curacao,8100,9400
brazil-vs-mexico,https://tabiji.ai/compare/brazil-vs-mexico/,brazil vs mexico,2400,mexico vs brazil,6600,mexico vs brazil,6600,9000
colombia-vs-portugal,https://tabiji.ai/compare/colombia-vs-portugal/,colombia vs portugal,6600,portugal vs colombia,2400,colombia vs portugal,6600,9000
seattle-vs-toronto,https://tabiji.ai/compare/seattle-vs-toronto/,seattle vs toronto,5400,toronto vs seattle,3600,seattle vs toronto,5400,9000
argentina-vs-spain,https://tabiji.ai/compare/argentina-vs-spain/,argentina vs spain,4400,spain vs argentina,4400,argentina vs spain,4400,8800
greece-vs-turkey,https://tabiji.ai/compare/greece-vs-turkey/,greece vs turkey,4400,turkey vs greece,4400,greece vs turkey,4400,8800
costa-rica-vs-dominican-republic,https://tabiji.ai/compare/costa-rica-vs-dominican-republic/,costa rica vs dominican republic,8100,dominican republic vs costa rica,480,costa rica vs dominican republic,8100,8580
chile-vs-uruguay,https://tabiji.ai/compare/chile-vs-uruguay/,chile vs uruguay,5400,uruguay vs chile,2900,chile vs uruguay,5400,8300
estonia-vs-italy,https://tabiji.ai/compare/estonia-vs-italy/,estonia vs italy,2900,italy vs estonia,5400,italy vs estonia,5400,8300
estonia-vs-norway,https://tabiji.ai/compare/estonia-vs-norway/,estonia vs norway,2900,norway vs estonia,5400,norway vs estonia,5400,8300
morocco-vs-jordan,https://tabiji.ai/compare/morocco-vs-jordan/,morocco vs jordan,2900,jordan vs morocco,5400,jordan vs morocco,5400,8300
nepal-vs-netherlands,https://tabiji.ai/compare/nepal-vs-netherlands/,nepal vs netherlands,5400,netherlands vs nepal,2900,nepal vs netherlands,5400,8300
portugal-vs-usa,https://tabiji.ai/compare/portugal-vs-usa/,portugal vs usa,2900,usa vs portugal,5400,usa vs portugal,5400,8300
england-vs-new-zealand,https://tabiji.ai/compare/england-vs-new-zealand/,england vs new zealand,6600,new zealand vs england,1600,england vs new zealand,6600,8200
bermuda-vs-jamaica,https://tabiji.ai/compare/bermuda-vs-jamaica/,bermuda vs jamaica,2400,jamaica vs bermuda,5400,jamaica vs bermuda,5400,7800
jamaica-vs-mexico,https://tabiji.ai/compare/jamaica-vs-mexico/,jamaica vs mexico,1000,mexico vs jamaica,6600,mexico vs jamaica,6600,7600
bulgaria-vs-georgia,https://tabiji.ai/compare/bulgaria-vs-georgia/,bulgaria vs georgia,2900,georgia vs bulgaria,4400,georgia vs bulgaria,4400,7300
finland-vs-poland,https://tabiji.ai/compare/finland-vs-poland/,finland vs poland,2900,poland vs finland,4400,poland vs finland,4400,7300
south-korea-vs-oman,https://tabiji.ai/compare/south-korea-vs-oman/,south korea vs oman,4400,oman vs south korea,2900,south korea vs oman,4400,7300
belgium-vs-north-macedonia,https://tabiji.ai/compare/belgium-vs-north-macedonia/,belgium vs north macedonia,3600,north macedonia vs belgium,3600,belgium vs north macedonia,3600,7200
barcelona-vs-frankfurt,https://tabiji.ai/compare/barcelona-vs-frankfurt/,barcelona vs frankfurt,6600,frankfurt vs barcelona,480,barcelona vs frankfurt,6600,7080
england-vs-finland,https://tabiji.ai/compare/england-vs-finland/,england vs finland,5400,finland vs england,1600,england vs finland,5400,7000
france-vs-england,https://tabiji.ai/compare/france-vs-england/,france vs england,5400,england vs france,1600,france vs england,5400,7000
slovenia-vs-sweden,https://tabiji.ai/compare/slovenia-vs-sweden/,slovenia vs sweden,4400,sweden vs slovenia,2400,slovenia vs sweden,4400,6800
armenia-vs-ireland,https://tabiji.ai/compare/armenia-vs-ireland/,armenia vs ireland,2900,ireland vs armenia,3600,ireland vs armenia,3600,6500
england-vs-sweden,https://tabiji.ai/compare/england-vs-sweden/,england vs sweden,2900,sweden vs england,3600,sweden vs england,3600,6500
greece-vs-lithuania,https://tabiji.ai/compare/greece-vs-lithuania/,greece vs lithuania,2900,lithuania vs greece,3600,lithuania vs greece,3600,6500
canada-vs-sweden,https://tabiji.ai/compare/canada-vs-sweden/,canada vs sweden,5400,sweden vs canada,1000,canada vs sweden,5400,6400
chicago-vs-new-england,https://tabiji.ai/compare/chicago-vs-new-england/,chicago vs new england,1000,new england vs chicago,5400,new england vs chicago,5400,6400
jamaica-vs-panama,https://tabiji.ai/compare/jamaica-vs-panama/,jamaica vs panama,720,panama vs jamaica,5400,panama vs jamaica,5400,6120
denmark-vs-greece,https://tabiji.ai/compare/denmark-vs-greece/,denmark vs greece,2400,greece vs denmark,3600,greece vs denmark,3600,6000
finland-vs-netherlands,https://tabiji.ai/compare/finland-vs-netherlands/,finland vs netherlands,2400,netherlands vs finland,3600,netherlands vs finland,3600,6000
germany-vs-slovenia,https://tabiji.ai/compare/germany-vs-slovenia/,germany vs slovenia,4400,slovenia vs germany,1600,germany vs slovenia,4400,6000
malta-vs-netherlands,https://tabiji.ai/compare/malta-vs-netherlands/,malta vs netherlands,2400,netherlands vs malta,3600,netherlands vs malta,3600,6000
marseille-vs-strasbourg,https://tabiji.ai/compare/marseille-vs-strasbourg/,marseille vs strasbourg,1600,strasbourg vs marseille,4400,strasbourg vs marseille,4400,6000
nepal-vs-uae,https://tabiji.ai/compare/nepal-vs-uae/,nepal vs uae,4400,uae vs nepal,1600,nepal vs uae,4400,6000
vietnam-vs-thailand,https://tabiji.ai/compare/vietnam-vs-thailand/,vietnam vs thailand,3600,thailand vs vietnam,2400,vietnam vs thailand,3600,6000
england-vs-united-kingdom,https://tabiji.ai/compare/england-vs-united-kingdom/,england vs united kingdom,2900,united kingdom vs england,2900,england vs united kingdom,2900,5800
malta-vs-poland,https://tabiji.ai/compare/malta-vs-poland/,malta vs poland,2900,poland vs malta,2900,malta vs poland,2900,5800
nepal-vs-scotland,https://tabiji.ai/compare/nepal-vs-scotland/,nepal vs scotland,2900,scotland vs nepal,2900,nepal vs scotland,2900,5800
miami-vs-vancouver,https://tabiji.ai/compare/miami-vs-vancouver/,miami vs vancouver,5400,vancouver vs miami,390,miami vs vancouver,5400,5790
latvia-vs-serbia,https://tabiji.ai/compare/latvia-vs-serbia/,latvia vs serbia,1300,serbia vs latvia,4400,serbia vs latvia,4400,5700
armenia-vs-hungary,https://tabiji.ai/compare/armenia-vs-hungary/,armenia vs hungary,1900,hungary vs armenia,3600,hungary vs armenia,3600,5500
croatia-vs-montenegro,https://tabiji.ai/compare/croatia-vs-montenegro/,croatia vs montenegro,3600,montenegro vs croatia,1900,croatia vs montenegro,3600,5500
new-zealand-vs-australia,https://tabiji.ai/compare/new-zealand-vs-australia/,new zealand vs australia,3600,australia vs new zealand,1900,new zealand vs australia,3600,5500
spain-vs-italy,https://tabiji.ai/compare/spain-vs-italy/,spain vs italy,1900,italy vs spain,3600,italy vs spain,3600,5500
botswana-vs-senegal,https://tabiji.ai/compare/botswana-vs-senegal/,botswana vs senegal,90,senegal vs botswana,5400,senegal vs botswana,5400,5490
argentina-vs-portugal,https://tabiji.ai/compare/argentina-vs-portugal/,argentina vs portugal,2400,portugal vs argentina,2900,portugal vs argentina,2900,5300
lithuania-vs-poland,https://tabiji.ai/compare/lithuania-vs-poland/,lithuania vs poland,2400,poland vs lithuania,2900,poland vs lithuania,2900,5300
new-zealand-vs-sri-lanka,https://tabiji.ai/compare/new-zealand-vs-sri-lanka/,new zealand vs sri lanka,1600,sri lanka vs new zealand,3600,sri lanka vs new zealand,3600,5200
jamaica-vs-usa,https://tabiji.ai/compare/jamaica-vs-usa/,jamaica vs usa,480,usa vs jamaica,4400,usa vs jamaica,4400,4880
brazil-vs-spain,https://tabiji.ai/compare/brazil-vs-spain/,brazil vs spain,1900,spain vs brazil,2900,spain vs brazil,2900,4800
ghana-vs-japan,https://tabiji.ai/compare/ghana-vs-japan/,ghana vs japan,1900,japan vs ghana,2900,japan vs ghana,2900,4800
guatemala-vs-mexico,https://tabiji.ai/compare/guatemala-vs-mexico/,guatemala vs mexico,1900,mexico vs guatemala,2900,mexico vs guatemala,2900,4800
japan-vs-south-korea,https://tabiji.ai/compare/japan-vs-south-korea/,japan vs south korea,1900,south korea vs japan,2900,south korea vs japan,2900,4800
curacao-vs-honduras,https://tabiji.ai/compare/curacao-vs-honduras/,curacao vs honduras,320,honduras vs curacao,4400,honduras vs curacao,4400,4720
dominican-republic-vs-guatemala,https://tabiji.ai/compare/dominican-republic-vs-guatemala/,dominican republic vs guatemala,260,guatemala vs dominican republic,4400,guatemala vs dominican republic,4400,4660
peru-vs-argentina,https://tabiji.ai/compare/peru-vs-argentina/,peru vs argentina,1000,argentina vs peru,3600,argentina vs peru,3600,4600
colombia-vs-ecuador,https://tabiji.ai/compare/colombia-vs-ecuador/,colombia vs ecuador,2900,ecuador vs colombia,1600,colombia vs ecuador,2900,4500
morocco-vs-senegal,https://tabiji.ai/compare/morocco-vs-senegal/,morocco vs senegal,3600,senegal vs morocco,720,morocco vs senegal,3600,4320
barcelona-vs-monaco,https://tabiji.ai/compare/barcelona-vs-monaco/,barcelona vs monaco,1900,monaco vs barcelona,2400,monaco vs barcelona,2400,4300
dallas-vs-houston,https://tabiji.ai/compare/dallas-vs-houston/,dallas vs houston,2400,houston vs dallas,1900,dallas vs houston,2400,4300
finland-vs-germany,https://tabiji.ai/compare/finland-vs-germany/,finland vs germany,1900,germany vs finland,2400,germany vs finland,2400,4300
morocco-vs-tanzania,https://tabiji.ai/compare/morocco-vs-tanzania/,morocco vs tanzania,2400,tanzania vs morocco,1900,morocco vs tanzania,2400,4300
slovenia-vs-switzerland,https://tabiji.ai/compare/slovenia-vs-switzerland/,slovenia vs switzerland,1900,switzerland vs slovenia,2400,switzerland vs slovenia,2400,4300
ghana-vs-south-korea,https://tabiji.ai/compare/ghana-vs-south-korea/,ghana vs south korea,1300,south korea vs ghana,2900,south korea vs ghana,2900,4200
costa-rica-vs-germany,https://tabiji.ai/compare/costa-rica-vs-germany/,costa rica vs germany,590,germany vs costa rica,3600,germany vs costa rica,3600,4190
nepal-vs-qatar,https://tabiji.ai/compare/nepal-vs-qatar/,nepal vs qatar,3600,qatar vs nepal,590,nepal vs qatar,3600,4190
curacao-vs-trinidad-and-tobago,https://tabiji.ai/compare/curacao-vs-trinidad-and-tobago/,curacao vs trinidad and tobago,2400,trinidad and tobago vs curacao,1600,curacao vs trinidad and tobago,2400,4000
georgia-vs-turkey,https://tabiji.ai/compare/georgia-vs-turkey/,georgia vs turkey,1600,turkey vs georgia,2400,turkey vs georgia,2400,4000
honduras-vs-jamaica,https://tabiji.ai/compare/honduras-vs-jamaica/,honduras vs jamaica,2400,jamaica vs honduras,1600,honduras vs jamaica,2400,4000
italy-vs-slovenia,https://tabiji.ai/compare/italy-vs-slovenia/,italy vs slovenia,2400,slovenia vs italy,1600,italy vs slovenia,2400,4000
japan-vs-china,https://tabiji.ai/compare/japan-vs-china/,japan vs china,1600,china vs japan,2400,china vs japan,2400,4000
kauai-vs-maui,https://tabiji.ai/compare/kauai-vs-maui/,kauai vs maui,1600,maui vs kauai,2400,maui vs kauai,2400,4000
new-zealand-vs-usa,https://tabiji.ai/compare/new-zealand-vs-usa/,new zealand vs usa,390,usa vs new zealand,3600,usa vs new zealand,3600,3990
uruguay-vs-uzbekistan,https://tabiji.ai/compare/uruguay-vs-uzbekistan/,uruguay vs uzbekistan,320,uzbekistan vs uruguay,3600,uzbekistan vs uruguay,3600,3920
cuba-vs-nicaragua,https://tabiji.ai/compare/cuba-vs-nicaragua/,cuba vs nicaragua,2900,nicaragua vs cuba,1000,cuba vs nicaragua,2900,3900
finland-vs-lithuania,https://tabiji.ai/compare/finland-vs-lithuania/,finland vs lithuania,2900,lithuania vs finland,1000,finland vs lithuania,2900,3900
germany-vs-sweden,https://tabiji.ai/compare/germany-vs-sweden/,germany vs sweden,1000,sweden vs germany,2900,sweden vs germany,2900,3900
ireland-vs-england,https://tabiji.ai/compare/ireland-vs-england/,ireland vs england,2900,england vs ireland,1000,ireland vs england,2900,3900
mexico-vs-morocco,https://tabiji.ai/compare/mexico-vs-morocco/,mexico vs morocco,3600,morocco vs mexico,260,mexico vs morocco,3600,3860
nice-vs-monaco,https://tabiji.ai/compare/nice-vs-monaco/,nice vs monaco,260,monaco vs nice,3600,monaco vs nice,3600,3860
argentina-vs-canada,https://tabiji.ai/compare/argentina-vs-canada/,argentina vs canada,1900,canada vs argentina,1900,argentina vs canada,1900,3800
china-vs-taiwan,https://tabiji.ai/compare/china-vs-taiwan/,china vs taiwan,1900,taiwan vs china,1900,china vs taiwan,1900,3800
orlando-vs-miami,https://tabiji.ai/compare/orlando-vs-miami/,orlando vs miami,1900,miami vs orlando,1900,orlando vs miami,1900,3800
serbia-vs-turkey,https://tabiji.ai/compare/serbia-vs-turkey/,serbia vs turkey,1900,turkey vs serbia,1900,serbia vs turkey,1900,3800
uzbekistan-vs-iran,https://tabiji.ai/compare/uzbekistan-vs-iran/,uzbekistan vs iran,880,iran vs uzbekistan,2900,iran vs uzbekistan,2900,3780
madrid-vs-mallorca,https://tabiji.ai/compare/madrid-vs-mallorca/,madrid vs mallorca,3600,mallorca vs madrid,170,madrid vs mallorca,3600,3770
austria-vs-romania,https://tabiji.ai/compare/austria-vs-romania/,austria vs romania,1300,romania vs austria,2400,romania vs austria,2400,3700
boston-vs-new-york,https://tabiji.ai/compare/boston-vs-new-york/,boston vs new york,2400,new york vs boston,1300,boston vs new york,2400,3700
costa-rica-vs-trinidad-and-tobago,https://tabiji.ai/compare/costa-rica-vs-trinidad-and-tobago/,costa rica vs trinidad and tobago,1300,trinidad and tobago vs costa rica,2400,trinidad and tobago vs costa rica,2400,3700
dubai-vs-abu-dhabi,https://tabiji.ai/compare/dubai-vs-abu-dhabi/,dubai vs abu dhabi,1300,abu dhabi vs dubai,2400,abu dhabi vs dubai,2400,3700
ghana-vs-madagascar,https://tabiji.ai/compare/ghana-vs-madagascar/,ghana vs madagascar,1300,madagascar vs ghana,2400,madagascar vs ghana,2400,3700
italy-vs-france,https://tabiji.ai/compare/italy-vs-france/,italy vs france,2400,france vs italy,1300,italy vs france,2400,3700
lyon-vs-nice,https://tabiji.ai/compare/lyon-vs-nice/,lyon vs nice,1300,nice vs lyon,2400,nice vs lyon,2400,3700
mexico-vs-spain,https://tabiji.ai/compare/mexico-vs-spain/,mexico vs spain,2400,spain vs mexico,1300,mexico vs spain,2400,3700
thailand-vs-cambodia,https://tabiji.ai/compare/thailand-vs-cambodia/,thailand vs cambodia,2400,cambodia vs thailand,1300,thailand vs cambodia,2400,3700
argentina-vs-morocco,https://tabiji.ai/compare/argentina-vs-morocco/,argentina vs morocco,1900,morocco vs argentina,1600,argentina vs morocco,1900,3500
belize-vs-costa-rica,https://tabiji.ai/compare/belize-vs-costa-rica/,belize vs costa rica,1600,costa rica vs belize,1900,costa rica vs belize,1900,3500
brazil-vs-uruguay,https://tabiji.ai/compare/brazil-vs-uruguay/,brazil vs uruguay,1900,uruguay vs brazil,1600,brazil vs uruguay,1900,3500
milan-vs-barcelona,https://tabiji.ai/compare/milan-vs-barcelona/,milan vs barcelona,1600,barcelona vs milan,1900,barcelona vs milan,1900,3500
nicaragua-vs-panama,https://tabiji.ai/compare/nicaragua-vs-panama/,nicaragua vs panama,1600,panama vs nicaragua,1900,panama vs nicaragua,1900,3500
osaka-vs-kyoto,https://tabiji.ai/compare/osaka-vs-kyoto/,osaka vs kyoto,1600,kyoto vs osaka,1900,kyoto vs osaka,1900,3500
scotland-vs-ireland,https://tabiji.ai/compare/scotland-vs-ireland/,scotland vs ireland,1900,ireland vs scotland,1600,scotland vs ireland,1900,3500
spain-vs-switzerland,https://tabiji.ai/compare/spain-vs-switzerland/,spain vs switzerland,1900,switzerland vs spain,1600,spain vs switzerland,1900,3500
chile-vs-panama,https://tabiji.ai/compare/chile-vs-panama/,chile vs panama,2400,panama vs chile,1000,chile vs panama,2400,3400
germany-vs-mexico,https://tabiji.ai/compare/germany-vs-mexico/,germany vs mexico,1000,mexico vs germany,2400,mexico vs germany,2400,3400
finland-vs-serbia,https://tabiji.ai/compare/finland-vs-serbia/,finland vs serbia,390,serbia vs finland,2900,serbia vs finland,2900,3290
australia-vs-united-states,https://tabiji.ai/compare/australia-vs-united-states/,australia vs united states,880,united states vs australia,2400,united states vs australia,2400,3280
puerto-rico-vs-dominican-republic,https://tabiji.ai/compare/puerto-rico-vs-dominican-republic/,puerto rico vs dominican republic,2400,dominican republic vs puerto rico,880,puerto rico vs dominican republic,2400,3280
nepal-vs-oman,https://tabiji.ai/compare/nepal-vs-oman/,nepal vs oman,2900,oman vs nepal,320,nepal vs oman,2900,3220
bermuda-vs-trinidad-and-tobago,https://tabiji.ai/compare/bermuda-vs-trinidad-and-tobago/,bermuda vs trinidad and tobago,1600,trinidad and tobago vs bermuda,1600,bermuda vs trinidad and tobago,1600,3200
estonia-vs-israel,https://tabiji.ai/compare/estonia-vs-israel/,estonia vs israel,1300,israel vs estonia,1900,israel vs estonia,1900,3200
italy-vs-portugal,https://tabiji.ai/compare/italy-vs-portugal/,italy vs portugal,1300,portugal vs italy,1900,portugal vs italy,1900,3200
japan-vs-australia,https://tabiji.ai/compare/japan-vs-australia/,japan vs australia,1300,australia vs japan,1900,australia vs japan,1900,3200
lyon-vs-marseille,https://tabiji.ai/compare/lyon-vs-marseille/,lyon vs marseille,1900,marseille vs lyon,1300,lyon vs marseille,1900,3200
oxford-vs-cambridge,https://tabiji.ai/compare/oxford-vs-cambridge/,oxford vs cambridge,1900,cambridge vs oxford,1300,oxford vs cambridge,1900,3200
paris-vs-barcelona,https://tabiji.ai/compare/paris-vs-barcelona/,paris vs barcelona,1600,barcelona vs paris,1600,paris vs barcelona,1600,3200
slovakia-vs-slovenia,https://tabiji.ai/compare/slovakia-vs-slovenia/,slovakia vs slovenia,1300,slovenia vs slovakia,1900,slovenia vs slovakia,1900,3200
ecuador-vs-guatemala,https://tabiji.ai/compare/ecuador-vs-guatemala/,ecuador vs guatemala,2900,guatemala vs ecuador,260,ecuador vs guatemala,2900,3160
ghana-vs-trinidad-and-tobago,https://tabiji.ai/compare/ghana-vs-trinidad-and-tobago/,ghana vs trinidad and tobago,720,trinidad and tobago vs ghana,2400,trinidad and tobago vs ghana,2400,3120
greece-vs-israel,https://tabiji.ai/compare/greece-vs-israel/,greece vs israel,2400,israel vs greece,720,greece vs israel,2400,3120
oman-vs-uae,https://tabiji.ai/compare/oman-vs-uae/,oman vs uae,720,uae vs oman,2400,uae vs oman,2400,3120
monaco-vs-strasbourg,https://tabiji.ai/compare/monaco-vs-strasbourg/,monaco vs strasbourg,2900,strasbourg vs monaco,140,monaco vs strasbourg,2900,3040
albania-vs-georgia,https://tabiji.ai/compare/albania-vs-georgia/,albania vs georgia,2900,georgia vs albania,90,albania vs georgia,2900,2990
norway-vs-finland,https://tabiji.ai/compare/norway-vs-finland/,norway vs finland,2400,finland vs norway,590,norway vs finland,2400,2990
argentina-vs-austria,https://tabiji.ai/compare/argentina-vs-austria/,argentina vs austria,2900,austria vs argentina,40,argentina vs austria,2900,2940
bahrain-vs-morocco,https://tabiji.ai/compare/bahrain-vs-morocco/,bahrain vs morocco,30,morocco vs bahrain,2900,morocco vs bahrain,2900,2930
albania-vs-latvia,https://tabiji.ai/compare/albania-vs-latvia/,albania vs latvia,1900,latvia vs albania,1000,albania vs latvia,1900,2900
belgium-vs-france,https://tabiji.ai/compare/belgium-vs-france/,belgium vs france,1000,france vs belgium,1900,france vs belgium,1900,2900
brazil-vs-germany,https://tabiji.ai/compare/brazil-vs-germany/,brazil vs germany,1900,germany vs brazil,1000,brazil vs germany,1900,2900
canada-vs-united-states,https://tabiji.ai/compare/canada-vs-united-states/,canada vs united states,1300,united states vs canada,1600,united states vs canada,1600,2900
denmark-vs-sweden,https://tabiji.ai/compare/denmark-vs-sweden/,denmark vs sweden,1900,sweden vs denmark,1000,denmark vs sweden,1900,2900
lisbon-vs-porto,https://tabiji.ai/compare/lisbon-vs-porto/,lisbon vs porto,1000,porto vs lisbon,1900,porto vs lisbon,1900,2900
mykonos-vs-santorini,https://tabiji.ai/compare/mykonos-vs-santorini/,mykonos vs santorini,1600,santorini vs mykonos,1300,mykonos vs santorini,1600,2900
portland-vs-vancouver,https://tabiji.ai/compare/portland-vs-vancouver/,portland vs vancouver,1300,vancouver vs portland,1600,vancouver vs portland,1600,2900
portugal-vs-croatia,https://tabiji.ai/compare/portugal-vs-croatia/,portugal vs croatia,1900,croatia vs portugal,1000,portugal vs croatia,1900,2900
uae-vs-usa,https://tabiji.ai/compare/uae-vs-usa/,uae vs usa,1900,usa vs uae,1000,uae vs usa,1900,2900
marseille-vs-monaco,https://tabiji.ai/compare/marseille-vs-monaco/,marseille vs monaco,2400,monaco vs marseille,480,marseille vs monaco,2400,2880
poland-vs-portugal,https://tabiji.ai/compare/poland-vs-portugal/,poland vs portugal,390,portugal vs poland,2400,portugal vs poland,2400,2790
poland-vs-turkey,https://tabiji.ai/compare/poland-vs-turkey/,poland vs turkey,390,turkey vs poland,2400,turkey vs poland,2400,2790
south-korea-vs-jordan,https://tabiji.ai/compare/south-korea-vs-jordan/,south korea vs jordan,2400,jordan vs south korea,390,south korea vs jordan,2400,2790
hungary-vs-turkey,https://tabiji.ai/compare/hungary-vs-turkey/,hungary vs turkey,880,turkey vs hungary,1900,turkey vs hungary,1900,2780
marseille-vs-nice,https://tabiji.ai/compare/marseille-vs-nice/,marseille vs nice,880,nice vs marseille,1900,nice vs marseille,1900,2780
mexico-vs-puerto-rico,https://tabiji.ai/compare/mexico-vs-puerto-rico/,mexico vs puerto rico,1900,puerto rico vs mexico,880,mexico vs puerto rico,1900,2780
croatia-vs-england,https://tabiji.ai/compare/croatia-vs-england/,croatia vs england,320,england vs croatia,2400,england vs croatia,2400,2720
hong-kong-vs-sri-lanka,https://tabiji.ai/compare/hong-kong-vs-sri-lanka/,hong kong vs sri lanka,2400,sri lanka vs hong kong,320,hong kong vs sri lanka,2400,2720
greece-vs-spain,https://tabiji.ai/compare/greece-vs-spain/,greece vs spain,260,spain vs greece,2400,spain vs greece,2400,2660
morocco-vs-tunisia,https://tabiji.ai/compare/morocco-vs-tunisia/,morocco vs tunisia,2400,tunisia vs morocco,260,morocco vs tunisia,2400,2660
argentina-vs-bolivia,https://tabiji.ai/compare/argentina-vs-bolivia/,argentina vs bolivia,1900,bolivia vs argentina,720,argentina vs bolivia,1900,2620
france-vs-poland,https://tabiji.ai/compare/france-vs-poland/,france vs poland,1900,poland vs france,720,france vs poland,1900,2620
toronto-vs-montreal,https://tabiji.ai/compare/toronto-vs-montreal/,toronto vs montreal,1900,montreal vs toronto,720,toronto vs montreal,1900,2620
brazil-vs-scotland,https://tabiji.ai/compare/brazil-vs-scotland/,brazil vs scotland,210,scotland vs brazil,2400,scotland vs brazil,2400,2610
chicago-vs-vancouver,https://tabiji.ai/compare/chicago-vs-vancouver/,chicago vs vancouver,210,vancouver vs chicago,2400,vancouver vs chicago,2400,2610
argentina-vs-netherlands,https://tabiji.ai/compare/argentina-vs-netherlands/,argentina vs netherlands,1300,netherlands vs argentina,1300,argentina vs netherlands,1300,2600
atlanta-vs-miami,https://tabiji.ai/compare/atlanta-vs-miami/,atlanta vs miami,1000,miami vs atlanta,1600,miami vs atlanta,1600,2600
austria-vs-cyprus,https://tabiji.ai/compare/austria-vs-cyprus/,austria vs cyprus,1600,cyprus vs austria,1000,austria vs cyprus,1600,2600
bulgaria-vs-ireland,https://tabiji.ai/compare/bulgaria-vs-ireland/,bulgaria vs ireland,1300,ireland vs bulgaria,1300,bulgaria vs ireland,1300,2600
england-vs-jamaica,https://tabiji.ai/compare/england-vs-jamaica/,england vs jamaica,1300,jamaica vs england,1300,england vs jamaica,1300,2600
france-vs-morocco,https://tabiji.ai/compare/france-vs-morocco/,france vs morocco,1300,morocco vs france,1300,france vs morocco,1300,2600
oman-vs-jordan,https://tabiji.ai/compare/oman-vs-jordan/,oman vs jordan,1300,jordan vs oman,1300,oman vs jordan,1300,2600
portland-vs-seattle,https://tabiji.ai/compare/portland-vs-seattle/,portland vs seattle,1300,seattle vs portland,1300,portland vs seattle,1300,2600
austin-vs-vancouver,https://tabiji.ai/compare/austin-vs-vancouver/,austin vs vancouver,590,vancouver vs austin,1900,vancouver vs austin,1900,2490
chicago-vs-new-york,https://tabiji.ai/compare/chicago-vs-new-york/,chicago vs new york,1900,new york vs chicago,590,chicago vs new york,1900,2490
china-vs-indonesia,https://tabiji.ai/compare/china-vs-indonesia/,china vs indonesia,590,indonesia vs china,1900,indonesia vs china,1900,2490
finland-vs-georgia,https://tabiji.ai/compare/finland-vs-georgia/,finland vs georgia,2400,georgia vs finland,90,finland vs georgia,2400,2490
finland-vs-malta,https://tabiji.ai/compare/finland-vs-malta/,finland vs malta,1900,malta vs finland,590,finland vs malta,1900,2490
jordan-vs-egypt,https://tabiji.ai/compare/jordan-vs-egypt/,jordan vs egypt,590,egypt vs jordan,1900,egypt vs jordan,1900,2490
luxembourg-vs-slovakia,https://tabiji.ai/compare/luxembourg-vs-slovakia/,luxembourg vs slovakia,1900,slovakia vs luxembourg,590,luxembourg vs slovakia,1900,2490
cabo-vs-cancun,https://tabiji.ai/compare/cabo-vs-cancun/,cabo vs cancun,1600,cancun vs cabo,880,cabo vs cancun,1600,2480
colombia-vs-uruguay,https://tabiji.ai/compare/colombia-vs-uruguay/,colombia vs uruguay,1600,uruguay vs colombia,880,colombia vs uruguay,1600,2480
maui-vs-oahu,https://tabiji.ai/compare/maui-vs-oahu/,maui vs oahu,1600,oahu vs maui,880,maui vs oahu,1600,2480
netherlands-vs-scotland,https://tabiji.ai/compare/netherlands-vs-scotland/,netherlands vs scotland,880,scotland vs netherlands,1600,scotland vs netherlands,1600,2480
norway-vs-switzerland,https://tabiji.ai/compare/norway-vs-switzerland/,norway vs switzerland,880,switzerland vs norway,1600,switzerland vs norway,1600,2480
taiwan-vs-thailand,https://tabiji.ai/compare/taiwan-vs-thailand/,taiwan vs thailand,1600,thailand vs taiwan,880,taiwan vs thailand,1600,2480
kenya-vs-madagascar,https://tabiji.ai/compare/kenya-vs-madagascar/,kenya vs madagascar,2400,madagascar vs kenya,70,kenya vs madagascar,2400,2470
brazil-vs-croatia,https://tabiji.ai/compare/brazil-vs-croatia/,brazil vs croatia,720,croatia vs brazil,1600,croatia vs brazil,1600,2320
japan-vs-colombia,https://tabiji.ai/compare/japan-vs-colombia/,japan vs colombia,1600,colombia vs japan,720,japan vs colombia,1600,2320
portugal-vs-morocco,https://tabiji.ai/compare/portugal-vs-morocco/,portugal vs morocco,720,morocco vs portugal,1600,morocco vs portugal,1600,2320
azerbaijan-vs-iceland,https://tabiji.ai/compare/azerbaijan-vs-iceland/,azerbaijan vs iceland,1300,iceland vs azerbaijan,1000,azerbaijan vs iceland,1300,2300
england-vs-portugal,https://tabiji.ai/compare/england-vs-portugal/,england vs portugal,1000,portugal vs england,1300,portugal vs england,1300,2300
australia-vs-canada,https://tabiji.ai/compare/australia-vs-canada/,australia vs canada,390,canada vs australia,1900,canada vs australia,1900,2290
madrid-vs-valencia,https://tabiji.ai/compare/madrid-vs-valencia/,madrid vs valencia,1900,valencia vs madrid,390,madrid vs valencia,1900,2290
ecuador-vs-germany,https://tabiji.ai/compare/ecuador-vs-germany/,ecuador vs germany,1900,germany vs ecuador,320,ecuador vs germany,1900,2220
france-vs-norway,https://tabiji.ai/compare/france-vs-norway/,france vs norway,1900,norway vs france,320,france vs norway,1900,2220
new-zealand-vs-norway,https://tabiji.ai/compare/new-zealand-vs-norway/,new zealand vs norway,320,norway vs new zealand,1900,norway vs new zealand,1900,2220
colorado-vs-portland,https://tabiji.ai/compare/colorado-vs-portland/,colorado vs portland,1600,portland vs colorado,590,colorado vs portland,1600,2190
germany-vs-poland,https://tabiji.ai/compare/germany-vs-poland/,germany vs poland,590,poland vs germany,1600,poland vs germany,1600,2190
madagascar-vs-morocco,https://tabiji.ai/compare/madagascar-vs-morocco/,madagascar vs morocco,1600,morocco vs madagascar,590,madagascar vs morocco,1600,2190
oman-vs-qatar,https://tabiji.ai/compare/oman-vs-qatar/,oman vs qatar,1600,qatar vs oman,590,oman vs qatar,1600,2190
austin-vs-nashville,https://tabiji.ai/compare/austin-vs-nashville/,austin vs nashville,880,nashville vs austin,1300,nashville vs austin,1300,2180
france-vs-slovenia,https://tabiji.ai/compare/france-vs-slovenia/,france vs slovenia,1300,slovenia vs france,880,france vs slovenia,1300,2180
india-vs-maldives,https://tabiji.ai/compare/india-vs-maldives/,india vs maldives,1300,maldives vs india,880,india vs maldives,1300,2180
japan-vs-nepal,https://tabiji.ai/compare/japan-vs-nepal/,japan vs nepal,1300,nepal vs japan,880,japan vs nepal,1300,2180
toronto-vs-vancouver,https://tabiji.ai/compare/toronto-vs-vancouver/,toronto vs vancouver,1300,vancouver vs toronto,880,toronto vs vancouver,1300,2180
denmark-vs-germany,https://tabiji.ai/compare/denmark-vs-germany/,denmark vs germany,260,germany vs denmark,1900,germany vs denmark,1900,2160
south-korea-vs-china,https://tabiji.ai/compare/south-korea-vs-china/,south korea vs china,1900,china vs south korea,210,south korea vs china,1900,2110
france-vs-senegal,https://tabiji.ai/compare/france-vs-senegal/,france vs senegal,1600,senegal vs france,480,france vs senegal,1600,2080
japan-vs-indonesia,https://tabiji.ai/compare/japan-vs-indonesia/,japan vs indonesia,1600,indonesia vs japan,480,japan vs indonesia,1600,2080
argentina-vs-jordan,https://tabiji.ai/compare/argentina-vs-jordan/,argentina vs jordan,170,jordan vs argentina,1900,jordan vs argentina,1900,2070
canada-vs-romania,https://tabiji.ai/compare/canada-vs-romania/,canada vs romania,720,romania vs canada,1300,romania vs canada,1300,2020
germany-vs-turkey,https://tabiji.ai/compare/germany-vs-turkey/,germany vs turkey,720,turkey vs germany,1300,turkey vs germany,1300,2020
quebec-city-vs-montreal,https://tabiji.ai/compare/quebec-city-vs-montreal/,quebec city vs montreal,720,montreal vs quebec city,1300,montreal vs quebec city,1300,2020
toronto-vs-new-york,https://tabiji.ai/compare/toronto-vs-new-york/,toronto vs new york,1300,new york vs toronto,720,toronto vs new york,1300,2020
bolivia-vs-south-korea,https://tabiji.ai/compare/bolivia-vs-south-korea/,bolivia vs south korea,110,south korea vs bolivia,1900,south korea vs bolivia,1900,2010
bologna-vs-parma,https://tabiji.ai/compare/bologna-vs-parma/,bologna vs parma,110,parma vs bologna,1900,parma vs bologna,1900,2010
finland-vs-greece,https://tabiji.ai/compare/finland-vs-greece/,finland vs greece,110,greece vs finland,1900,greece vs finland,1900,2010
cyprus-vs-romania,https://tabiji.ai/compare/cyprus-vs-romania/,cyprus vs romania,1000,romania vs cyprus,1000,cyprus vs romania,1000,2000
lyon-vs-strasbourg,https://tabiji.ai/compare/lyon-vs-strasbourg/,lyon vs strasbourg,1000,strasbourg vs lyon,1000,lyon vs strasbourg,1000,2000
oman-vs-united-states,https://tabiji.ai/compare/oman-vs-united-states/,oman vs united states,1000,united states vs oman,1000,oman vs united states,1000,2000
ireland-vs-new-zealand,https://tabiji.ai/compare/ireland-vs-new-zealand/,ireland vs new zealand,1600,new zealand vs ireland,390,ireland vs new zealand,1600,1990
portugal-vs-uruguay,https://tabiji.ai/compare/portugal-vs-uruguay/,portugal vs uruguay,1600,uruguay vs portugal,390,portugal vs uruguay,1600,1990
portugal-vs-uzbekistan,https://tabiji.ai/compare/portugal-vs-uzbekistan/,portugal vs uzbekistan,1900,uzbekistan vs portugal,90,portugal vs uzbekistan,1900,1990
costa-rica-vs-united-states,https://tabiji.ai/compare/costa-rica-vs-united-states/,costa rica vs united states,50,united states vs costa rica,1900,united states vs costa rica,1900,1950
japan-vs-netherlands,https://tabiji.ai/compare/japan-vs-netherlands/,japan vs netherlands,50,netherlands vs japan,1900,netherlands vs japan,1900,1950
kenya-vs-senegal,https://tabiji.ai/compare/kenya-vs-senegal/,kenya vs senegal,1600,senegal vs kenya,320,kenya vs senegal,1600,1920
lyon-vs-paris,https://tabiji.ai/compare/lyon-vs-paris/,lyon vs paris,1600,paris vs lyon,320,lyon vs paris,1600,1920
new-zealand-vs-poland,https://tabiji.ai/compare/new-zealand-vs-poland/,new zealand vs poland,20,poland vs new zealand,1900,poland vs new zealand,1900,1920
belgium-vs-england,https://tabiji.ai/compare/belgium-vs-england/,belgium vs england,590,england vs belgium,1300,england vs belgium,1300,1890
bulgaria-vs-turkey,https://tabiji.ai/compare/bulgaria-vs-turkey/,bulgaria vs turkey,590,turkey vs bulgaria,1300,turkey vs bulgaria,1300,1890
estonia-vs-serbia,https://tabiji.ai/compare/estonia-vs-serbia/,estonia vs serbia,1300,serbia vs estonia,590,estonia vs serbia,1300,1890
germany-vs-usa,https://tabiji.ai/compare/germany-vs-usa/,germany vs usa,590,usa vs germany,1300,usa vs germany,1300,1890
nepal-vs-united-states,https://tabiji.ai/compare/nepal-vs-united-states/,nepal vs united states,1300,united states vs nepal,590,nepal vs united states,1300,1890
savannah-vs-charleston,https://tabiji.ai/compare/savannah-vs-charleston/,savannah vs charleston,590,charleston vs savannah,1300,charleston vs savannah,1300,1890
amalfi-coast-vs-cinque-terre,https://tabiji.ai/compare/amalfi-coast-vs-cinque-terre/,amalfi coast vs cinque terre,880,cinque terre vs amalfi coast,1000,cinque terre vs amalfi coast,1000,1880
argentina-vs-australia,https://tabiji.ai/compare/argentina-vs-australia/,argentina vs australia,1000,australia vs argentina,880,argentina vs australia,1000,1880
argentina-vs-guatemala,https://tabiji.ai/compare/argentina-vs-guatemala/,argentina vs guatemala,880,guatemala vs argentina,1000,guatemala vs argentina,1000,1880
bahrain-vs-oman,https://tabiji.ai/compare/bahrain-vs-oman/,bahrain vs oman,880,oman vs bahrain,1000,oman vs bahrain,1000,1880
brazil-vs-portugal,https://tabiji.ai/compare/brazil-vs-portugal/,brazil vs portugal,880,portugal vs brazil,1000,portugal vs brazil,1000,1880
bulgaria-vs-greece,https://tabiji.ai/compare/bulgaria-vs-greece/,bulgaria vs greece,1000,greece vs bulgaria,880,bulgaria vs greece,1000,1880
edinburgh-vs-glasgow,https://tabiji.ai/compare/edinburgh-vs-glasgow/,edinburgh vs glasgow,880,glasgow vs edinburgh,1000,glasgow vs edinburgh,1000,1880
hong-kong-vs-south-korea,https://tabiji.ai/compare/hong-kong-vs-south-korea/,hong kong vs south korea,1000,south korea vs hong kong,880,hong kong vs south korea,1000,1880
lithuania-vs-malta,https://tabiji.ai/compare/lithuania-vs-malta/,lithuania vs malta,1000,malta vs lithuania,880,lithuania vs malta,1000,1880
luxembourg-vs-sweden,https://tabiji.ai/compare/luxembourg-vs-sweden/,luxembourg vs sweden,1000,sweden vs luxembourg,880,luxembourg vs sweden,1000,1880
new-caledonia-vs-new-zealand,https://tabiji.ai/compare/new-caledonia-vs-new-zealand/,new caledonia vs new zealand,880,new zealand vs new caledonia,1000,new zealand vs new caledonia,1000,1880
qatar-vs-uae,https://tabiji.ai/compare/qatar-vs-uae/,qatar vs uae,880,uae vs qatar,1000,uae vs qatar,1000,1880
yosemite-vs-yellowstone,https://tabiji.ai/compare/yosemite-vs-yellowstone/,yosemite vs yellowstone,1000,yellowstone vs yosemite,880,yosemite vs yellowstone,1000,1880
greece-vs-italy,https://tabiji.ai/compare/greece-vs-italy/,greece vs italy,1600,italy vs greece,260,greece vs italy,1600,1860
hungary-vs-sweden,https://tabiji.ai/compare/hungary-vs-sweden/,hungary vs sweden,1600,sweden vs hungary,260,hungary vs sweden,1600,1860
nepal-vs-usa,https://tabiji.ai/compare/nepal-vs-usa/,nepal vs usa,1600,usa vs nepal,260,nepal vs usa,1600,1860
oman-vs-morocco,https://tabiji.ai/compare/oman-vs-morocco/,oman vs morocco,1600,morocco vs oman,260,oman vs morocco,1600,1860
cabo-san-lucas-vs-cancun,https://tabiji.ai/compare/cabo-san-lucas-vs-cancun/,cabo san lucas vs cancun,1300,cancun vs cabo san lucas,480,cabo san lucas vs cancun,1300,1780
morocco-vs-spain,https://tabiji.ai/compare/morocco-vs-spain/,morocco vs spain,1300,spain vs morocco,480,morocco vs spain,1300,1780
belgium-vs-egypt,https://tabiji.ai/compare/belgium-vs-egypt/,belgium vs egypt,1600,egypt vs belgium,170,belgium vs egypt,1600,1770
nepal-vs-samoa,https://tabiji.ai/compare/nepal-vs-samoa/,nepal vs samoa,1600,samoa vs nepal,170,nepal vs samoa,1600,1770
chicago-vs-miami,https://tabiji.ai/compare/chicago-vs-miami/,chicago vs miami,880,miami vs chicago,880,chicago vs miami,880,1760
naxos-vs-paros,https://tabiji.ai/compare/naxos-vs-paros/,naxos vs paros,880,paros vs naxos,880,naxos vs paros,880,1760
poland-vs-slovenia,https://tabiji.ai/compare/poland-vs-slovenia/,poland vs slovenia,140,slovenia vs poland,1600,slovenia vs poland,1600,1740
portugal-vs-serbia,https://tabiji.ai/compare/portugal-vs-serbia/,portugal vs serbia,1600,serbia vs portugal,140,portugal vs serbia,1600,1740
bolivia-vs-ecuador,https://tabiji.ai/compare/bolivia-vs-ecuador/,bolivia vs ecuador,720,ecuador vs bolivia,1000,ecuador vs bolivia,1000,1720
germany-vs-austria,https://tabiji.ai/compare/germany-vs-austria/,germany vs austria,720,austria vs germany,1000,austria vs germany,1000,1720
iceland-vs-switzerland,https://tabiji.ai/compare/iceland-vs-switzerland/,iceland vs switzerland,720,switzerland vs iceland,1000,switzerland vs iceland,1000,1720
san-francisco-vs-los-angeles,https://tabiji.ai/compare/san-francisco-vs-los-angeles/,san francisco vs los angeles,1000,los angeles vs san francisco,720,san francisco vs los angeles,1000,1720
argentina-vs-germany,https://tabiji.ai/compare/argentina-vs-germany/,argentina vs germany,390,germany vs argentina,1300,germany vs argentina,1300,1690
bolivia-vs-jordan,https://tabiji.ai/compare/bolivia-vs-jordan/,bolivia vs jordan,390,jordan vs bolivia,1300,jordan vs bolivia,1300,1690
israel-vs-slovenia,https://tabiji.ai/compare/israel-vs-slovenia/,israel vs slovenia,1300,slovenia vs israel,390,israel vs slovenia,1300,1690
qatar-vs-switzerland,https://tabiji.ai/compare/qatar-vs-switzerland/,qatar vs switzerland,1600,switzerland vs qatar,30,qatar vs switzerland,1600,1630
ecuador-vs-uruguay,https://tabiji.ai/compare/ecuador-vs-uruguay/,ecuador vs uruguay,1300,uruguay vs ecuador,320,ecuador vs uruguay,1300,1620
egypt-vs-uzbekistan,https://tabiji.ai/compare/egypt-vs-uzbekistan/,egypt vs uzbekistan,320,uzbekistan vs egypt,1300,uzbekistan vs egypt,1300,1620
ireland-vs-south-africa,https://tabiji.ai/compare/ireland-vs-south-africa/,ireland vs south africa,1300,south africa vs ireland,320,ireland vs south africa,1300,1620
miami-vs-porto,https://tabiji.ai/compare/miami-vs-porto/,miami vs porto,1300,porto vs miami,320,miami vs porto,1300,1620
montreal-vs-nashville,https://tabiji.ai/compare/montreal-vs-nashville/,montreal vs nashville,320,nashville vs montreal,1300,nashville vs montreal,1300,1620
bora-bora-vs-maldives,https://tabiji.ai/compare/bora-bora-vs-maldives/,bora bora vs maldives,880,maldives vs bora bora,720,bora bora vs maldives,880,1600
cabo-san-lucas-vs-los-cabos,https://tabiji.ai/compare/cabo-san-lucas-vs-los-cabos/,cabo san lucas vs los cabos,880,los cabos vs cabo san lucas,720,cabo san lucas vs los cabos,880,1600
cabo-vs-puerto-vallarta,https://tabiji.ai/compare/cabo-vs-puerto-vallarta/,cabo vs puerto vallarta,720,puerto vallarta vs cabo,880,puerto vallarta vs cabo,880,1600
japan-vs-germany,https://tabiji.ai/compare/japan-vs-germany/,japan vs germany,720,germany vs japan,880,germany vs japan,880,1600
japan-vs-korea,https://tabiji.ai/compare/japan-vs-korea/,japan vs korea,880,korea vs japan,720,japan vs korea,880,1600
latvia-vs-lithuania,https://tabiji.ai/compare/latvia-vs-lithuania/,latvia vs lithuania,880,lithuania vs latvia,720,latvia vs lithuania,880,1600
norway-vs-sweden,https://tabiji.ai/compare/norway-vs-sweden/,norway vs sweden,880,sweden vs norway,720,norway vs sweden,880,1600
tokyo-vs-kyoto,https://tabiji.ai/compare/tokyo-vs-kyoto/,tokyo vs kyoto,720,kyoto vs tokyo,880,kyoto vs tokyo,880,1600
australia-vs-china,https://tabiji.ai/compare/australia-vs-china/,australia vs china,590,china vs australia,1000,china vs australia,1000,1590
boston-vs-philadelphia,https://tabiji.ai/compare/boston-vs-philadelphia/,boston vs philadelphia,1000,philadelphia vs boston,590,boston vs philadelphia,1000,1590
denmark-vs-netherlands,https://tabiji.ai/compare/denmark-vs-netherlands/,denmark vs netherlands,1000,netherlands vs denmark,590,denmark vs netherlands,1000,1590
samoa-vs-tonga,https://tabiji.ai/compare/samoa-vs-tonga/,samoa vs tonga,590,tonga vs samoa,1000,tonga vs samoa,1000,1590
chile-vs-colombia,https://tabiji.ai/compare/chile-vs-colombia/,chile vs colombia,260,colombia vs chile,1300,colombia vs chile,1300,1560
colombia-vs-panama,https://tabiji.ai/compare/colombia-vs-panama/,colombia vs panama,1300,panama vs colombia,260,colombia vs panama,1300,1560
croatia-vs-czech-republic,https://tabiji.ai/compare/croatia-vs-czech-republic/,croatia vs czech republic,1300,czech republic vs croatia,210,croatia vs czech republic,1300,1510
portugal-vs-slovenia,https://tabiji.ai/compare/portugal-vs-slovenia/,portugal vs slovenia,1300,slovenia vs portugal,210,portugal vs slovenia,1300,1510
qatar-vs-uzbekistan,https://tabiji.ai/compare/qatar-vs-uzbekistan/,qatar vs uzbekistan,210,uzbekistan vs qatar,1300,uzbekistan vs qatar,1300,1510
canada-vs-curacao,https://tabiji.ai/compare/canada-vs-curacao/,canada vs curacao,1000,curacao vs canada,480,canada vs curacao,1000,1480
cancun-vs-tulum,https://tabiji.ai/compare/cancun-vs-tulum/,cancun vs tulum,480,tulum vs cancun,1000,tulum vs cancun,1000,1480
mexico-vs-poland,https://tabiji.ai/compare/mexico-vs-poland/,mexico vs poland,1000,poland vs mexico,480,mexico vs poland,1000,1480
morocco-vs-usa,https://tabiji.ai/compare/morocco-vs-usa/,morocco vs usa,480,usa vs morocco,1000,usa vs morocco,1000,1480
tokyo-vs-osaka,https://tabiji.ai/compare/tokyo-vs-osaka/,tokyo vs osaka,480,osaka vs tokyo,1000,osaka vs tokyo,1000,1480
canada-vs-namibia,https://tabiji.ai/compare/canada-vs-namibia/,canada vs namibia,880,namibia vs canada,590,canada vs namibia,880,1470
england-vs-ghana,https://tabiji.ai/compare/england-vs-ghana/,england vs ghana,880,ghana vs england,590,england vs ghana,880,1470
haiti-vs-dominican-republic,https://tabiji.ai/compare/haiti-vs-dominican-republic/,haiti vs dominican republic,880,dominican republic vs haiti,590,haiti vs dominican republic,880,1470
san-diego-vs-san-francisco,https://tabiji.ai/compare/san-diego-vs-san-francisco/,san diego vs san francisco,880,san francisco vs san diego,590,san diego vs san francisco,880,1470
spain-vs-sweden,https://tabiji.ai/compare/spain-vs-sweden/,spain vs sweden,880,sweden vs spain,590,spain vs sweden,880,1470
albania-vs-jordan,https://tabiji.ai/compare/albania-vs-jordan/,albania vs jordan,1300,jordan vs albania,140,albania vs jordan,1300,1440
argentina-vs-south-africa,https://tabiji.ai/compare/argentina-vs-south-africa/,argentina vs south africa,720,south africa vs argentina,720,argentina vs south africa,720,1440
barcelona-vs-granada,https://tabiji.ai/compare/barcelona-vs-granada/,barcelona vs granada,720,granada vs barcelona,720,barcelona vs granada,720,1440
colombia-vs-spain,https://tabiji.ai/compare/colombia-vs-spain/,colombia vs spain,720,spain vs colombia,720,colombia vs spain,720,1440
croatia-vs-spain,https://tabiji.ai/compare/croatia-vs-spain/,croatia vs spain,720,spain vs croatia,720,croatia vs spain,720,1440
mallorca-vs-menorca,https://tabiji.ai/compare/mallorca-vs-menorca/,mallorca vs menorca,720,menorca vs mallorca,720,mallorca vs menorca,720,1440
vietnam-vs-malaysia,https://tabiji.ai/compare/vietnam-vs-malaysia/,vietnam vs malaysia,720,malaysia vs vietnam,720,vietnam vs malaysia,720,1440
ghana-vs-portugal,https://tabiji.ai/compare/ghana-vs-portugal/,ghana vs portugal,110,portugal vs ghana,1300,portugal vs ghana,1300,1410
cancun-vs-puerto-vallarta,https://tabiji.ai/compare/cancun-vs-puerto-vallarta/,cancun vs puerto vallarta,390,puerto vallarta vs cancun,1000,puerto vallarta vs cancun,1000,1390
china-vs-hong-kong,https://tabiji.ai/compare/china-vs-hong-kong/,china vs hong kong,390,hong kong vs china,1000,hong kong vs china,1000,1390
england-vs-switzerland,https://tabiji.ai/compare/england-vs-switzerland/,england vs switzerland,1300,switzerland vs england,90,england vs switzerland,1300,1390
germany-vs-montenegro,https://tabiji.ai/compare/germany-vs-montenegro/,germany vs montenegro,90,montenegro vs germany,1300,montenegro vs germany,1300,1390
iceland-vs-slovenia,https://tabiji.ai/compare/iceland-vs-slovenia/,iceland vs slovenia,1300,slovenia vs iceland,90,iceland vs slovenia,1300,1390
madrid-vs-marseille,https://tabiji.ai/compare/madrid-vs-marseille/,madrid vs marseille,1300,marseille vs madrid,70,madrid vs marseille,1300,1370
guatemala-vs-united-states,https://tabiji.ai/compare/guatemala-vs-united-states/,guatemala vs united states,480,united states vs guatemala,880,united states vs guatemala,880,1360
netherlands-vs-portugal,https://tabiji.ai/compare/netherlands-vs-portugal/,netherlands vs portugal,480,portugal vs netherlands,880,portugal vs netherlands,880,1360
portland-vs-denver,https://tabiji.ai/compare/portland-vs-denver/,portland vs denver,480,denver vs portland,880,denver vs portland,880,1360
bolivia-vs-japan,https://tabiji.ai/compare/bolivia-vs-japan/,bolivia vs japan,50,japan vs bolivia,1300,japan vs bolivia,1300,1350
colorado-vs-san-francisco,https://tabiji.ai/compare/colorado-vs-san-francisco/,colorado vs san francisco,1300,san francisco vs colorado,50,colorado vs san francisco,1300,1350
madrid-vs-salzburg,https://tabiji.ai/compare/madrid-vs-salzburg/,madrid vs salzburg,1300,salzburg vs madrid,50,madrid vs salzburg,1300,1350
south-africa-vs-south-korea,https://tabiji.ai/compare/south-africa-vs-south-korea/,south africa vs south korea,1300,south korea vs south africa,30,south africa vs south korea,1300,1330
sweden-vs-turkey,https://tabiji.ai/compare/sweden-vs-turkey/,sweden vs turkey,30,turkey vs sweden,1300,turkey vs sweden,1300,1330
brazil-vs-england,https://tabiji.ai/compare/brazil-vs-england/,brazil vs england,320,england vs brazil,1000,england vs brazil,1000,1320
england-vs-germany,https://tabiji.ai/compare/england-vs-germany/,england vs germany,1000,germany vs england,320,england vs germany,1000,1320
finland-vs-iceland,https://tabiji.ai/compare/finland-vs-iceland/,finland vs iceland,320,iceland vs finland,1000,iceland vs finland,1000,1320
liverpool-vs-paris,https://tabiji.ai/compare/liverpool-vs-paris/,liverpool vs paris,320,paris vs liverpool,1000,paris vs liverpool,1000,1320
aruba-vs-curacao,https://tabiji.ai/compare/aruba-vs-curacao/,aruba vs curacao,590,curacao vs aruba,720,curacao vs aruba,720,1310
australia-vs-philippines,https://tabiji.ai/compare/australia-vs-philippines/,australia vs philippines,720,philippines vs australia,590,australia vs philippines,720,1310
cancun-vs-punta-cana,https://tabiji.ai/compare/cancun-vs-punta-cana/,cancun vs punta cana,590,punta cana vs cancun,720,punta cana vs cancun,720,1310
chile-vs-usa,https://tabiji.ai/compare/chile-vs-usa/,chile vs usa,720,usa vs chile,590,chile vs usa,720,1310
costa-rica-vs-panama,https://tabiji.ai/compare/costa-rica-vs-panama/,costa rica vs panama,590,panama vs costa rica,720,panama vs costa rica,720,1310
england-vs-scotland,https://tabiji.ai/compare/england-vs-scotland/,england vs scotland,590,scotland vs england,720,scotland vs england,720,1310
greece-vs-rome,https://tabiji.ai/compare/greece-vs-rome/,greece vs rome,590,rome vs greece,720,rome vs greece,720,1310
hawaii-vs-samoa,https://tabiji.ai/compare/hawaii-vs-samoa/,hawaii vs samoa,720,samoa vs hawaii,590,hawaii vs samoa,720,1310
melbourne-vs-sydney,https://tabiji.ai/compare/melbourne-vs-sydney/,melbourne vs sydney,720,sydney vs melbourne,590,melbourne vs sydney,720,1310
argentina-vs-italy,https://tabiji.ai/compare/argentina-vs-italy/,argentina vs italy,390,italy vs argentina,880,italy vs argentina,880,1270
belize-vs-panama,https://tabiji.ai/compare/belize-vs-panama/,belize vs panama,880,panama vs belize,390,belize vs panama,880,1270
greece-vs-ireland,https://tabiji.ai/compare/greece-vs-ireland/,greece vs ireland,390,ireland vs greece,880,ireland vs greece,880,1270
hong-kong-vs-japan,https://tabiji.ai/compare/hong-kong-vs-japan/,hong kong vs japan,390,japan vs hong kong,880,japan vs hong kong,880,1270
tampa-vs-miami,https://tabiji.ai/compare/tampa-vs-miami/,tampa vs miami,880,miami vs tampa,390,tampa vs miami,880,1270
finland-vs-switzerland,https://tabiji.ai/compare/finland-vs-switzerland/,finland vs switzerland,1000,switzerland vs finland,260,finland vs switzerland,1000,1260
kyrgyzstan-vs-uzbekistan,https://tabiji.ai/compare/kyrgyzstan-vs-uzbekistan/,kyrgyzstan vs uzbekistan,260,uzbekistan vs kyrgyzstan,1000,uzbekistan vs kyrgyzstan,1000,1260
maui-vs-big-island,https://tabiji.ai/compare/maui-vs-big-island/,maui vs big island,1000,big island vs maui,260,maui vs big island,1000,1260
georgia-vs-greece,https://tabiji.ai/compare/georgia-vs-greece/,georgia vs greece,1000,greece vs georgia,210,georgia vs greece,1000,1210
new-zealand-vs-united-states,https://tabiji.ai/compare/new-zealand-vs-united-states/,new zealand vs united states,210,united states vs new zealand,1000,united states vs new zealand,1000,1210
austin-vs-colorado,https://tabiji.ai/compare/austin-vs-colorado/,austin vs colorado,720,colorado vs austin,480,austin vs colorado,720,1200
australia-vs-south-korea,https://tabiji.ai/compare/australia-vs-south-korea/,australia vs south korea,480,south korea vs australia,720,south korea vs australia,720,1200
brazil-vs-peru,https://tabiji.ai/compare/brazil-vs-peru/,brazil vs peru,720,peru vs brazil,480,brazil vs peru,720,1200
costa-rica-vs-puerto-rico,https://tabiji.ai/compare/costa-rica-vs-puerto-rico/,costa rica vs puerto rico,720,puerto rico vs costa rica,480,costa rica vs puerto rico,720,1200
ghana-vs-south-africa,https://tabiji.ai/compare/ghana-vs-south-africa/,ghana vs south africa,480,south africa vs ghana,720,south africa vs ghana,720,1200
italy-vs-usa,https://tabiji.ai/compare/italy-vs-usa/,italy vs usa,320,usa vs italy,880,usa vs italy,880,1200
namibia-vs-south-africa,https://tabiji.ai/compare/namibia-vs-south-africa/,namibia vs south africa,480,south africa vs namibia,720,south africa vs namibia,720,1200
new-york-vs-london,https://tabiji.ai/compare/new-york-vs-london/,new york vs london,480,london vs new york,720,london vs new york,720,1200
ottawa-vs-toronto,https://tabiji.ai/compare/ottawa-vs-toronto/,ottawa vs toronto,480,toronto vs ottawa,720,toronto vs ottawa,720,1200
phuket-vs-krabi,https://tabiji.ai/compare/phuket-vs-krabi/,phuket vs krabi,480,krabi vs phuket,720,krabi vs phuket,720,1200
san-diego-vs-los-angeles,https://tabiji.ai/compare/san-diego-vs-los-angeles/,san diego vs los angeles,880,los angeles vs san diego,320,san diego vs los angeles,880,1200
aspen-vs-vail,https://tabiji.ai/compare/aspen-vs-vail/,aspen vs vail,590,vail vs aspen,590,aspen vs vail,590,1180
cabo-san-lucas-vs-puerto-vallarta,https://tabiji.ai/compare/cabo-san-lucas-vs-puerto-vallarta/,cabo san lucas vs puerto vallarta,590,puerto vallarta vs cabo san lucas,590,cabo san lucas vs puerto vallarta,590,1180
dallas-vs-austin,https://tabiji.ai/compare/dallas-vs-austin/,dallas vs austin,590,austin vs dallas,590,dallas vs austin,590,1180
san-francisco-vs-seattle,https://tabiji.ai/compare/san-francisco-vs-seattle/,san francisco vs seattle,590,seattle vs san francisco,590,san francisco vs seattle,590,1180
south-africa-vs-tanzania,https://tabiji.ai/compare/south-africa-vs-tanzania/,south africa vs tanzania,590,tanzania vs south africa,590,south africa vs tanzania,590,1180
spain-vs-usa,https://tabiji.ai/compare/spain-vs-usa/,spain vs usa,590,usa vs spain,590,spain vs usa,590,1180
ireland-vs-senegal,https://tabiji.ai/compare/ireland-vs-senegal/,ireland vs senegal,1000,senegal vs ireland,170,ireland vs senegal,1000,1170
belgium-vs-portugal,https://tabiji.ai/compare/belgium-vs-portugal/,belgium vs portugal,260,portugal vs belgium,880,portugal vs belgium,880,1140
ghana-vs-morocco,https://tabiji.ai/compare/ghana-vs-morocco/,ghana vs morocco,140,morocco vs ghana,1000,morocco vs ghana,1000,1140
nicaragua-vs-puerto-rico,https://tabiji.ai/compare/nicaragua-vs-puerto-rico/,nicaragua vs puerto rico,140,puerto rico vs nicaragua,1000,puerto rico vs nicaragua,1000,1140
cancun-vs-playa-del-carmen,https://tabiji.ai/compare/cancun-vs-playa-del-carmen/,cancun vs playa del carmen,390,playa del carmen vs cancun,720,playa del carmen vs cancun,720,1110
germany-vs-scotland,https://tabiji.ai/compare/germany-vs-scotland/,germany vs scotland,1000,scotland vs germany,110,germany vs scotland,1000,1110
honolulu-vs-maui,https://tabiji.ai/compare/honolulu-vs-maui/,honolulu vs maui,390,maui vs honolulu,720,maui vs honolulu,720,1110
peru-vs-mexico,https://tabiji.ai/compare/peru-vs-mexico/,peru vs mexico,720,mexico vs peru,390,peru vs mexico,720,1110
san-diego-vs-vancouver,https://tabiji.ai/compare/san-diego-vs-vancouver/,san diego vs vancouver,720,vancouver vs san diego,390,san diego vs vancouver,720,1110
tahiti-vs-bora-bora,https://tabiji.ai/compare/tahiti-vs-bora-bora/,tahiti vs bora bora,720,bora bora vs tahiti,390,tahiti vs bora bora,720,1110
aruba-vs-barbados,https://tabiji.ai/compare/aruba-vs-barbados/,aruba vs barbados,210,barbados vs aruba,880,barbados vs aruba,880,1090
portugal-vs-turkey,https://tabiji.ai/compare/portugal-vs-turkey/,portugal vs turkey,210,turkey vs portugal,880,turkey vs portugal,880,1090
uae-vs-uzbekistan,https://tabiji.ai/compare/uae-vs-uzbekistan/,uae vs uzbekistan,880,uzbekistan vs uae,210,uae vs uzbekistan,880,1090
armenia-vs-azerbaijan,https://tabiji.ai/compare/armenia-vs-azerbaijan/,armenia vs azerbaijan,590,azerbaijan vs armenia,480,armenia vs azerbaijan,590,1070
azores-vs-madeira,https://tabiji.ai/compare/azores-vs-madeira/,azores vs madeira,480,madeira vs azores,590,madeira vs azores,590,1070
bahamas-vs-costa-rica,https://tabiji.ai/compare/bahamas-vs-costa-rica/,bahamas vs costa rica,480,costa rica vs bahamas,590,costa rica vs bahamas,590,1070
belgium-vs-italy,https://tabiji.ai/compare/belgium-vs-italy/,belgium vs italy,590,italy vs belgium,480,belgium vs italy,590,1070
bordeaux-vs-burgundy,https://tabiji.ai/compare/bordeaux-vs-burgundy/,bordeaux vs burgundy,590,burgundy vs bordeaux,480,bordeaux vs burgundy,590,1070
charlotte-vs-raleigh,https://tabiji.ai/compare/charlotte-vs-raleigh/,charlotte vs raleigh,590,raleigh vs charlotte,480,charlotte vs raleigh,590,1070
england-vs-panama,https://tabiji.ai/compare/england-vs-panama/,england vs panama,70,panama vs england,1000,panama vs england,1000,1070
france-vs-guatemala,https://tabiji.ai/compare/france-vs-guatemala/,france vs guatemala,590,guatemala vs france,480,france vs guatemala,590,1070
france-vs-usa,https://tabiji.ai/compare/france-vs-usa/,france vs usa,480,usa vs france,590,usa vs france,590,1070
lithuania-vs-sweden,https://tabiji.ai/compare/lithuania-vs-sweden/,lithuania vs sweden,1000,sweden vs lithuania,70,lithuania vs sweden,1000,1070
memphis-vs-nashville,https://tabiji.ai/compare/memphis-vs-nashville/,memphis vs nashville,590,nashville vs memphis,480,memphis vs nashville,590,1070
thailand-vs-singapore,https://tabiji.ai/compare/thailand-vs-singapore/,thailand vs singapore,590,singapore vs thailand,480,thailand vs singapore,590,1070
zurich-vs-geneva,https://tabiji.ai/compare/zurich-vs-geneva/,zurich vs geneva,590,geneva vs zurich,480,zurich vs geneva,590,1070
indonesia-vs-lebanon,https://tabiji.ai/compare/indonesia-vs-lebanon/,indonesia vs lebanon,1000,lebanon vs indonesia,50,indonesia vs lebanon,1000,1050
philippines-vs-indonesia,https://tabiji.ai/compare/philippines-vs-indonesia/,philippines vs indonesia,170,indonesia vs philippines,880,indonesia vs philippines,880,1050
sweden-vs-united-states,https://tabiji.ai/compare/sweden-vs-united-states/,sweden vs united states,880,united states vs sweden,170,sweden vs united states,880,1050
bangkok-vs-phuket,https://tabiji.ai/compare/bangkok-vs-phuket/,bangkok vs phuket,720,phuket vs bangkok,320,bangkok vs phuket,720,1040
bermuda-vs-bahamas,https://tabiji.ai/compare/bermuda-vs-bahamas/,bermuda vs bahamas,720,bahamas vs bermuda,320,bermuda vs bahamas,720,1040
colorado-vs-vancouver,https://tabiji.ai/compare/colorado-vs-vancouver/,colorado vs vancouver,720,vancouver vs colorado,320,colorado vs vancouver,720,1040
france-vs-mexico,https://tabiji.ai/compare/france-vs-mexico/,france vs mexico,320,mexico vs france,720,mexico vs france,720,1040
greece-vs-slovakia,https://tabiji.ai/compare/greece-vs-slovakia/,greece vs slovakia,1000,slovakia vs greece,40,greece vs slovakia,1000,1040
india-vs-ireland,https://tabiji.ai/compare/india-vs-ireland/,india vs ireland,320,ireland vs india,720,ireland vs india,720,1040
denmark-vs-lithuania,https://tabiji.ai/compare/denmark-vs-lithuania/,denmark vs lithuania,1000,lithuania vs denmark,30,denmark vs lithuania,1000,1030
canada-vs-toronto,https://tabiji.ai/compare/canada-vs-toronto/,canada vs toronto,1000,toronto vs canada,20,canada vs toronto,1000,1020
morocco-vs-uae,https://tabiji.ai/compare/morocco-vs-uae/,morocco vs uae,880,uae vs morocco,140,morocco vs uae,880,1020
nice-vs-strasbourg,https://tabiji.ai/compare/nice-vs-strasbourg/,nice vs strasbourg,140,strasbourg vs nice,880,strasbourg vs nice,880,1020
nice-vs-porto,https://tabiji.ai/compare/nice-vs-porto/,nice vs porto,0,porto vs nice,1000,porto vs nice,1000,1000
iceland-vs-scotland,https://tabiji.ai/compare/iceland-vs-scotland/,iceland vs scotland,110,scotland vs iceland,880,scotland vs iceland,880,990
scotland-vs-united-states,https://tabiji.ai/compare/scotland-vs-united-states/,scotland vs united states,110,united states vs scotland,880,united states vs scotland,880,990
albuquerque-vs-santa-fe,https://tabiji.ai/compare/albuquerque-vs-santa-fe/,albuquerque vs santa fe,390,santa fe vs albuquerque,590,santa fe vs albuquerque,590,980
bali-vs-thailand,https://tabiji.ai/compare/bali-vs-thailand/,bali vs thailand,720,thailand vs bali,260,bali vs thailand,720,980
calgary-vs-edmonton,https://tabiji.ai/compare/calgary-vs-edmonton/,calgary vs edmonton,590,edmonton vs calgary,390,calgary vs edmonton,590,980
england-vs-greece,https://tabiji.ai/compare/england-vs-greece/,england vs greece,720,greece vs england,260,england vs greece,720,980
fiji-vs-tahiti,https://tabiji.ai/compare/fiji-vs-tahiti/,fiji vs tahiti,590,tahiti vs fiji,390,fiji vs tahiti,590,980
florence-vs-venice,https://tabiji.ai/compare/florence-vs-venice/,florence vs venice,590,venice vs florence,390,florence vs venice,590,980
liverpool-vs-manchester,https://tabiji.ai/compare/liverpool-vs-manchester/,liverpool vs manchester,390,manchester vs liverpool,590,manchester vs liverpool,590,980
new-york-vs-miami,https://tabiji.ai/compare/new-york-vs-miami/,new york vs miami,260,miami vs new york,720,miami vs new york,720,980
portland-vs-austin,https://tabiji.ai/compare/portland-vs-austin/,portland vs austin,390,austin vs portland,590,austin vs portland,590,980
prague-vs-budapest,https://tabiji.ai/compare/prague-vs-budapest/,prague vs budapest,390,budapest vs prague,590,budapest vs prague,590,980
cartagena-vs-medellin,https://tabiji.ai/compare/cartagena-vs-medellin/,cartagena vs medellin,480,medellin vs cartagena,480,cartagena vs medellin,480,960
jamaica-vs-bahamas,https://tabiji.ai/compare/jamaica-vs-bahamas/,jamaica vs bahamas,480,bahamas vs jamaica,480,jamaica vs bahamas,480,960
new-orleans-vs-atlanta,https://tabiji.ai/compare/new-orleans-vs-atlanta/,new orleans vs atlanta,480,atlanta vs new orleans,480,new orleans vs atlanta,480,960
tibet-vs-nepal,https://tabiji.ai/compare/tibet-vs-nepal/,tibet vs nepal,480,nepal vs tibet,480,tibet vs nepal,480,960
argentina-vs-croatia,https://tabiji.ai/compare/argentina-vs-croatia/,argentina vs croatia,880,croatia vs argentina,70,argentina vs croatia,880,950
austin-vs-san-antonio,https://tabiji.ai/compare/austin-vs-san-antonio/,austin vs san antonio,320,san antonio vs austin,590,san antonio vs austin,590,910
bryce-canyon-vs-zion,https://tabiji.ai/compare/bryce-canyon-vs-zion/,bryce canyon vs zion,590,zion vs bryce canyon,320,bryce canyon vs zion,590,910
hong-kong-vs-singapore,https://tabiji.ai/compare/hong-kong-vs-singapore/,hong kong vs singapore,590,singapore vs hong kong,320,hong kong vs singapore,590,910
norway-vs-iceland,https://tabiji.ai/compare/norway-vs-iceland/,norway vs iceland,590,iceland vs norway,320,norway vs iceland,590,910
philippines-vs-thailand,https://tabiji.ai/compare/philippines-vs-thailand/,philippines vs thailand,320,thailand vs philippines,590,thailand vs philippines,590,910
hanoi-vs-ho-chi-minh,https://tabiji.ai/compare/hanoi-vs-ho-chi-minh/,hanoi vs ho chi minh,720,ho chi minh vs hanoi,170,hanoi vs ho chi minh,720,890
atlanta-vs-charlotte,https://tabiji.ai/compare/atlanta-vs-charlotte/,atlanta vs charlotte,390,charlotte vs atlanta,480,charlotte vs atlanta,480,870
dubrovnik-vs-split,https://tabiji.ai/compare/dubrovnik-vs-split/,dubrovnik vs split,390,split vs dubrovnik,480,split vs dubrovnik,480,870
mallorca-vs-ibiza,https://tabiji.ai/compare/mallorca-vs-ibiza/,mallorca vs ibiza,390,ibiza vs mallorca,480,ibiza vs mallorca,480,870
miami-vs-los-angeles,https://tabiji.ai/compare/miami-vs-los-angeles/,miami vs los angeles,480,los angeles vs miami,390,miami vs los angeles,480,870
san-francisco-vs-new-york,https://tabiji.ai/compare/san-francisco-vs-new-york/,san francisco vs new york,480,new york vs san francisco,390,san francisco vs new york,480,870
vietnam-vs-laos,https://tabiji.ai/compare/vietnam-vs-laos/,vietnam vs laos,390,laos vs vietnam,480,laos vs vietnam,480,870
phuket-vs-koh-samui,https://tabiji.ai/compare/phuket-vs-koh-samui/,phuket vs koh samui,260,koh samui vs phuket,590,koh samui vs phuket,590,850
beijing-vs-shanghai,https://tabiji.ai/compare/beijing-vs-shanghai/,beijing vs shanghai,480,shanghai vs beijing,320,beijing vs shanghai,480,800
cozumel-vs-cancun,https://tabiji.ai/compare/cozumel-vs-cancun/,cozumel vs cancun,590,cancun vs cozumel,210,cozumel vs cancun,590,800
lake-como-vs-lake-garda,https://tabiji.ai/compare/lake-como-vs-lake-garda/,lake como vs lake garda,320,lake garda vs lake como,480,lake garda vs lake como,480,800
london-vs-paris,https://tabiji.ai/compare/london-vs-paris/,london vs paris,480,paris vs london,320,london vs paris,480,800
medellin-vs-bogota,https://tabiji.ai/compare/medellin-vs-bogota/,medellin vs bogota,320,bogota vs medellin,480,bogota vs medellin,480,800
copenhagen-vs-stockholm,https://tabiji.ai/compare/copenhagen-vs-stockholm/,copenhagen vs stockholm,390,stockholm vs copenhagen,390,copenhagen vs stockholm,390,780
new-york-vs-los-angeles,https://tabiji.ai/compare/new-york-vs-los-angeles/,new york vs los angeles,390,los angeles vs new york,390,new york vs los angeles,390,780
costa-rica-vs-colombia,https://tabiji.ai/compare/costa-rica-vs-colombia/,costa rica vs colombia,170,colombia vs costa rica,590,colombia vs costa rica,590,760
india-vs-nepal,https://tabiji.ai/compare/india-vs-nepal/,india vs nepal,170,nepal vs india,590,nepal vs india,590,760
malmo-vs-copenhagen,https://tabiji.ai/compare/malmo-vs-copenhagen/,malmo vs copenhagen,720,copenhagen vs malmo,40,malmo vs copenhagen,720,760
northern-italy-vs-southern-italy,https://tabiji.ai/compare/northern-italy-vs-southern-italy/,northern italy vs southern italy,590,southern italy vs northern italy,170,northern italy vs southern italy,590,760
tokyo-vs-seoul,https://tabiji.ai/compare/tokyo-vs-seoul/,tokyo vs seoul,170,seoul vs tokyo,590,seoul vs tokyo,590,760
amsterdam-vs-copenhagen,https://tabiji.ai/compare/amsterdam-vs-copenhagen/,amsterdam vs copenhagen,260,copenhagen vs amsterdam,480,copenhagen vs amsterdam,480,740
hiroshima-vs-nagasaki,https://tabiji.ai/compare/hiroshima-vs-nagasaki/,hiroshima vs nagasaki,720,nagasaki vs hiroshima,20,hiroshima vs nagasaki,720,740
los-angeles-vs-las-vegas,https://tabiji.ai/compare/los-angeles-vs-las-vegas/,los angeles vs las vegas,260,las vegas vs los angeles,480,las vegas vs los angeles,480,740
sicily-vs-sardinia,https://tabiji.ai/compare/sicily-vs-sardinia/,sicily vs sardinia,260,sardinia vs sicily,480,sardinia vs sicily,480,740
vietnam-vs-cambodia,https://tabiji.ai/compare/vietnam-vs-cambodia/,vietnam vs cambodia,480,cambodia vs vietnam,260,vietnam vs cambodia,480,740
vietnam-vs-indonesia,https://tabiji.ai/compare/vietnam-vs-indonesia/,vietnam vs indonesia,260,indonesia vs vietnam,480,indonesia vs vietnam,480,740
anguilla-vs-antigua,https://tabiji.ai/compare/anguilla-vs-antigua/,anguilla vs antigua,320,antigua vs anguilla,390,antigua vs anguilla,390,710
kansas-city-vs-st-louis,https://tabiji.ai/compare/kansas-city-vs-st-louis/,kansas city vs st louis,390,st louis vs kansas city,320,kansas city vs st louis,390,710
phoenix-vs-las-vegas,https://tabiji.ai/compare/phoenix-vs-las-vegas/,phoenix vs las vegas,320,las vegas vs phoenix,390,las vegas vs phoenix,390,710
rome-vs-florence,https://tabiji.ai/compare/rome-vs-florence/,rome vs florence,320,florence vs rome,390,florence vs rome,390,710
seattle-vs-vancouver,https://tabiji.ai/compare/seattle-vs-vancouver/,seattle vs vancouver,320,vancouver vs seattle,390,vancouver vs seattle,390,710
bilbao-vs-madrid,https://tabiji.ai/compare/bilbao-vs-madrid/,bilbao vs madrid,170,madrid vs bilbao,480,madrid vs bilbao,480,650
nice-vs-cannes,https://tabiji.ai/compare/nice-vs-cannes/,nice vs cannes,260,cannes vs nice,390,cannes vs nice,390,650
berlin-vs-munich,https://tabiji.ai/compare/berlin-vs-munich/,berlin vs munich,320,munich vs berlin,320,berlin vs munich,320,640
turks-and-caicos-vs-bahamas,https://tabiji.ai/compare/turks-and-caicos-vs-bahamas/,turks and caicos vs bahamas,320,bahamas vs turks and caicos,320,turks and caicos vs bahamas,320,640
phoenix-vs-tucson,https://tabiji.ai/compare/phoenix-vs-tucson/,phoenix vs tucson,140,tucson vs phoenix,480,tucson vs phoenix,480,620
rio-de-janeiro-vs-sao-paulo,https://tabiji.ai/compare/rio-de-janeiro-vs-sao-paulo/,rio de janeiro vs sao paulo,140,sao paulo vs rio de janeiro,480,sao paulo vs rio de janeiro,480,620
banff-vs-jasper,https://tabiji.ai/compare/banff-vs-jasper/,banff vs jasper,210,jasper vs banff,390,jasper vs banff,390,600
seychelles-vs-maldives,https://tabiji.ai/compare/seychelles-vs-maldives/,seychelles vs maldives,390,maldives vs seychelles,210,seychelles vs maldives,390,600
new-york-vs-tokyo,https://tabiji.ai/compare/new-york-vs-tokyo/,new york vs tokyo,110,tokyo vs new york,480,tokyo vs new york,480,590
botswana-vs-zimbabwe,https://tabiji.ai/compare/botswana-vs-zimbabwe/,botswana vs zimbabwe,260,zimbabwe vs botswana,320,zimbabwe vs botswana,320,580
houston-vs-san-antonio,https://tabiji.ai/compare/houston-vs-san-antonio/,houston vs san antonio,260,san antonio vs houston,320,san antonio vs houston,320,580
tanzania-vs-kenya,https://tabiji.ai/compare/tanzania-vs-kenya/,tanzania vs kenya,320,kenya vs tanzania,260,tanzania vs kenya,320,580
thailand-vs-indonesia,https://tabiji.ai/compare/thailand-vs-indonesia/,thailand vs indonesia,170,indonesia vs thailand,390,indonesia vs thailand,390,560
casablanca-vs-marrakech,https://tabiji.ai/compare/casablanca-vs-marrakech/,casablanca vs marrakech,390,marrakech vs casablanca,140,casablanca vs marrakech,390,530
catania-vs-palermo,https://tabiji.ai/compare/catania-vs-palermo/,catania vs palermo,320,palermo vs catania,210,catania vs palermo,320,530
dubai-vs-qatar,https://tabiji.ai/compare/dubai-vs-qatar/,dubai vs qatar,140,qatar vs dubai,390,qatar vs dubai,390,530
hawaii-vs-puerto-rico,https://tabiji.ai/compare/hawaii-vs-puerto-rico/,hawaii vs puerto rico,140,puerto rico vs hawaii,390,puerto rico vs hawaii,390,530
milan-vs-rome,https://tabiji.ai/compare/milan-vs-rome/,milan vs rome,320,rome vs milan,210,milan vs rome,320,530
thailand-vs-malaysia,https://tabiji.ai/compare/thailand-vs-malaysia/,thailand vs malaysia,210,malaysia vs thailand,320,malaysia vs thailand,320,530
vietnam-vs-philippines,https://tabiji.ai/compare/vietnam-vs-philippines/,vietnam vs philippines,390,philippines vs vietnam,140,vietnam vs philippines,390,530
coron-vs-el-nido,https://tabiji.ai/compare/coron-vs-el-nido/,coron vs el nido,260,el nido vs coron,260,coron vs el nido,260,520
playa-del-carmen-vs-tulum,https://tabiji.ai/compare/playa-del-carmen-vs-tulum/,playa del carmen vs tulum,260,tulum vs playa del carmen,260,playa del carmen vs tulum,260,520
krakow-vs-warsaw,https://tabiji.ai/compare/krakow-vs-warsaw/,krakow vs warsaw,320,warsaw vs krakow,170,krakow vs warsaw,320,490
sardinia-vs-corsica,https://tabiji.ai/compare/sardinia-vs-corsica/,sardinia vs corsica,170,corsica vs sardinia,320,corsica vs sardinia,320,490
antwerp-vs-brussels,https://tabiji.ai/compare/antwerp-vs-brussels/,antwerp vs brussels,390,brussels vs antwerp,90,antwerp vs brussels,390,480
dubai-vs-doha,https://tabiji.ai/compare/dubai-vs-doha/,dubai vs doha,90,doha vs dubai,390,doha vs dubai,390,480
moorea-vs-bora-bora,https://tabiji.ai/compare/moorea-vs-bora-bora/,moorea vs bora bora,390,bora bora vs moorea,90,moorea vs bora bora,390,480
auckland-vs-wellington,https://tabiji.ai/compare/auckland-vs-wellington/,auckland vs wellington,260,wellington vs auckland,210,auckland vs wellington,260,470
barbados-vs-st-lucia,https://tabiji.ai/compare/barbados-vs-st-lucia/,barbados vs st lucia,260,st lucia vs barbados,210,barbados vs st lucia,260,470
crete-vs-santorini,https://tabiji.ai/compare/crete-vs-santorini/,crete vs santorini,260,santorini vs crete,210,crete vs santorini,260,470
cuba-vs-mexico,https://tabiji.ai/compare/cuba-vs-mexico/,cuba vs mexico,260,mexico vs cuba,210,cuba vs mexico,260,470
cuba-vs-puerto-rico,https://tabiji.ai/compare/cuba-vs-puerto-rico/,cuba vs puerto rico,260,puerto rico vs cuba,210,cuba vs puerto rico,260,470
morocco-vs-egypt,https://tabiji.ai/compare/morocco-vs-egypt/,morocco vs egypt,260,egypt vs morocco,210,morocco vs egypt,260,470
mumbai-vs-delhi,https://tabiji.ai/compare/mumbai-vs-delhi/,mumbai vs delhi,210,delhi vs mumbai,260,delhi vs mumbai,260,470
shanghai-vs-hong-kong,https://tabiji.ai/compare/shanghai-vs-hong-kong/,shanghai vs hong kong,210,hong kong vs shanghai,260,hong kong vs shanghai,260,470
atlanta-vs-nashville,https://tabiji.ai/compare/atlanta-vs-nashville/,atlanta vs nashville,140,nashville vs atlanta,320,nashville vs atlanta,320,460
seoul-vs-busan,https://tabiji.ai/compare/seoul-vs-busan/,seoul vs busan,70,busan vs seoul,390,busan vs seoul,390,460
cali-vs-medellin,https://tabiji.ai/compare/cali-vs-medellin/,cali vs medellin,260,medellin vs cali,170,cali vs medellin,260,430
costa-rica-vs-hawaii,https://tabiji.ai/compare/costa-rica-vs-hawaii/,costa rica vs hawaii,320,hawaii vs costa rica,110,costa rica vs hawaii,320,430
jamaica-vs-barbados,https://tabiji.ai/compare/jamaica-vs-barbados/,jamaica vs barbados,260,barbados vs jamaica,170,jamaica vs barbados,260,430
mauritius-vs-seychelles,https://tabiji.ai/compare/mauritius-vs-seychelles/,mauritius vs seychelles,260,seychelles vs mauritius,170,mauritius vs seychelles,260,430
vienna-vs-prague,https://tabiji.ai/compare/vienna-vs-prague/,vienna vs prague,170,prague vs vienna,260,prague vs vienna,260,430
vienna-vs-salzburg,https://tabiji.ai/compare/vienna-vs-salzburg/,vienna vs salzburg,110,salzburg vs vienna,320,salzburg vs vienna,320,430
dead-sea-vs-red-sea,https://tabiji.ai/compare/dead-sea-vs-red-sea/,dead sea vs red sea,210,red sea vs dead sea,210,dead sea vs red sea,210,420
denver-vs-salt-lake-city,https://tabiji.ai/compare/denver-vs-salt-lake-city/,denver vs salt lake city,210,salt lake city vs denver,210,denver vs salt lake city,210,420
netherlands-vs-belgium,https://tabiji.ai/compare/netherlands-vs-belgium/,netherlands vs belgium,210,belgium vs netherlands,210,netherlands vs belgium,210,420
pattaya-vs-phuket,https://tabiji.ai/compare/pattaya-vs-phuket/,pattaya vs phuket,210,phuket vs pattaya,210,pattaya vs phuket,210,420
san-diego-vs-miami,https://tabiji.ai/compare/san-diego-vs-miami/,san diego vs miami,210,miami vs san diego,210,san diego vs miami,210,420
serengeti-vs-masai-mara,https://tabiji.ai/compare/serengeti-vs-masai-mara/,serengeti vs masai mara,210,masai mara vs serengeti,210,serengeti vs masai mara,210,420
sydney-vs-brisbane,https://tabiji.ai/compare/sydney-vs-brisbane/,sydney vs brisbane,210,brisbane vs sydney,210,sydney vs brisbane,210,420
bonaire-vs-curacao,https://tabiji.ai/compare/bonaire-vs-curacao/,bonaire vs curacao,320,curacao vs bonaire,90,bonaire vs curacao,320,410
glacier-national-park-vs-yellowstone,https://tabiji.ai/compare/glacier-national-park-vs-yellowstone/,glacier national park vs yellowstone,320,yellowstone vs glacier national park,90,glacier national park vs yellowstone,320,410
bali-vs-maldives,https://tabiji.ai/compare/bali-vs-maldives/,bali vs maldives,260,maldives vs bali,140,bali vs maldives,260,400
bali-vs-fiji,https://tabiji.ai/compare/bali-vs-fiji/,bali vs fiji,170,fiji vs bali,210,fiji vs bali,210,380
japan-vs-thailand,https://tabiji.ai/compare/japan-vs-thailand/,japan vs thailand,210,thailand vs japan,170,japan vs thailand,210,380
brisbane-vs-melbourne,https://tabiji.ai/compare/brisbane-vs-melbourne/,brisbane vs melbourne,260,melbourne vs brisbane,110,brisbane vs melbourne,260,370
colmar-vs-strasbourg,https://tabiji.ai/compare/colmar-vs-strasbourg/,colmar vs strasbourg,110,strasbourg vs colmar,260,strasbourg vs colmar,260,370
switzerland-vs-austria,https://tabiji.ai/compare/switzerland-vs-austria/,switzerland vs austria,110,austria vs switzerland,260,austria vs switzerland,260,370
chicago-vs-los-angeles,https://tabiji.ai/compare/chicago-vs-los-angeles/,chicago vs los angeles,320,los angeles vs chicago,30,chicago vs los angeles,320,350
cinque-terre-vs-portofino,https://tabiji.ai/compare/cinque-terre-vs-portofino/,cinque terre vs portofino,90,portofino vs cinque terre,260,portofino vs cinque terre,260,350
kenya-vs-uganda,https://tabiji.ai/compare/kenya-vs-uganda/,kenya vs uganda,210,uganda vs kenya,140,kenya vs uganda,210,350
lisbon-vs-barcelona,https://tabiji.ai/compare/lisbon-vs-barcelona/,lisbon vs barcelona,210,barcelona vs lisbon,140,lisbon vs barcelona,210,350
macau-vs-hong-kong,https://tabiji.ai/compare/macau-vs-hong-kong/,macau vs hong kong,210,hong kong vs macau,140,macau vs hong kong,210,350
naples-vs-rome,https://tabiji.ai/compare/naples-vs-rome/,naples vs rome,210,rome vs naples,140,naples vs rome,210,350
venice-vs-rome,https://tabiji.ai/compare/venice-vs-rome/,venice vs rome,140,rome vs venice,210,rome vs venice,210,350
arches-vs-canyonlands,https://tabiji.ai/compare/arches-vs-canyonlands/,arches vs canyonlands,170,canyonlands vs arches,170,arches vs canyonlands,170,340
bangkok-vs-chiang-mai,https://tabiji.ai/compare/bangkok-vs-chiang-mai/,bangkok vs chiang mai,170,chiang mai vs bangkok,170,bangkok vs chiang mai,170,340
buenos-aires-vs-santiago,https://tabiji.ai/compare/buenos-aires-vs-santiago/,buenos aires vs santiago,170,santiago vs buenos aires,170,buenos aires vs santiago,170,340
cambodia-vs-laos,https://tabiji.ai/compare/cambodia-vs-laos/,cambodia vs laos,170,laos vs cambodia,170,cambodia vs laos,170,340
cayman-islands-vs-turks-and-caicos,https://tabiji.ai/compare/cayman-islands-vs-turks-and-caicos/,cayman islands vs turks and caicos,170,turks and caicos vs cayman islands,170,cayman islands vs turks and caicos,170,340
hawaii-vs-florida,https://tabiji.ai/compare/hawaii-vs-florida/,hawaii vs florida,170,florida vs hawaii,170,hawaii vs florida,170,340
martinique-vs-guadeloupe,https://tabiji.ai/compare/martinique-vs-guadeloupe/,martinique vs guadeloupe,170,guadeloupe vs martinique,170,martinique vs guadeloupe,170,340
napa-valley-vs-sonoma,https://tabiji.ai/compare/napa-valley-vs-sonoma/,napa valley vs sonoma,170,sonoma vs napa valley,170,napa valley vs sonoma,170,340
slovakia-vs-czech-republic,https://tabiji.ai/compare/slovakia-vs-czech-republic/,slovakia vs czech republic,170,czech republic vs slovakia,170,slovakia vs czech republic,170,340
rome-vs-athens,https://tabiji.ai/compare/rome-vs-athens/,rome vs athens,70,athens vs rome,260,athens vs rome,260,330
milan-vs-venice,https://tabiji.ai/compare/milan-vs-venice/,milan vs venice,210,venice vs milan,110,milan vs venice,210,320
vienna-vs-budapest,https://tabiji.ai/compare/vienna-vs-budapest/,vienna vs budapest,110,budapest vs vienna,210,budapest vs vienna,210,320
banff-vs-whistler,https://tabiji.ai/compare/banff-vs-whistler/,banff vs whistler,140,whistler vs banff,170,whistler vs banff,170,310
cayman-islands-vs-bahamas,https://tabiji.ai/compare/cayman-islands-vs-bahamas/,cayman islands vs bahamas,140,bahamas vs cayman islands,170,bahamas vs cayman islands,170,310
chiang-mai-vs-chiang-rai,https://tabiji.ai/compare/chiang-mai-vs-chiang-rai/,chiang mai vs chiang rai,170,chiang rai vs chiang mai,140,chiang mai vs chiang rai,170,310
corfu-vs-crete,https://tabiji.ai/compare/corfu-vs-crete/,corfu vs crete,140,crete vs corfu,170,crete vs corfu,170,310
edinburgh-vs-dublin,https://tabiji.ai/compare/edinburgh-vs-dublin/,edinburgh vs dublin,140,dublin vs edinburgh,170,dublin vs edinburgh,170,310
granada-vs-seville,https://tabiji.ai/compare/granada-vs-seville/,granada vs seville,140,seville vs granada,170,seville vs granada,170,310
zion-vs-grand-canyon,https://tabiji.ai/compare/zion-vs-grand-canyon/,zion vs grand canyon,170,grand canyon vs zion,140,zion vs grand canyon,170,310
fiji-vs-maldives,https://tabiji.ai/compare/fiji-vs-maldives/,fiji vs maldives,210,maldives vs fiji,90,fiji vs maldives,210,300
lake-como-vs-amalfi-coast,https://tabiji.ai/compare/lake-como-vs-amalfi-coast/,lake como vs amalfi coast,210,amalfi coast vs lake como,90,lake como vs amalfi coast,210,300
moscow-vs-st-petersburg,https://tabiji.ai/compare/moscow-vs-st-petersburg/,moscow vs st petersburg,260,st petersburg vs moscow,40,moscow vs st petersburg,260,300
rotterdam-vs-amsterdam,https://tabiji.ai/compare/rotterdam-vs-amsterdam/,rotterdam vs amsterdam,210,amsterdam vs rotterdam,90,rotterdam vs amsterdam,210,300
azores-vs-canary-islands,https://tabiji.ai/compare/azores-vs-canary-islands/,azores vs canary islands,170,canary islands vs azores,110,azores vs canary islands,170,280
florence-vs-naples,https://tabiji.ai/compare/florence-vs-naples/,florence vs naples,140,naples vs florence,140,florence vs naples,140,280
ghent-vs-bruges,https://tabiji.ai/compare/ghent-vs-bruges/,ghent vs bruges,170,bruges vs ghent,110,ghent vs bruges,170,280
lahore-vs-karachi,https://tabiji.ai/compare/lahore-vs-karachi/,lahore vs karachi,140,karachi vs lahore,140,lahore vs karachi,140,280
moab-vs-zion,https://tabiji.ai/compare/moab-vs-zion/,moab vs zion,140,zion vs moab,140,moab vs zion,140,280
orlando-vs-new-york,https://tabiji.ai/compare/orlando-vs-new-york/,orlando vs new york,170,new york vs orlando,110,orlando vs new york,170,280
oslo-vs-copenhagen,https://tabiji.ai/compare/oslo-vs-copenhagen/,oslo vs copenhagen,140,copenhagen vs oslo,140,oslo vs copenhagen,140,280
rome-vs-paris,https://tabiji.ai/compare/rome-vs-paris/,rome vs paris,210,paris vs rome,70,rome vs paris,210,280
victoria-vs-vancouver,https://tabiji.ai/compare/victoria-vs-vancouver/,victoria vs vancouver,260,vancouver vs victoria,10,victoria vs vancouver,260,270
boracay-vs-palawan,https://tabiji.ai/compare/boracay-vs-palawan/,boracay vs palawan,210,palawan vs boracay,50,boracay vs palawan,210,260
greece-vs-croatia,https://tabiji.ai/compare/greece-vs-croatia/,greece vs croatia,90,croatia vs greece,170,croatia vs greece,170,260
maldives-vs-mauritius,https://tabiji.ai/compare/maldives-vs-mauritius/,maldives vs mauritius,90,mauritius vs maldives,170,mauritius vs maldives,170,260
oslo-vs-stockholm,https://tabiji.ai/compare/oslo-vs-stockholm/,oslo vs stockholm,170,stockholm vs oslo,90,oslo vs stockholm,170,260
tenerife-vs-gran-canaria,https://tabiji.ai/compare/tenerife-vs-gran-canaria/,tenerife vs gran canaria,90,gran canaria vs tenerife,170,gran canaria vs tenerife,170,260
toledo-vs-segovia,https://tabiji.ai/compare/toledo-vs-segovia/,toledo vs segovia,90,segovia vs toledo,170,segovia vs toledo,170,260
anguilla-vs-st-barts,https://tabiji.ai/compare/anguilla-vs-st-barts/,anguilla vs st barts,140,st barts vs anguilla,110,anguilla vs st barts,140,250
beijing-vs-hong-kong,https://tabiji.ai/compare/beijing-vs-hong-kong/,beijing vs hong kong,110,hong kong vs beijing,140,hong kong vs beijing,140,250
chongqing-vs-chengdu,https://tabiji.ai/compare/chongqing-vs-chengdu/,chongqing vs chengdu,110,chengdu vs chongqing,140,chengdu vs chongqing,140,250
cyprus-vs-malta,https://tabiji.ai/compare/cyprus-vs-malta/,cyprus vs malta,110,malta vs cyprus,140,malta vs cyprus,140,250
fiji-vs-samoa,https://tabiji.ai/compare/fiji-vs-samoa/,fiji vs samoa,140,samoa vs fiji,110,fiji vs samoa,140,250
grand-canyon-vs-bryce-canyon,https://tabiji.ai/compare/grand-canyon-vs-bryce-canyon/,grand canyon vs bryce canyon,110,bryce canyon vs grand canyon,140,bryce canyon vs grand canyon,140,250
jaipur-vs-udaipur,https://tabiji.ai/compare/jaipur-vs-udaipur/,jaipur vs udaipur,110,udaipur vs jaipur,140,udaipur vs jaipur,140,250
japan-vs-italy,https://tabiji.ai/compare/japan-vs-italy/,japan vs italy,140,italy vs japan,110,japan vs italy,140,250
lombok-vs-bali,https://tabiji.ai/compare/lombok-vs-bali/,lombok vs bali,140,bali vs lombok,110,lombok vs bali,140,250
madrid-vs-seville,https://tabiji.ai/compare/madrid-vs-seville/,madrid vs seville,110,seville vs madrid,140,seville vs madrid,140,250
minneapolis-vs-chicago,https://tabiji.ai/compare/minneapolis-vs-chicago/,minneapolis vs chicago,140,chicago vs minneapolis,110,minneapolis vs chicago,140,250
nha-trang-vs-da-nang,https://tabiji.ai/compare/nha-trang-vs-da-nang/,nha trang vs da nang,140,da nang vs nha trang,110,nha trang vs da nang,140,250
perth-vs-sydney,https://tabiji.ai/compare/perth-vs-sydney/,perth vs sydney,210,sydney vs perth,40,perth vs sydney,210,250
pyongyang-vs-seoul,https://tabiji.ai/compare/pyongyang-vs-seoul/,pyongyang vs seoul,140,seoul vs pyongyang,110,pyongyang vs seoul,140,250
sri-lanka-vs-thailand,https://tabiji.ai/compare/sri-lanka-vs-thailand/,sri lanka vs thailand,110,thailand vs sri lanka,140,thailand vs sri lanka,140,250
washington-dc-vs-boston,https://tabiji.ai/compare/washington-dc-vs-boston/,washington dc vs boston,110,boston vs washington dc,140,boston vs washington dc,140,250
zanzibar-vs-seychelles,https://tabiji.ai/compare/zanzibar-vs-seychelles/,zanzibar vs seychelles,110,seychelles vs zanzibar,140,seychelles vs zanzibar,140,250
glacier-national-park-vs-banff,https://tabiji.ai/compare/glacier-national-park-vs-banff/,glacier national park vs banff,170,banff vs glacier national park,70,glacier national park vs banff,170,240
hamburg-vs-frankfurt,https://tabiji.ai/compare/hamburg-vs-frankfurt/,hamburg vs frankfurt,210,frankfurt vs hamburg,30,hamburg vs frankfurt,210,240
hawaii-vs-caribbean,https://tabiji.ai/compare/hawaii-vs-caribbean/,hawaii vs caribbean,170,caribbean vs hawaii,70,hawaii vs caribbean,170,240
islamabad-vs-lahore,https://tabiji.ai/compare/islamabad-vs-lahore/,islamabad vs lahore,70,lahore vs islamabad,170,lahore vs islamabad,170,240
santa-fe-vs-taos,https://tabiji.ai/compare/santa-fe-vs-taos/,santa fe vs taos,70,taos vs santa fe,170,taos vs santa fe,170,240
costa-rica-vs-ecuador,https://tabiji.ai/compare/costa-rica-vs-ecuador/,costa rica vs ecuador,140,ecuador vs costa rica,90,costa rica vs ecuador,140,230
frankfurt-vs-munich,https://tabiji.ai/compare/frankfurt-vs-munich/,frankfurt vs munich,140,munich vs frankfurt,90,frankfurt vs munich,140,230
houston-vs-new-orleans,https://tabiji.ai/compare/houston-vs-new-orleans/,houston vs new orleans,90,new orleans vs houston,140,new orleans vs houston,140,230
innsbruck-vs-salzburg,https://tabiji.ai/compare/innsbruck-vs-salzburg/,innsbruck vs salzburg,140,salzburg vs innsbruck,90,innsbruck vs salzburg,140,230
oslo-vs-bergen,https://tabiji.ai/compare/oslo-vs-bergen/,oslo vs bergen,90,bergen vs oslo,140,bergen vs oslo,140,230
bali-vs-phuket,https://tabiji.ai/compare/bali-vs-phuket/,bali vs phuket,170,phuket vs bali,50,bali vs phuket,170,220
bonaire-vs-aruba,https://tabiji.ai/compare/bonaire-vs-aruba/,bonaire vs aruba,110,aruba vs bonaire,110,bonaire vs aruba,110,220
capri-vs-positano,https://tabiji.ai/compare/capri-vs-positano/,capri vs positano,110,positano vs capri,110,capri vs positano,110,220
chamonix-vs-zermatt,https://tabiji.ai/compare/chamonix-vs-zermatt/,chamonix vs zermatt,110,zermatt vs chamonix,110,chamonix vs zermatt,110,220
cyprus-vs-crete,https://tabiji.ai/compare/cyprus-vs-crete/,cyprus vs crete,110,crete vs cyprus,110,cyprus vs crete,110,220
helsinki-vs-stockholm,https://tabiji.ai/compare/helsinki-vs-stockholm/,helsinki vs stockholm,110,stockholm vs helsinki,110,helsinki vs stockholm,110,220
iceland-vs-alaska,https://tabiji.ai/compare/iceland-vs-alaska/,iceland vs alaska,110,alaska vs iceland,110,iceland vs alaska,110,220
japan-vs-philippines,https://tabiji.ai/compare/japan-vs-philippines/,japan vs philippines,110,philippines vs japan,110,japan vs philippines,110,220
kuala-lumpur-vs-singapore,https://tabiji.ai/compare/kuala-lumpur-vs-singapore/,kuala lumpur vs singapore,110,singapore vs kuala lumpur,110,kuala lumpur vs singapore,110,220
nepal-vs-bhutan,https://tabiji.ai/compare/nepal-vs-bhutan/,nepal vs bhutan,110,bhutan vs nepal,110,nepal vs bhutan,110,220
san-diego-vs-tijuana,https://tabiji.ai/compare/san-diego-vs-tijuana/,san diego vs tijuana,110,tijuana vs san diego,110,san diego vs tijuana,110,220
brussels-vs-amsterdam,https://tabiji.ai/compare/brussels-vs-amsterdam/,brussels vs amsterdam,140,amsterdam vs brussels,70,brussels vs amsterdam,140,210
indonesia-vs-myanmar,https://tabiji.ai/compare/indonesia-vs-myanmar/,indonesia vs myanmar,140,myanmar vs indonesia,70,indonesia vs myanmar,140,210
tel-aviv-vs-jerusalem,https://tabiji.ai/compare/tel-aviv-vs-jerusalem/,tel aviv vs jerusalem,140,jerusalem vs tel aviv,70,tel aviv vs jerusalem,140,210
tokyo-vs-hong-kong,https://tabiji.ai/compare/tokyo-vs-hong-kong/,tokyo vs hong kong,70,hong kong vs tokyo,140,hong kong vs tokyo,140,210
tonga-vs-fiji,https://tabiji.ai/compare/tonga-vs-fiji/,tonga vs fiji,70,fiji vs tonga,140,fiji vs tonga,140,210
antigua-vs-barbados,https://tabiji.ai/compare/antigua-vs-barbados/,antigua vs barbados,110,barbados vs antigua,90,antigua vs barbados,110,200
bologna-vs-florence,https://tabiji.ai/compare/bologna-vs-florence/,bologna vs florence,170,florence vs bologna,30,bologna vs florence,170,200
montreal-vs-new-york,https://tabiji.ai/compare/montreal-vs-new-york/,montreal vs new york,110,new york vs montreal,90,montreal vs new york,110,200
naxos-vs-crete,https://tabiji.ai/compare/naxos-vs-crete/,naxos vs crete,110,crete vs naxos,90,naxos vs crete,110,200
tulum-vs-puerto-vallarta,https://tabiji.ai/compare/tulum-vs-puerto-vallarta/,tulum vs puerto vallarta,90,puerto vallarta vs tulum,110,puerto vallarta vs tulum,110,200
zurich-vs-bern,https://tabiji.ai/compare/zurich-vs-bern/,zurich vs bern,110,bern vs zurich,90,zurich vs bern,110,200
dubai-vs-singapore,https://tabiji.ai/compare/dubai-vs-singapore/,dubai vs singapore,140,singapore vs dubai,50,dubai vs singapore,140,190
bogota-vs-cartagena,https://tabiji.ai/compare/bogota-vs-cartagena/,bogota vs cartagena,110,cartagena vs bogota,70,bogota vs cartagena,110,180
chennai-vs-mumbai,https://tabiji.ai/compare/chennai-vs-mumbai/,chennai vs mumbai,70,mumbai vs chennai,110,mumbai vs chennai,110,180
da-nang-vs-hoi-an,https://tabiji.ai/compare/da-nang-vs-hoi-an/,da nang vs hoi an,110,hoi an vs da nang,70,da nang vs hoi an,110,180
gold-coast-vs-sunshine-coast,https://tabiji.ai/compare/gold-coast-vs-sunshine-coast/,gold coast vs sunshine coast,90,sunshine coast vs gold coast,90,gold coast vs sunshine coast,90,180
iceland-vs-ireland,https://tabiji.ai/compare/iceland-vs-ireland/,iceland vs ireland,110,ireland vs iceland,70,iceland vs ireland,110,180
jamaica-vs-st-lucia,https://tabiji.ai/compare/jamaica-vs-st-lucia/,jamaica vs st lucia,90,st lucia vs jamaica,90,jamaica vs st lucia,90,180
japan-vs-taiwan,https://tabiji.ai/compare/japan-vs-taiwan/,japan vs taiwan,70,taiwan vs japan,110,taiwan vs japan,110,180
japan-vs-vietnam,https://tabiji.ai/compare/japan-vs-vietnam/,japan vs vietnam,70,vietnam vs japan,110,vietnam vs japan,110,180
joshua-tree-vs-death-valley,https://tabiji.ai/compare/joshua-tree-vs-death-valley/,joshua tree vs death valley,70,death valley vs joshua tree,110,death valley vs joshua tree,110,180
key-west-vs-miami,https://tabiji.ai/compare/key-west-vs-miami/,key west vs miami,110,miami vs key west,70,key west vs miami,110,180
kuala-lumpur-vs-penang,https://tabiji.ai/compare/kuala-lumpur-vs-penang/,kuala lumpur vs penang,90,penang vs kuala lumpur,90,kuala lumpur vs penang,90,180
las-vegas-vs-miami,https://tabiji.ai/compare/las-vegas-vs-miami/,las vegas vs miami,40,miami vs las vegas,140,miami vs las vegas,140,180
madrid-vs-lisbon,https://tabiji.ai/compare/madrid-vs-lisbon/,madrid vs lisbon,40,lisbon vs madrid,140,lisbon vs madrid,140,180
nashville-vs-new-orleans,https://tabiji.ai/compare/nashville-vs-new-orleans/,nashville vs new orleans,90,new orleans vs nashville,90,nashville vs new orleans,90,180
shenzhen-vs-hong-kong,https://tabiji.ai/compare/shenzhen-vs-hong-kong/,shenzhen vs hong kong,90,hong kong vs shenzhen,90,shenzhen vs hong kong,90,180
slovenia-vs-croatia,https://tabiji.ai/compare/slovenia-vs-croatia/,slovenia vs croatia,110,croatia vs slovenia,70,slovenia vs croatia,110,180
austin-vs-denver,https://tabiji.ai/compare/austin-vs-denver/,austin vs denver,30,denver vs austin,140,denver vs austin,140,170
manchester-vs-london,https://tabiji.ai/compare/manchester-vs-london/,manchester vs london,140,london vs manchester,30,manchester vs london,140,170
bali-vs-koh-samui,https://tabiji.ai/compare/bali-vs-koh-samui/,bali vs koh samui,90,koh samui vs bali,70,bali vs koh samui,90,160
dominica-vs-st-lucia,https://tabiji.ai/compare/dominica-vs-st-lucia/,dominica vs st lucia,90,st lucia vs dominica,70,dominica vs st lucia,90,160
dubai-vs-riyadh,https://tabiji.ai/compare/dubai-vs-riyadh/,dubai vs riyadh,70,riyadh vs dubai,90,riyadh vs dubai,90,160
faroe-islands-vs-iceland,https://tabiji.ai/compare/faroe-islands-vs-iceland/,faroe islands vs iceland,90,iceland vs faroe islands,70,faroe islands vs iceland,90,160
grand-canyon-vs-antelope-canyon,https://tabiji.ai/compare/grand-canyon-vs-antelope-canyon/,grand canyon vs antelope canyon,70,antelope canyon vs grand canyon,90,antelope canyon vs grand canyon,90,160
grenada-vs-barbados,https://tabiji.ai/compare/grenada-vs-barbados/,grenada vs barbados,50,barbados vs grenada,110,barbados vs grenada,110,160
incheon-vs-seoul,https://tabiji.ai/compare/incheon-vs-seoul/,incheon vs seoul,70,seoul vs incheon,90,seoul vs incheon,90,160
jakarta-vs-bali,https://tabiji.ai/compare/jakarta-vs-bali/,jakarta vs bali,90,bali vs jakarta,70,jakarta vs bali,90,160
laos-vs-myanmar,https://tabiji.ai/compare/laos-vs-myanmar/,laos vs myanmar,50,myanmar vs laos,110,myanmar vs laos,110,160
london-vs-amsterdam,https://tabiji.ai/compare/london-vs-amsterdam/,london vs amsterdam,90,amsterdam vs london,70,london vs amsterdam,90,160
maldives-vs-tahiti,https://tabiji.ai/compare/maldives-vs-tahiti/,maldives vs tahiti,50,tahiti vs maldives,110,tahiti vs maldives,110,160
milan-vs-madrid,https://tabiji.ai/compare/milan-vs-madrid/,milan vs madrid,90,madrid vs milan,70,milan vs madrid,90,160
paris-vs-amsterdam,https://tabiji.ai/compare/paris-vs-amsterdam/,paris vs amsterdam,20,amsterdam vs paris,140,amsterdam vs paris,140,160
tokyo-vs-shanghai,https://tabiji.ai/compare/tokyo-vs-shanghai/,tokyo vs shanghai,20,shanghai vs tokyo,140,shanghai vs tokyo,140,160
washington-dc-vs-new-york,https://tabiji.ai/compare/washington-dc-vs-new-york/,washington dc vs new york,140,new york vs washington dc,20,washington dc vs new york,140,160
mexico-city-vs-guadalajara,https://tabiji.ai/compare/mexico-city-vs-guadalajara/,mexico city vs guadalajara,40,guadalajara vs mexico city,110,guadalajara vs mexico city,110,150
paris-vs-new-york,https://tabiji.ai/compare/paris-vs-new-york/,paris vs new york,140,new york vs paris,10,paris vs new york,140,150
seville-vs-cordoba,https://tabiji.ai/compare/seville-vs-cordoba/,seville vs cordoba,110,cordoba vs seville,40,seville vs cordoba,110,150
yellowstone-vs-grand-canyon,https://tabiji.ai/compare/yellowstone-vs-grand-canyon/,yellowstone vs grand canyon,110,grand canyon vs yellowstone,40,yellowstone vs grand canyon,110,150
bangalore-vs-hyderabad,https://tabiji.ai/compare/bangalore-vs-hyderabad/,bangalore vs hyderabad,50,hyderabad vs bangalore,90,hyderabad vs bangalore,90,140
bangkok-vs-ho-chi-minh,https://tabiji.ai/compare/bangkok-vs-ho-chi-minh/,bangkok vs ho chi minh,70,ho chi minh vs bangkok,70,bangkok vs ho chi minh,70,140
bangkok-vs-kuala-lumpur,https://tabiji.ai/compare/bangkok-vs-kuala-lumpur/,bangkok vs kuala lumpur,70,kuala lumpur vs bangkok,70,bangkok vs kuala lumpur,70,140
buenos-aires-vs-montevideo,https://tabiji.ai/compare/buenos-aires-vs-montevideo/,buenos aires vs montevideo,70,montevideo vs buenos aires,70,buenos aires vs montevideo,70,140
cuba-vs-dominican-republic,https://tabiji.ai/compare/cuba-vs-dominican-republic/,cuba vs dominican republic,110,dominican republic vs cuba,30,cuba vs dominican republic,110,140
istanbul-vs-athens,https://tabiji.ai/compare/istanbul-vs-athens/,istanbul vs athens,70,athens vs istanbul,70,istanbul vs athens,70,140
kilimanjaro-vs-everest-base-camp,https://tabiji.ai/compare/kilimanjaro-vs-everest-base-camp/,kilimanjaro vs everest base camp,70,everest base camp vs kilimanjaro,70,kilimanjaro vs everest base camp,70,140
kyoto-vs-nara,https://tabiji.ai/compare/kyoto-vs-nara/,kyoto vs nara,70,nara vs kyoto,70,kyoto vs nara,70,140
maldives-vs-hawaii,https://tabiji.ai/compare/maldives-vs-hawaii/,maldives vs hawaii,70,hawaii vs maldives,70,maldives vs hawaii,70,140
new-orleans-vs-charleston,https://tabiji.ai/compare/new-orleans-vs-charleston/,new orleans vs charleston,70,charleston vs new orleans,70,new orleans vs charleston,70,140
normandy-vs-brittany,https://tabiji.ai/compare/normandy-vs-brittany/,normandy vs brittany,70,brittany vs normandy,70,normandy vs brittany,70,140
park-city-vs-aspen,https://tabiji.ai/compare/park-city-vs-aspen/,park city vs aspen,70,aspen vs park city,70,park city vs aspen,70,140
rwanda-vs-uganda,https://tabiji.ai/compare/rwanda-vs-uganda/,rwanda vs uganda,50,uganda vs rwanda,90,uganda vs rwanda,90,140
san-sebastian-vs-bilbao,https://tabiji.ai/compare/san-sebastian-vs-bilbao/,san sebastian vs bilbao,30,bilbao vs san sebastian,110,bilbao vs san sebastian,110,140
seville-vs-malaga,https://tabiji.ai/compare/seville-vs-malaga/,seville vs malaga,70,malaga vs seville,70,seville vs malaga,70,140
tallinn-vs-riga,https://tabiji.ai/compare/tallinn-vs-riga/,tallinn vs riga,70,riga vs tallinn,70,tallinn vs riga,70,140
tokyo-vs-beijing,https://tabiji.ai/compare/tokyo-vs-beijing/,tokyo vs beijing,70,beijing vs tokyo,70,tokyo vs beijing,70,140
tokyo-vs-london,https://tabiji.ai/compare/tokyo-vs-london/,tokyo vs london,70,london vs tokyo,70,tokyo vs london,70,140
tulum-vs-cozumel,https://tabiji.ai/compare/tulum-vs-cozumel/,tulum vs cozumel,70,cozumel vs tulum,70,tulum vs cozumel,70,140
alps-vs-rockies,https://tabiji.ai/compare/alps-vs-rockies/,alps vs rockies,110,rockies vs alps,20,alps vs rockies,110,130
busan-vs-jeju,https://tabiji.ai/compare/busan-vs-jeju/,busan vs jeju,40,jeju vs busan,90,jeju vs busan,90,130
hvar-vs-korcula,https://tabiji.ai/compare/hvar-vs-korcula/,hvar vs korcula,90,korcula vs hvar,40,hvar vs korcula,90,130
japan-vs-india,https://tabiji.ai/compare/japan-vs-india/,japan vs india,40,india vs japan,90,india vs japan,90,130
malta-vs-sicily,https://tabiji.ai/compare/malta-vs-sicily/,malta vs sicily,110,sicily vs malta,20,malta vs sicily,110,130
philadelphia-vs-washington-dc,https://tabiji.ai/compare/philadelphia-vs-washington-dc/,philadelphia vs washington dc,20,washington dc vs philadelphia,110,washington dc vs philadelphia,110,130
riyadh-vs-jeddah,https://tabiji.ai/compare/riyadh-vs-jeddah/,riyadh vs jeddah,20,jeddah vs riyadh,110,jeddah vs riyadh,110,130
sacramento-vs-san-francisco,https://tabiji.ai/compare/sacramento-vs-san-francisco/,sacramento vs san francisco,110,san francisco vs sacramento,20,sacramento vs san francisco,110,130
slovenia-vs-austria,https://tabiji.ai/compare/slovenia-vs-austria/,slovenia vs austria,40,austria vs slovenia,90,austria vs slovenia,90,130
south-island-vs-north-island,https://tabiji.ai/compare/south-island-vs-north-island/,south island vs north island,110,north island vs south island,20,south island vs north island,110,130
albania-vs-montenegro,https://tabiji.ai/compare/albania-vs-montenegro/,albania vs montenegro,50,montenegro vs albania,70,montenegro vs albania,70,120
denver-vs-san-francisco,https://tabiji.ai/compare/denver-vs-san-francisco/,denver vs san francisco,110,san francisco vs denver,10,denver vs san francisco,110,120
edinburgh-vs-london,https://tabiji.ai/compare/edinburgh-vs-london/,edinburgh vs london,90,london vs edinburgh,30,edinburgh vs london,90,120
french-alps-vs-swiss-alps,https://tabiji.ai/compare/french-alps-vs-swiss-alps/,french alps vs swiss alps,90,swiss alps vs french alps,30,french alps vs swiss alps,90,120
galway-vs-cork,https://tabiji.ai/compare/galway-vs-cork/,galway vs cork,50,cork vs galway,70,cork vs galway,70,120
iceland-vs-new-zealand,https://tabiji.ai/compare/iceland-vs-new-zealand/,iceland vs new zealand,90,new zealand vs iceland,30,iceland vs new zealand,90,120
ischia-vs-capri,https://tabiji.ai/compare/ischia-vs-capri/,ischia vs capri,70,capri vs ischia,50,ischia vs capri,70,120
kyoto-vs-kanazawa,https://tabiji.ai/compare/kyoto-vs-kanazawa/,kyoto vs kanazawa,30,kanazawa vs kyoto,90,kanazawa vs kyoto,90,120
mexico-city-vs-oaxaca,https://tabiji.ai/compare/mexico-city-vs-oaxaca/,mexico city vs oaxaca,30,oaxaca vs mexico city,90,oaxaca vs mexico city,90,120
puglia-vs-sicily,https://tabiji.ai/compare/puglia-vs-sicily/,puglia vs sicily,70,sicily vs puglia,50,puglia vs sicily,70,120
turin-vs-milan,https://tabiji.ai/compare/turin-vs-milan/,turin vs milan,110,milan vs turin,10,turin vs milan,110,120
amalfi-coast-vs-french-riviera,https://tabiji.ai/compare/amalfi-coast-vs-french-riviera/,amalfi coast vs french riviera,40,french riviera vs amalfi coast,70,french riviera vs amalfi coast,70,110
bali-vs-hawaii,https://tabiji.ai/compare/bali-vs-hawaii/,bali vs hawaii,110,hawaii vs bali,0,bali vs hawaii,110,110
cook-islands-vs-fiji,https://tabiji.ai/compare/cook-islands-vs-fiji/,cook islands vs fiji,70,fiji vs cook islands,40,cook islands vs fiji,70,110
cusco-vs-lima,https://tabiji.ai/compare/cusco-vs-lima/,cusco vs lima,40,lima vs cusco,70,lima vs cusco,70,110
lebanon-vs-jordan,https://tabiji.ai/compare/lebanon-vs-jordan/,lebanon vs jordan,70,jordan vs lebanon,40,lebanon vs jordan,70,110
south-africa-vs-kenya,https://tabiji.ai/compare/south-africa-vs-kenya/,south africa vs kenya,20,kenya vs south africa,90,kenya vs south africa,90,110
taiwan-vs-vietnam,https://tabiji.ai/compare/taiwan-vs-vietnam/,taiwan vs vietnam,90,vietnam vs taiwan,20,taiwan vs vietnam,90,110
tuscany-vs-amalfi-coast,https://tabiji.ai/compare/tuscany-vs-amalfi-coast/,tuscany vs amalfi coast,90,amalfi coast vs tuscany,20,tuscany vs amalfi coast,90,110
zion-vs-arches,https://tabiji.ai/compare/zion-vs-arches/,zion vs arches,70,arches vs zion,40,zion vs arches,70,110
berlin-vs-vienna,https://tabiji.ai/compare/berlin-vs-vienna/,berlin vs vienna,50,vienna vs berlin,50,berlin vs vienna,50,100
bordeaux-vs-toulouse,https://tabiji.ai/compare/bordeaux-vs-toulouse/,bordeaux vs toulouse,50,toulouse vs bordeaux,50,bordeaux vs toulouse,50,100
christchurch-vs-queenstown,https://tabiji.ai/compare/christchurch-vs-queenstown/,christchurch vs queenstown,50,queenstown vs christchurch,50,christchurch vs queenstown,50,100
dublin-vs-london,https://tabiji.ai/compare/dublin-vs-london/,dublin vs london,90,london vs dublin,10,dublin vs london,90,100
hyderabad-vs-chennai,https://tabiji.ai/compare/hyderabad-vs-chennai/,hyderabad vs chennai,30,chennai vs hyderabad,70,chennai vs hyderabad,70,100
koh-samui-vs-koh-phangan,https://tabiji.ai/compare/koh-samui-vs-koh-phangan/,koh samui vs koh phangan,50,koh phangan vs koh samui,50,koh samui vs koh phangan,50,100
kruger-vs-serengeti,https://tabiji.ai/compare/kruger-vs-serengeti/,kruger vs serengeti,50,serengeti vs kruger,50,kruger vs serengeti,50,100
kyrgyzstan-vs-tajikistan,https://tabiji.ai/compare/kyrgyzstan-vs-tajikistan/,kyrgyzstan vs tajikistan,50,tajikistan vs kyrgyzstan,50,kyrgyzstan vs tajikistan,50,100
mexico-city-vs-cancun,https://tabiji.ai/compare/mexico-city-vs-cancun/,mexico city vs cancun,30,cancun vs mexico city,70,cancun vs mexico city,70,100
munich-vs-vienna,https://tabiji.ai/compare/munich-vs-vienna/,munich vs vienna,70,vienna vs munich,30,munich vs vienna,70,100
senegal-vs-ghana,https://tabiji.ai/compare/senegal-vs-ghana/,senegal vs ghana,50,ghana vs senegal,50,senegal vs ghana,50,100
thailand-vs-maldives,https://tabiji.ai/compare/thailand-vs-maldives/,thailand vs maldives,50,maldives vs thailand,50,thailand vs maldives,50,100
zagreb-vs-dubrovnik,https://tabiji.ai/compare/zagreb-vs-dubrovnik/,zagreb vs dubrovnik,50,dubrovnik vs zagreb,50,zagreb vs dubrovnik,50,100
adelaide-vs-melbourne,https://tabiji.ai/compare/adelaide-vs-melbourne/,adelaide vs melbourne,70,melbourne vs adelaide,20,adelaide vs melbourne,70,90
barbados-vs-trinidad,https://tabiji.ai/compare/barbados-vs-trinidad/,barbados vs trinidad,50,trinidad vs barbados,40,barbados vs trinidad,50,90
berlin-vs-prague,https://tabiji.ai/compare/berlin-vs-prague/,berlin vs prague,20,prague vs berlin,70,prague vs berlin,70,90
cadiz-vs-malaga,https://tabiji.ai/compare/cadiz-vs-malaga/,cadiz vs malaga,50,malaga vs cadiz,40,cadiz vs malaga,50,90
croatia-vs-turkey,https://tabiji.ai/compare/croatia-vs-turkey/,croatia vs turkey,40,turkey vs croatia,50,turkey vs croatia,50,90
cuba-vs-jamaica,https://tabiji.ai/compare/cuba-vs-jamaica/,cuba vs jamaica,0,jamaica vs cuba,90,jamaica vs cuba,90,90
dolomites-vs-swiss-alps,https://tabiji.ai/compare/dolomites-vs-swiss-alps/,dolomites vs swiss alps,70,swiss alps vs dolomites,20,dolomites vs swiss alps,70,90
hue-vs-hoi-an,https://tabiji.ai/compare/hue-vs-hoi-an/,hue vs hoi an,20,hoi an vs hue,70,hoi an vs hue,70,90
marrakech-vs-fez,https://tabiji.ai/compare/marrakech-vs-fez/,marrakech vs fez,70,fez vs marrakech,20,marrakech vs fez,70,90
morocco-vs-turkey,https://tabiji.ai/compare/morocco-vs-turkey/,morocco vs turkey,20,turkey vs morocco,70,turkey vs morocco,70,90
nagoya-vs-osaka,https://tabiji.ai/compare/nagoya-vs-osaka/,nagoya vs osaka,50,osaka vs nagoya,40,nagoya vs osaka,50,90
queensland-vs-victoria,https://tabiji.ai/compare/queensland-vs-victoria/,queensland vs victoria,50,victoria vs queensland,40,queensland vs victoria,50,90
santorini-vs-amalfi-coast,https://tabiji.ai/compare/santorini-vs-amalfi-coast/,santorini vs amalfi coast,50,amalfi coast vs santorini,40,santorini vs amalfi coast,50,90
scottsdale-vs-palm-springs,https://tabiji.ai/compare/scottsdale-vs-palm-springs/,scottsdale vs palm springs,70,palm springs vs scottsdale,20,scottsdale vs palm springs,70,90
st-lucia-vs-martinique,https://tabiji.ai/compare/st-lucia-vs-martinique/,st lucia vs martinique,40,martinique vs st lucia,50,martinique vs st lucia,50,90
trinidad-vs-tobago,https://tabiji.ai/compare/trinidad-vs-tobago/,trinidad vs tobago,70,tobago vs trinidad,20,trinidad vs tobago,70,90
auckland-vs-christchurch,https://tabiji.ai/compare/auckland-vs-christchurch/,auckland vs christchurch,70,christchurch vs auckland,10,auckland vs christchurch,70,80
auckland-vs-sydney,https://tabiji.ai/compare/auckland-vs-sydney/,auckland vs sydney,70,sydney vs auckland,10,auckland vs sydney,70,80
bangkok-vs-hanoi,https://tabiji.ai/compare/bangkok-vs-hanoi/,bangkok vs hanoi,40,hanoi vs bangkok,40,bangkok vs hanoi,40,80
goa-vs-kerala,https://tabiji.ai/compare/goa-vs-kerala/,goa vs kerala,30,kerala vs goa,50,kerala vs goa,50,80
japan-vs-singapore,https://tabiji.ai/compare/japan-vs-singapore/,japan vs singapore,10,singapore vs japan,70,singapore vs japan,70,80
lagos-vs-abuja,https://tabiji.ai/compare/lagos-vs-abuja/,lagos vs abuja,10,abuja vs lagos,70,abuja vs lagos,70,80
rome-vs-barcelona,https://tabiji.ai/compare/rome-vs-barcelona/,rome vs barcelona,70,barcelona vs rome,10,rome vs barcelona,70,80
solomon-islands-vs-vanuatu,https://tabiji.ai/compare/solomon-islands-vs-vanuatu/,solomon islands vs vanuatu,50,vanuatu vs solomon islands,30,solomon islands vs vanuatu,50,80
stuttgart-vs-munich,https://tabiji.ai/compare/stuttgart-vs-munich/,stuttgart vs munich,40,munich vs stuttgart,40,stuttgart vs munich,40,80
suriname-vs-guyana,https://tabiji.ai/compare/suriname-vs-guyana/,suriname vs guyana,50,guyana vs suriname,30,suriname vs guyana,50,80
taipei-vs-hong-kong,https://tabiji.ai/compare/taipei-vs-hong-kong/,taipei vs hong kong,70,hong kong vs taipei,10,taipei vs hong kong,70,80
takayama-vs-kanazawa,https://tabiji.ai/compare/takayama-vs-kanazawa/,takayama vs kanazawa,40,kanazawa vs takayama,40,takayama vs kanazawa,40,80
tibet-vs-bhutan,https://tabiji.ai/compare/tibet-vs-bhutan/,tibet vs bhutan,40,bhutan vs tibet,40,tibet vs bhutan,40,80
amsterdam-vs-berlin,https://tabiji.ai/compare/amsterdam-vs-berlin/,amsterdam vs berlin,20,berlin vs amsterdam,50,berlin vs amsterdam,50,70
asheville-vs-gatlinburg,https://tabiji.ai/compare/asheville-vs-gatlinburg/,asheville vs gatlinburg,30,gatlinburg vs asheville,40,gatlinburg vs asheville,40,70
cape-town-vs-durban,https://tabiji.ai/compare/cape-town-vs-durban/,cape town vs durban,30,durban vs cape town,40,durban vs cape town,40,70
chicago-vs-austin,https://tabiji.ai/compare/chicago-vs-austin/,chicago vs austin,20,austin vs chicago,50,austin vs chicago,50,70
kansai-vs-kanto,https://tabiji.ai/compare/kansai-vs-kanto/,kansai vs kanto,40,kanto vs kansai,30,kansai vs kanto,40,70
mexico-vs-thailand,https://tabiji.ai/compare/mexico-vs-thailand/,mexico vs thailand,50,thailand vs mexico,20,mexico vs thailand,50,70
palma-vs-barcelona,https://tabiji.ai/compare/palma-vs-barcelona/,palma vs barcelona,40,barcelona vs palma,30,palma vs barcelona,40,70
prague-vs-krakow,https://tabiji.ai/compare/prague-vs-krakow/,prague vs krakow,20,krakow vs prague,50,krakow vs prague,50,70
queenstown-vs-wanaka,https://tabiji.ai/compare/queenstown-vs-wanaka/,queenstown vs wanaka,20,wanaka vs queenstown,50,wanaka vs queenstown,50,70
santorini-vs-milos,https://tabiji.ai/compare/santorini-vs-milos/,santorini vs milos,20,milos vs santorini,50,milos vs santorini,50,70
sayulita-vs-puerto-vallarta,https://tabiji.ai/compare/sayulita-vs-puerto-vallarta/,sayulita vs puerto vallarta,50,puerto vallarta vs sayulita,20,sayulita vs puerto vallarta,50,70
st-kitts-vs-antigua,https://tabiji.ai/compare/st-kitts-vs-antigua/,st kitts vs antigua,40,antigua vs st kitts,30,st kitts vs antigua,40,70
victoria-falls-vs-iguazu-falls,https://tabiji.ai/compare/victoria-falls-vs-iguazu-falls/,victoria falls vs iguazu falls,20,iguazu falls vs victoria falls,50,iguazu falls vs victoria falls,50,70
yokohama-vs-tokyo,https://tabiji.ai/compare/yokohama-vs-tokyo/,yokohama vs tokyo,50,tokyo vs yokohama,20,yokohama vs tokyo,50,70
aconcagua-vs-denali,https://tabiji.ai/compare/aconcagua-vs-denali/,aconcagua vs denali,30,denali vs aconcagua,30,aconcagua vs denali,30,60
bangkok-vs-singapore,https://tabiji.ai/compare/bangkok-vs-singapore/,bangkok vs singapore,50,singapore vs bangkok,10,bangkok vs singapore,50,60
berlin-vs-hamburg,https://tabiji.ai/compare/berlin-vs-hamburg/,berlin vs hamburg,30,hamburg vs berlin,30,berlin vs hamburg,30,60
gothenburg-vs-malmo,https://tabiji.ai/compare/gothenburg-vs-malmo/,gothenburg vs malmo,20,malmo vs gothenburg,40,malmo vs gothenburg,40,60
helsinki-vs-oslo,https://tabiji.ai/compare/helsinki-vs-oslo/,helsinki vs oslo,30,oslo vs helsinki,30,helsinki vs oslo,30,60
iguazu-vs-victoria-falls,https://tabiji.ai/compare/iguazu-vs-victoria-falls/,iguazu vs victoria falls,20,victoria falls vs iguazu,40,victoria falls vs iguazu,40,60
naples-vs-sicily,https://tabiji.ai/compare/naples-vs-sicily/,naples vs sicily,40,sicily vs naples,20,naples vs sicily,40,60
new-caledonia-vs-fiji,https://tabiji.ai/compare/new-caledonia-vs-fiji/,new caledonia vs fiji,30,fiji vs new caledonia,30,new caledonia vs fiji,30,60
rajasthan-vs-kerala,https://tabiji.ai/compare/rajasthan-vs-kerala/,rajasthan vs kerala,30,kerala vs rajasthan,30,rajasthan vs kerala,30,60
tokyo-vs-jakarta,https://tabiji.ai/compare/tokyo-vs-jakarta/,tokyo vs jakarta,20,jakarta vs tokyo,40,jakarta vs tokyo,40,60
tucson-vs-sedona,https://tabiji.ai/compare/tucson-vs-sedona/,tucson vs sedona,30,sedona vs tucson,30,tucson vs sedona,30,60
wadi-rum-vs-petra,https://tabiji.ai/compare/wadi-rum-vs-petra/,wadi rum vs petra,40,petra vs wadi rum,20,wadi rum vs petra,40,60
wroclaw-vs-warsaw,https://tabiji.ai/compare/wroclaw-vs-warsaw/,wroclaw vs warsaw,30,warsaw vs wroclaw,30,wroclaw vs warsaw,30,60
yosemite-vs-grand-canyon,https://tabiji.ai/compare/yosemite-vs-grand-canyon/,yosemite vs grand canyon,30,grand canyon vs yosemite,30,yosemite vs grand canyon,30,60
zurich-vs-munich,https://tabiji.ai/compare/zurich-vs-munich/,zurich vs munich,30,munich vs zurich,30,zurich vs munich,30,60
auckland-vs-melbourne,https://tabiji.ai/compare/auckland-vs-melbourne/,auckland vs melbourne,40,melbourne vs auckland,10,auckland vs melbourne,40,50
bocas-del-toro-vs-san-blas,https://tabiji.ai/compare/bocas-del-toro-vs-san-blas/,bocas del toro vs san blas,20,san blas vs bocas del toro,30,san blas vs bocas del toro,30,50
bordeaux-vs-lyon,https://tabiji.ai/compare/bordeaux-vs-lyon/,bordeaux vs lyon,30,lyon vs bordeaux,20,bordeaux vs lyon,30,50
brussels-vs-paris,https://tabiji.ai/compare/brussels-vs-paris/,brussels vs paris,30,paris vs brussels,20,brussels vs paris,30,50
buenos-aires-vs-rio-de-janeiro,https://tabiji.ai/compare/buenos-aires-vs-rio-de-janeiro/,buenos aires vs rio de janeiro,30,rio de janeiro vs buenos aires,20,buenos aires vs rio de janeiro,30,50
casablanca-vs-rabat,https://tabiji.ai/compare/casablanca-vs-rabat/,casablanca vs rabat,10,rabat vs casablanca,40,rabat vs casablanca,40,50
galle-vs-mirissa,https://tabiji.ai/compare/galle-vs-mirissa/,galle vs mirissa,50,mirissa vs galle,0,galle vs mirissa,50,50
hiroshima-vs-kyoto,https://tabiji.ai/compare/hiroshima-vs-kyoto/,hiroshima vs kyoto,30,kyoto vs hiroshima,20,hiroshima vs kyoto,30,50
hua-hin-vs-pattaya,https://tabiji.ai/compare/hua-hin-vs-pattaya/,hua hin vs pattaya,30,pattaya vs hua hin,20,hua hin vs pattaya,30,50
lanzarote-vs-tenerife,https://tabiji.ai/compare/lanzarote-vs-tenerife/,lanzarote vs tenerife,20,tenerife vs lanzarote,30,tenerife vs lanzarote,30,50
mumbai-vs-bangalore,https://tabiji.ai/compare/mumbai-vs-bangalore/,mumbai vs bangalore,40,bangalore vs mumbai,10,mumbai vs bangalore,40,50
namibia-vs-botswana,https://tabiji.ai/compare/namibia-vs-botswana/,namibia vs botswana,30,botswana vs namibia,20,namibia vs botswana,30,50
nha-trang-vs-phu-quoc,https://tabiji.ai/compare/nha-trang-vs-phu-quoc/,nha trang vs phu quoc,30,phu quoc vs nha trang,20,nha trang vs phu quoc,30,50
oaxaca-vs-puebla,https://tabiji.ai/compare/oaxaca-vs-puebla/,oaxaca vs puebla,20,puebla vs oaxaca,30,puebla vs oaxaca,30,50
osaka-vs-fukuoka,https://tabiji.ai/compare/osaka-vs-fukuoka/,osaka vs fukuoka,20,fukuoka vs osaka,30,fukuoka vs osaka,30,50
porto-vs-madrid,https://tabiji.ai/compare/porto-vs-madrid/,porto vs madrid,20,madrid vs porto,30,madrid vs porto,30,50
sintra-vs-cascais,https://tabiji.ai/compare/sintra-vs-cascais/,sintra vs cascais,40,cascais vs sintra,10,sintra vs cascais,40,50
st-barts-vs-turks-and-caicos,https://tabiji.ai/compare/st-barts-vs-turks-and-caicos/,st barts vs turks and caicos,30,turks and caicos vs st barts,20,st barts vs turks and caicos,30,50
tamarindo-vs-nosara,https://tabiji.ai/compare/tamarindo-vs-nosara/,tamarindo vs nosara,20,nosara vs tamarindo,30,nosara vs tamarindo,30,50
whistler-vs-revelstoke,https://tabiji.ai/compare/whistler-vs-revelstoke/,whistler vs revelstoke,10,revelstoke vs whistler,40,revelstoke vs whistler,40,50
zagreb-vs-split,https://tabiji.ai/compare/zagreb-vs-split/,zagreb vs split,30,split vs zagreb,20,zagreb vs split,30,50
accra-vs-lagos,https://tabiji.ai/compare/accra-vs-lagos/,accra vs lagos,20,lagos vs accra,20,accra vs lagos,20,40
addis-ababa-vs-nairobi,https://tabiji.ai/compare/addis-ababa-vs-nairobi/,addis ababa vs nairobi,20,nairobi vs addis ababa,20,addis ababa vs nairobi,20,40
agadir-vs-marrakech,https://tabiji.ai/compare/agadir-vs-marrakech/,agadir vs marrakech,20,marrakech vs agadir,20,agadir vs marrakech,20,40
agra-vs-delhi,https://tabiji.ai/compare/agra-vs-delhi/,agra vs delhi,20,delhi vs agra,20,agra vs delhi,20,40
agra-vs-jaipur,https://tabiji.ai/compare/agra-vs-jaipur/,agra vs jaipur,20,jaipur vs agra,20,agra vs jaipur,20,40
almaty-vs-tashkent,https://tabiji.ai/compare/almaty-vs-tashkent/,almaty vs tashkent,20,tashkent vs almaty,20,almaty vs tashkent,20,40
alps-vs-andes,https://tabiji.ai/compare/alps-vs-andes/,alps vs andes,20,andes vs alps,20,alps vs andes,20,40
amazon-vs-congo,https://tabiji.ai/compare/amazon-vs-congo/,amazon vs congo,20,congo vs amazon,20,amazon vs congo,20,40
amazon-vs-pantanal,https://tabiji.ai/compare/amazon-vs-pantanal/,amazon vs pantanal,20,pantanal vs amazon,20,amazon vs pantanal,20,40
andalusia-vs-catalonia,https://tabiji.ai/compare/andalusia-vs-catalonia/,andalusia vs catalonia,20,catalonia vs andalusia,20,andalusia vs catalonia,20,40
andes-vs-rockies,https://tabiji.ai/compare/andes-vs-rockies/,andes vs rockies,20,rockies vs andes,20,andes vs rockies,20,40
annecy-vs-chamonix,https://tabiji.ai/compare/annecy-vs-chamonix/,annecy vs chamonix,20,chamonix vs annecy,20,annecy vs chamonix,20,40
aspen-vs-st-moritz,https://tabiji.ai/compare/aspen-vs-st-moritz/,aspen vs st moritz,20,st moritz vs aspen,20,aspen vs st moritz,20,40
athens-vs-thessaloniki,https://tabiji.ai/compare/athens-vs-thessaloniki/,athens vs thessaloniki,20,thessaloniki vs athens,20,athens vs thessaloniki,20,40
bahrain-vs-dubai,https://tabiji.ai/compare/bahrain-vs-dubai/,bahrain vs dubai,20,dubai vs bahrain,20,bahrain vs dubai,20,40
baku-vs-yerevan,https://tabiji.ai/compare/baku-vs-yerevan/,baku vs yerevan,20,yerevan vs baku,20,baku vs yerevan,20,40
bali-vs-boracay,https://tabiji.ai/compare/bali-vs-boracay/,bali vs boracay,20,boracay vs bali,20,bali vs boracay,20,40
bali-vs-chiang-mai,https://tabiji.ai/compare/bali-vs-chiang-mai/,bali vs chiang mai,20,chiang mai vs bali,20,bali vs chiang mai,20,40
bali-vs-krabi,https://tabiji.ai/compare/bali-vs-krabi/,bali vs krabi,20,krabi vs bali,20,bali vs krabi,20,40
bali-vs-philippines,https://tabiji.ai/compare/bali-vs-philippines/,bali vs philippines,20,philippines vs bali,20,bali vs philippines,20,40
bali-vs-seychelles,https://tabiji.ai/compare/bali-vs-seychelles/,bali vs seychelles,20,seychelles vs bali,20,bali vs seychelles,20,40
bali-vs-siargao,https://tabiji.ai/compare/bali-vs-siargao/,bali vs siargao,20,siargao vs bali,20,bali vs siargao,20,40
bali-vs-vietnam,https://tabiji.ai/compare/bali-vs-vietnam/,bali vs vietnam,20,vietnam vs bali,20,bali vs vietnam,20,40
bangkok-vs-bali,https://tabiji.ai/compare/bangkok-vs-bali/,bangkok vs bali,20,bali vs bangkok,20,bangkok vs bali,20,40
bangkok-vs-taipei,https://tabiji.ai/compare/bangkok-vs-taipei/,bangkok vs taipei,20,taipei vs bangkok,20,bangkok vs taipei,20,40
basque-country-vs-catalonia,https://tabiji.ai/compare/basque-country-vs-catalonia/,basque country vs catalonia,20,catalonia vs basque country,20,basque country vs catalonia,20,40
bath-vs-cotswolds,https://tabiji.ai/compare/bath-vs-cotswolds/,bath vs cotswolds,20,cotswolds vs bath,20,bath vs cotswolds,20,40
belgrade-vs-bucharest,https://tabiji.ai/compare/belgrade-vs-bucharest/,belgrade vs bucharest,20,bucharest vs belgrade,20,belgrade vs bucharest,20,40
bogota-vs-quito,https://tabiji.ai/compare/bogota-vs-quito/,bogota vs quito,20,quito vs bogota,20,bogota vs quito,20,40
boise-vs-portland,https://tabiji.ai/compare/boise-vs-portland/,boise vs portland,20,portland vs boise,20,boise vs portland,20,40
bologna-vs-naples,https://tabiji.ai/compare/bologna-vs-naples/,bologna vs naples,40,naples vs bologna,0,bologna vs naples,40,40
bora-bora-vs-seychelles,https://tabiji.ai/compare/bora-bora-vs-seychelles/,bora bora vs seychelles,20,seychelles vs bora bora,20,bora bora vs seychelles,20,40
bordeaux-vs-paris,https://tabiji.ai/compare/bordeaux-vs-paris/,bordeaux vs paris,20,paris vs bordeaux,20,bordeaux vs paris,20,40
borneo-vs-sumatra,https://tabiji.ai/compare/borneo-vs-sumatra/,borneo vs sumatra,20,sumatra vs borneo,20,borneo vs sumatra,20,40
bratislava-vs-vienna,https://tabiji.ai/compare/bratislava-vs-vienna/,bratislava vs vienna,20,vienna vs bratislava,20,bratislava vs vienna,20,40
bristol-vs-london,https://tabiji.ai/compare/bristol-vs-london/,bristol vs london,20,london vs bristol,20,bristol vs london,20,40
bucharest-vs-sofia,https://tabiji.ai/compare/bucharest-vs-sofia/,bucharest vs sofia,20,sofia vs bucharest,20,bucharest vs sofia,20,40
budapest-vs-krakow,https://tabiji.ai/compare/budapest-vs-krakow/,budapest vs krakow,20,krakow vs budapest,20,budapest vs krakow,20,40
budapest-vs-lisbon,https://tabiji.ai/compare/budapest-vs-lisbon/,budapest vs lisbon,20,lisbon vs budapest,20,budapest vs lisbon,20,40
byron-bay-vs-gold-coast,https://tabiji.ai/compare/byron-bay-vs-gold-coast/,byron bay vs gold coast,20,gold coast vs byron bay,20,byron bay vs gold coast,20,40
cairns-vs-darwin,https://tabiji.ai/compare/cairns-vs-darwin/,cairns vs darwin,20,darwin vs cairns,20,cairns vs darwin,20,40
cairo-vs-alexandria,https://tabiji.ai/compare/cairo-vs-alexandria/,cairo vs alexandria,20,alexandria vs cairo,20,cairo vs alexandria,20,40
cairo-vs-luxor,https://tabiji.ai/compare/cairo-vs-luxor/,cairo vs luxor,20,luxor vs cairo,20,cairo vs luxor,20,40
canadian-rockies-vs-swiss-alps,https://tabiji.ai/compare/canadian-rockies-vs-swiss-alps/,canadian rockies vs swiss alps,20,swiss alps vs canadian rockies,20,canadian rockies vs swiss alps,20,40
cape-town-vs-rio-de-janeiro,https://tabiji.ai/compare/cape-town-vs-rio-de-janeiro/,cape town vs rio de janeiro,20,rio de janeiro vs cape town,20,cape town vs rio de janeiro,20,40
cape-verde-vs-canary-islands,https://tabiji.ai/compare/cape-verde-vs-canary-islands/,cape verde vs canary islands,20,canary islands vs cape verde,20,cape verde vs canary islands,20,40
cape-verde-vs-senegal,https://tabiji.ai/compare/cape-verde-vs-senegal/,cape verde vs senegal,20,senegal vs cape verde,20,cape verde vs senegal,20,40
cologne-vs-berlin,https://tabiji.ai/compare/cologne-vs-berlin/,cologne vs berlin,20,berlin vs cologne,20,cologne vs berlin,20,40
colombo-vs-kandy,https://tabiji.ai/compare/colombo-vs-kandy/,colombo vs kandy,20,kandy vs colombo,20,colombo vs kandy,20,40
cook-islands-vs-samoa,https://tabiji.ai/compare/cook-islands-vs-samoa/,cook islands vs samoa,20,samoa vs cook islands,20,cook islands vs samoa,20,40
corsica-vs-sicily,https://tabiji.ai/compare/corsica-vs-sicily/,corsica vs sicily,20,sicily vs corsica,20,corsica vs sicily,20,40
costa-brava-vs-costa-del-sol,https://tabiji.ai/compare/costa-brava-vs-costa-del-sol/,costa brava vs costa del sol,20,costa del sol vs costa brava,20,costa brava vs costa del sol,20,40
courchevel-vs-zermatt,https://tabiji.ai/compare/courchevel-vs-zermatt/,courchevel vs zermatt,20,zermatt vs courchevel,20,courchevel vs zermatt,20,40
da-lat-vs-da-nang,https://tabiji.ai/compare/da-lat-vs-da-nang/,da lat vs da nang,20,da nang vs da lat,20,da lat vs da nang,20,40
da-nang-vs-ho-chi-minh,https://tabiji.ai/compare/da-nang-vs-ho-chi-minh/,da nang vs ho chi minh,20,ho chi minh vs da nang,20,da nang vs ho chi minh,20,40
darjeeling-vs-shimla,https://tabiji.ai/compare/darjeeling-vs-shimla/,darjeeling vs shimla,20,shimla vs darjeeling,20,darjeeling vs shimla,20,40
dolomites-vs-patagonia,https://tabiji.ai/compare/dolomites-vs-patagonia/,dolomites vs patagonia,20,patagonia vs dolomites,20,dolomites vs patagonia,20,40
dresden-vs-berlin,https://tabiji.ai/compare/dresden-vs-berlin/,dresden vs berlin,20,berlin vs dresden,20,dresden vs berlin,20,40
dubai-vs-bangkok,https://tabiji.ai/compare/dubai-vs-bangkok/,dubai vs bangkok,20,bangkok vs dubai,20,dubai vs bangkok,20,40
dubai-vs-maldives,https://tabiji.ai/compare/dubai-vs-maldives/,dubai vs maldives,20,maldives vs dubai,20,dubai vs maldives,20,40
durban-vs-johannesburg,https://tabiji.ai/compare/durban-vs-johannesburg/,durban vs johannesburg,20,johannesburg vs durban,20,durban vs johannesburg,20,40
egypt-vs-greece,https://tabiji.ai/compare/egypt-vs-greece/,egypt vs greece,20,greece vs egypt,20,egypt vs greece,20,40
el-nido-vs-siargao,https://tabiji.ai/compare/el-nido-vs-siargao/,el nido vs siargao,20,siargao vs el nido,20,el nido vs siargao,20,40
ethiopia-vs-madagascar,https://tabiji.ai/compare/ethiopia-vs-madagascar/,ethiopia vs madagascar,20,madagascar vs ethiopia,20,ethiopia vs madagascar,20,40
everest-base-camp-vs-annapurna,https://tabiji.ai/compare/everest-base-camp-vs-annapurna/,everest base camp vs annapurna,20,annapurna vs everest base camp,20,everest base camp vs annapurna,20,40
florence-vs-barcelona,https://tabiji.ai/compare/florence-vs-barcelona/,florence vs barcelona,20,barcelona vs florence,20,florence vs barcelona,20,40
florianopolis-vs-rio-de-janeiro,https://tabiji.ai/compare/florianopolis-vs-rio-de-janeiro/,florianopolis vs rio de janeiro,20,rio de janeiro vs florianopolis,20,florianopolis vs rio de janeiro,20,40
florida-keys-vs-bahamas,https://tabiji.ai/compare/florida-keys-vs-bahamas/,florida keys vs bahamas,20,bahamas vs florida keys,20,florida keys vs bahamas,20,40
gdansk-vs-krakow,https://tabiji.ai/compare/gdansk-vs-krakow/,gdansk vs krakow,20,krakow vs gdansk,20,gdansk vs krakow,20,40
gozo-vs-malta,https://tabiji.ai/compare/gozo-vs-malta/,gozo vs malta,20,malta vs gozo,20,gozo vs malta,20,40
great-smoky-mountains-vs-blue-ridge,https://tabiji.ai/compare/great-smoky-mountains-vs-blue-ridge/,great smoky mountains vs blue ridge,20,blue ridge vs great smoky mountains,20,great smoky mountains vs blue ridge,20,40
guanajuato-vs-san-miguel-de-allende,https://tabiji.ai/compare/guanajuato-vs-san-miguel-de-allende/,guanajuato vs san miguel de allende,20,san miguel de allende vs guanajuato,20,guanajuato vs san miguel de allende,20,40
guangzhou-vs-hong-kong,https://tabiji.ai/compare/guangzhou-vs-hong-kong/,guangzhou vs hong kong,20,hong kong vs guangzhou,20,guangzhou vs hong kong,20,40
gyeongju-vs-jeonju,https://tabiji.ai/compare/gyeongju-vs-jeonju/,gyeongju vs jeonju,20,jeonju vs gyeongju,20,gyeongju vs jeonju,20,40
helsinki-vs-tallinn,https://tabiji.ai/compare/helsinki-vs-tallinn/,helsinki vs tallinn,20,tallinn vs helsinki,20,helsinki vs tallinn,20,40
himalayas-vs-andes,https://tabiji.ai/compare/himalayas-vs-andes/,himalayas vs andes,20,andes vs himalayas,20,himalayas vs andes,20,40
hiroshima-vs-osaka,https://tabiji.ai/compare/hiroshima-vs-osaka/,hiroshima vs osaka,20,osaka vs hiroshima,20,hiroshima vs osaka,20,40
hokkaido-vs-okinawa,https://tabiji.ai/compare/hokkaido-vs-okinawa/,hokkaido vs okinawa,20,okinawa vs hokkaido,20,hokkaido vs okinawa,20,40
hwange-vs-chobe,https://tabiji.ai/compare/hwange-vs-chobe/,hwange vs chobe,20,chobe vs hwange,20,hwange vs chobe,20,40
inca-trail-vs-kilimanjaro,https://tabiji.ai/compare/inca-trail-vs-kilimanjaro/,inca trail vs kilimanjaro,20,kilimanjaro vs inca trail,20,inca trail vs kilimanjaro,20,40
incheon-vs-busan,https://tabiji.ai/compare/incheon-vs-busan/,incheon vs busan,20,busan vs incheon,20,incheon vs busan,20,40
ishigaki-vs-miyako,https://tabiji.ai/compare/ishigaki-vs-miyako/,ishigaki vs miyako,0,miyako vs ishigaki,40,miyako vs ishigaki,40,40
istanbul-vs-cairo,https://tabiji.ai/compare/istanbul-vs-cairo/,istanbul vs cairo,20,cairo vs istanbul,20,istanbul vs cairo,20,40
istanbul-vs-marrakech,https://tabiji.ai/compare/istanbul-vs-marrakech/,istanbul vs marrakech,20,marrakech vs istanbul,20,istanbul vs marrakech,20,40
jakarta-vs-singapore,https://tabiji.ai/compare/jakarta-vs-singapore/,jakarta vs singapore,20,singapore vs jakarta,20,jakarta vs singapore,20,40
kamakura-vs-nikko,https://tabiji.ai/compare/kamakura-vs-nikko/,kamakura vs nikko,20,nikko vs kamakura,20,kamakura vs nikko,20,40
kaohsiung-vs-tainan,https://tabiji.ai/compare/kaohsiung-vs-tainan/,kaohsiung vs tainan,20,tainan vs kaohsiung,20,kaohsiung vs tainan,20,40
kigali-vs-kampala,https://tabiji.ai/compare/kigali-vs-kampala/,kigali vs kampala,20,kampala vs kigali,20,kigali vs kampala,20,40
kilimanjaro-vs-aconcagua,https://tabiji.ai/compare/kilimanjaro-vs-aconcagua/,kilimanjaro vs aconcagua,20,aconcagua vs kilimanjaro,20,kilimanjaro vs aconcagua,20,40
kobe-vs-osaka,https://tabiji.ai/compare/kobe-vs-osaka/,kobe vs osaka,20,osaka vs kobe,20,kobe vs osaka,20,40
koh-tao-vs-koh-lipe,https://tabiji.ai/compare/koh-tao-vs-koh-lipe/,koh tao vs koh lipe,20,koh lipe vs koh tao,20,koh tao vs koh lipe,20,40
kolkata-vs-delhi,https://tabiji.ai/compare/kolkata-vs-delhi/,kolkata vs delhi,20,delhi vs kolkata,20,kolkata vs delhi,20,40
la-paz-vs-sucre,https://tabiji.ai/compare/la-paz-vs-sucre/,la paz vs sucre,30,sucre vs la paz,10,la paz vs sucre,30,40
lake-district-vs-cotswolds,https://tabiji.ai/compare/lake-district-vs-cotswolds/,lake district vs cotswolds,20,cotswolds vs lake district,20,lake district vs cotswolds,20,40
lapland-vs-tromso,https://tabiji.ai/compare/lapland-vs-tromso/,lapland vs tromso,20,tromso vs lapland,20,lapland vs tromso,20,40
lima-vs-buenos-aires,https://tabiji.ai/compare/lima-vs-buenos-aires/,lima vs buenos aires,20,buenos aires vs lima,20,lima vs buenos aires,20,40
lima-vs-mexico-city,https://tabiji.ai/compare/lima-vs-mexico-city/,lima vs mexico city,20,mexico city vs lima,20,lima vs mexico city,20,40
lisbon-vs-rome,https://tabiji.ai/compare/lisbon-vs-rome/,lisbon vs rome,20,rome vs lisbon,20,lisbon vs rome,20,40
lombok-vs-flores,https://tabiji.ai/compare/lombok-vs-flores/,lombok vs flores,20,flores vs lombok,20,lombok vs flores,20,40
lombok-vs-gili-islands,https://tabiji.ai/compare/lombok-vs-gili-islands/,lombok vs gili islands,20,gili islands vs lombok,20,lombok vs gili islands,20,40
london-vs-milan,https://tabiji.ai/compare/london-vs-milan/,london vs milan,20,milan vs london,20,london vs milan,20,40
london-vs-munich,https://tabiji.ai/compare/london-vs-munich/,london vs munich,20,munich vs london,20,london vs munich,20,40
luxor-vs-aswan,https://tabiji.ai/compare/luxor-vs-aswan/,luxor vs aswan,20,aswan vs luxor,20,luxor vs aswan,20,40
maldives-vs-caribbean,https://tabiji.ai/compare/maldives-vs-caribbean/,maldives vs caribbean,20,caribbean vs maldives,20,maldives vs caribbean,20,40
maldives-vs-phuket,https://tabiji.ai/compare/maldives-vs-phuket/,maldives vs phuket,20,phuket vs maldives,20,maldives vs phuket,20,40
mallorca-vs-corfu,https://tabiji.ai/compare/mallorca-vs-corfu/,mallorca vs corfu,20,corfu vs mallorca,20,mallorca vs corfu,20,40
matsumoto-vs-nagano,https://tabiji.ai/compare/matsumoto-vs-nagano/,matsumoto vs nagano,20,nagano vs matsumoto,20,matsumoto vs nagano,20,40
maui-vs-cancun,https://tabiji.ai/compare/maui-vs-cancun/,maui vs cancun,20,cancun vs maui,20,maui vs cancun,20,40
medellin-vs-buenos-aires,https://tabiji.ai/compare/medellin-vs-buenos-aires/,medellin vs buenos aires,20,buenos aires vs medellin,20,medellin vs buenos aires,20,40
medellin-vs-lima,https://tabiji.ai/compare/medellin-vs-lima/,medellin vs lima,20,lima vs medellin,20,medellin vs lima,20,40
medellin-vs-mexico-city,https://tabiji.ai/compare/medellin-vs-mexico-city/,medellin vs mexico city,20,mexico city vs medellin,20,medellin vs mexico city,20,40
mendoza-vs-buenos-aires,https://tabiji.ai/compare/mendoza-vs-buenos-aires/,mendoza vs buenos aires,20,buenos aires vs mendoza,20,mendoza vs buenos aires,20,40
mendoza-vs-salta,https://tabiji.ai/compare/mendoza-vs-salta/,mendoza vs salta,20,salta vs mendoza,20,mendoza vs salta,20,40
menorca-vs-formentera,https://tabiji.ai/compare/menorca-vs-formentera/,menorca vs formentera,20,formentera vs menorca,20,menorca vs formentera,20,40
merida-vs-campeche,https://tabiji.ai/compare/merida-vs-campeche/,merida vs campeche,20,campeche vs merida,20,merida vs campeche,20,40
mexico-city-vs-bogota,https://tabiji.ai/compare/mexico-city-vs-bogota/,mexico city vs bogota,20,bogota vs mexico city,20,mexico city vs bogota,20,40
mexico-city-vs-buenos-aires,https://tabiji.ai/compare/mexico-city-vs-buenos-aires/,mexico city vs buenos aires,20,buenos aires vs mexico city,20,mexico city vs buenos aires,20,40
miami-vs-san-juan,https://tabiji.ai/compare/miami-vs-san-juan/,miami vs san juan,20,san juan vs miami,20,miami vs san juan,20,40
monaco-vs-st-tropez,https://tabiji.ai/compare/monaco-vs-st-tropez/,monaco vs st tropez,20,st tropez vs monaco,20,monaco vs st tropez,20,40
mui-ne-vs-nha-trang,https://tabiji.ai/compare/mui-ne-vs-nha-trang/,mui ne vs nha trang,20,nha trang vs mui ne,20,mui ne vs nha trang,20,40
mysore-vs-bangalore,https://tabiji.ai/compare/mysore-vs-bangalore/,mysore vs bangalore,20,bangalore vs mysore,20,mysore vs bangalore,20,40
nagasaki-vs-fukuoka,https://tabiji.ai/compare/nagasaki-vs-fukuoka/,nagasaki vs fukuoka,20,fukuoka vs nagasaki,20,nagasaki vs fukuoka,20,40
nagoya-vs-tokyo,https://tabiji.ai/compare/nagoya-vs-tokyo/,nagoya vs tokyo,20,tokyo vs nagoya,20,nagoya vs tokyo,20,40
nairobi-vs-cape-town,https://tabiji.ai/compare/nairobi-vs-cape-town/,nairobi vs cape town,20,cape town vs nairobi,20,nairobi vs cape town,20,40
nairobi-vs-kampala,https://tabiji.ai/compare/nairobi-vs-kampala/,nairobi vs kampala,20,kampala vs nairobi,20,nairobi vs kampala,20,40
nara-vs-osaka,https://tabiji.ai/compare/nara-vs-osaka/,nara vs osaka,20,osaka vs nara,20,nara vs osaka,20,40
nice-vs-barcelona,https://tabiji.ai/compare/nice-vs-barcelona/,nice vs barcelona,20,barcelona vs nice,20,nice vs barcelona,20,40
ninh-binh-vs-ha-long-bay,https://tabiji.ai/compare/ninh-binh-vs-ha-long-bay/,ninh binh vs ha long bay,30,ha long bay vs ninh binh,10,ninh binh vs ha long bay,30,40
nuremberg-vs-munich,https://tabiji.ai/compare/nuremberg-vs-munich/,nuremberg vs munich,20,munich vs nuremberg,20,nuremberg vs munich,20,40
oaxaca-vs-guadalajara,https://tabiji.ai/compare/oaxaca-vs-guadalajara/,oaxaca vs guadalajara,20,guadalajara vs oaxaca,20,oaxaca vs guadalajara,20,40
okinawa-vs-jeju,https://tabiji.ai/compare/okinawa-vs-jeju/,okinawa vs jeju,20,jeju vs okinawa,20,okinawa vs jeju,20,40
ooty-vs-munnar,https://tabiji.ai/compare/ooty-vs-munnar/,ooty vs munnar,20,munnar vs ooty,20,ooty vs munnar,20,40
osaka-vs-seoul,https://tabiji.ai/compare/osaka-vs-seoul/,osaka vs seoul,20,seoul vs osaka,20,osaka vs seoul,20,40
paris-vs-lisbon,https://tabiji.ai/compare/paris-vs-lisbon/,paris vs lisbon,20,lisbon vs paris,20,paris vs lisbon,20,40
paris-vs-vienna,https://tabiji.ai/compare/paris-vs-vienna/,paris vs vienna,20,vienna vs paris,20,paris vs vienna,20,40
patagonia-vs-alaska,https://tabiji.ai/compare/patagonia-vs-alaska/,patagonia vs alaska,20,alaska vs patagonia,20,patagonia vs alaska,20,40
patagonia-vs-iceland,https://tabiji.ai/compare/patagonia-vs-iceland/,patagonia vs iceland,20,iceland vs patagonia,20,patagonia vs iceland,20,40
patagonia-vs-new-zealand,https://tabiji.ai/compare/patagonia-vs-new-zealand/,patagonia vs new zealand,20,new zealand vs patagonia,20,patagonia vs new zealand,20,40
penang-vs-ipoh,https://tabiji.ai/compare/penang-vs-ipoh/,penang vs ipoh,20,ipoh vs penang,20,penang vs ipoh,20,40
phu-quoc-vs-koh-samui,https://tabiji.ai/compare/phu-quoc-vs-koh-samui/,phu quoc vs koh samui,20,koh samui vs phu quoc,20,phu quoc vs koh samui,20,40
phuket-vs-penang,https://tabiji.ai/compare/phuket-vs-penang/,phuket vs penang,20,penang vs phuket,20,phuket vs penang,20,40
plovdiv-vs-sofia,https://tabiji.ai/compare/plovdiv-vs-sofia/,plovdiv vs sofia,20,sofia vs plovdiv,20,plovdiv vs sofia,20,40
provence-vs-tuscany,https://tabiji.ai/compare/provence-vs-tuscany/,provence vs tuscany,20,tuscany vs provence,20,provence vs tuscany,20,40
quito-vs-cuenca,https://tabiji.ai/compare/quito-vs-cuenca/,quito vs cuenca,20,cuenca vs quito,20,quito vs cuenca,20,40
recife-vs-fortaleza,https://tabiji.ai/compare/recife-vs-fortaleza/,recife vs fortaleza,20,fortaleza vs recife,20,recife vs fortaleza,20,40
reunion-vs-mauritius,https://tabiji.ai/compare/reunion-vs-mauritius/,reunion vs mauritius,20,mauritius vs reunion,20,reunion vs mauritius,20,40
rhodes-vs-santorini,https://tabiji.ai/compare/rhodes-vs-santorini/,rhodes vs santorini,20,santorini vs rhodes,20,rhodes vs santorini,20,40
rioja-vs-bordeaux,https://tabiji.ai/compare/rioja-vs-bordeaux/,rioja vs bordeaux,20,bordeaux vs rioja,20,rioja vs bordeaux,20,40
rome-vs-amsterdam,https://tabiji.ai/compare/rome-vs-amsterdam/,rome vs amsterdam,20,amsterdam vs rome,20,rome vs amsterdam,20,40
rome-vs-madrid,https://tabiji.ai/compare/rome-vs-madrid/,rome vs madrid,20,madrid vs rome,20,rome vs madrid,20,40
ronda-vs-granada,https://tabiji.ai/compare/ronda-vs-granada/,ronda vs granada,20,granada vs ronda,20,ronda vs granada,20,40
rotorua-vs-taupo,https://tabiji.ai/compare/rotorua-vs-taupo/,rotorua vs taupo,20,taupo vs rotorua,20,rotorua vs taupo,20,40
rwanda-vs-kenya,https://tabiji.ai/compare/rwanda-vs-kenya/,rwanda vs kenya,20,kenya vs rwanda,20,rwanda vs kenya,20,40
salt-lake-city-vs-phoenix,https://tabiji.ai/compare/salt-lake-city-vs-phoenix/,salt lake city vs phoenix,20,phoenix vs salt lake city,20,salt lake city vs phoenix,20,40
salzburg-vs-munich,https://tabiji.ai/compare/salzburg-vs-munich/,salzburg vs munich,20,munich vs salzburg,20,salzburg vs munich,20,40
san-sebastian-vs-barcelona,https://tabiji.ai/compare/san-sebastian-vs-barcelona/,san sebastian vs barcelona,20,barcelona vs san sebastian,20,san sebastian vs barcelona,20,40
santa-barbara-vs-monterey,https://tabiji.ai/compare/santa-barbara-vs-monterey/,santa barbara vs monterey,20,monterey vs santa barbara,20,santa barbara vs monterey,20,40
sarajevo-vs-belgrade,https://tabiji.ai/compare/sarajevo-vs-belgrade/,sarajevo vs belgrade,20,belgrade vs sarajevo,20,sarajevo vs belgrade,20,40
savannah-vs-st-augustine,https://tabiji.ai/compare/savannah-vs-st-augustine/,savannah vs st augustine,20,st augustine vs savannah,20,savannah vs st augustine,20,40
sedona-vs-moab,https://tabiji.ai/compare/sedona-vs-moab/,sedona vs moab,20,moab vs sedona,20,sedona vs moab,20,40
seoul-vs-bangkok,https://tabiji.ai/compare/seoul-vs-bangkok/,seoul vs bangkok,20,bangkok vs seoul,20,seoul vs bangkok,20,40
seoul-vs-taipei,https://tabiji.ai/compare/seoul-vs-taipei/,seoul vs taipei,20,taipei vs seoul,20,seoul vs taipei,20,40
seychelles-vs-fiji,https://tabiji.ai/compare/seychelles-vs-fiji/,seychelles vs fiji,20,fiji vs seychelles,20,seychelles vs fiji,20,40
shanghai-vs-seoul,https://tabiji.ai/compare/shanghai-vs-seoul/,shanghai vs seoul,20,seoul vs shanghai,20,shanghai vs seoul,20,40
shikoku-vs-kyushu,https://tabiji.ai/compare/shikoku-vs-kyushu/,shikoku vs kyushu,20,kyushu vs shikoku,20,shikoku vs kyushu,20,40
shimla-vs-manali,https://tabiji.ai/compare/shimla-vs-manali/,shimla vs manali,20,manali vs shimla,20,shimla vs manali,20,40
siargao-vs-bohol,https://tabiji.ai/compare/siargao-vs-bohol/,siargao vs bohol,20,bohol vs siargao,20,siargao vs bohol,20,40
sibiu-vs-brasov,https://tabiji.ai/compare/sibiu-vs-brasov/,sibiu vs brasov,20,brasov vs sibiu,20,sibiu vs brasov,20,40
siem-reap-vs-phnom-penh,https://tabiji.ai/compare/siem-reap-vs-phnom-penh/,siem reap vs phnom penh,20,phnom penh vs siem reap,20,siem reap vs phnom penh,20,40
singapore-vs-penang,https://tabiji.ai/compare/singapore-vs-penang/,singapore vs penang,20,penang vs singapore,20,singapore vs penang,20,40
skopje-vs-tirana,https://tabiji.ai/compare/skopje-vs-tirana/,skopje vs tirana,20,tirana vs skopje,20,skopje vs tirana,20,40
sofia-vs-budapest,https://tabiji.ai/compare/sofia-vs-budapest/,sofia vs budapest,20,budapest vs sofia,20,sofia vs budapest,20,40
sri-lanka-vs-bali,https://tabiji.ai/compare/sri-lanka-vs-bali/,sri lanka vs bali,20,bali vs sri lanka,20,sri lanka vs bali,20,40
st-barts-vs-st-lucia,https://tabiji.ai/compare/st-barts-vs-st-lucia/,st barts vs st lucia,20,st lucia vs st barts,20,st barts vs st lucia,20,40
st-maarten-vs-st-barts,https://tabiji.ai/compare/st-maarten-vs-st-barts/,st maarten vs st barts,20,st barts vs st maarten,20,st maarten vs st barts,20,40
stockholm-vs-berlin,https://tabiji.ai/compare/stockholm-vs-berlin/,stockholm vs berlin,20,berlin vs stockholm,20,stockholm vs berlin,20,40
sukhothai-vs-ayutthaya,https://tabiji.ai/compare/sukhothai-vs-ayutthaya/,sukhothai vs ayutthaya,20,ayutthaya vs sukhothai,20,sukhothai vs ayutthaya,20,40
suzhou-vs-hangzhou,https://tabiji.ai/compare/suzhou-vs-hangzhou/,suzhou vs hangzhou,20,hangzhou vs suzhou,20,suzhou vs hangzhou,20,40
taichung-vs-tainan,https://tabiji.ai/compare/taichung-vs-tainan/,taichung vs tainan,20,tainan vs taichung,20,taichung vs tainan,20,40
taipei-vs-beijing,https://tabiji.ai/compare/taipei-vs-beijing/,taipei vs beijing,20,beijing vs taipei,20,taipei vs beijing,20,40
taipei-vs-tainan,https://tabiji.ai/compare/taipei-vs-tainan/,taipei vs tainan,20,tainan vs taipei,20,taipei vs tainan,20,40
tbilisi-vs-baku,https://tabiji.ai/compare/tbilisi-vs-baku/,tbilisi vs baku,20,baku vs tbilisi,20,tbilisi vs baku,20,40
tbilisi-vs-yerevan,https://tabiji.ai/compare/tbilisi-vs-yerevan/,tbilisi vs yerevan,20,yerevan vs tbilisi,20,tbilisi vs yerevan,20,40
tokyo-vs-bangkok,https://tabiji.ai/compare/tokyo-vs-bangkok/,tokyo vs bangkok,20,bangkok vs tokyo,20,tokyo vs bangkok,20,40
tokyo-vs-fukuoka,https://tabiji.ai/compare/tokyo-vs-fukuoka/,tokyo vs fukuoka,20,fukuoka vs tokyo,20,tokyo vs fukuoka,20,40
tokyo-vs-kuala-lumpur,https://tabiji.ai/compare/tokyo-vs-kuala-lumpur/,tokyo vs kuala lumpur,20,kuala lumpur vs tokyo,20,tokyo vs kuala lumpur,20,40
tokyo-vs-manila,https://tabiji.ai/compare/tokyo-vs-manila/,tokyo vs manila,20,manila vs tokyo,20,tokyo vs manila,20,40
tokyo-vs-paris,https://tabiji.ai/compare/tokyo-vs-paris/,tokyo vs paris,20,paris vs tokyo,20,tokyo vs paris,20,40
tokyo-vs-sapporo,https://tabiji.ai/compare/tokyo-vs-sapporo/,tokyo vs sapporo,20,sapporo vs tokyo,20,tokyo vs sapporo,20,40
tokyo-vs-singapore,https://tabiji.ai/compare/tokyo-vs-singapore/,tokyo vs singapore,20,singapore vs tokyo,20,tokyo vs singapore,20,40
tokyo-vs-taipei,https://tabiji.ai/compare/tokyo-vs-taipei/,tokyo vs taipei,20,taipei vs tokyo,20,tokyo vs taipei,20,40
torres-del-paine-vs-fitz-roy,https://tabiji.ai/compare/torres-del-paine-vs-fitz-roy/,torres del paine vs fitz roy,20,fitz roy vs torres del paine,20,torres del paine vs fitz roy,20,40
tromso-vs-lofoten,https://tabiji.ai/compare/tromso-vs-lofoten/,tromso vs lofoten,20,lofoten vs tromso,20,tromso vs lofoten,20,40
turks-and-caicos-vs-maldives,https://tabiji.ai/compare/turks-and-caicos-vs-maldives/,turks and caicos vs maldives,20,maldives vs turks and caicos,20,turks and caicos vs maldives,20,40
valparaiso-vs-santiago,https://tabiji.ai/compare/valparaiso-vs-santiago/,valparaiso vs santiago,20,santiago vs valparaiso,20,valparaiso vs santiago,20,40
vanuatu-vs-new-caledonia,https://tabiji.ai/compare/vanuatu-vs-new-caledonia/,vanuatu vs new caledonia,20,new caledonia vs vanuatu,20,vanuatu vs new caledonia,20,40
venice-vs-amsterdam,https://tabiji.ai/compare/venice-vs-amsterdam/,venice vs amsterdam,20,amsterdam vs venice,20,venice vs amsterdam,20,40
vilnius-vs-kaunas,https://tabiji.ai/compare/vilnius-vs-kaunas/,vilnius vs kaunas,20,kaunas vs vilnius,20,vilnius vs kaunas,20,40
vilnius-vs-riga,https://tabiji.ai/compare/vilnius-vs-riga/,vilnius vs riga,20,riga vs vilnius,20,vilnius vs riga,20,40
vilnius-vs-tallinn,https://tabiji.ai/compare/vilnius-vs-tallinn/,vilnius vs tallinn,20,tallinn vs vilnius,20,vilnius vs tallinn,20,40
warsaw-vs-prague,https://tabiji.ai/compare/warsaw-vs-prague/,warsaw vs prague,20,prague vs warsaw,20,warsaw vs prague,20,40
wroclaw-vs-krakow,https://tabiji.ai/compare/wroclaw-vs-krakow/,wroclaw vs krakow,20,krakow vs wroclaw,20,wroclaw vs krakow,20,40
york-vs-edinburgh,https://tabiji.ai/compare/york-vs-edinburgh/,york vs edinburgh,20,edinburgh vs york,20,york vs edinburgh,20,40
yunnan-vs-sichuan,https://tabiji.ai/compare/yunnan-vs-sichuan/,yunnan vs sichuan,20,sichuan vs yunnan,20,yunnan vs sichuan,20,40
zanzibar-vs-maldives,https://tabiji.ai/compare/zanzibar-vs-maldives/,zanzibar vs maldives,20,maldives vs zanzibar,20,zanzibar vs maldives,20,40
zanzibar-vs-mauritius,https://tabiji.ai/compare/zanzibar-vs-mauritius/,zanzibar vs mauritius,30,mauritius vs zanzibar,10,zanzibar vs mauritius,30,40
zanzibar-vs-mozambique,https://tabiji.ai/compare/zanzibar-vs-mozambique/,zanzibar vs mozambique,20,mozambique vs zanzibar,20,zanzibar vs mozambique,20,40
zurich-vs-paris,https://tabiji.ai/compare/zurich-vs-paris/,zurich vs paris,20,paris vs zurich,20,zurich vs paris,20,40
barcelona-vs-amsterdam,https://tabiji.ai/compare/barcelona-vs-amsterdam/,barcelona vs amsterdam,20,amsterdam vs barcelona,10,barcelona vs amsterdam,20,30
bergen-vs-stavanger,https://tabiji.ai/compare/bergen-vs-stavanger/,bergen vs stavanger,30,stavanger vs bergen,0,bergen vs stavanger,30,30
bratislava-vs-budapest,https://tabiji.ai/compare/bratislava-vs-budapest/,bratislava vs budapest,20,budapest vs bratislava,10,bratislava vs budapest,20,30
budapest-vs-belgrade,https://tabiji.ai/compare/budapest-vs-belgrade/,budapest vs belgrade,10,belgrade vs budapest,20,belgrade vs budapest,20,30
cartagena-vs-havana,https://tabiji.ai/compare/cartagena-vs-havana/,cartagena vs havana,10,havana vs cartagena,20,havana vs cartagena,20,30
cartagena-vs-santa-marta,https://tabiji.ai/compare/cartagena-vs-santa-marta/,cartagena vs santa marta,20,santa marta vs cartagena,10,cartagena vs santa marta,20,30
colombo-vs-galle,https://tabiji.ai/compare/colombo-vs-galle/,colombo vs galle,20,galle vs colombo,10,colombo vs galle,20,30
faroe-islands-vs-lofoten,https://tabiji.ai/compare/faroe-islands-vs-lofoten/,faroe islands vs lofoten,10,lofoten vs faroe islands,20,lofoten vs faroe islands,20,30
hanoi-vs-sapa,https://tabiji.ai/compare/hanoi-vs-sapa/,hanoi vs sapa,30,sapa vs hanoi,0,hanoi vs sapa,30,30
hobart-vs-sydney,https://tabiji.ai/compare/hobart-vs-sydney/,hobart vs sydney,20,sydney vs hobart,10,hobart vs sydney,20,30
kobe-vs-kyoto,https://tabiji.ai/compare/kobe-vs-kyoto/,kobe vs kyoto,30,kyoto vs kobe,0,kobe vs kyoto,30,30
lakshadweep-vs-maldives,https://tabiji.ai/compare/lakshadweep-vs-maldives/,lakshadweep vs maldives,20,maldives vs lakshadweep,10,lakshadweep vs maldives,20,30
langkawi-vs-penang,https://tabiji.ai/compare/langkawi-vs-penang/,langkawi vs penang,10,penang vs langkawi,20,penang vs langkawi,20,30
lima-vs-quito,https://tabiji.ai/compare/lima-vs-quito/,lima vs quito,10,quito vs lima,20,quito vs lima,20,30
mombasa-vs-zanzibar,https://tabiji.ai/compare/mombasa-vs-zanzibar/,mombasa vs zanzibar,10,zanzibar vs mombasa,20,zanzibar vs mombasa,20,30
montevideo-vs-colonia,https://tabiji.ai/compare/montevideo-vs-colonia/,montevideo vs colonia,10,colonia vs montevideo,20,colonia vs montevideo,20,30
noosa-vs-sunshine-coast,https://tabiji.ai/compare/noosa-vs-sunshine-coast/,noosa vs sunshine coast,20,sunshine coast vs noosa,10,noosa vs sunshine coast,20,30
nusa-penida-vs-gili-islands,https://tabiji.ai/compare/nusa-penida-vs-gili-islands/,nusa penida vs gili islands,10,gili islands vs nusa penida,20,gili islands vs nusa penida,20,30
paris-vs-prague,https://tabiji.ai/compare/paris-vs-prague/,paris vs prague,0,prague vs paris,30,prague vs paris,30,30
poznan-vs-warsaw,https://tabiji.ai/compare/poznan-vs-warsaw/,poznan vs warsaw,20,warsaw vs poznan,10,poznan vs warsaw,20,30
rarotonga-vs-aitutaki,https://tabiji.ai/compare/rarotonga-vs-aitutaki/,rarotonga vs aitutaki,10,aitutaki vs rarotonga,20,aitutaki vs rarotonga,20,30
rhodes-vs-corfu,https://tabiji.ai/compare/rhodes-vs-corfu/,rhodes vs corfu,20,corfu vs rhodes,10,rhodes vs corfu,20,30
seminyak-vs-uluwatu,https://tabiji.ai/compare/seminyak-vs-uluwatu/,seminyak vs uluwatu,20,uluwatu vs seminyak,10,seminyak vs uluwatu,20,30
shanghai-vs-singapore,https://tabiji.ai/compare/shanghai-vs-singapore/,shanghai vs singapore,20,singapore vs shanghai,10,shanghai vs singapore,20,30
taipei-vs-kaohsiung,https://tabiji.ai/compare/taipei-vs-kaohsiung/,taipei vs kaohsiung,20,kaohsiung vs taipei,10,taipei vs kaohsiung,20,30
adriatic-vs-aegean,https://tabiji.ai/compare/adriatic-vs-aegean/,adriatic vs aegean,0,aegean vs adriatic,20,aegean vs adriatic,20,20
antigua-vs-lake-atitlan,https://tabiji.ai/compare/antigua-vs-lake-atitlan/,antigua vs lake atitlan,20,lake atitlan vs antigua,0,antigua vs lake atitlan,20,20
athens-vs-barcelona,https://tabiji.ai/compare/athens-vs-barcelona/,athens vs barcelona,20,barcelona vs athens,0,athens vs barcelona,20,20
bali-vs-langkawi,https://tabiji.ai/compare/bali-vs-langkawi/,bali vs langkawi,20,langkawi vs bali,0,bali vs langkawi,20,20
bali-vs-palawan,https://tabiji.ai/compare/bali-vs-palawan/,bali vs palawan,20,palawan vs bali,0,bali vs palawan,20,20
banff-vs-patagonia,https://tabiji.ai/compare/banff-vs-patagonia/,banff vs patagonia,0,patagonia vs banff,20,patagonia vs banff,20,20
bavarian-alps-vs-swiss-alps,https://tabiji.ai/compare/bavarian-alps-vs-swiss-alps/,bavarian alps vs swiss alps,20,swiss alps vs bavarian alps,0,bavarian alps vs swiss alps,20,20
bishkek-vs-almaty,https://tabiji.ai/compare/bishkek-vs-almaty/,bishkek vs almaty,20,almaty vs bishkek,0,bishkek vs almaty,20,20
bruges-vs-amsterdam,https://tabiji.ai/compare/bruges-vs-amsterdam/,bruges vs amsterdam,0,amsterdam vs bruges,20,amsterdam vs bruges,20,20
cairo-vs-marrakech,https://tabiji.ai/compare/cairo-vs-marrakech/,cairo vs marrakech,20,marrakech vs cairo,0,cairo vs marrakech,20,20
cartagena-vs-rio-de-janeiro,https://tabiji.ai/compare/cartagena-vs-rio-de-janeiro/,cartagena vs rio de janeiro,20,rio de janeiro vs cartagena,0,cartagena vs rio de janeiro,20,20
champagne-vs-burgundy,https://tabiji.ai/compare/champagne-vs-burgundy/,champagne vs burgundy,0,burgundy vs champagne,20,burgundy vs champagne,20,20
chiang-mai-vs-pattaya,https://tabiji.ai/compare/chiang-mai-vs-pattaya/,chiang mai vs pattaya,0,pattaya vs chiang mai,20,pattaya vs chiang mai,20,20
colombo-vs-mumbai,https://tabiji.ai/compare/colombo-vs-mumbai/,colombo vs mumbai,20,mumbai vs colombo,0,colombo vs mumbai,20,20
cook-islands-vs-bora-bora,https://tabiji.ai/compare/cook-islands-vs-bora-bora/,cook islands vs bora bora,20,bora bora vs cook islands,0,cook islands vs bora bora,20,20
costa-rica-vs-galapagos,https://tabiji.ai/compare/costa-rica-vs-galapagos/,costa rica vs galapagos,0,galapagos vs costa rica,20,galapagos vs costa rica,20,20
da-nang-vs-bali,https://tabiji.ai/compare/da-nang-vs-bali/,da nang vs bali,20,bali vs da nang,0,da nang vs bali,20,20
dakar-vs-abidjan,https://tabiji.ai/compare/dakar-vs-abidjan/,dakar vs abidjan,0,abidjan vs dakar,20,abidjan vs dakar,20,20
davao-vs-cebu,https://tabiji.ai/compare/davao-vs-cebu/,davao vs cebu,20,cebu vs davao,0,davao vs cebu,20,20
dubrovnik-vs-kotor,https://tabiji.ai/compare/dubrovnik-vs-kotor/,dubrovnik vs kotor,0,kotor vs dubrovnik,20,kotor vs dubrovnik,20,20
east-coast-australia-vs-west-coast,https://tabiji.ai/compare/east-coast-australia-vs-west-coast/,east coast australia vs west coast,0,west coast vs east coast australia,20,west coast vs east coast australia,20,20
easter-island-vs-galapagos,https://tabiji.ai/compare/easter-island-vs-galapagos/,easter island vs galapagos,20,galapagos vs easter island,0,easter island vs galapagos,20,20
ella-vs-kandy,https://tabiji.ai/compare/ella-vs-kandy/,ella vs kandy,20,kandy vs ella,0,ella vs kandy,20,20
essaouira-vs-taghazout,https://tabiji.ai/compare/essaouira-vs-taghazout/,essaouira vs taghazout,0,taghazout vs essaouira,20,taghazout vs essaouira,20,20
galapagos-vs-madagascar,https://tabiji.ai/compare/galapagos-vs-madagascar/,galapagos vs madagascar,0,madagascar vs galapagos,20,madagascar vs galapagos,20,20
glasgow-vs-london,https://tabiji.ai/compare/glasgow-vs-london/,glasgow vs london,20,london vs glasgow,0,glasgow vs london,20,20
gothenburg-vs-oslo,https://tabiji.ai/compare/gothenburg-vs-oslo/,gothenburg vs oslo,0,oslo vs gothenburg,20,oslo vs gothenburg,20,20
great-barrier-reef-vs-ningaloo-reef,https://tabiji.ai/compare/great-barrier-reef-vs-ningaloo-reef/,great barrier reef vs ningaloo reef,0,ningaloo reef vs great barrier reef,20,ningaloo reef vs great barrier reef,20,20
guilin-vs-zhangjiajie,https://tabiji.ai/compare/guilin-vs-zhangjiajie/,guilin vs zhangjiajie,20,zhangjiajie vs guilin,0,guilin vs zhangjiajie,20,20
hakone-vs-nikko,https://tabiji.ai/compare/hakone-vs-nikko/,hakone vs nikko,10,nikko vs hakone,10,hakone vs nikko,10,20
hangzhou-vs-shanghai,https://tabiji.ai/compare/hangzhou-vs-shanghai/,hangzhou vs shanghai,20,shanghai vs hangzhou,0,hangzhou vs shanghai,20,20
hawaii-vs-cook-islands,https://tabiji.ai/compare/hawaii-vs-cook-islands/,hawaii vs cook islands,0,cook islands vs hawaii,20,cook islands vs hawaii,20,20
ho-chi-minh-vs-phnom-penh,https://tabiji.ai/compare/ho-chi-minh-vs-phnom-penh/,ho chi minh vs phnom penh,0,phnom penh vs ho chi minh,20,phnom penh vs ho chi minh,20,20
hurghada-vs-sharm-el-sheikh,https://tabiji.ai/compare/hurghada-vs-sharm-el-sheikh/,hurghada vs sharm el sheikh,20,sharm el sheikh vs hurghada,0,hurghada vs sharm el sheikh,20,20
jackson-hole-vs-yellowstone,https://tabiji.ai/compare/jackson-hole-vs-yellowstone/,jackson hole vs yellowstone,20,yellowstone vs jackson hole,0,jackson hole vs yellowstone,20,20
jackson-vs-memphis,https://tabiji.ai/compare/jackson-vs-memphis/,jackson vs memphis,20,memphis vs jackson,0,jackson vs memphis,20,20
jaipur-vs-delhi,https://tabiji.ai/compare/jaipur-vs-delhi/,jaipur vs delhi,20,delhi vs jaipur,0,jaipur vs delhi,20,20
jaisalmer-vs-jaipur,https://tabiji.ai/compare/jaisalmer-vs-jaipur/,jaisalmer vs jaipur,0,jaipur vs jaisalmer,20,jaipur vs jaisalmer,20,20
jakarta-vs-kuala-lumpur,https://tabiji.ai/compare/jakarta-vs-kuala-lumpur/,jakarta vs kuala lumpur,20,kuala lumpur vs jakarta,0,jakarta vs kuala lumpur,20,20
japan-vs-malaysia,https://tabiji.ai/compare/japan-vs-malaysia/,japan vs malaysia,0,malaysia vs japan,20,malaysia vs japan,20,20
japan-vs-sri-lanka,https://tabiji.ai/compare/japan-vs-sri-lanka/,japan vs sri lanka,0,sri lanka vs japan,20,sri lanka vs japan,20,20
jodhpur-vs-jaisalmer,https://tabiji.ai/compare/jodhpur-vs-jaisalmer/,jodhpur vs jaisalmer,0,jaisalmer vs jodhpur,20,jaisalmer vs jodhpur,20,20
kathmandu-vs-pokhara,https://tabiji.ai/compare/kathmandu-vs-pokhara/,kathmandu vs pokhara,10,pokhara vs kathmandu,10,kathmandu vs pokhara,10,20
kefalonia-vs-mykonos,https://tabiji.ai/compare/kefalonia-vs-mykonos/,kefalonia vs mykonos,20,mykonos vs kefalonia,0,kefalonia vs mykonos,20,20
kigali-vs-nairobi,https://tabiji.ai/compare/kigali-vs-nairobi/,kigali vs nairobi,20,nairobi vs kigali,0,kigali vs nairobi,20,20
ko-chang-vs-koh-samui,https://tabiji.ai/compare/ko-chang-vs-koh-samui/,ko chang vs koh samui,20,koh samui vs ko chang,0,ko chang vs koh samui,20,20
koh-lanta-vs-koh-phangan,https://tabiji.ai/compare/koh-lanta-vs-koh-phangan/,koh lanta vs koh phangan,20,koh phangan vs koh lanta,0,koh lanta vs koh phangan,20,20
koh-phi-phi-vs-koh-tao,https://tabiji.ai/compare/koh-phi-phi-vs-koh-tao/,koh phi phi vs koh tao,0,koh tao vs koh phi phi,20,koh tao vs koh phi phi,20,20
kota-kinabalu-vs-kuching,https://tabiji.ai/compare/kota-kinabalu-vs-kuching/,kota kinabalu vs kuching,0,kuching vs kota kinabalu,20,kuching vs kota kinabalu,20,20
kotor-vs-mostar,https://tabiji.ai/compare/kotor-vs-mostar/,kotor vs mostar,20,mostar vs kotor,0,kotor vs mostar,20,20
krabi-vs-koh-lanta,https://tabiji.ai/compare/krabi-vs-koh-lanta/,krabi vs koh lanta,20,koh lanta vs krabi,0,krabi vs koh lanta,20,20
kuwait-city-vs-dubai,https://tabiji.ai/compare/kuwait-city-vs-dubai/,kuwait city vs dubai,20,dubai vs kuwait city,0,kuwait city vs dubai,20,20
langkawi-vs-koh-samui,https://tabiji.ai/compare/langkawi-vs-koh-samui/,langkawi vs koh samui,0,koh samui vs langkawi,20,koh samui vs langkawi,20,20
langkawi-vs-phuket,https://tabiji.ai/compare/langkawi-vs-phuket/,langkawi vs phuket,0,phuket vs langkawi,20,phuket vs langkawi,20,20
lanzarote-vs-fuerteventura,https://tabiji.ai/compare/lanzarote-vs-fuerteventura/,lanzarote vs fuerteventura,10,fuerteventura vs lanzarote,10,lanzarote vs fuerteventura,10,20
lanzarote-vs-madeira,https://tabiji.ai/compare/lanzarote-vs-madeira/,lanzarote vs madeira,20,madeira vs lanzarote,0,lanzarote vs madeira,20,20
lima-vs-bogota,https://tabiji.ai/compare/lima-vs-bogota/,lima vs bogota,20,bogota vs lima,0,lima vs bogota,20,20
london-vs-berlin,https://tabiji.ai/compare/london-vs-berlin/,london vs berlin,0,berlin vs london,20,berlin vs london,20,20
london-vs-madrid,https://tabiji.ai/compare/london-vs-madrid/,london vs madrid,0,madrid vs london,20,madrid vs london,20,20
masai-mara-vs-amboseli,https://tabiji.ai/compare/masai-mara-vs-amboseli/,masai mara vs amboseli,20,amboseli vs masai mara,0,masai mara vs amboseli,20,20
matsumoto-vs-kyoto,https://tabiji.ai/compare/matsumoto-vs-kyoto/,matsumoto vs kyoto,10,kyoto vs matsumoto,10,matsumoto vs kyoto,10,20
miyazaki-vs-kagoshima,https://tabiji.ai/compare/miyazaki-vs-kagoshima/,miyazaki vs kagoshima,0,kagoshima vs miyazaki,20,kagoshima vs miyazaki,20,20
montevideo-vs-santiago,https://tabiji.ai/compare/montevideo-vs-santiago/,montevideo vs santiago,20,santiago vs montevideo,0,montevideo vs santiago,20,20
montreal-vs-paris,https://tabiji.ai/compare/montreal-vs-paris/,montreal vs paris,20,paris vs montreal,0,montreal vs paris,20,20
muscat-vs-salalah,https://tabiji.ai/compare/muscat-vs-salalah/,muscat vs salalah,0,salalah vs muscat,20,salalah vs muscat,20,20
mykonos-vs-ios,https://tabiji.ai/compare/mykonos-vs-ios/,mykonos vs ios,0,ios vs mykonos,20,ios vs mykonos,20,20
nagano-vs-hakone,https://tabiji.ai/compare/nagano-vs-hakone/,nagano vs hakone,0,hakone vs nagano,20,hakone vs nagano,20,20
nairobi-vs-mombasa,https://tabiji.ai/compare/nairobi-vs-mombasa/,nairobi vs mombasa,20,mombasa vs nairobi,0,nairobi vs mombasa,20,20
naples-vs-bari,https://tabiji.ai/compare/naples-vs-bari/,naples vs bari,0,bari vs naples,20,bari vs naples,20,20
naples-vs-palermo,https://tabiji.ai/compare/naples-vs-palermo/,naples vs palermo,0,palermo vs naples,20,palermo vs naples,20,20
north-macedonia-vs-albania,https://tabiji.ai/compare/north-macedonia-vs-albania/,north macedonia vs albania,20,albania vs north macedonia,0,north macedonia vs albania,20,20
oslo-vs-reykjavik,https://tabiji.ai/compare/oslo-vs-reykjavik/,oslo vs reykjavik,20,reykjavik vs oslo,0,oslo vs reykjavik,20,20
palawan-vs-cebu,https://tabiji.ai/compare/palawan-vs-cebu/,palawan vs cebu,0,cebu vs palawan,20,cebu vs palawan,20,20
pokhara-vs-chitwan,https://tabiji.ai/compare/pokhara-vs-chitwan/,pokhara vs chitwan,0,chitwan vs pokhara,20,chitwan vs pokhara,20,20
pondicherry-vs-goa,https://tabiji.ai/compare/pondicherry-vs-goa/,pondicherry vs goa,20,goa vs pondicherry,0,pondicherry vs goa,20,20
porto-vs-douro-valley,https://tabiji.ai/compare/porto-vs-douro-valley/,porto vs douro valley,20,douro valley vs porto,0,porto vs douro valley,20,20
porto-vs-seville,https://tabiji.ai/compare/porto-vs-seville/,porto vs seville,0,seville vs porto,20,seville vs porto,20,20
raja-ampat-vs-palawan,https://tabiji.ai/compare/raja-ampat-vs-palawan/,raja ampat vs palawan,20,palawan vs raja ampat,0,raja ampat vs palawan,20,20
roatan-vs-cozumel,https://tabiji.ai/compare/roatan-vs-cozumel/,roatan vs cozumel,20,cozumel vs roatan,0,roatan vs cozumel,20,20
rome-vs-london,https://tabiji.ai/compare/rome-vs-london/,rome vs london,0,london vs rome,20,london vs rome,20,20
rovinj-vs-pula,https://tabiji.ai/compare/rovinj-vs-pula/,rovinj vs pula,0,pula vs rovinj,20,pula vs rovinj,20,20
sahara-vs-gobi,https://tabiji.ai/compare/sahara-vs-gobi/,sahara vs gobi,0,gobi vs sahara,20,gobi vs sahara,20,20
salvador-vs-recife,https://tabiji.ai/compare/salvador-vs-recife/,salvador vs recife,20,recife vs salvador,0,salvador vs recife,20,20
san-juan-vs-vieques,https://tabiji.ai/compare/san-juan-vs-vieques/,san juan vs vieques,0,vieques vs san juan,20,vieques vs san juan,20,20
santiago-vs-lima,https://tabiji.ai/compare/santiago-vs-lima/,santiago vs lima,0,lima vs santiago,20,lima vs santiago,20,20
santorini-vs-capri,https://tabiji.ai/compare/santorini-vs-capri/,santorini vs capri,20,capri vs santorini,0,santorini vs capri,20,20
sapa-vs-ha-giang,https://tabiji.ai/compare/sapa-vs-ha-giang/,sapa vs ha giang,0,ha giang vs sapa,20,ha giang vs sapa,20,20
sapporo-vs-kyoto,https://tabiji.ai/compare/sapporo-vs-kyoto/,sapporo vs kyoto,0,kyoto vs sapporo,20,kyoto vs sapporo,20,20
sendai-vs-tokyo,https://tabiji.ai/compare/sendai-vs-tokyo/,sendai vs tokyo,0,tokyo vs sendai,20,tokyo vs sendai,20,20
south-korea-vs-taiwan,https://tabiji.ai/compare/south-korea-vs-taiwan/,south korea vs taiwan,0,taiwan vs south korea,20,taiwan vs south korea,20,20
stellenbosch-vs-franschhoek,https://tabiji.ai/compare/stellenbosch-vs-franschhoek/,stellenbosch vs franschhoek,20,franschhoek vs stellenbosch,0,stellenbosch vs franschhoek,20,20
tangier-vs-casablanca,https://tabiji.ai/compare/tangier-vs-casablanca/,tangier vs casablanca,0,casablanca vs tangier,20,casablanca vs tangier,20,20
tashkent-vs-samarkand,https://tabiji.ai/compare/tashkent-vs-samarkand/,tashkent vs samarkand,20,samarkand vs tashkent,0,tashkent vs samarkand,20,20
tunis-vs-marrakech,https://tabiji.ai/compare/tunis-vs-marrakech/,tunis vs marrakech,20,marrakech vs tunis,0,tunis vs marrakech,20,20
turkey-vs-egypt,https://tabiji.ai/compare/turkey-vs-egypt/,turkey vs egypt,0,egypt vs turkey,20,egypt vs turkey,20,20
vis-vs-brac,https://tabiji.ai/compare/vis-vs-brac/,vis vs brac,20,brac vs vis,0,vis vs brac,20,20
warsaw-vs-berlin,https://tabiji.ai/compare/warsaw-vs-berlin/,warsaw vs berlin,0,berlin vs warsaw,20,berlin vs warsaw,20,20
warsaw-vs-budapest,https://tabiji.ai/compare/warsaw-vs-budapest/,warsaw vs budapest,20,budapest vs warsaw,0,warsaw vs budapest,20,20
wellington-vs-queenstown,https://tabiji.ai/compare/wellington-vs-queenstown/,wellington vs queenstown,0,queenstown vs wellington,20,queenstown vs wellington,20,20
yangon-vs-mandalay,https://tabiji.ai/compare/yangon-vs-mandalay/,yangon vs mandalay,20,mandalay vs yangon,0,yangon vs mandalay,20,20
zakynthos-vs-santorini,https://tabiji.ai/compare/zakynthos-vs-santorini/,zakynthos vs santorini,0,santorini vs zakynthos,20,santorini vs zakynthos,20,20
zanzibar-vs-cape-town,https://tabiji.ai/compare/zanzibar-vs-cape-town/,zanzibar vs cape town,20,cape town vs zanzibar,0,zanzibar vs cape town,20,20
alishan-vs-taroko-gorge,https://tabiji.ai/compare/alishan-vs-taroko-gorge/,alishan vs taroko gorge,10,taroko gorge vs alishan,0,alishan vs taroko gorge,10,10
bandung-vs-bali,https://tabiji.ai/compare/bandung-vs-bali/,bandung vs bali,0,bali vs bandung,10,bali vs bandung,10,10
chiang-mai-vs-luang-prabang,https://tabiji.ai/compare/chiang-mai-vs-luang-prabang/,chiang mai vs luang prabang,0,luang prabang vs chiang mai,10,luang prabang vs chiang mai,10,10
dalmatian-coast-vs-amalfi-coast,https://tabiji.ai/compare/dalmatian-coast-vs-amalfi-coast/,dalmatian coast vs amalfi coast,0,amalfi coast vs dalmatian coast,10,amalfi coast vs dalmatian coast,10,10
guilin-vs-yangshuo,https://tabiji.ai/compare/guilin-vs-yangshuo/,guilin vs yangshuo,10,yangshuo vs guilin,0,guilin vs yangshuo,10,10
hakodate-vs-sapporo,https://tabiji.ai/compare/hakodate-vs-sapporo/,hakodate vs sapporo,10,sapporo vs hakodate,0,hakodate vs sapporo,10,10
havana-vs-trinidad,https://tabiji.ai/compare/havana-vs-trinidad/,havana vs trinidad,0,trinidad vs havana,10,trinidad vs havana,10,10
isle-of-skye-vs-highlands,https://tabiji.ai/compare/isle-of-skye-vs-highlands/,isle of skye vs highlands,10,highlands vs isle of skye,0,isle of skye vs highlands,10,10
jiufen-vs-shifen,https://tabiji.ai/compare/jiufen-vs-shifen/,jiufen vs shifen,0,shifen vs jiufen,10,shifen vs jiufen,10,10
kefalonia-vs-corfu,https://tabiji.ai/compare/kefalonia-vs-corfu/,kefalonia vs corfu,10,corfu vs kefalonia,0,kefalonia vs corfu,10,10
kefalonia-vs-zakynthos,https://tabiji.ai/compare/kefalonia-vs-zakynthos/,kefalonia vs zakynthos,0,zakynthos vs kefalonia,10,zakynthos vs kefalonia,10,10
kovalam-vs-varkala,https://tabiji.ai/compare/kovalam-vs-varkala/,kovalam vs varkala,10,varkala vs kovalam,0,kovalam vs varkala,10,10
manali-vs-leh,https://tabiji.ai/compare/manali-vs-leh/,manali vs leh,0,leh vs manali,10,leh vs manali,10,10
pai-vs-chiang-mai,https://tabiji.ai/compare/pai-vs-chiang-mai/,pai vs chiang mai,0,chiang mai vs pai,10,chiang mai vs pai,10,10
puglia-vs-calabria,https://tabiji.ai/compare/puglia-vs-calabria/,puglia vs calabria,0,calabria vs puglia,10,calabria vs puglia,10,10
samarkand-vs-bukhara,https://tabiji.ai/compare/samarkand-vs-bukhara/,samarkand vs bukhara,10,bukhara vs samarkand,0,samarkand vs bukhara,10,10
seville-vs-lisbon,https://tabiji.ai/compare/seville-vs-lisbon/,seville vs lisbon,0,lisbon vs seville,10,lisbon vs seville,10,10
tel-aviv-vs-istanbul,https://tabiji.ai/compare/tel-aviv-vs-istanbul/,tel aviv vs istanbul,10,istanbul vs tel aviv,0,tel aviv vs istanbul,10,10
ubud-vs-canggu,https://tabiji.ai/compare/ubud-vs-canggu/,ubud vs canggu,0,canggu vs ubud,10,canggu vs ubud,10,10
varkala-vs-goa,https://tabiji.ai/compare/varkala-vs-goa/,varkala vs goa,0,goa vs varkala,10,goa vs varkala,10,10
vientiane-vs-luang-prabang,https://tabiji.ai/compare/vientiane-vs-luang-prabang/,vientiane vs luang prabang,10,luang prabang vs vientiane,0,vientiane vs luang prabang,10,10
abel-tasman-vs-milford-sound,https://tabiji.ai/compare/abel-tasman-vs-milford-sound/,abel tasman vs milford sound,0,milford sound vs abel tasman,0,abel tasman vs milford sound,0,0
abu-dhabi-vs-ras-al-khaimah,https://tabiji.ai/compare/abu-dhabi-vs-ras-al-khaimah/,abu dhabi vs ras al khaimah,0,ras al khaimah vs abu dhabi,0,abu dhabi vs ras al khaimah,0,0
accra-vs-dakar,https://tabiji.ai/compare/accra-vs-dakar/,accra vs dakar,0,dakar vs accra,0,accra vs dakar,0,0
addis-ababa-vs-simien-mountains,https://tabiji.ai/compare/addis-ababa-vs-simien-mountains/,addis ababa vs simien mountains,0,simien mountains vs addis ababa,0,addis ababa vs simien mountains,0,0
agadir-vs-essaouira,https://tabiji.ai/compare/agadir-vs-essaouira/,agadir vs essaouira,0,essaouira vs agadir,0,agadir vs essaouira,0,0
al-ula-vs-jeddah,https://tabiji.ai/compare/al-ula-vs-jeddah/,al ula vs jeddah,0,jeddah vs al ula,0,al ula vs jeddah,0,0
algarve-vs-amalfi-coast,https://tabiji.ai/compare/algarve-vs-amalfi-coast/,algarve vs amalfi coast,0,amalfi coast vs algarve,0,algarve vs amalfi coast,0,0
algarve-vs-costa-brava,https://tabiji.ai/compare/algarve-vs-costa-brava/,algarve vs costa brava,0,costa brava vs algarve,0,algarve vs costa brava,0,0
alsace-vs-burgundy,https://tabiji.ai/compare/alsace-vs-burgundy/,alsace vs burgundy,0,burgundy vs alsace,0,alsace vs burgundy,0,0
alsace-vs-loire-valley,https://tabiji.ai/compare/alsace-vs-loire-valley/,alsace vs loire valley,0,loire valley vs alsace,0,alsace vs loire valley,0,0
amazon-vs-borneo,https://tabiji.ai/compare/amazon-vs-borneo/,amazon vs borneo,0,borneo vs amazon,0,amazon vs borneo,0,0
amazon-vs-mekong,https://tabiji.ai/compare/amazon-vs-mekong/,amazon vs mekong,0,mekong vs amazon,0,amazon vs mekong,0,0
amazonas-vs-pantanal,https://tabiji.ai/compare/amazonas-vs-pantanal/,amazonas vs pantanal,0,pantanal vs amazonas,0,amazonas vs pantanal,0,0
amboseli-vs-serengeti,https://tabiji.ai/compare/amboseli-vs-serengeti/,amboseli vs serengeti,0,serengeti vs amboseli,0,amboseli vs serengeti,0,0
amed-vs-nusa-penida,https://tabiji.ai/compare/amed-vs-nusa-penida/,amed vs nusa penida,0,nusa penida vs amed,0,amed vs nusa penida,0,0
amman-vs-beirut,https://tabiji.ai/compare/amman-vs-beirut/,amman vs beirut,0,beirut vs amman,0,amman vs beirut,0,0
amritsar-vs-varanasi,https://tabiji.ai/compare/amritsar-vs-varanasi/,amritsar vs varanasi,0,varanasi vs amritsar,0,amritsar vs varanasi,0,0
andaman-islands-vs-lakshadweep,https://tabiji.ai/compare/andaman-islands-vs-lakshadweep/,andaman islands vs lakshadweep,0,lakshadweep vs andaman islands,0,andaman islands vs lakshadweep,0,0
andaman-islands-vs-maldives,https://tabiji.ai/compare/andaman-islands-vs-maldives/,andaman islands vs maldives,0,maldives vs andaman islands,0,andaman islands vs maldives,0,0
antigua-guatemala-vs-merida,https://tabiji.ai/compare/antigua-guatemala-vs-merida/,antigua guatemala vs merida,0,merida vs antigua guatemala,0,antigua guatemala vs merida,0,0
antigua-guatemala-vs-oaxaca,https://tabiji.ai/compare/antigua-guatemala-vs-oaxaca/,antigua guatemala vs oaxaca,0,oaxaca vs antigua guatemala,0,antigua guatemala vs oaxaca,0,0
bacalar-vs-holbox,https://tabiji.ai/compare/bacalar-vs-holbox/,bacalar vs holbox,0,holbox vs bacalar,0,bacalar vs holbox,0,0
bagan-vs-luang-prabang,https://tabiji.ai/compare/bagan-vs-luang-prabang/,bagan vs luang prabang,0,luang prabang vs bagan,0,bagan vs luang prabang,0,0
bali-vs-el-nido,https://tabiji.ai/compare/bali-vs-el-nido/,bali vs el nido,0,el nido vs bali,0,bali vs el nido,0,0
bali-vs-french-riviera,https://tabiji.ai/compare/bali-vs-french-riviera/,bali vs french riviera,0,french riviera vs bali,0,bali vs french riviera,0,0
bali-vs-medellin,https://tabiji.ai/compare/bali-vs-medellin/,bali vs medellin,0,medellin vs bali,0,bali vs medellin,0,0
bali-vs-new-caledonia,https://tabiji.ai/compare/bali-vs-new-caledonia/,bali vs new caledonia,0,new caledonia vs bali,0,bali vs new caledonia,0,0
bariloche-vs-el-calafate,https://tabiji.ai/compare/bariloche-vs-el-calafate/,bariloche vs el calafate,0,el calafate vs bariloche,0,bariloche vs el calafate,0,0
basle-vs-zurich,https://tabiji.ai/compare/basle-vs-zurich/,basle vs zurich,0,zurich vs basle,0,basle vs zurich,0,0
battambang-vs-kampot,https://tabiji.ai/compare/battambang-vs-kampot/,battambang vs kampot,0,kampot vs battambang,0,battambang vs kampot,0,0
bavarian-alps-vs-austrian-alps,https://tabiji.ai/compare/bavarian-alps-vs-austrian-alps/,bavarian alps vs austrian alps,0,austrian alps vs bavarian alps,0,bavarian alps vs austrian alps,0,0
beirut-vs-baalbek,https://tabiji.ai/compare/beirut-vs-baalbek/,beirut vs baalbek,0,baalbek vs beirut,0,beirut vs baalbek,0,0
bermuda-vs-st-barts,https://tabiji.ai/compare/bermuda-vs-st-barts/,bermuda vs st barts,0,st barts vs bermuda,0,bermuda vs st barts,0,0
bhutan-vs-ladakh,https://tabiji.ai/compare/bhutan-vs-ladakh/,bhutan vs ladakh,0,ladakh vs bhutan,0,bhutan vs ladakh,0,0
big-sur-vs-pacific-coast-highway,https://tabiji.ai/compare/big-sur-vs-pacific-coast-highway/,big sur vs pacific coast highway,0,pacific coast highway vs big sur,0,big sur vs pacific coast highway,0,0
blue-mountains-vs-hunter-valley,https://tabiji.ai/compare/blue-mountains-vs-hunter-valley/,blue mountains vs hunter valley,0,hunter valley vs blue mountains,0,blue mountains vs hunter valley,0,0
boracay-vs-siargao,https://tabiji.ai/compare/boracay-vs-siargao/,boracay vs siargao,0,siargao vs boracay,0,boracay vs siargao,0,0
bratislava-vs-ljubljana,https://tabiji.ai/compare/bratislava-vs-ljubljana/,bratislava vs ljubljana,0,ljubljana vs bratislava,0,bratislava vs ljubljana,0,0
budapest-vs-mexico-city,https://tabiji.ai/compare/budapest-vs-mexico-city/,budapest vs mexico city,0,mexico city vs budapest,0,budapest vs mexico city,0,0
bukhara-vs-khiva,https://tabiji.ai/compare/bukhara-vs-khiva/,bukhara vs khiva,0,khiva vs bukhara,0,bukhara vs khiva,0,0
cameron-highlands-vs-fraser-hill,https://tabiji.ai/compare/cameron-highlands-vs-fraser-hill/,cameron highlands vs fraser hill,0,fraser hill vs cameron highlands,0,cameron highlands vs fraser hill,0,0
canggu-vs-chiang-mai,https://tabiji.ai/compare/canggu-vs-chiang-mai/,canggu vs chiang mai,0,chiang mai vs canggu,0,canggu vs chiang mai,0,0
canggu-vs-da-nang,https://tabiji.ai/compare/canggu-vs-da-nang/,canggu vs da nang,0,da nang vs canggu,0,canggu vs da nang,0,0
cape-town-vs-garden-route,https://tabiji.ai/compare/cape-town-vs-garden-route/,cape town vs garden route,0,garden route vs cape town,0,cape town vs garden route,0,0
cape-town-vs-lisbon,https://tabiji.ai/compare/cape-town-vs-lisbon/,cape town vs lisbon,0,lisbon vs cape town,0,cape town vs lisbon,0,0
cape-town-vs-marrakech,https://tabiji.ai/compare/cape-town-vs-marrakech/,cape town vs marrakech,0,marrakech vs cape town,0,cape town vs marrakech,0,0
cesky-krumlov-vs-hallstatt,https://tabiji.ai/compare/cesky-krumlov-vs-hallstatt/,cesky krumlov vs hallstatt,0,hallstatt vs cesky krumlov,0,cesky krumlov vs hallstatt,0,0
champagne-vs-bordeaux,https://tabiji.ai/compare/champagne-vs-bordeaux/,champagne vs bordeaux,0,bordeaux vs champagne,0,champagne vs bordeaux,0,0
chengdu-vs-lijiang,https://tabiji.ai/compare/chengdu-vs-lijiang/,chengdu vs lijiang,0,lijiang vs chengdu,0,chengdu vs lijiang,0,0
chengdu-vs-xi-an,https://tabiji.ai/compare/chengdu-vs-xi-an/,chengdu vs xi an,0,xi an vs chengdu,0,chengdu vs xi an,0,0
chiang-mai-vs-hoi-an,https://tabiji.ai/compare/chiang-mai-vs-hoi-an/,chiang mai vs hoi an,0,hoi an vs chiang mai,0,chiang mai vs hoi an,0,0
chisinau-vs-bucharest,https://tabiji.ai/compare/chisinau-vs-bucharest/,chisinau vs bucharest,0,bucharest vs chisinau,0,chisinau vs bucharest,0,0
cinque-terre-vs-costa-brava,https://tabiji.ai/compare/cinque-terre-vs-costa-brava/,cinque terre vs costa brava,0,costa brava vs cinque terre,0,cinque terre vs costa brava,0,0
coromandel-vs-bay-of-islands,https://tabiji.ai/compare/coromandel-vs-bay-of-islands/,coromandel vs bay of islands,0,bay of islands vs coromandel,0,coromandel vs bay of islands,0,0
corsica-vs-crete,https://tabiji.ai/compare/corsica-vs-crete/,corsica vs crete,0,crete vs corsica,0,corsica vs crete,0,0
crete-vs-peloponnese,https://tabiji.ai/compare/crete-vs-peloponnese/,crete vs peloponnese,0,peloponnese vs crete,0,crete vs peloponnese,0,0
cusco-vs-arequipa,https://tabiji.ai/compare/cusco-vs-arequipa/,cusco vs arequipa,0,arequipa vs cusco,0,cusco vs arequipa,0,0
cusco-vs-kathmandu,https://tabiji.ai/compare/cusco-vs-kathmandu/,cusco vs kathmandu,0,kathmandu vs cusco,0,cusco vs kathmandu,0,0
cuzco-vs-machu-picchu,https://tabiji.ai/compare/cuzco-vs-machu-picchu/,cuzco vs machu picchu,0,machu picchu vs cuzco,0,cuzco vs machu picchu,0,0
da-lat-vs-chiang-mai,https://tabiji.ai/compare/da-lat-vs-chiang-mai/,da lat vs chiang mai,0,chiang mai vs da lat,0,da lat vs chiang mai,0,0
da-lat-vs-hoi-an,https://tabiji.ai/compare/da-lat-vs-hoi-an/,da lat vs hoi an,0,hoi an vs da lat,0,da lat vs hoi an,0,0
dahab-vs-sharm-el-sheikh,https://tabiji.ai/compare/dahab-vs-sharm-el-sheikh/,dahab vs sharm el sheikh,0,sharm el sheikh vs dahab,0,dahab vs sharm el sheikh,0,0
dakar-vs-saint-louis,https://tabiji.ai/compare/dakar-vs-saint-louis/,dakar vs saint louis,0,saint louis vs dakar,0,dakar vs saint louis,0,0
dharamsala-vs-manali,https://tabiji.ai/compare/dharamsala-vs-manali/,dharamsala vs manali,0,manali vs dharamsala,0,dharamsala vs manali,0,0
diani-vs-zanzibar,https://tabiji.ai/compare/diani-vs-zanzibar/,diani vs zanzibar,0,zanzibar vs diani,0,diani vs zanzibar,0,0
djerba-vs-hammamet,https://tabiji.ai/compare/djerba-vs-hammamet/,djerba vs hammamet,0,hammamet vs djerba,0,djerba vs hammamet,0,0
douro-valley-vs-algarve,https://tabiji.ai/compare/douro-valley-vs-algarve/,douro valley vs algarve,0,algarve vs douro valley,0,douro valley vs algarve,0,0
douro-vs-rioja,https://tabiji.ai/compare/douro-vs-rioja/,douro vs rioja,0,rioja vs douro,0,douro vs rioja,0,0
dubai-vs-santorini,https://tabiji.ai/compare/dubai-vs-santorini/,dubai vs santorini,0,santorini vs dubai,0,dubai vs santorini,0,0
east-timor-vs-bali,https://tabiji.ai/compare/east-timor-vs-bali/,east timor vs bali,0,bali vs east timor,0,east timor vs bali,0,0
etosha-vs-chobe,https://tabiji.ai/compare/etosha-vs-chobe/,etosha vs chobe,0,chobe vs etosha,0,etosha vs chobe,0,0
fez-vs-chefchaouen,https://tabiji.ai/compare/fez-vs-chefchaouen/,fez vs chefchaouen,0,chefchaouen vs fez,0,fez vs chefchaouen,0,0
fjords-vs-lofoten,https://tabiji.ai/compare/fjords-vs-lofoten/,fjords vs lofoten,0,lofoten vs fjords,0,fjords vs lofoten,0,0
galapagos-vs-amazon-ecuador,https://tabiji.ai/compare/galapagos-vs-amazon-ecuador/,galapagos vs amazon ecuador,0,amazon ecuador vs galapagos,0,galapagos vs amazon ecuador,0,0
galapagos-vs-great-barrier-reef,https://tabiji.ai/compare/galapagos-vs-great-barrier-reef/,galapagos vs great barrier reef,0,great barrier reef vs galapagos,0,galapagos vs great barrier reef,0,0
gangneung-vs-sokcho,https://tabiji.ai/compare/gangneung-vs-sokcho/,gangneung vs sokcho,0,sokcho vs gangneung,0,gangneung vs sokcho,0,0
garden-route-vs-route-62,https://tabiji.ai/compare/garden-route-vs-route-62/,garden route vs route 62,0,route 62 vs garden route,0,garden route vs route 62,0,0
ghent-vs-amsterdam,https://tabiji.ai/compare/ghent-vs-amsterdam/,ghent vs amsterdam,0,amsterdam vs ghent,0,ghent vs amsterdam,0,0
granada-vs-leon-nicaragua,https://tabiji.ai/compare/granada-vs-leon-nicaragua/,granada vs leon nicaragua,0,leon nicaragua vs granada,0,granada vs leon nicaragua,0,0
great-ocean-road-vs-garden-route,https://tabiji.ai/compare/great-ocean-road-vs-garden-route/,great ocean road vs garden route,0,garden route vs great ocean road,0,great ocean road vs garden route,0,0
gyeongju-vs-andong,https://tabiji.ai/compare/gyeongju-vs-andong/,gyeongju vs andong,0,andong vs gyeongju,0,gyeongju vs andong,0,0
halifax-vs-st-johns,https://tabiji.ai/compare/halifax-vs-st-johns/,halifax vs st johns,0,st johns vs halifax,0,halifax vs st johns,0,0
hallstatt-vs-interlaken,https://tabiji.ai/compare/hallstatt-vs-interlaken/,hallstatt vs interlaken,0,interlaken vs hallstatt,0,hallstatt vs interlaken,0,0
hampi-vs-mysore,https://tabiji.ai/compare/hampi-vs-mysore/,hampi vs mysore,0,mysore vs hampi,0,hampi vs mysore,0,0
hampi-vs-varanasi,https://tabiji.ai/compare/hampi-vs-varanasi/,hampi vs varanasi,0,varanasi vs hampi,0,hampi vs varanasi,0,0
hanoii-vs-hanoi,https://tabiji.ai/compare/hanoii-vs-hanoi/,hanoii vs hanoi,0,hanoi vs hanoii,0,hanoii vs hanoi,0,0
havana-vs-bogota,https://tabiji.ai/compare/havana-vs-bogota/,havana vs bogota,0,bogota vs havana,0,havana vs bogota,0,0
havana-vs-trinidad-cuba,https://tabiji.ai/compare/havana-vs-trinidad-cuba/,havana vs trinidad cuba,0,trinidad cuba vs havana,0,havana vs trinidad cuba,0,0
ho-chi-minh-vs-singapore,https://tabiji.ai/compare/ho-chi-minh-vs-singapore/,ho chi minh vs singapore,0,singapore vs ho chi minh,0,ho chi minh vs singapore,0,0
hoi-an-vs-luang-prabang,https://tabiji.ai/compare/hoi-an-vs-luang-prabang/,hoi an vs luang prabang,0,luang prabang vs hoi an,0,hoi an vs luang prabang,0,0
hoi-an-vs-oaxaca,https://tabiji.ai/compare/hoi-an-vs-oaxaca/,hoi an vs oaxaca,0,oaxaca vs hoi an,0,hoi an vs oaxaca,0,0
hokkaido-vs-kyushu,https://tabiji.ai/compare/hokkaido-vs-kyushu/,hokkaido vs kyushu,0,kyushu vs hokkaido,0,hokkaido vs kyushu,0,0
hpa-an-vs-inle-lake,https://tabiji.ai/compare/hpa-an-vs-inle-lake/,hpa an vs inle lake,0,inle lake vs hpa an,0,hpa an vs inle lake,0,0
huacachina-vs-nazca,https://tabiji.ai/compare/huacachina-vs-nazca/,huacachina vs nazca,0,nazca vs huacachina,0,huacachina vs nazca,0,0
hualien-vs-taipei,https://tabiji.ai/compare/hualien-vs-taipei/,hualien vs taipei,0,taipei vs hualien,0,hualien vs taipei,0,0
inca-trail-vs-w-trek,https://tabiji.ai/compare/inca-trail-vs-w-trek/,inca trail vs w trek,0,w trek vs inca trail,0,inca trail vs w trek,0,0
india-vs-southeast-asia,https://tabiji.ai/compare/india-vs-southeast-asia/,india vs southeast asia,0,southeast asia vs india,0,india vs southeast asia,0,0
jeonju-vs-busan,https://tabiji.ai/compare/jeonju-vs-busan/,jeonju vs busan,0,busan vs jeonju,0,jeonju vs busan,0,0
jerusalem-vs-amman,https://tabiji.ai/compare/jerusalem-vs-amman/,jerusalem vs amman,0,amman vs jerusalem,0,jerusalem vs amman,0,0
kagoshima-vs-okinawa,https://tabiji.ai/compare/kagoshima-vs-okinawa/,kagoshima vs okinawa,0,okinawa vs kagoshima,0,kagoshima vs okinawa,0,0
kangaroo-island-vs-phillip-island,https://tabiji.ai/compare/kangaroo-island-vs-phillip-island/,kangaroo island vs phillip island,0,phillip island vs kangaroo island,0,kangaroo island vs phillip island,0,0
kathmandu-vs-lhasa,https://tabiji.ai/compare/kathmandu-vs-lhasa/,kathmandu vs lhasa,0,lhasa vs kathmandu,0,kathmandu vs lhasa,0,0
kathmandu-vs-paro,https://tabiji.ai/compare/kathmandu-vs-paro/,kathmandu vs paro,0,paro vs kathmandu,0,kathmandu vs paro,0,0
kochi-vs-munnar,https://tabiji.ai/compare/kochi-vs-munnar/,kochi vs munnar,0,munnar vs kochi,0,kochi vs munnar,0,0
koh-rong-vs-koh-lanta,https://tabiji.ai/compare/koh-rong-vs-koh-lanta/,koh rong vs koh lanta,0,koh lanta vs koh rong,0,koh rong vs koh lanta,0,0
kolkata-vs-varanasi,https://tabiji.ai/compare/kolkata-vs-varanasi/,kolkata vs varanasi,0,varanasi vs kolkata,0,kolkata vs varanasi,0,0
komodo-vs-galapagos,https://tabiji.ai/compare/komodo-vs-galapagos/,komodo vs galapagos,0,galapagos vs komodo,0,komodo vs galapagos,0,0
koyasan-vs-kumano-kodo,https://tabiji.ai/compare/koyasan-vs-kumano-kodo/,koyasan vs kumano kodo,0,kumano kodo vs koyasan,0,koyasan vs kumano kodo,0,0
kruger-vs-okavango-delta,https://tabiji.ai/compare/kruger-vs-okavango-delta/,kruger vs okavango delta,0,okavango delta vs kruger,0,kruger vs okavango delta,0,0
kyoto-vs-bangkok,https://tabiji.ai/compare/kyoto-vs-bangkok/,kyoto vs bangkok,0,bangkok vs kyoto,0,kyoto vs bangkok,0,0
kyoto-vs-marrakech,https://tabiji.ai/compare/kyoto-vs-marrakech/,kyoto vs marrakech,0,marrakech vs kyoto,0,kyoto vs marrakech,0,0
kyoto-vs-seoul,https://tabiji.ai/compare/kyoto-vs-seoul/,kyoto vs seoul,0,seoul vs kyoto,0,kyoto vs seoul,0,0
ladakh-vs-nepal,https://tabiji.ai/compare/ladakh-vs-nepal/,ladakh vs nepal,0,nepal vs ladakh,0,ladakh vs nepal,0,0
lake-bled-vs-hallstatt,https://tabiji.ai/compare/lake-bled-vs-hallstatt/,lake bled vs hallstatt,0,hallstatt vs lake bled,0,lake bled vs hallstatt,0,0
lake-bled-vs-lake-atitlan,https://tabiji.ai/compare/lake-bled-vs-lake-atitlan/,lake bled vs lake atitlan,0,lake atitlan vs lake bled,0,lake bled vs lake atitlan,0,0
lake-como-vs-french-riviera,https://tabiji.ai/compare/lake-como-vs-french-riviera/,lake como vs french riviera,0,french riviera vs lake como,0,lake como vs french riviera,0,0
lake-como-vs-santorini,https://tabiji.ai/compare/lake-como-vs-santorini/,lake como vs santorini,0,santorini vs lake como,0,lake como vs santorini,0,0
lalibela-vs-axum,https://tabiji.ai/compare/lalibela-vs-axum/,lalibela vs axum,0,axum vs lalibela,0,lalibela vs axum,0,0
las-vegas-vs-scottsdale,https://tabiji.ai/compare/las-vegas-vs-scottsdale/,las vegas vs scottsdale,0,scottsdale vs las vegas,0,las vegas vs scottsdale,0,0
leon-vs-managua,https://tabiji.ai/compare/leon-vs-managua/,leon vs managua,0,managua vs leon,0,leon vs managua,0,0
lesbos-vs-rhodes,https://tabiji.ai/compare/lesbos-vs-rhodes/,lesbos vs rhodes,0,rhodes vs lesbos,0,lesbos vs rhodes,0,0
lijiang-vs-dali,https://tabiji.ai/compare/lijiang-vs-dali/,lijiang vs dali,0,dali vs lijiang,0,lijiang vs dali,0,0
lijiang-vs-kunming,https://tabiji.ai/compare/lijiang-vs-kunming/,lijiang vs kunming,0,kunming vs lijiang,0,lijiang vs kunming,0,0
lima-vs-bangkok,https://tabiji.ai/compare/lima-vs-bangkok/,lima vs bangkok,0,bangkok vs lima,0,lima vs bangkok,0,0
lima-vs-tokyo,https://tabiji.ai/compare/lima-vs-tokyo/,lima vs tokyo,0,tokyo vs lima,0,lima vs tokyo,0,0
lisbon-vs-tbilisi,https://tabiji.ai/compare/lisbon-vs-tbilisi/,lisbon vs tbilisi,0,tbilisi vs lisbon,0,lisbon vs tbilisi,0,0
london-vs-florence,https://tabiji.ai/compare/london-vs-florence/,london vs florence,0,florence vs london,0,london vs florence,0,0
london-vs-naples,https://tabiji.ai/compare/london-vs-naples/,london vs naples,0,naples vs london,0,london vs naples,0,0
london-vs-porto,https://tabiji.ai/compare/london-vs-porto/,london vs porto,0,porto vs london,0,london vs porto,0,0
london-vs-venice,https://tabiji.ai/compare/london-vs-venice/,london vs venice,0,venice vs london,0,london vs venice,0,0
luang-prabang-vs-siem-reap,https://tabiji.ai/compare/luang-prabang-vs-siem-reap/,luang prabang vs siem reap,0,siem reap vs luang prabang,0,luang prabang vs siem reap,0,0
lucerne-vs-grindelwald,https://tabiji.ai/compare/lucerne-vs-grindelwald/,lucerne vs grindelwald,0,grindelwald vs lucerne,0,lucerne vs grindelwald,0,0
luxor-vs-petra,https://tabiji.ai/compare/luxor-vs-petra/,luxor vs petra,0,petra vs luxor,0,luxor vs petra,0,0
lyon-vs-bologna,https://tabiji.ai/compare/lyon-vs-bologna/,lyon vs bologna,0,bologna vs lyon,0,lyon vs bologna,0,0
mae-hong-son-vs-pai,https://tabiji.ai/compare/mae-hong-son-vs-pai/,mae hong son vs pai,0,pai vs mae hong son,0,mae hong son vs pai,0,0
malacca-vs-george-town,https://tabiji.ai/compare/malacca-vs-george-town/,malacca vs george town,0,george town vs malacca,0,malacca vs george town,0,0
manado-vs-bali,https://tabiji.ai/compare/manado-vs-bali/,manado vs bali,0,bali vs manado,0,manado vs bali,0,0
mancora-vs-huanchaco,https://tabiji.ai/compare/mancora-vs-huanchaco/,mancora vs huanchaco,0,huanchaco vs mancora,0,mancora vs huanchaco,0,0
mandalay-vs-bagan,https://tabiji.ai/compare/mandalay-vs-bagan/,mandalay vs bagan,0,bagan vs mandalay,0,mandalay vs bagan,0,0
margaret-river-vs-barossa-valley,https://tabiji.ai/compare/margaret-river-vs-barossa-valley/,margaret river vs barossa valley,0,barossa valley vs margaret river,0,margaret river vs barossa valley,0,0
marlborough-vs-napa,https://tabiji.ai/compare/marlborough-vs-napa/,marlborough vs napa,0,napa vs marlborough,0,marlborough vs napa,0,0
marrakech-vs-chefchaouen,https://tabiji.ai/compare/marrakech-vs-chefchaouen/,marrakech vs chefchaouen,0,chefchaouen vs marrakech,0,marrakech vs chefchaouen,0,0
maui-vs-maldives,https://tabiji.ai/compare/maui-vs-maldives/,maui vs maldives,0,maldives vs maui,0,maui vs maldives,0,0
medellin-vs-chiang-mai,https://tabiji.ai/compare/medellin-vs-chiang-mai/,medellin vs chiang mai,0,chiang mai vs medellin,0,medellin vs chiang mai,0,0
mexico-city-vs-havana,https://tabiji.ai/compare/mexico-city-vs-havana/,mexico city vs havana,0,havana vs mexico city,0,mexico city vs havana,0,0
mexico-city-vs-lisbon,https://tabiji.ai/compare/mexico-city-vs-lisbon/,mexico city vs lisbon,0,lisbon vs mexico city,0,mexico city vs lisbon,0,0
miyajima-vs-naoshima,https://tabiji.ai/compare/miyajima-vs-naoshima/,miyajima vs naoshima,0,naoshima vs miyajima,0,miyajima vs naoshima,0,0
montserrat-vs-st-kitts,https://tabiji.ai/compare/montserrat-vs-st-kitts/,montserrat vs st kitts,0,st kitts vs montserrat,0,montserrat vs st kitts,0,0
moore-vs-bora-bora,https://tabiji.ai/compare/moore-vs-bora-bora/,moore vs bora bora,0,bora bora vs moore,0,moore vs bora bora,0,0
naoshima-vs-teshima,https://tabiji.ai/compare/naoshima-vs-teshima/,naoshima vs teshima,0,teshima vs naoshima,0,naoshima vs teshima,0,0
napa-valley-vs-tuscany,https://tabiji.ai/compare/napa-valley-vs-tuscany/,napa valley vs tuscany,0,tuscany vs napa valley,0,napa valley vs tuscany,0,0
new-orleans-vs-mexico-city,https://tabiji.ai/compare/new-orleans-vs-mexico-city/,new orleans vs mexico city,0,mexico city vs new orleans,0,new orleans vs mexico city,0,0
ngorongoro-vs-serengeti,https://tabiji.ai/compare/ngorongoro-vs-serengeti/,ngorongoro vs serengeti,0,serengeti vs ngorongoro,0,ngorongoro vs serengeti,0,0
niagara-falls-vs-banff,https://tabiji.ai/compare/niagara-falls-vs-banff/,niagara falls vs banff,0,banff vs niagara falls,0,niagara falls vs banff,0,0
normandy-vs-provence,https://tabiji.ai/compare/normandy-vs-provence/,normandy vs provence,0,provence vs normandy,0,normandy vs provence,0,0
nosy-be-vs-zanzibar,https://tabiji.ai/compare/nosy-be-vs-zanzibar/,nosy be vs zanzibar,0,zanzibar vs nosy be,0,nosy be vs zanzibar,0,0
oaxaca-vs-chiang-mai,https://tabiji.ai/compare/oaxaca-vs-chiang-mai/,oaxaca vs chiang mai,0,chiang mai vs oaxaca,0,oaxaca vs chiang mai,0,0
ohrid-vs-kotor,https://tabiji.ai/compare/ohrid-vs-kotor/,ohrid vs kotor,0,kotor vs ohrid,0,ohrid vs kotor,0,0
okavango-vs-serengeti,https://tabiji.ai/compare/okavango-vs-serengeti/,okavango vs serengeti,0,serengeti vs okavango,0,okavango vs serengeti,0,0
osaka-vs-bangkok,https://tabiji.ai/compare/osaka-vs-bangkok/,osaka vs bangkok,0,bangkok vs osaka,0,osaka vs bangkok,0,0
osaka-vs-taipei,https://tabiji.ai/compare/osaka-vs-taipei/,osaka vs taipei,0,taipei vs osaka,0,osaka vs taipei,0,0
otaru-vs-hakodate,https://tabiji.ai/compare/otaru-vs-hakodate/,otaru vs hakodate,0,hakodate vs otaru,0,otaru vs hakodate,0,0
palau-vs-great-barrier-reef,https://tabiji.ai/compare/palau-vs-great-barrier-reef/,palau vs great barrier reef,0,great barrier reef vs palau,0,palau vs great barrier reef,0,0
palau-vs-micronesia,https://tabiji.ai/compare/palau-vs-micronesia/,palau vs micronesia,0,micronesia vs palau,0,palau vs micronesia,0,0
palawan-vs-borneo,https://tabiji.ai/compare/palawan-vs-borneo/,palawan vs borneo,0,borneo vs palawan,0,palawan vs borneo,0,0
panama-city-vs-san-jose,https://tabiji.ai/compare/panama-city-vs-san-jose/,panama city vs san jose,0,san jose vs panama city,0,panama city vs san jose,0,0
pantanal-vs-borneo,https://tabiji.ai/compare/pantanal-vs-borneo/,pantanal vs borneo,0,borneo vs pantanal,0,pantanal vs borneo,0,0
pantanal-vs-okavango,https://tabiji.ai/compare/pantanal-vs-okavango/,pantanal vs okavango,0,okavango vs pantanal,0,pantanal vs okavango,0,0
paris-vs-lake-como,https://tabiji.ai/compare/paris-vs-lake-como/,paris vs lake como,0,lake como vs paris,0,paris vs lake como,0,0
paris-vs-santorini,https://tabiji.ai/compare/paris-vs-santorini/,paris vs santorini,0,santorini vs paris,0,paris vs santorini,0,0
patagonia-vs-canadian-rockies,https://tabiji.ai/compare/patagonia-vs-canadian-rockies/,patagonia vs canadian rockies,0,canadian rockies vs patagonia,0,patagonia vs canadian rockies,0,0
patagonia-vs-faroe-islands,https://tabiji.ai/compare/patagonia-vs-faroe-islands/,patagonia vs faroe islands,0,faroe islands vs patagonia,0,patagonia vs faroe islands,0,0
patagonia-vs-lofoten,https://tabiji.ai/compare/patagonia-vs-lofoten/,patagonia vs lofoten,0,lofoten vs patagonia,0,patagonia vs lofoten,0,0
patagonia-vs-norwegian-fjords,https://tabiji.ai/compare/patagonia-vs-norwegian-fjords/,patagonia vs norwegian fjords,0,norwegian fjords vs patagonia,0,patagonia vs norwegian fjords,0,0
patagonia-vs-scottish-highlands,https://tabiji.ai/compare/patagonia-vs-scottish-highlands/,patagonia vs scottish highlands,0,scottish highlands vs patagonia,0,patagonia vs scottish highlands,0,0
patagonia-vs-swiss-alps,https://tabiji.ai/compare/patagonia-vs-swiss-alps/,patagonia vs swiss alps,0,swiss alps vs patagonia,0,patagonia vs swiss alps,0,0
peloponnese-vs-cyclades,https://tabiji.ai/compare/peloponnese-vs-cyclades/,peloponnese vs cyclades,0,cyclades vs peloponnese,0,peloponnese vs cyclades,0,0
pemba-vs-zanzibar,https://tabiji.ai/compare/pemba-vs-zanzibar/,pemba vs zanzibar,0,zanzibar vs pemba,0,pemba vs zanzibar,0,0
penang-vs-bangkok,https://tabiji.ai/compare/penang-vs-bangkok/,penang vs bangkok,0,bangkok vs penang,0,penang vs bangkok,0,0
penang-vs-chiang-mai,https://tabiji.ai/compare/penang-vs-chiang-mai/,penang vs chiang mai,0,chiang mai vs penang,0,penang vs chiang mai,0,0
penang-vs-taipei,https://tabiji.ai/compare/penang-vs-taipei/,penang vs taipei,0,taipei vs penang,0,penang vs taipei,0,0
perth-vs-bali,https://tabiji.ai/compare/perth-vs-bali/,perth vs bali,0,bali vs perth,0,perth vs bali,0,0
petra-vs-jerash,https://tabiji.ai/compare/petra-vs-jerash/,petra vs jerash,0,jerash vs petra,0,petra vs jerash,0,0
phnom-penh-vs-vientiane,https://tabiji.ai/compare/phnom-penh-vs-vientiane/,phnom penh vs vientiane,0,vientiane vs phnom penh,0,phnom penh vs vientiane,0,0
playa-del-carmen-vs-lisbon,https://tabiji.ai/compare/playa-del-carmen-vs-lisbon/,playa del carmen vs lisbon,0,lisbon vs playa del carmen,0,playa del carmen vs lisbon,0,0
playa-del-carmen-vs-medellin,https://tabiji.ai/compare/playa-del-carmen-vs-medellin/,playa del carmen vs medellin,0,medellin vs playa del carmen,0,playa del carmen vs medellin,0,0
plovdiv-vs-bucharest,https://tabiji.ai/compare/plovdiv-vs-bucharest/,plovdiv vs bucharest,0,bucharest vs plovdiv,0,plovdiv vs bucharest,0,0
porto-vs-buenos-aires,https://tabiji.ai/compare/porto-vs-buenos-aires/,porto vs buenos aires,0,buenos aires vs porto,0,porto vs buenos aires,0,0
porto-vs-krakow,https://tabiji.ai/compare/porto-vs-krakow/,porto vs krakow,0,krakow vs porto,0,porto vs krakow,0,0
potosi-vs-cusco,https://tabiji.ai/compare/potosi-vs-cusco/,potosi vs cusco,0,cusco vs potosi,0,potosi vs cusco,0,0
pushkar-vs-jodhpur,https://tabiji.ai/compare/pushkar-vs-jodhpur/,pushkar vs jodhpur,0,jodhpur vs pushkar,0,pushkar vs jodhpur,0,0
queenstown-vs-chamonix,https://tabiji.ai/compare/queenstown-vs-chamonix/,queenstown vs chamonix,0,chamonix vs queenstown,0,queenstown vs chamonix,0,0
queenstown-vs-interlaken,https://tabiji.ai/compare/queenstown-vs-interlaken/,queenstown vs interlaken,0,interlaken vs queenstown,0,queenstown vs interlaken,0,0
raja-ampat-vs-great-barrier-reef,https://tabiji.ai/compare/raja-ampat-vs-great-barrier-reef/,raja ampat vs great barrier reef,0,great barrier reef vs raja ampat,0,raja ampat vs great barrier reef,0,0
red-sea-vs-coral-sea,https://tabiji.ai/compare/red-sea-vs-coral-sea/,red sea vs coral sea,0,coral sea vs red sea,0,red sea vs coral sea,0,0
reykjavik-vs-bergen,https://tabiji.ai/compare/reykjavik-vs-bergen/,reykjavik vs bergen,0,bergen vs reykjavik,0,reykjavik vs bergen,0,0
reykjavik-vs-edinburgh,https://tabiji.ai/compare/reykjavik-vs-edinburgh/,reykjavik vs edinburgh,0,edinburgh vs reykjavik,0,reykjavik vs edinburgh,0,0
reykjavik-vs-stockholm,https://tabiji.ai/compare/reykjavik-vs-stockholm/,reykjavik vs stockholm,0,stockholm vs reykjavik,0,reykjavik vs stockholm,0,0
ring-of-kerry-vs-wild-atlantic-way,https://tabiji.ai/compare/ring-of-kerry-vs-wild-atlantic-way/,ring of kerry vs wild atlantic way,0,wild atlantic way vs ring of kerry,0,ring of kerry vs wild atlantic way,0,0
rishikesh-vs-dharamsala,https://tabiji.ai/compare/rishikesh-vs-dharamsala/,rishikesh vs dharamsala,0,dharamsala vs rishikesh,0,rishikesh vs dharamsala,0,0
riviera-maya-vs-yucatan,https://tabiji.ai/compare/riviera-maya-vs-yucatan/,riviera maya vs yucatan,0,yucatan vs riviera maya,0,riviera maya vs yucatan,0,0
rotorua-vs-queenstown,https://tabiji.ai/compare/rotorua-vs-queenstown/,rotorua vs queenstown,0,queenstown vs rotorua,0,rotorua vs queenstown,0,0
sacred-valley-vs-colca-canyon,https://tabiji.ai/compare/sacred-valley-vs-colca-canyon/,sacred valley vs colca canyon,0,colca canyon vs sacred valley,0,sacred valley vs colca canyon,0,0
sahara-vs-atacama,https://tabiji.ai/compare/sahara-vs-atacama/,sahara vs atacama,0,atacama vs sahara,0,sahara vs atacama,0,0
san-jose-vs-managua,https://tabiji.ai/compare/san-jose-vs-managua/,san jose vs managua,0,managua vs san jose,0,san jose vs managua,0,0
san-jose-vs-medellin,https://tabiji.ai/compare/san-jose-vs-medellin/,san jose vs medellin,0,medellin vs san jose,0,san jose vs medellin,0,0
san-pedro-de-atacama-vs-uyuni,https://tabiji.ai/compare/san-pedro-de-atacama-vs-uyuni/,san pedro de atacama vs uyuni,0,uyuni vs san pedro de atacama,0,san pedro de atacama vs uyuni,0,0
san-sebastian-vs-bologna,https://tabiji.ai/compare/san-sebastian-vs-bologna/,san sebastian vs bologna,0,bologna vs san sebastian,0,san sebastian vs bologna,0,0
santorini-vs-tulum,https://tabiji.ai/compare/santorini-vs-tulum/,santorini vs tulum,0,tulum vs santorini,0,santorini vs tulum,0,0
sao-tome-vs-cape-verde,https://tabiji.ai/compare/sao-tome-vs-cape-verde/,sao tome vs cape verde,0,cape verde vs sao tome,0,sao tome vs cape verde,0,0
sarajevo-vs-kotor,https://tabiji.ai/compare/sarajevo-vs-kotor/,sarajevo vs kotor,0,kotor vs sarajevo,0,sarajevo vs kotor,0,0
scottish-highlands-vs-lake-district,https://tabiji.ai/compare/scottish-highlands-vs-lake-district/,scottish highlands vs lake district,0,lake district vs scottish highlands,0,scottish highlands vs lake district,0,0
scottish-highlands-vs-norwegian-fjords,https://tabiji.ai/compare/scottish-highlands-vs-norwegian-fjords/,scottish highlands vs norwegian fjords,0,norwegian fjords vs scottish highlands,0,scottish highlands vs norwegian fjords,0,0
shimokitazawa-vs-golden-gai,https://tabiji.ai/compare/shimokitazawa-vs-golden-gai/,shimokitazawa vs golden gai,0,golden gai vs shimokitazawa,0,shimokitazawa vs golden gai,0,0
shirakawa-go-vs-takayama,https://tabiji.ai/compare/shirakawa-go-vs-takayama/,shirakawa go vs takayama,0,takayama vs shirakawa go,0,shirakawa go vs takayama,0,0
siargao-vs-la-union,https://tabiji.ai/compare/siargao-vs-la-union/,siargao vs la union,0,la union vs siargao,0,siargao vs la union,0,0
sofia-vs-tbilisi,https://tabiji.ai/compare/sofia-vs-tbilisi/,sofia vs tbilisi,0,tbilisi vs sofia,0,sofia vs tbilisi,0,0
sossusvlei-vs-fish-river-canyon,https://tabiji.ai/compare/sossusvlei-vs-fish-river-canyon/,sossusvlei vs fish river canyon,0,fish river canyon vs sossusvlei,0,sossusvlei vs fish river canyon,0,0
south-france-vs-south-spain,https://tabiji.ai/compare/south-france-vs-south-spain/,south france vs south spain,0,south spain vs south france,0,south france vs south spain,0,0
st-barts-vs-maldives,https://tabiji.ai/compare/st-barts-vs-maldives/,st barts vs maldives,0,maldives vs st barts,0,st barts vs maldives,0,0
stellenbosch-vs-napa,https://tabiji.ai/compare/stellenbosch-vs-napa/,stellenbosch vs napa,0,napa vs stellenbosch,0,stellenbosch vs napa,0,0
stone-town-vs-jambiani,https://tabiji.ai/compare/stone-town-vs-jambiani/,stone town vs jambiani,0,jambiani vs stone town,0,stone town vs jambiani,0,0
swiss-alps-vs-french-riviera,https://tabiji.ai/compare/swiss-alps-vs-french-riviera/,swiss alps vs french riviera,0,french riviera vs swiss alps,0,swiss alps vs french riviera,0,0
tasmania-vs-south-island,https://tabiji.ai/compare/tasmania-vs-south-island/,tasmania vs south island,0,south island vs tasmania,0,tasmania vs south island,0,0
tbilisi-vs-bangkok,https://tabiji.ai/compare/tbilisi-vs-bangkok/,tbilisi vs bangkok,0,bangkok vs tbilisi,0,tbilisi vs bangkok,0,0
tbilisi-vs-medellin,https://tabiji.ai/compare/tbilisi-vs-medellin/,tbilisi vs medellin,0,medellin vs tbilisi,0,tbilisi vs medellin,0,0
tbilisi-vs-tirana,https://tabiji.ai/compare/tbilisi-vs-tirana/,tbilisi vs tirana,0,tirana vs tbilisi,0,tbilisi vs tirana,0,0
tegucigalpa-vs-san-jose,https://tabiji.ai/compare/tegucigalpa-vs-san-jose/,tegucigalpa vs san jose,0,san jose vs tegucigalpa,0,tegucigalpa vs san jose,0,0
thar-desert-vs-sahara,https://tabiji.ai/compare/thar-desert-vs-sahara/,thar desert vs sahara,0,sahara vs thar desert,0,thar desert vs sahara,0,0
thessaloniki-vs-istanbul,https://tabiji.ai/compare/thessaloniki-vs-istanbul/,thessaloniki vs istanbul,0,istanbul vs thessaloniki,0,thessaloniki vs istanbul,0,0
tirana-vs-sofia,https://tabiji.ai/compare/tirana-vs-sofia/,tirana vs sofia,0,sofia vs tirana,0,tirana vs sofia,0,0
tofino-vs-ucluelet,https://tabiji.ai/compare/tofino-vs-ucluelet/,tofino vs ucluelet,0,ucluelet vs tofino,0,tofino vs ucluelet,0,0
tokyo-vs-amsterdam,https://tabiji.ai/compare/tokyo-vs-amsterdam/,tokyo vs amsterdam,0,amsterdam vs tokyo,0,tokyo vs amsterdam,0,0
tokyo-vs-barcelona,https://tabiji.ai/compare/tokyo-vs-barcelona/,tokyo vs barcelona,0,barcelona vs tokyo,0,tokyo vs barcelona,0,0
tokyo-vs-busan,https://tabiji.ai/compare/tokyo-vs-busan/,tokyo vs busan,0,busan vs tokyo,0,tokyo vs busan,0,0
tokyo-vs-chengdu,https://tabiji.ai/compare/tokyo-vs-chengdu/,tokyo vs chengdu,0,chengdu vs tokyo,0,tokyo vs chengdu,0,0
tokyo-vs-da-nang,https://tabiji.ai/compare/tokyo-vs-da-nang/,tokyo vs da nang,0,da nang vs tokyo,0,tokyo vs da nang,0,0
tokyo-vs-hakone,https://tabiji.ai/compare/tokyo-vs-hakone/,tokyo vs hakone,0,hakone vs tokyo,0,tokyo vs hakone,0,0
tokyo-vs-hanoi,https://tabiji.ai/compare/tokyo-vs-hanoi/,tokyo vs hanoi,0,hanoi vs tokyo,0,tokyo vs hanoi,0,0
tokyo-vs-ho-chi-minh-city,https://tabiji.ai/compare/tokyo-vs-ho-chi-minh-city/,tokyo vs ho chi minh city,0,ho chi minh city vs tokyo,0,tokyo vs ho chi minh city,0,0
tokyo-vs-jeju,https://tabiji.ai/compare/tokyo-vs-jeju/,tokyo vs jeju,0,jeju vs tokyo,0,tokyo vs jeju,0,0
tokyo-vs-kamakura,https://tabiji.ai/compare/tokyo-vs-kamakura/,tokyo vs kamakura,0,kamakura vs tokyo,0,tokyo vs kamakura,0,0
tokyo-vs-kanazawa,https://tabiji.ai/compare/tokyo-vs-kanazawa/,tokyo vs kanazawa,0,kanazawa vs tokyo,0,tokyo vs kanazawa,0,0
tokyo-vs-nagano,https://tabiji.ai/compare/tokyo-vs-nagano/,tokyo vs nagano,0,nagano vs tokyo,0,tokyo vs nagano,0,0
tokyo-vs-nikko,https://tabiji.ai/compare/tokyo-vs-nikko/,tokyo vs nikko,0,nikko vs tokyo,0,tokyo vs nikko,0,0
tokyo-vs-phuket,https://tabiji.ai/compare/tokyo-vs-phuket/,tokyo vs phuket,0,phuket vs tokyo,0,tokyo vs phuket,0,0
tokyo-vs-rome,https://tabiji.ai/compare/tokyo-vs-rome/,tokyo vs rome,0,rome vs tokyo,0,tokyo vs rome,0,0
tokyo-vs-takayama,https://tabiji.ai/compare/tokyo-vs-takayama/,tokyo vs takayama,0,takayama vs tokyo,0,tokyo vs takayama,0,0
torres-del-paine-vs-mont-blanc,https://tabiji.ai/compare/torres-del-paine-vs-mont-blanc/,torres del paine vs mont blanc,0,mont blanc vs torres del paine,0,torres del paine vs mont blanc,0,0
toscana-vs-umbria,https://tabiji.ai/compare/toscana-vs-umbria/,toscana vs umbria,0,umbria vs toscana,0,toscana vs umbria,0,0
transylvania-vs-maramures,https://tabiji.ai/compare/transylvania-vs-maramures/,transylvania vs maramures,0,maramures vs transylvania,0,transylvania vs maramures,0,0
tulum-vs-havana,https://tabiji.ai/compare/tulum-vs-havana/,tulum vs havana,0,havana vs tulum,0,tulum vs havana,0,0
turin-vs-venice,https://tabiji.ai/compare/turin-vs-venice/,turin vs venice,0,venice vs turin,0,turin vs venice,0,0
tuscany-vs-bordeaux,https://tabiji.ai/compare/tuscany-vs-bordeaux/,tuscany vs bordeaux,0,bordeaux vs tuscany,0,tuscany vs bordeaux,0,0
tuscany-vs-santorini,https://tabiji.ai/compare/tuscany-vs-santorini/,tuscany vs santorini,0,santorini vs tuscany,0,tuscany vs santorini,0,0
ulaanbaatar-vs-almaty,https://tabiji.ai/compare/ulaanbaatar-vs-almaty/,ulaanbaatar vs almaty,0,almaty vs ulaanbaatar,0,ulaanbaatar vs almaty,0,0
uluru-vs-kakadu,https://tabiji.ai/compare/uluru-vs-kakadu/,uluru vs kakadu,0,kakadu vs uluru,0,uluru vs kakadu,0,0
uyuni-vs-atacama,https://tabiji.ai/compare/uyuni-vs-atacama/,uyuni vs atacama,0,atacama vs uyuni,0,uyuni vs atacama,0,0
valparaiso-vs-medellin,https://tabiji.ai/compare/valparaiso-vs-medellin/,valparaiso vs medellin,0,medellin vs valparaiso,0,valparaiso vs medellin,0,0
vang-vieng-vs-vientiane,https://tabiji.ai/compare/vang-vieng-vs-vientiane/,vang vieng vs vientiane,0,vientiane vs vang vieng,0,vang vieng vs vientiane,0,0
victoria-falls-vs-kruger,https://tabiji.ai/compare/victoria-falls-vs-kruger/,victoria falls vs kruger,0,kruger vs victoria falls,0,victoria falls vs kruger,0,0
vilnius-vs-warsaw,https://tabiji.ai/compare/vilnius-vs-warsaw/,vilnius vs warsaw,0,warsaw vs vilnius,0,vilnius vs warsaw,0,0
wadi-rum-vs-sahara,https://tabiji.ai/compare/wadi-rum-vs-sahara/,wadi rum vs sahara,0,sahara vs wadi rum,0,wadi rum vs sahara,0,0
whitsundays-vs-great-barrier-reef,https://tabiji.ai/compare/whitsundays-vs-great-barrier-reef/,whitsundays vs great barrier reef,0,great barrier reef vs whitsundays,0,whitsundays vs great barrier reef,0,0
wild-atlantic-way-vs-nc500,https://tabiji.ai/compare/wild-atlantic-way-vs-nc500/,wild atlantic way vs nc500,0,nc500 vs wild atlantic way,0,wild atlantic way vs nc500,0,0
wroclaw-vs-berlin,https://tabiji.ai/compare/wroclaw-vs-berlin/,wroclaw vs berlin,0,berlin vs wroclaw,0,wroclaw vs berlin,0,0
xi-an-vs-beijing,https://tabiji.ai/compare/xi-an-vs-beijing/,xi an vs beijing,0,beijing vs xi an,0,xi an vs beijing,0,0
yakushima-vs-aso,https://tabiji.ai/compare/yakushima-vs-aso/,yakushima vs aso,0,aso vs yakushima,0,yakushima vs aso,0,0
yarra-valley-vs-barossa-valley,https://tabiji.ai/compare/yarra-valley-vs-barossa-valley/,yarra valley vs barossa valley,0,barossa valley vs yarra valley,0,yarra valley vs barossa valley,0,0
yogyakarta-vs-solo,https://tabiji.ai/compare/yogyakarta-vs-solo/,yogyakarta vs solo,0,solo vs yogyakarta,0,yogyakarta vs solo,0,0
zagreb-vs-ljubljana,https://tabiji.ai/compare/zagreb-vs-ljubljana/,zagreb vs ljubljana,0,ljubljana vs zagreb,0,zagreb vs ljubljana,0,0
zanzibar-vs-goa,https://tabiji.ai/compare/zanzibar-vs-goa/,zanzibar vs goa,0,goa vs zanzibar,0,zanzibar vs goa,0,0
