slug,url,keyword,volume,title,city,category,page_type,tier
iran,https://tabiji.ai/popular-picks/iran/,iran,1500000,Popular Picks in Iran,Iran,restaurants/food,hub,1
israel,https://tabiji.ai/popular-picks/israel/,israel,1220000,Popular Picks in Israel,Israel,restaurants/food,hub,1
china,https://tabiji.ai/popular-picks/china/,china,823000,Popular Picks in China,China,restaurants/food,hub,1
puerto-rico,https://tabiji.ai/popular-picks/puerto-rico/,puerto rico,823000,Popular Picks in Puerto Rico,Puerto Rico,restaurants/food,hub,1
switzerland,https://tabiji.ai/popular-picks/switzerland/,switzerland,823000,Popular Picks in Switzerland,Switzerland,restaurants/food,hub,1
canada,https://tabiji.ai/popular-picks/canada/,canada,550000,Popular Picks in Canada,Canada,restaurants/food,hub,1
costa-rica,https://tabiji.ai/popular-picks/costa-rica/,costa rica,550000,Popular Picks in Costa Rica,Costa Rica,restaurants/food,hub,1
india,https://tabiji.ai/popular-picks/india/,india,550000,Popular Picks in India,India,restaurants/food,hub,1
jamaica,https://tabiji.ai/popular-picks/jamaica/,jamaica,550000,Popular Picks in Jamaica,Jamaica,restaurants/food,hub,1
japan,https://tabiji.ai/popular-picks/japan/,japan,550000,Popular Picks in Japan,Japan,restaurants/food,hub,1
mexico,https://tabiji.ai/popular-picks/mexico/,mexico,550000,Popular Picks in Mexico,Mexico,restaurants/food,hub,1
dominican-republic,https://tabiji.ai/popular-picks/dominican-republic/,dominican republic,450000,Popular Picks in Dominican Republic,Dominican Republic,bars/drinks,hub,1
portugal,https://tabiji.ai/popular-picks/portugal/,portugal,450000,Popular Picks in Portugal,Portugal,restaurants/food,hub,1
singapore,https://tabiji.ai/popular-picks/singapore/,singapore,450000,Popular Picks in Singapore,Singapore,restaurants/food,hub,1
turkey,https://tabiji.ai/popular-picks/turkey/,turkey,450000,Popular Picks in Turkey,Turkey,restaurants/food,hub,1
argentina,https://tabiji.ai/popular-picks/argentina/,argentina,368000,Popular Picks in Argentina,Argentina,restaurants/food,hub,1
australia,https://tabiji.ai/popular-picks/australia/,australia,368000,Popular Picks in Australia,Australia,restaurants/food,hub,1
el-salvador,https://tabiji.ai/popular-picks/el-salvador/,el salvador,368000,Popular Picks in El Salvador,El Salvador,restaurants/food,hub,1
georgia,https://tabiji.ai/popular-picks/georgia/,georgia,368000,Popular Picks in Georgia,Georgia,restaurants/food,hub,1
philippines,https://tabiji.ai/popular-picks/philippines/,philippines,368000,Popular Picks in Philippines,Philippines,restaurants/food,hub,1
qatar,https://tabiji.ai/popular-picks/qatar/,qatar,368000,Popular Picks in Qatar,Qatar,restaurants/food,hub,1
spain,https://tabiji.ai/popular-picks/spain/,spain,368000,Popular Picks in Spain,Spain,restaurants/food,hub,1
thailand,https://tabiji.ai/popular-picks/thailand/,thailand,368000,Popular Picks in Thailand,Thailand,restaurants/food,hub,1
usa,https://tabiji.ai/popular-picks/usa/,usa,368000,Popular Picks in USA,Usa,restaurants/food,hub,1
belize,https://tabiji.ai/popular-picks/belize/,belize,301000,Popular Picks in Belize,Belize,restaurants/food,hub,1
brazil,https://tabiji.ai/popular-picks/brazil/,brazil,301000,Popular Picks in Brazil,Brazil,restaurants/food,hub,1
colombia,https://tabiji.ai/popular-picks/colombia/,colombia,301000,Popular Picks in Colombia,Colombia,restaurants/food,hub,1
france,https://tabiji.ai/popular-picks/france/,france,301000,Popular Picks in France,France,restaurants/food,hub,1
germany,https://tabiji.ai/popular-picks/germany/,germany,301000,Popular Picks in Germany,Germany,restaurants/food,hub,1
greece,https://tabiji.ai/popular-picks/greece/,greece,301000,Popular Picks in Greece,Greece,restaurants/food,hub,1
guatemala,https://tabiji.ai/popular-picks/guatemala/,guatemala,301000,Popular Picks in Guatemala,Guatemala,restaurants/food,hub,1
iceland,https://tabiji.ai/popular-picks/iceland/,iceland,301000,Popular Picks in Iceland,Iceland,restaurants/food,hub,1
italy,https://tabiji.ai/popular-picks/italy/,italy,301000,Popular Picks in Italy,Italy,restaurants/food,hub,1
jordan,https://tabiji.ai/popular-picks/jordan/,jordan,301000,Popular Picks in Jordan,Jordan,restaurants/food,hub,1
nepal,https://tabiji.ai/popular-picks/nepal/,nepal,301000,Popular Picks in Nepal,Nepal,restaurants/food,hub,1
new-zealand,https://tabiji.ai/popular-picks/new-zealand/,new zealand,301000,Popular Picks in New Zealand,New Zealand,restaurants/food,hub,1
croatia,https://tabiji.ai/popular-picks/croatia/,croatia,246000,Popular Picks in Croatia,Croatia,restaurants/food,hub,1
cuba,https://tabiji.ai/popular-picks/cuba/,cuba,246000,Popular Picks in Cuba,Cuba,restaurants/food,hub,1
egypt,https://tabiji.ai/popular-picks/egypt/,egypt,246000,Popular Picks in Egypt,Egypt,restaurants/food,hub,1
honduras,https://tabiji.ai/popular-picks/honduras/,honduras,246000,Popular Picks in Honduras,Honduras,restaurants/food,hub,1
hong-kong,https://tabiji.ai/popular-picks/hong-kong/,hong kong,246000,Popular Picks in Hong Kong,Hong Kong,restaurants/food,hub,1
indonesia,https://tabiji.ai/popular-picks/indonesia/,indonesia,246000,Popular Picks in Indonesia,Indonesia,restaurants/food,hub,1
ireland,https://tabiji.ai/popular-picks/ireland/,ireland,246000,Popular Picks in Ireland,Ireland,restaurants/food,hub,1
madagascar,https://tabiji.ai/popular-picks/madagascar/,madagascar,246000,Popular Picks in Madagascar,Madagascar,restaurants/food,hub,1
malta,https://tabiji.ai/popular-picks/malta/,malta,246000,Popular Picks in Malta,Malta,restaurants/food,hub,1
morocco,https://tabiji.ai/popular-picks/morocco/,morocco,246000,Popular Picks in Morocco,Morocco,restaurants/food,hub,1
panama,https://tabiji.ai/popular-picks/panama/,panama,246000,Popular Picks in Panama,Panama,restaurants/food,hub,1
peru,https://tabiji.ai/popular-picks/peru/,peru,246000,Popular Picks in Peru,Peru,restaurants/food,hub,1
taiwan,https://tabiji.ai/popular-picks/taiwan/,taiwan,246000,🇹🇼 Popular Picks in Taiwan — Reddit-Backed Food Guides,Taiwan,restaurants/food,topic,1
vietnam,https://tabiji.ai/popular-picks/vietnam/,vietnam,246000,Popular Picks in Vietnam,Vietnam,restaurants/food,hub,1
barbados,https://tabiji.ai/popular-picks/barbados/,barbados,201000,Popular Picks in Barbados,Barbados,restaurants/food,hub,1
denmark,https://tabiji.ai/popular-picks/denmark/,denmark,201000,Popular Picks in Denmark,Denmark,restaurants/food,hub,1
myanmar,https://tabiji.ai/popular-picks/myanmar/,myanmar,201000,Popular Picks in Myanmar,Myanmar,restaurants/food,hub,1
netherlands,https://tabiji.ai/popular-picks/netherlands/,netherlands,201000,Popular Picks in Netherlands,Netherlands,restaurants/food,hub,1
nicaragua,https://tabiji.ai/popular-picks/nicaragua/,nicaragua,201000,Popular Picks in Nicaragua,Nicaragua,restaurants/food,hub,1
nigeria,https://tabiji.ai/popular-picks/nigeria/,nigeria,201000,Popular Picks in Nigeria,Nigeria,restaurants/food,hub,1
norway,https://tabiji.ai/popular-picks/norway/,norway,201000,Popular Picks in Norway,Norway,restaurants/food,hub,1
poland,https://tabiji.ai/popular-picks/poland/,poland,201000,Popular Picks in Poland,Poland,restaurants/food,hub,1
saudi-arabia,https://tabiji.ai/popular-picks/saudi-arabia/,saudi arabia,201000,Popular Picks in Saudi Arabia,Saudi Arabia,restaurants/food,hub,1
south-africa,https://tabiji.ai/popular-picks/south-africa/,south africa,201000,Popular Picks in South Africa,South Africa,restaurants/food,hub,1
austria,https://tabiji.ai/popular-picks/austria/,austria,165000,Popular Picks in Austria,Austria,restaurants/food,hub,1
azerbaijan,https://tabiji.ai/popular-picks/azerbaijan/,azerbaijan,165000,Popular Picks in Azerbaijan,Azerbaijan,restaurants/food,hub,1
cambodia,https://tabiji.ai/popular-picks/cambodia/,cambodia,165000,Popular Picks in Cambodia,Cambodia,restaurants/food,hub,1
chile,https://tabiji.ai/popular-picks/chile/,chile,165000,Popular Picks in Chile,Chile,restaurants/food,hub,1
ecuador,https://tabiji.ai/popular-picks/ecuador/,ecuador,165000,Popular Picks in Ecuador,Ecuador,restaurants/food,hub,1
estonia,https://tabiji.ai/popular-picks/estonia/,estonia,165000,Popular Picks in Estonia,Estonia,restaurants/food,hub,1
finland,https://tabiji.ai/popular-picks/finland/,finland,165000,Popular Picks in Finland,Finland,restaurants/food,hub,1
kazakhstan,https://tabiji.ai/popular-picks/kazakhstan/,kazakhstan,165000,Popular Picks in Kazakhstan,Kazakhstan,restaurants/food,hub,1
lebanon,https://tabiji.ai/popular-picks/lebanon/,lebanon,165000,Popular Picks in Lebanon,Lebanon,restaurants/food,hub,1
malaysia,https://tabiji.ai/popular-picks/malaysia/,malaysia,165000,Popular Picks in Malaysia,Malaysia,restaurants/food,hub,1
montenegro,https://tabiji.ai/popular-picks/montenegro/,montenegro,165000,Popular Picks in Montenegro,Montenegro,restaurants/food,hub,1
south-korea,https://tabiji.ai/popular-picks/south-korea/,south korea,165000,Popular Picks in South Korea,South Korea,restaurants/food,hub,1
sri-lanka,https://tabiji.ai/popular-picks/sri-lanka/,sri lanka,165000,Popular Picks in Sri Lanka,Sri Lanka,restaurants/food,hub,1
sweden,https://tabiji.ai/popular-picks/sweden/,sweden,165000,Popular Picks in Sweden,Sweden,restaurants/food,hub,1
armenia,https://tabiji.ai/popular-picks/armenia/,armenia,135000,Popular Picks in Armenia,Armenia,restaurants/food,hub,1
belgium,https://tabiji.ai/popular-picks/belgium/,belgium,135000,Popular Picks in Belgium,Belgium,restaurants/food,hub,1
bolivia,https://tabiji.ai/popular-picks/bolivia/,bolivia,135000,Popular Picks in Bolivia,Bolivia,restaurants/food,hub,1
bulgaria,https://tabiji.ai/popular-picks/bulgaria/,bulgaria,135000,Popular Picks in Bulgaria,Bulgaria,restaurants/food,hub,1
ghana,https://tabiji.ai/popular-picks/ghana/,ghana,135000,Popular Picks in Ghana,Ghana,restaurants/food,hub,1
kenya,https://tabiji.ai/popular-picks/kenya/,kenya,135000,Popular Picks in Kenya,Kenya,restaurants/food,hub,1
lithuania,https://tabiji.ai/popular-picks/lithuania/,lithuania,135000,Popular Picks in Lithuania,Lithuania,restaurants/food,hub,1
mauritius,https://tabiji.ai/popular-picks/mauritius/,mauritius,135000,Popular Picks in Mauritius,Mauritius,restaurants/food,hub,1
romania,https://tabiji.ai/popular-picks/romania/,romania,135000,Popular Picks in Romania,Romania,restaurants/food,hub,1
serbia,https://tabiji.ai/popular-picks/serbia/,serbia,135000,Popular Picks in Serbia,Serbia,restaurants/food,hub,1
slovenia,https://tabiji.ai/popular-picks/slovenia/,slovenia,135000,Popular Picks in Slovenia,Slovenia,restaurants/food,hub,1
uruguay,https://tabiji.ai/popular-picks/uruguay/,uruguay,135000,Popular Picks in Uruguay,Uruguay,restaurants/food,hub,1
czech-republic,https://tabiji.ai/popular-picks/czech-republic/,czech republic,110000,Popular Picks in Czech Republic,Czech Republic,bars/drinks,hub,1
ethiopia,https://tabiji.ai/popular-picks/ethiopia/,ethiopia,110000,Popular Picks in Ethiopia,Ethiopia,restaurants/food,hub,1
kuwait,https://tabiji.ai/popular-picks/kuwait/,kuwait,110000,Popular Picks in Kuwait,Kuwait,restaurants/food,hub,1
laos,https://tabiji.ai/popular-picks/laos/,laos,110000,Popular Picks in Laos,Laos,restaurants/food,hub,1
latvia,https://tabiji.ai/popular-picks/latvia/,latvia,110000,Popular Picks in Latvia,Latvia,restaurants/food,hub,1
tanzania,https://tabiji.ai/popular-picks/tanzania/,tanzania,110000,Popular Picks in Tanzania,Tanzania,restaurants/food,hub,1
tunisia,https://tabiji.ai/popular-picks/tunisia/,tunisia,110000,Popular Picks in Tunisia,Tunisia,restaurants/food,hub,1
uganda,https://tabiji.ai/popular-picks/uganda/,uganda,110000,Popular Picks in Uganda,Uganda,restaurants/food,hub,1
united-kingdom,https://tabiji.ai/popular-picks/united-kingdom/,united kingdom,110000,Popular Picks in United Kingdom,United Kingdom,restaurants/food,hub,1
uzbekistan,https://tabiji.ai/popular-picks/uzbekistan/,uzbekistan,110000,Popular Picks in Uzbekistan,Uzbekistan,restaurants/food,hub,1
bhutan,https://tabiji.ai/popular-picks/bhutan/,bhutan,90500,Popular Picks in Bhutan,Bhutan,restaurants/food,hub,1
hungary,https://tabiji.ai/popular-picks/hungary/,hungary,90500,Popular Picks in Hungary,Hungary,restaurants/food,hub,1
kyrgyzstan,https://tabiji.ai/popular-picks/kyrgyzstan/,kyrgyzstan,90500,Popular Picks in Kyrgyzstan,Kyrgyzstan,restaurants/food,hub,1
oman,https://tabiji.ai/popular-picks/oman/,oman,90500,Popular Picks in Oman,Oman,restaurants/food,hub,1
senegal,https://tabiji.ai/popular-picks/senegal/,senegal,90500,Popular Picks in Senegal,Senegal,restaurants/food,hub,1
uae,https://tabiji.ai/popular-picks/uae/,uae,90500,Popular Picks in United Arab Emirates,Uae,restaurants/food,hub,1
mali,https://tabiji.ai/popular-picks/mali/,mali,74000,Popular Picks in Mali,Mali,restaurants/food,hub,1
namibia,https://tabiji.ai/popular-picks/namibia/,namibia,74000,Popular Picks in Namibia,Namibia,restaurants/food,hub,1
rwanda,https://tabiji.ai/popular-picks/rwanda/,rwanda,74000,Popular Picks in Rwanda,Rwanda,restaurants/food,hub,1
slovakia,https://tabiji.ai/popular-picks/slovakia/,slovakia,74000,Popular Picks in Slovakia,Slovakia,restaurants/food,hub,1
botswana,https://tabiji.ai/popular-picks/botswana/,botswana,60500,Popular Picks in Botswana,Botswana,restaurants/food,hub,1
chicago-pizza,https://tabiji.ai/popular-picks/chicago-pizza/,chicago pizza,60500,10 Best Pizza in Chicago (2026),Chicago Pizza,restaurants/food,topic,1
macau,https://tabiji.ai/popular-picks/macau/,macau,60500,Popular Picks in Macau,Macau,restaurants/food,hub,1
saint-lucia,https://tabiji.ai/popular-picks/saint-lucia/,saint lucia,60500,Popular Picks in Saint Lucia,Saint Lucia,restaurants/food,hub,1
new-york-pizza,https://tabiji.ai/popular-picks/new-york-pizza/,new york pizza,49500,Pizza in New York (2026),New York,restaurants/food,topic,1
nashville-hot-chicken,https://tabiji.ai/popular-picks/nashville-hot-chicken/,nashville hot chicken,40500,Hot Chicken in Nashville (2026),Nashville Hot Chicken,restaurants/food,topic,1
bosnia-and-herzegovina,https://tabiji.ai/popular-picks/bosnia-and-herzegovina/,bosnia and herzegovina,33100,Popular Picks in Bosnia and Herzegovina,Bosnia And Herzegovina,restaurants/food,hub,1
chicago-deep-dish-pizza,https://tabiji.ai/popular-picks/chicago-deep-dish-pizza/,chicago deep dish pizza,33100,Deep Dish Pizza in Chicago (2026),Chicago Deep Dish Pizza,restaurants/food,topic,1
dallas-bbq,https://tabiji.ai/popular-picks/dallas-bbq/,dallas bbq,33100,10 Best BBQ in Dallas (2026),Dallas Bbq,restaurants/food,topic,1
paris-banh-mi,https://tabiji.ai/popular-picks/paris-banh-mi/,paris banh mi,33100,10 Best Bánh Mì in Paris (2026),Paris,restaurants/food,topic,1
tokyo-sushi,https://tabiji.ai/popular-picks/tokyo-sushi/,tokyo sushi,33100,Sushi Restaurants in Tokyo (2026),Tokyo,restaurants/food,topic,1
kobe-beef,https://tabiji.ai/popular-picks/kobe-beef/,kobe beef,27100,10 Best Kobe Beef Restaurants in Kobe — Reddit's Top Picks (2026),Kobe,restaurants/food,topic,1
kyoto-sushi,https://tabiji.ai/popular-picks/kyoto-sushi/,kyoto sushi,27100,10 Best Sushi in Kyoto (2026),Kyoto,restaurants/food,topic,1
osaka-sushi,https://tabiji.ai/popular-picks/osaka-sushi/,osaka sushi,27100,10 Best Sushi in Osaka (2026),Osaka,restaurants/food,topic,1
boston-pizza,https://tabiji.ai/popular-picks/boston-pizza/,boston pizza,22200,10 Best Pizza in Boston (2026),Boston,restaurants/food,topic,1
chicago-restaurants,https://tabiji.ai/popular-picks/chicago-restaurants/,chicago restaurants,22200,Restaurants in Chicago (2026),Chicago Restaurants,restaurants/food,topic,1
detroit-pizza,https://tabiji.ai/popular-picks/detroit-pizza/,detroit pizza,22200,10 Best Pizza in Detroit (2026),Detroit Pizza,restaurants/food,topic,1
new-orleans-restaurants,https://tabiji.ai/popular-picks/new-orleans-restaurants/,new orleans restaurants,22200,Restaurants in New Orleans (2026),New Orleans,restaurants/food,topic,1
athens-pizza,https://tabiji.ai/popular-picks/athens-pizza/,athens pizza,18100,10 Best Pizza in Athens (2026),Athens,restaurants/food,topic,1
boston-restaurants,https://tabiji.ai/popular-picks/boston-restaurants/,boston restaurants,18100,Restaurants in Boston (2026),Boston,restaurants/food,topic,1
denver-steak,https://tabiji.ai/popular-picks/denver-steak/,denver steak,18100,10 Best Steak in Denver (2026),Denver Steak,restaurants/food,topic,1
nashville-restaurants,https://tabiji.ai/popular-picks/nashville-restaurants/,nashville restaurants,18100,Restaurants in Nashville (2026),Nashville Restaurants,restaurants/food,topic,1
singapore-noodles,https://tabiji.ai/popular-picks/singapore-noodles/,singapore noodles,18100,10 Best Noodles in Singapore (2026),Singapore,noodles,topic,1
miami-restaurants,https://tabiji.ai/popular-picks/miami-restaurants/,miami restaurants,14800,10 Best Restaurants in Miami (2026),Miami Restaurants,restaurants/food,topic,1
new-york-steak,https://tabiji.ai/popular-picks/new-york-steak/,new york steak,14800,Steak in New York (2026),New York,restaurants/food,topic,1
sapporo-sushi,https://tabiji.ai/popular-picks/sapporo-sushi/,sapporo sushi,14800,Sushi in Sapporo (2026),Sapporo,restaurants/food,topic,1
seattle-restaurants,https://tabiji.ai/popular-picks/seattle-restaurants/,seattle restaurants,14800,Best Restaurants in Seattle (2026),Seattle Restaurants,restaurants/food,topic,1
venice-pizza,https://tabiji.ai/popular-picks/venice-pizza/,venice pizza,14800,10 Best Pizza in Venice (2026) &mdash; Reddit-Backed Guide,Venice Pizza,restaurants/food,topic,1
verona-pizza,https://tabiji.ai/popular-picks/verona-pizza/,verona pizza,14800,10 Best Pizza in Verona (2026) &mdash; Reddit-Backed Guide,Verona Pizza,restaurants/food,topic,1
dallas-restaurants,https://tabiji.ai/popular-picks/dallas-restaurants/,dallas restaurants,12100,10 Best Restaurants in Dallas (2026),Dallas Restaurants,restaurants/food,topic,1
denver-restaurants,https://tabiji.ai/popular-picks/denver-restaurants/,denver restaurants,12100,10 Best Restaurants in Denver (2026),Denver Restaurants,restaurants/food,topic,1
hamburg-steak,https://tabiji.ai/popular-picks/hamburg-steak/,hamburg steak,12100,10 Best Steak in Hamburg (2026),Hamburg Steak,restaurants/food,topic,1
houston-restaurants,https://tabiji.ai/popular-picks/houston-restaurants/,houston restaurants,12100,Restaurants in Houston (2026),Houston Restaurants,restaurants/food,topic,1
kobe-sushi,https://tabiji.ai/popular-picks/kobe-sushi/,kobe sushi,12100,10 Best Sushi in Kobe (2026) &#8212; Reddit-Backed Guide,Kobe,restaurants/food,topic,1
nagoya-sushi,https://tabiji.ai/popular-picks/nagoya-sushi/,nagoya sushi,12100,10 Best Sushi in Nagoya (2026) &mdash; Reddit-Backed Guide,Nagoya,restaurants/food,topic,1
new-york-fried-chicken,https://tabiji.ai/popular-picks/new-york-fried-chicken/,new york fried chicken,12100,Fried Chicken in New York (2026),New York,restaurants/food,topic,1
portland-restaurants,https://tabiji.ai/popular-picks/portland-restaurants/,portland restaurants,12100,Best Restaurants in Portland (2026),Portland Restaurants,restaurants/food,topic,1
san-francisco-restaurants,https://tabiji.ai/popular-picks/san-francisco-restaurants/,san francisco restaurants,12100,Restaurants in San Francisco (2026),San Francisco Restaurants,restaurants/food,topic,1
los-angeles-restaurants,https://tabiji.ai/popular-picks/los-angeles-restaurants/,los angeles restaurants,9900,Restaurants in Los Angeles (2026),Los Angeles Restaurants,restaurants/food,topic,1
new-york-bagels,https://tabiji.ai/popular-picks/new-york-bagels/,new york bagels,9900,15 Best Bagels in New York 2026,New York,restaurants/food,topic,1
new-york-restaurants,https://tabiji.ai/popular-picks/new-york-restaurants/,new york restaurants,9900,Best Restaurants in New York (2026),New York,restaurants/food,topic,1
st-louis-ribs,https://tabiji.ai/popular-picks/st-louis-ribs/,st louis ribs,9900,10 Best Ribs in St. Louis (2026),St Louis Ribs,restaurants/food,topic,1
austin-bbq,https://tabiji.ai/popular-picks/austin-bbq/,austin bbq,8100,12 Best BBQ in Austin (2026) &mdash; Reddit-Backed Guide,Austin Bbq,restaurants/food,topic,1
kyoto-ramen,https://tabiji.ai/popular-picks/kyoto-ramen/,kyoto ramen,8100,12 Best Ramen in Kyoto (2026),Kyoto,noodles,topic,1
liege-waffles,https://tabiji.ai/popular-picks/liege-waffles/,liege waffles,8100,8 Best Liège Waffles in Liège 2026,Liège,restaurants/food,topic,1
nara-sushi,https://tabiji.ai/popular-picks/nara-sushi/,nara sushi,8100,Best Sushi in Nara (2026),Nara,restaurants/food,topic,1
nashville-bars,https://tabiji.ai/popular-picks/nashville-bars/,nashville bars,8100,10 Best Bars in Nashville (2026),Nashville Bars,restaurants/food,topic,1
nice-fried-chicken,https://tabiji.ai/popular-picks/nice-fried-chicken/,nice fried chicken,8100,Best Fried Chicken in Nice (2026),Nice Fried Chicken,restaurants/food,topic,1
palermo-pizza,https://tabiji.ai/popular-picks/palermo-pizza/,palermo pizza,8100,Best Pizza in Palermo (2026),Palermo Pizza,restaurants/food,topic,1
philadelphia-restaurants,https://tabiji.ai/popular-picks/philadelphia-restaurants/,philadelphia restaurants,8100,Restaurants in Philadelphia (2026),Philadelphia Restaurants,restaurants/food,topic,1
seoul-bbq,https://tabiji.ai/popular-picks/seoul-bbq/,seoul bbq,8100,Best Bbq in Seoul (2026),Seoul,restaurants/food,topic,1
seoul-korean-bbq,https://tabiji.ai/popular-picks/seoul-korean-bbq/,seoul korean bbq,8100,Korean Bbq in Seoul (2026),Seoul,restaurants/food,topic,1
strasbourg-christmas-market,https://tabiji.ai/popular-picks/strasbourg-christmas-market/,strasbourg christmas market,8100,Strasbourg Christmas Market (2026),Strasbourg Christmas Market,shopping,topic,1
bangkok-street-food,https://tabiji.ai/popular-picks/bangkok-street-food/,bangkok street food,6600,12 Best Street Food in Bangkok (2026),Bangkok,street food,topic,1
boston-crab,https://tabiji.ai/popular-picks/boston-crab/,boston crab,6600,Best Crab in Boston (2026),Boston,restaurants/food,topic,1
chicago-speakeasy,https://tabiji.ai/popular-picks/chicago-speakeasy/,chicago speakeasy,6600,Best Speakeasy in Chicago (2026),Chicago Speakeasy,restaurants/food,topic,1
dublin-restaurants,https://tabiji.ai/popular-picks/dublin-restaurants/,dublin restaurants,6600,Best Restaurants in Dublin (2026),Dublin Restaurants,restaurants/food,topic,1
hakone-ryokan,https://tabiji.ai/popular-picks/hakone-ryokan/,hakone ryokan,6600,Ryokan in Hakone (2026),Hakone,restaurants/food,topic,1
kyoto-matcha,https://tabiji.ai/popular-picks/kyoto-matcha/,kyoto matcha,6600,Best Matcha in Kyoto (2026),Kyoto,bakeries/desserts,topic,1
new-orleans-beignets,https://tabiji.ai/popular-picks/new-orleans-beignets/,new orleans beignets,6600,12 Best Beignets in New Orleans 2026,New Orleans,restaurants/food,topic,1
paris-restaurants,https://tabiji.ai/popular-picks/paris-restaurants/,paris restaurants,6600,Best Restaurants in Paris (2026),Paris,restaurants/food,topic,1
tokyo-ramen,https://tabiji.ai/popular-picks/tokyo-ramen/,tokyo ramen,6600,Best Ramen in Tokyo (2026),Tokyo,noodles,topic,1
baltimore-seafood,https://tabiji.ai/popular-picks/baltimore-seafood/,baltimore seafood,5400,Best Seafood in Baltimore (2026),Baltimore Seafood,restaurants/food,topic,1
boston-lobster,https://tabiji.ai/popular-picks/boston-lobster/,boston lobster,5400,Best Lobster in Boston (2026),Boston,restaurants/food,topic,1
chicago-italian-beef,https://tabiji.ai/popular-picks/chicago-italian-beef/,chicago italian beef,5400,Italian Beef in Chicago (2026),Chicago Italian Beef,restaurants/food,topic,1
hong-kong-noodles,https://tabiji.ai/popular-picks/hong-kong-noodles/,hong kong noodles,5400,Best Noodles in Hong Kong (2026),Hong Kong,noodles,topic,1
montreal-bagels,https://tabiji.ai/popular-picks/montreal-bagels/,montreal bagels,5400,Bagels in Montreal (2026),Montreal Bagels,restaurants/food,topic,1
nara-ramen,https://tabiji.ai/popular-picks/nara-ramen/,nara ramen,5400,10 Best Ramen in Nara (2026),Nara,noodles,topic,1
new-orleans-seafood,https://tabiji.ai/popular-picks/new-orleans-seafood/,new orleans seafood,5400,Best Seafood in New Orleans (2026),New Orleans,restaurants/food,topic,1
st-louis-pizza,https://tabiji.ai/popular-picks/st-louis-pizza/,st louis pizza,5400,Best Pizza in St Louis (2026),St Louis Pizza,restaurants/food,topic,1
yokohama-sushi,https://tabiji.ai/popular-picks/yokohama-sushi/,yokohama sushi,5400,Best Sushi in Yokohama (2026),Yokohama Sushi,restaurants/food,topic,1
athens-restaurants,https://tabiji.ai/popular-picks/athens-restaurants/,athens restaurants,4400,Best Restaurants in Athens (2026),Athens,restaurants/food,topic,1
florence-restaurants,https://tabiji.ai/popular-picks/florence-restaurants/,florence restaurants,4400,Best Restaurants in Florence (2026),Florence,restaurants/food,topic,1
hong-kong-bbq,https://tabiji.ai/popular-picks/hong-kong-bbq/,hong kong bbq,4400,Best Bbq in Hong Kong (2026),Hong Kong,restaurants/food,topic,1
honolulu-restaurants,https://tabiji.ai/popular-picks/honolulu-restaurants/,honolulu restaurants,4400,Best Restaurants in Honolulu (2026),Honolulu Restaurants,restaurants/food,topic,1
houston-bbq,https://tabiji.ai/popular-picks/houston-bbq/,houston bbq,4400,Best Bbq in Houston (2026),Houston Bbq,restaurants/food,topic,1
kobe-steak,https://tabiji.ai/popular-picks/kobe-steak/,kobe steak,4400,Best Steak in Kobe (2026),Kobe,restaurants/food,topic,1
london-restaurants,https://tabiji.ai/popular-picks/london-restaurants/,london restaurants,4400,Best Restaurants in London (2026),London,restaurants/food,topic,1
mexico-city-restaurants,https://tabiji.ai/popular-picks/mexico-city-restaurants/,mexico city restaurants,4400,Restaurants in Mexico City (2026),Mexico City,restaurants/food,topic,1
milwaukee-burger,https://tabiji.ai/popular-picks/milwaukee-burger/,milwaukee burger,4400,Best Burger in Milwaukee (2026),Milwaukee Burger,restaurants/food,topic,1
nashville-bbq,https://tabiji.ai/popular-picks/nashville-bbq/,nashville bbq,4400,Bbq in Nashville (2026),Nashville Bbq,restaurants/food,topic,1
osaka-ramen,https://tabiji.ai/popular-picks/osaka-ramen/,osaka ramen,4400,Ramen in Osaka (2026),Osaka,noodles,topic,1
portland-burger,https://tabiji.ai/popular-picks/portland-burger/,portland burger,4400,Best Burger in Portland (2026),Portland Burger,restaurants/food,topic,1
providence-pizza,https://tabiji.ai/popular-picks/providence-pizza/,providence pizza,4400,Best Pizza in Providence (2026),Providence Pizza,restaurants/food,topic,1
rome-restaurants,https://tabiji.ai/popular-picks/rome-restaurants/,rome restaurants,4400,Best Restaurants in Rome (2026),Rome,restaurants/food,topic,1
san-francisco-sourdough,https://tabiji.ai/popular-picks/san-francisco-sourdough/,san francisco sourdough,4400,Sourdough in San Francisco (2026),San Francisco Sourdough,restaurants/food,topic,1
sapporo-ramen,https://tabiji.ai/popular-picks/sapporo-ramen/,sapporo ramen,4400,13 Best Miso Ramen in Sapporo 2026,Sapporo,noodles,topic,1
shanghai-noodles,https://tabiji.ai/popular-picks/shanghai-noodles/,shanghai noodles,4400,Best Noodles in Shanghai (2026),Shanghai Noodles,noodles,topic,1
venice-restaurants,https://tabiji.ai/popular-picks/venice-restaurants/,venice restaurants,4400,Best Restaurants in Venice (2026),Venice Restaurants,restaurants/food,topic,1
amalfi-pizza,https://tabiji.ai/popular-picks/amalfi-pizza/,amalfi pizza,3600,Best Pizza in Amalfi (2026),Amalfi Pizza,restaurants/food,topic,1
austin-pizza,https://tabiji.ai/popular-picks/austin-pizza/,austin pizza,3600,Best Pizza in Austin (2026),Austin Pizza,restaurants/food,topic,1
cairo-kebab,https://tabiji.ai/popular-picks/cairo-kebab/,cairo kebab,3600,Best Kebab in Cairo (2026),Cairo,restaurants/food,topic,1
chicago-bars,https://tabiji.ai/popular-picks/chicago-bars/,chicago bars,3600,Best Bars in Chicago (2026),Chicago Bars,restaurants/food,topic,1
chicago-waffles,https://tabiji.ai/popular-picks/chicago-waffles/,chicago waffles,3600,Best Waffles in Chicago (2026),Chicago Waffles,restaurants/food,topic,1
genoa-pizza,https://tabiji.ai/popular-picks/genoa-pizza/,genoa pizza,3600,Best Pizza in Genoa (2026),Genoa Pizza,restaurants/food,topic,1
hong-kong-dim-sum,https://tabiji.ai/popular-picks/hong-kong-dim-sum/,hong kong dim sum,3600,Dim Sum in Hong Kong (2026),Hong Kong,restaurants/food,topic,1
jerusalem-pizza,https://tabiji.ai/popular-picks/jerusalem-pizza/,jerusalem pizza,3600,Best Pizza in Jerusalem (2026),Jerusalem,restaurants/food,topic,1
kansas-city-steak,https://tabiji.ai/popular-picks/kansas-city-steak/,kansas city steak,3600,Best Steak in Kansas City (2026),Kansas City Steak,restaurants/food,topic,1
milan-pizza,https://tabiji.ai/popular-picks/milan-pizza/,milan pizza,3600,Best Pizza in Milan (2026),Milan,restaurants/food,topic,1
montreal-restaurants,https://tabiji.ai/popular-picks/montreal-restaurants/,montreal restaurants,3600,Best Restaurants in Montreal (2026),Montreal Restaurants,restaurants/food,topic,1
napa-wine-tours,https://tabiji.ai/popular-picks/napa-wine-tours/,napa wine tours,3600,Best Wine Tours in Napa (2026),Napa Wine Tours,restaurants/food,topic,1
oakland-pizza,https://tabiji.ai/popular-picks/oakland-pizza/,oakland pizza,3600,Best Pizza in Oakland (2026),Oakland Pizza,restaurants/food,topic,1
philadelphia-wings,https://tabiji.ai/popular-picks/philadelphia-wings/,philadelphia wings,3600,Best Wings in Philadelphia (2026),Philadelphia Wings,restaurants/food,topic,1
seoul-fried-chicken,https://tabiji.ai/popular-picks/seoul-fried-chicken/,seoul fried chicken,3600,Best Fried Chicken in Seoul (2026),Seoul,restaurants/food,topic,1
st-louis-bbq,https://tabiji.ai/popular-picks/st-louis-bbq/,st louis bbq,3600,Best Bbq in St Louis (2026),St Louis Bbq,restaurants/food,topic,1
vancouver-restaurants,https://tabiji.ai/popular-picks/vancouver-restaurants/,vancouver restaurants,3600,Best Restaurants in Vancouver (2026),Vancouver Restaurants,restaurants/food,topic,1
amsterdam-restaurants,https://tabiji.ai/popular-picks/amsterdam-restaurants/,amsterdam restaurants,2900,Best Restaurants in Amsterdam (2026),Amsterdam,restaurants/food,topic,1
austin-coffee-shops,https://tabiji.ai/popular-picks/austin-coffee-shops/,austin coffee shops,2900,15 Best Coffee Shops in Austin 2026,Austin Coffee Shops,coffee/cafes,topic,1
beijing-hot-pot,https://tabiji.ai/popular-picks/beijing-hot-pot/,beijing hot pot,2900,10 Best Hot Pot Restaurants in Beijing (2026),Beijing Hot Pot,restaurants/food,topic,1
boston-clam-chowder,https://tabiji.ai/popular-picks/boston-clam-chowder/,boston clam chowder,2900,12 Best Clam Chowder in Boston 2026,Boston,restaurants/food,topic,1
boston-seafood,https://tabiji.ai/popular-picks/boston-seafood/,boston seafood,2900,Best Seafood in Boston (2026),Boston,restaurants/food,topic,1
chicago-rooftop-bars,https://tabiji.ai/popular-picks/chicago-rooftop-bars/,chicago rooftop bars,2900,Best Rooftop Bars in Chicago (2026),Chicago Rooftop Bars,rooftop bars,topic,1
cleveland-pizza,https://tabiji.ai/popular-picks/cleveland-pizza/,cleveland pizza,2900,Best Pizza in Cleveland (2026),Cleveland Pizza,restaurants/food,topic,1
dubai-ice-cream,https://tabiji.ai/popular-picks/dubai-ice-cream/,dubai ice cream,2900,Best Ice Cream in Dubai (2026),Dubai Ice Cream,restaurants/food,topic,1
edinburgh-restaurants,https://tabiji.ai/popular-picks/edinburgh-restaurants/,edinburgh restaurants,2900,Best Restaurants in Edinburgh (2026),Edinburgh,restaurants/food,topic,1
lagos-tacos,https://tabiji.ai/popular-picks/lagos-tacos/,lagos tacos,2900,Best Tacos in Lagos (2026),Lagos Tacos,restaurants/food,topic,1
las-vegas-speakeasy,https://tabiji.ai/popular-picks/las-vegas-speakeasy/,las vegas speakeasy,2900,Best Speakeasy in Las Vegas (2026),Las Vegas Speakeasy,restaurants/food,topic,1
maui-pho,https://tabiji.ai/popular-picks/maui-pho/,maui pho,2900,Best Pho in Maui (2026),Maui Pho,noodles,topic,1
montreal-smoked-meat,https://tabiji.ai/popular-picks/montreal-smoked-meat/,montreal smoked meat,2900,Smoked Meat in Montreal (2026),Montreal Smoked Meat,restaurants/food,topic,1
san-antonio-bbq,https://tabiji.ai/popular-picks/san-antonio-bbq/,san antonio bbq,2900,Best Bbq in San Antonio (2026),San Antonio Bbq,restaurants/food,topic,1
savannah-fried-chicken,https://tabiji.ai/popular-picks/savannah-fried-chicken/,savannah fried chicken,2900,Best Fried Chicken in Savannah (2026),Savannah Fried Chicken,restaurants/food,topic,1
tokyo-fried-chicken,https://tabiji.ai/popular-picks/tokyo-fried-chicken/,tokyo fried chicken,2900,Best Fried Chicken in Tokyo (2026),Tokyo,restaurants/food,topic,1
tokyo-restaurants,https://tabiji.ai/popular-picks/tokyo-restaurants/,tokyo restaurants,2900,Best Restaurants in Tokyo (2026),Tokyo,restaurants/food,topic,1
toronto-restaurants,https://tabiji.ai/popular-picks/toronto-restaurants/,toronto restaurants,2900,Best Restaurants in Toronto (2026),Toronto Restaurants,restaurants/food,topic,1
xian-noodles,https://tabiji.ai/popular-picks/xian-noodles/,xian noodles,2900,Best Noodles in Xian (2026),Xian Noodles,noodles,topic,1
asheville-pizza,https://tabiji.ai/popular-picks/asheville-pizza/,asheville pizza,2400,Best Pizza in Asheville (2026),Asheville Pizza,restaurants/food,topic,1
baltimore-pizza,https://tabiji.ai/popular-picks/baltimore-pizza/,baltimore pizza,2400,Best Pizza in Baltimore (2026),Baltimore Pizza,restaurants/food,topic,1
bangkok-sushi,https://tabiji.ai/popular-picks/bangkok-sushi/,bangkok sushi,2400,Best Sushi in Bangkok (2026),Bangkok,restaurants/food,topic,1
bergen-bagels,https://tabiji.ai/popular-picks/bergen-bagels/,bergen bagels,2400,Best Bagels in Bergen (2026),Bergen Bagels,restaurants/food,topic,1
bilbao-guggenheim,https://tabiji.ai/popular-picks/bilbao-guggenheim/,bilbao guggenheim,2400,10 Best Restaurants Near Guggenheim Bilbao (2026),Bilbao Guggenheim,restaurants/food,topic,1
boston-bars,https://tabiji.ai/popular-picks/boston-bars/,boston bars,2400,Best Bars in Boston (2026),Boston,restaurants/food,topic,1
boston-coffee-shops,https://tabiji.ai/popular-picks/boston-coffee-shops/,boston coffee shops,2400,Best Coffee Shops in Boston (2026),Boston,coffee/cafes,topic,1
boston-kebab,https://tabiji.ai/popular-picks/boston-kebab/,boston kebab,2400,Best Kebab in Boston (2026),Boston,restaurants/food,topic,1
chicago-brunch,https://tabiji.ai/popular-picks/chicago-brunch/,chicago brunch,2400,Brunch in Chicago (2026),Chicago Brunch,restaurants/food,topic,1
chicago-omakase,https://tabiji.ai/popular-picks/chicago-omakase/,chicago omakase,2400,Best Omakase in Chicago (2026),Chicago Omakase,restaurants/food,topic,1
chicago-steakhouse,https://tabiji.ai/popular-picks/chicago-steakhouse/,chicago steakhouse,2400,Best Steakhouse in Chicago (2026),Chicago Steakhouse,restaurants/food,topic,1
dallas-steak,https://tabiji.ai/popular-picks/dallas-steak/,dallas steak,2400,Best Steak in Dallas (2026),Dallas Steak,restaurants/food,topic,1
florence-pizza,https://tabiji.ai/popular-picks/florence-pizza/,florence pizza,2400,Best Pizza in Florence (2026),Florence,restaurants/food,topic,1
houston-steakhouse,https://tabiji.ai/popular-picks/houston-steakhouse/,houston steakhouse,2400,Best Steakhouse in Houston (2026),Houston Steakhouse,restaurants/food,topic,1
hyderabad-biryani,https://tabiji.ai/popular-picks/hyderabad-biryani/,hyderabad biryani,2400,Hyderabad Biryani (2026),Hyderabad Biryani,restaurants/food,topic,1
las-vegas-pizza,https://tabiji.ai/popular-picks/las-vegas-pizza/,las vegas pizza,2400,Best Pizza in Las Vegas (2026),Las Vegas Pizza,restaurants/food,topic,1
las-vegas-sushi,https://tabiji.ai/popular-picks/las-vegas-sushi/,las vegas sushi,2400,10 Best Sushi in Las Vegas (2026),Las Vegas Sushi,restaurants/food,topic,1
lisbon-restaurants,https://tabiji.ai/popular-picks/lisbon-restaurants/,lisbon restaurants,2400,Best Restaurants in Lisbon (2026),Lisbon,restaurants/food,topic,1
madison-pizza,https://tabiji.ai/popular-picks/madison-pizza/,madison pizza,2400,Best Pizza in Madison (2026),Madison Pizza,restaurants/food,topic,1
madrid-restaurants,https://tabiji.ai/popular-picks/madrid-restaurants/,madrid restaurants,2400,Best Restaurants in Madrid (2026),Madrid,restaurants/food,topic,1
milan-restaurants,https://tabiji.ai/popular-picks/milan-restaurants/,milan restaurants,2400,Best Restaurants in Milan (2026),Milan,restaurants/food,topic,1
montreal-steak,https://tabiji.ai/popular-picks/montreal-steak/,montreal steak,2400,Best Steak in Montreal (2026),Montreal Steak,restaurants/food,topic,1
napa-wine-tasting,https://tabiji.ai/popular-picks/napa-wine-tasting/,napa wine tasting,2400,Best Wine Tasting in Napa (2026),Napa Wine Tasting,restaurants/food,topic,1
nashville-fried-chicken,https://tabiji.ai/popular-picks/nashville-fried-chicken/,nashville fried chicken,2400,Best Fried Chicken in Nashville (2026),Nashville Fried Chicken,restaurants/food,topic,1
new-york-ramen,https://tabiji.ai/popular-picks/new-york-ramen/,new york ramen,2400,18 Best Ramen in New York City 2026,New York,noodles,topic,1
nice-burger,https://tabiji.ai/popular-picks/nice-burger/,nice burger,2400,Best Burger in Nice (2026),Nice Burger,restaurants/food,topic,1
penang-curry,https://tabiji.ai/popular-picks/penang-curry/,penang curry,2400,Best Curry in Penang (2026),Penang,restaurants/food,topic,1
philadelphia-sushi,https://tabiji.ai/popular-picks/philadelphia-sushi/,philadelphia sushi,2400,Best Sushi in Philadelphia (2026),Philadelphia Sushi,restaurants/food,topic,1
pittsburgh-steak,https://tabiji.ai/popular-picks/pittsburgh-steak/,pittsburgh steak,2400,Best Steak in Pittsburgh (2026),Pittsburgh Steak,restaurants/food,topic,1
portland-food-trucks,https://tabiji.ai/popular-picks/portland-food-trucks/,portland food trucks,2400,Best Food Trucks in Portland (2026),Portland Food Trucks,restaurants/food,topic,1
portland-pizza,https://tabiji.ai/popular-picks/portland-pizza/,portland pizza,2400,Best Pizza in Portland (2026),Portland Pizza,restaurants/food,topic,1
quebec-city-restaurants,https://tabiji.ai/popular-picks/quebec-city-restaurants/,quebec city restaurants,2400,12 Best French Cuisine Restaurants in Québec City (2026),Quebec City Restaurants,restaurants/food,topic,1
reykjavik-restaurants,https://tabiji.ai/popular-picks/reykjavik-restaurants/,reykjavik restaurants,2400,Restaurants in Reykjavik (2026),Reykjavik Restaurants,restaurants/food,topic,1
san-diego-tacos,https://tabiji.ai/popular-picks/san-diego-tacos/,san diego tacos,2400,Best Tacos in San Diego (2026),San Diego Tacos,restaurants/food,topic,1
santa-fe-art-galleries,https://tabiji.ai/popular-picks/santa-fe-art-galleries/,santa fe art galleries,2400,Best Art Galleries in Santa Fe (2026),Santa Fe Art Galleries,restaurants/food,topic,1
savannah-thrift-stores,https://tabiji.ai/popular-picks/savannah-thrift-stores/,savannah thrift stores,2400,Best Thrift Stores in Savannah (2026),Savannah Thrift Stores,restaurants/food,topic,1
scottsdale-coffee-shops,https://tabiji.ai/popular-picks/scottsdale-coffee-shops/,scottsdale coffee shops,2400,Best Coffee Shops in Scottsdale (2026),Scottsdale Coffee Shops,coffee/cafes,topic,1
seattle-coffee-shops,https://tabiji.ai/popular-picks/seattle-coffee-shops/,seattle coffee shops,2400,Coffee Shops in Seattle (2026),Seattle Coffee Shops,coffee/cafes,topic,1
seattle-farmers-markets,https://tabiji.ai/popular-picks/seattle-farmers-markets/,seattle farmers markets,2400,Best Farmers Markets in Seattle (2026),Seattle Farmers Markets,shopping,topic,1
victoria-seafood,https://tabiji.ai/popular-picks/victoria-seafood/,victoria seafood,2400,Best Seafood in Victoria (2026),Victoria Seafood,restaurants/food,topic,1
vienna-restaurants,https://tabiji.ai/popular-picks/vienna-restaurants/,vienna restaurants,2400,Best Restaurants in Vienna (2026),Vienna,restaurants/food,topic,1
yokohama-ramen,https://tabiji.ai/popular-picks/yokohama-ramen/,yokohama ramen,2400,Yokohama Ramen & Chinatown (2026),Yokohama Ramen,noodles,topic,1
amsterdam-coffee-shops,https://tabiji.ai/popular-picks/amsterdam-coffee-shops/,amsterdam coffee shops,1900,Best Coffee Shops in Amsterdam (2026),Amsterdam,coffee/cafes,topic,1
atlanta-pizza,https://tabiji.ai/popular-picks/atlanta-pizza/,atlanta pizza,1900,Best Pizza in Atlanta (2026),Atlanta Pizza,restaurants/food,topic,1
baltimore-crab-cakes,https://tabiji.ai/popular-picks/baltimore-crab-cakes/,baltimore crab cakes,1900,Best Crab Cakes in Baltimore (2026),Baltimore Crab Cakes,restaurants/food,topic,1
barcelona-pizza,https://tabiji.ai/popular-picks/barcelona-pizza/,barcelona pizza,1900,Best Pizza in Barcelona (2026),Barcelona,restaurants/food,topic,1
barcelona-restaurants,https://tabiji.ai/popular-picks/barcelona-restaurants/,barcelona restaurants,1900,Best Restaurants in Barcelona (2026),Barcelona,restaurants/food,topic,1
barcelona-tapas,https://tabiji.ai/popular-picks/barcelona-tapas/,barcelona tapas,1900,14 Best Tapas Bars in Barcelona 2026,Barcelona,restaurants/food,topic,1
boston-brunch-spots,https://tabiji.ai/popular-picks/boston-brunch-spots/,boston brunch spots,1900,Best Brunch Spots in Boston (2026),Boston,restaurants/food,topic,1
boston-donuts,https://tabiji.ai/popular-picks/boston-donuts/,boston donuts,1900,Best Donuts in Boston (2026),Boston,restaurants/food,topic,1
bristol-seafood,https://tabiji.ai/popular-picks/bristol-seafood/,bristol seafood,1900,Best Seafood in Bristol (2026),Bristol Seafood,restaurants/food,topic,1
budapest-thermal-baths,https://tabiji.ai/popular-picks/budapest-thermal-baths/,budapest thermal baths,1900,Thermal Baths in Budapest (2026),Budapest,restaurants/food,topic,1
charleston-bbq,https://tabiji.ai/popular-picks/charleston-bbq/,charleston bbq,1900,Best Bbq in Charleston (2026),Charleston Bbq,restaurants/food,topic,1
charleston-seafood,https://tabiji.ai/popular-picks/charleston-seafood/,charleston seafood,1900,Best Seafood in Charleston (2026),Charleston Seafood,restaurants/food,topic,1
charlotte-food-trucks,https://tabiji.ai/popular-picks/charlotte-food-trucks/,charlotte food trucks,1900,Best Food Trucks in Charlotte (2026),Charlotte Food Trucks,restaurants/food,topic,1
chicago-food-tours,https://tabiji.ai/popular-picks/chicago-food-tours/,chicago food tours,1900,Best Food Tours in Chicago (2026),Chicago Food Tours,restaurants/food,topic,1
dallas-coffee-shops,https://tabiji.ai/popular-picks/dallas-coffee-shops/,dallas coffee shops,1900,Best Coffee Shops in Dallas (2026),Dallas Coffee Shops,coffee/cafes,topic,1
dallas-steakhouse,https://tabiji.ai/popular-picks/dallas-steakhouse/,dallas steakhouse,1900,Best Steakhouse in Dallas (2026),Dallas Steakhouse,restaurants/food,topic,1
detroit-wings,https://tabiji.ai/popular-picks/detroit-wings/,detroit wings,1900,Best Wings in Detroit (2026),Detroit Wings,restaurants/food,topic,1
dubai-restaurants,https://tabiji.ai/popular-picks/dubai-restaurants/,dubai restaurants,1900,Best Restaurants in Dubai (2026),Dubai Restaurants,restaurants/food,topic,1
hamburg-brewery,https://tabiji.ai/popular-picks/hamburg-brewery/,hamburg brewery,1900,Best Brewery in Hamburg (2026),Hamburg Brewery,restaurants/food,topic,1
kyoto-restaurants,https://tabiji.ai/popular-picks/kyoto-restaurants/,kyoto restaurants,1900,Best Restaurants in Kyoto (2026),Kyoto,restaurants/food,topic,1
madison-curry,https://tabiji.ai/popular-picks/madison-curry/,madison curry,1900,Best Curry in Madison (2026),Madison Curry,restaurants/food,topic,1
manchester-pizza,https://tabiji.ai/popular-picks/manchester-pizza/,manchester pizza,1900,Best Pizza in Manchester (2026),Manchester Pizza,restaurants/food,topic,1
nashville-coffee-shops,https://tabiji.ai/popular-picks/nashville-coffee-shops/,nashville coffee shops,1900,Best Coffee Shops in Nashville (2026),Nashville Coffee Shops,coffee/cafes,topic,1
nashville-steakhouse,https://tabiji.ai/popular-picks/nashville-steakhouse/,nashville steakhouse,1900,Best Steakhouse in Nashville (2026),Nashville Steakhouse,restaurants/food,topic,1
new-york-steakhouse,https://tabiji.ai/popular-picks/new-york-steakhouse/,new york steakhouse,1900,Best Steakhouse in New York (2026),New York,restaurants/food,topic,1
orlando-brunch-spots,https://tabiji.ai/popular-picks/orlando-brunch-spots/,orlando brunch spots,1900,Best Brunch Spots in Orlando (2026),Orlando Brunch Spots,restaurants/food,topic,1
paris-pizza,https://tabiji.ai/popular-picks/paris-pizza/,paris pizza,1900,Best Pizza in Paris (2026),Paris,restaurants/food,topic,1
portland-breakfast,https://tabiji.ai/popular-picks/portland-breakfast/,portland breakfast,1900,Best Breakfast in Portland (2026),Portland Breakfast,restaurants/food,topic,1
portland-donuts,https://tabiji.ai/popular-picks/portland-donuts/,portland donuts,1900,Legendary Donut Shops in Portland (2026),Portland Donuts,restaurants/food,topic,1
porto-pizza,https://tabiji.ai/popular-picks/porto-pizza/,porto pizza,1900,Best Pizza in Porto (2026),Porto,restaurants/food,topic,1
rome-pizza,https://tabiji.ai/popular-picks/rome-pizza/,rome pizza,1900,15 Best Pizza in Rome 2026,Rome,restaurants/food,topic,1
san-diego-speakeasy,https://tabiji.ai/popular-picks/san-diego-speakeasy/,san diego speakeasy,1900,Best Speakeasy in San Diego (2026),San Diego Speakeasy,restaurants/food,topic,1
sonoma-wine-tasting,https://tabiji.ai/popular-picks/sonoma-wine-tasting/,sonoma wine tasting,1900,Best Wine Tasting in Sonoma (2026),Sonoma Wine Tasting,restaurants/food,topic,1
tokyo-steak,https://tabiji.ai/popular-picks/tokyo-steak/,tokyo steak,1900,Best Steak in Tokyo (2026),Tokyo,restaurants/food,topic,1
amsterdam-falafel,https://tabiji.ai/popular-picks/amsterdam-falafel/,amsterdam falafel,1600,Best Falafel in Amsterdam (2026),Amsterdam,restaurants/food,topic,1
atlanta-coffee-shops,https://tabiji.ai/popular-picks/atlanta-coffee-shops/,atlanta coffee shops,1600,Best Coffee Shops in Atlanta (2026),Atlanta Coffee Shops,coffee/cafes,topic,1
atlanta-wings,https://tabiji.ai/popular-picks/atlanta-wings/,atlanta wings,1600,Best Wings in Atlanta (2026),Atlanta Wings,restaurants/food,topic,1
austin-brunch-spots,https://tabiji.ai/popular-picks/austin-brunch-spots/,austin brunch spots,1600,Best Brunch Spots in Austin (2026),Austin Brunch Spots,restaurants/food,topic,1
bangkok-pad-thai,https://tabiji.ai/popular-picks/bangkok-pad-thai/,bangkok pad thai,1600,Best Pad Thai in Bangkok (2026),Bangkok,restaurants/food,topic,1
barcelona-burger,https://tabiji.ai/popular-picks/barcelona-burger/,barcelona burger,1600,Best Burger in Barcelona (2026),Barcelona,restaurants/food,topic,1
berlin-nightlife,https://tabiji.ai/popular-picks/berlin-nightlife/,berlin nightlife,1600,Club Nightlife in Berlin (2026),Berlin,restaurants/food,topic,1
boston-burger,https://tabiji.ai/popular-picks/boston-burger/,boston burger,1600,Best Burger in Boston (2026),Boston,restaurants/food,topic,1
boston-food-tours,https://tabiji.ai/popular-picks/boston-food-tours/,boston food tours,1600,Best Food Tours in Boston (2026),Boston,restaurants/food,topic,1
boston-fried-chicken,https://tabiji.ai/popular-picks/boston-fried-chicken/,boston fried chicken,1600,Best Fried Chicken in Boston (2026),Boston,restaurants/food,topic,1
chicago-coffee-shops,https://tabiji.ai/popular-picks/chicago-coffee-shops/,chicago coffee shops,1600,Best Coffee Shops in Chicago (2026),Chicago Coffee Shops,coffee/cafes,topic,1
chicago-steak,https://tabiji.ai/popular-picks/chicago-steak/,chicago steak,1600,Best Steak in Chicago (2026),Chicago Steak,restaurants/food,topic,1
chicago-sushi,https://tabiji.ai/popular-picks/chicago-sushi/,chicago sushi,1600,Best Sushi in Chicago (2026),Chicago Sushi,restaurants/food,topic,1
chicago-thrift-stores,https://tabiji.ai/popular-picks/chicago-thrift-stores/,chicago thrift stores,1600,Best Thrift Stores in Chicago (2026),Chicago Thrift Stores,restaurants/food,topic,1
chongqing-hot-pot,https://tabiji.ai/popular-picks/chongqing-hot-pot/,chongqing hot pot,1600,Chongqing-Style Hot Pot (2026),Chongqing Hot Pot,restaurants/food,topic,1
copenhagen-restaurants,https://tabiji.ai/popular-picks/copenhagen-restaurants/,copenhagen restaurants,1600,Best Restaurants in Copenhagen (2026),Copenhagen,restaurants/food,topic,1
denver-bars,https://tabiji.ai/popular-picks/denver-bars/,denver bars,1600,Best Bars in Denver (2026),Denver Bars,restaurants/food,topic,1
denver-coffee-shops,https://tabiji.ai/popular-picks/denver-coffee-shops/,denver coffee shops,1600,Coffee Shops in Denver (2026),Denver Coffee Shops,coffee/cafes,topic,1
hanoi-pho,https://tabiji.ai/popular-picks/hanoi-pho/,hanoi pho,1600,16 Best Phở Spots in Hanoi 2026,Hanoi,noodles,topic,1
honolulu-sushi,https://tabiji.ai/popular-picks/honolulu-sushi/,honolulu sushi,1600,Best Sushi in Honolulu (2026),Honolulu Sushi,restaurants/food,topic,1
las-vegas-steak,https://tabiji.ai/popular-picks/las-vegas-steak/,las vegas steak,1600,Best Steak in Las Vegas (2026),Las Vegas Steak,restaurants/food,topic,1
louisville-bbq,https://tabiji.ai/popular-picks/louisville-bbq/,louisville bbq,1600,Best Bbq in Louisville (2026),Louisville Bbq,restaurants/food,topic,1
miami-sushi,https://tabiji.ai/popular-picks/miami-sushi/,miami sushi,1600,Best Sushi in Miami (2026),Miami Sushi,restaurants/food,topic,1
milwaukee-brewery,https://tabiji.ai/popular-picks/milwaukee-brewery/,milwaukee brewery,1600,Best Brewery in Milwaukee (2026),Milwaukee Brewery,restaurants/food,topic,1
nagoya-ramen,https://tabiji.ai/popular-picks/nagoya-ramen/,nagoya ramen,1600,Best Ramen in Nagoya (2026),Nagoya,noodles,topic,1
nashville-breakfast,https://tabiji.ai/popular-picks/nashville-breakfast/,nashville breakfast,1600,Best Breakfast in Nashville (2026),Nashville Breakfast,restaurants/food,topic,1
nashville-brunch-spots,https://tabiji.ai/popular-picks/nashville-brunch-spots/,nashville brunch spots,1600,Brunch Spots in Nashville (2026),Nashville Brunch Spots,restaurants/food,topic,1
nashville-speakeasy,https://tabiji.ai/popular-picks/nashville-speakeasy/,nashville speakeasy,1600,Best Speakeasy in Nashville (2026),Nashville Speakeasy,restaurants/food,topic,1
new-orleans-breakfast,https://tabiji.ai/popular-picks/new-orleans-breakfast/,new orleans breakfast,1600,Best Breakfast in New Orleans (2026),New Orleans,restaurants/food,topic,1
new-orleans-ice-cream,https://tabiji.ai/popular-picks/new-orleans-ice-cream/,new orleans ice cream,1600,Best Ice Cream in New Orleans (2026),New Orleans,restaurants/food,topic,1
new-york-brunch,https://tabiji.ai/popular-picks/new-york-brunch/,new york brunch,1600,Brunch in New York (2026),New York,restaurants/food,topic,1
new-york-chopped-cheese,https://tabiji.ai/popular-picks/new-york-chopped-cheese/,new york chopped cheese,1600,Chopped Cheese in New York (2026),New York,restaurants/food,topic,1
new-york-street-food,https://tabiji.ai/popular-picks/new-york-street-food/,new york street food,1600,Best Street Food in New York (2026),New York,street food,topic,1
new-york-sushi,https://tabiji.ai/popular-picks/new-york-sushi/,new york sushi,1600,Best Sushi in New York (2026),New York,restaurants/food,topic,1
new-york-thrift-stores,https://tabiji.ai/popular-picks/new-york-thrift-stores/,new york thrift stores,1600,Best Thrift Stores in New York (2026),New York,restaurants/food,topic,1
paris-crepes,https://tabiji.ai/popular-picks/paris-crepes/,paris crepes,1600,Best Crepes in Paris (2026),Paris,restaurants/food,topic,1
phoenix-pho,https://tabiji.ai/popular-picks/phoenix-pho/,phoenix pho,1600,Best Pho in Phoenix (2026),Phoenix Pho,noodles,topic,1
pittsburgh-pizza,https://tabiji.ai/popular-picks/pittsburgh-pizza/,pittsburgh pizza,1600,Best Pizza in Pittsburgh (2026),Pittsburgh Pizza,restaurants/food,topic,1
portland-bars,https://tabiji.ai/popular-picks/portland-bars/,portland bars,1600,Best Bars in Portland (2026),Portland Bars,restaurants/food,topic,1
portland-record-stores,https://tabiji.ai/popular-picks/portland-record-stores/,portland record stores,1600,Best Record Stores in Portland (2026),Portland Record Stores,restaurants/food,topic,1
porto-restaurants,https://tabiji.ai/popular-picks/porto-restaurants/,porto restaurants,1600,Best Restaurants in Porto (2026),Porto,restaurants/food,topic,1
providence-bagels,https://tabiji.ai/popular-picks/providence-bagels/,providence bagels,1600,Best Bagels in Providence (2026),Providence Bagels,restaurants/food,topic,1
san-diego-coffee-shops,https://tabiji.ai/popular-picks/san-diego-coffee-shops/,san diego coffee shops,1600,Best Coffee Shops in San Diego (2026),San Diego Coffee Shops,coffee/cafes,topic,1
san-diego-sushi,https://tabiji.ai/popular-picks/san-diego-sushi/,san diego sushi,1600,Best Sushi in San Diego (2026),San Diego Sushi,restaurants/food,topic,1
san-francisco-pizza,https://tabiji.ai/popular-picks/san-francisco-pizza/,san francisco pizza,1600,Best Pizza in San Francisco (2026),San Francisco Pizza,restaurants/food,topic,1
santa-fe-brewery,https://tabiji.ai/popular-picks/santa-fe-brewery/,santa fe brewery,1600,Best Brewery in Santa Fe (2026),Santa Fe Brewery,restaurants/food,topic,1
seattle-bars,https://tabiji.ai/popular-picks/seattle-bars/,seattle bars,1600,Best Bars in Seattle (2026),Seattle Bars,restaurants/food,topic,1
seattle-food-trucks,https://tabiji.ai/popular-picks/seattle-food-trucks/,seattle food trucks,1600,Best Food Trucks in Seattle (2026),Seattle Food Trucks,restaurants/food,topic,1
seoul-burger,https://tabiji.ai/popular-picks/seoul-burger/,seoul burger,1600,Best Burger in Seoul (2026),Seoul,restaurants/food,topic,1
shanghai-dumplings,https://tabiji.ai/popular-picks/shanghai-dumplings/,shanghai dumplings,1600,Best Dumplings in Shanghai (2026),Shanghai Dumplings,restaurants/food,topic,1
sofia-pizza,https://tabiji.ai/popular-picks/sofia-pizza/,sofia pizza,1600,Best Pizza in Sofia (2026),Sofia Pizza,restaurants/food,topic,1
sonoma-wine-tours,https://tabiji.ai/popular-picks/sonoma-wine-tours/,sonoma wine tours,1600,Best Wine Tours in Sonoma (2026),Sonoma Wine Tours,restaurants/food,topic,1
traverse-city-wine-tours,https://tabiji.ai/popular-picks/traverse-city-wine-tours/,traverse city wine tours,1600,Best Wine Tours in Traverse City (2026),Traverse City Wine Tours,restaurants/food,topic,1
tulum-beach-clubs,https://tabiji.ai/popular-picks/tulum-beach-clubs/,tulum beach clubs,1600,11 Best Beach Clubs in Tulum 2026,Tulum,beach clubs,topic,1
venice-noodles,https://tabiji.ai/popular-picks/venice-noodles/,venice noodles,1600,Best Noodles in Venice (2026),Venice Noodles,noodles,topic,1
venice-ramen,https://tabiji.ai/popular-picks/venice-ramen/,venice ramen,1600,Best Ramen in Venice (2026),Venice Ramen,noodles,topic,1
victoria-pizza,https://tabiji.ai/popular-picks/victoria-pizza/,victoria pizza,1600,Best Pizza in Victoria (2026),Victoria Pizza,restaurants/food,topic,1
yokohama-noodles,https://tabiji.ai/popular-picks/yokohama-noodles/,yokohama noodles,1600,Best Noodles in Yokohama (2026),Yokohama Noodles,noodles,topic,1
austin-burger,https://tabiji.ai/popular-picks/austin-burger/,austin burger,1300,Best Burger in Austin (2026),Austin Burger,restaurants/food,topic,1
austin-food-trucks,https://tabiji.ai/popular-picks/austin-food-trucks/,austin food trucks,1300,Food Trucks in Austin (2026),Austin Food Trucks,restaurants/food,topic,1
austin-thrift-stores,https://tabiji.ai/popular-picks/austin-thrift-stores/,austin thrift stores,1300,Best Thrift Stores in Austin (2026),Austin Thrift Stores,restaurants/food,topic,1
bangkok-restaurants,https://tabiji.ai/popular-picks/bangkok-restaurants/,bangkok restaurants,1300,Best Restaurants in Bangkok (2026),Bangkok,restaurants/food,topic,1
berlin-currywurst,https://tabiji.ai/popular-picks/berlin-currywurst/,berlin currywurst,1300,12 Best Currywurst in Berlin (2026),Berlin,restaurants/food,topic,1
best-cheap-eats-new-york,https://tabiji.ai/popular-picks/best-cheap-eats-new-york/,best cheap eats new york,1300,16 Best Cheap Eats in New York City 2026,New York,budget eats,topic,1
cartagena-nightlife,https://tabiji.ai/popular-picks/cartagena-nightlife/,cartagena nightlife,1300,Nightlife in Cartagena (2026),Cartagena,restaurants/food,topic,1
chengdu-hot-pot,https://tabiji.ai/popular-picks/chengdu-hot-pot/,chengdu hot pot,1300,Hot Pot in Chengdu (2026),Chengdu Hot Pot,restaurants/food,topic,1
chicago-art-galleries,https://tabiji.ai/popular-picks/chicago-art-galleries/,chicago art galleries,1300,12 Best Art Galleries in Chicago (2026),Chicago Art Galleries,restaurants/food,topic,1
chicago-breakfast,https://tabiji.ai/popular-picks/chicago-breakfast/,chicago breakfast,1300,Best Breakfast in Chicago (2026),Chicago Breakfast,restaurants/food,topic,1
chicago-cooking-classes,https://tabiji.ai/popular-picks/chicago-cooking-classes/,chicago cooking classes,1300,Cooking Classes in Chicago (2026),Chicago Cooking Classes,restaurants/food,topic,1
cincinnati-pizza,https://tabiji.ai/popular-picks/cincinnati-pizza/,cincinnati pizza,1300,Best Pizza in Cincinnati (2026),Cincinnati Pizza,restaurants/food,topic,1
dallas-bars,https://tabiji.ai/popular-picks/dallas-bars/,dallas bars,1300,Best Bars in Dallas (2026),Dallas Bars,restaurants/food,topic,1
denver-steakhouse,https://tabiji.ai/popular-picks/denver-steakhouse/,denver steakhouse,1300,Best Steakhouse in Denver (2026),Denver Steakhouse,restaurants/food,topic,1
guilin-rice-noodles,https://tabiji.ai/popular-picks/guilin-rice-noodles/,guilin rice noodles,1300,Guilin Rice Noodle Shops (2026),Guilin Rice Noodles,noodles,topic,1
hiroshima-okonomiyaki,https://tabiji.ai/popular-picks/hiroshima-okonomiyaki/,hiroshima okonomiyaki,1300,Okonomiyaki in Hiroshima (2026),Hiroshima,restaurants/food,topic,1
houston-bars,https://tabiji.ai/popular-picks/houston-bars/,houston bars,1300,Best Bars in Houston (2026),Houston Bars,restaurants/food,topic,1
las-vegas-ramen,https://tabiji.ai/popular-picks/las-vegas-ramen/,las vegas ramen,1300,Best Ramen in Las Vegas (2026),Las Vegas Ramen,noodles,topic,1
london-afternoon-tea,https://tabiji.ai/popular-picks/london-afternoon-tea/,london afternoon tea,1300,12 Best Afternoon Teas in London (2026),London,restaurants/food,topic,1
london-pubs,https://tabiji.ai/popular-picks/london-pubs/,london pubs,1300,Pubs in London (2026),London,bars/drinks,topic,1
los-angeles-tacos,https://tabiji.ai/popular-picks/los-angeles-tacos/,los angeles tacos,1300,11 Best Tacos in Los Angeles 2026,Los Angeles Tacos,restaurants/food,topic,1
montreal-poutine,https://tabiji.ai/popular-picks/montreal-poutine/,montreal poutine,1300,Poutine in Montreal (2026),Montreal Poutine,restaurants/food,topic,1
nashville-pizza,https://tabiji.ai/popular-picks/nashville-pizza/,nashville pizza,1300,Best Pizza in Nashville (2026),Nashville Pizza,restaurants/food,topic,1
new-orleans-bars,https://tabiji.ai/popular-picks/new-orleans-bars/,new orleans bars,1300,Best Bars in New Orleans (2026),New Orleans,restaurants/food,topic,1
phoenix-speakeasy,https://tabiji.ai/popular-picks/phoenix-speakeasy/,phoenix speakeasy,1300,Best Speakeasy in Phoenix (2026),Phoenix Speakeasy,noodles,topic,1
portland-food-carts,https://tabiji.ai/popular-picks/portland-food-carts/,portland food carts,1300,Food Carts in Portland (2026),Portland Food Carts,restaurants/food,topic,1
portland-vegan-restaurants,https://tabiji.ai/popular-picks/portland-vegan-restaurants/,portland vegan restaurants,1300,Vegan Restaurants in Portland (2026),Portland Vegan Restaurants,restaurants/food,topic,1
prague-restaurants,https://tabiji.ai/popular-picks/prague-restaurants/,prague restaurants,1300,Best Restaurants in Prague (2026),Prague,restaurants/food,topic,1
seattle-sushi,https://tabiji.ai/popular-picks/seattle-sushi/,seattle sushi,1300,Best Sushi in Seattle (2026),Seattle Sushi,restaurants/food,topic,1
tel-aviv-pizza,https://tabiji.ai/popular-picks/tel-aviv-pizza/,tel aviv pizza,1300,Best Pizza in Tel Aviv (2026),Tel Aviv,restaurants/food,topic,1
zhangjiajie-glass-bridge,https://tabiji.ai/popular-picks/zhangjiajie-glass-bridge/,zhangjiajie glass bridge,1300,Zhangjiajie Glass Bridge (2026),Zhangjiajie Glass Bridge,restaurants/food,topic,1
boston-speakeasy,https://tabiji.ai/popular-picks/boston-speakeasy/,boston speakeasy,1000,Best Speakeasy in Boston (2026),Boston,restaurants/food,topic,1
boston-sushi,https://tabiji.ai/popular-picks/boston-sushi/,boston sushi,1000,Best Sushi in Boston (2026),Boston,restaurants/food,topic,1
cancun-tacos,https://tabiji.ai/popular-picks/cancun-tacos/,cancun tacos,1000,Best Tacos in Cancun (2026),Cancun Tacos,restaurants/food,topic,1
chicago-burger,https://tabiji.ai/popular-picks/chicago-burger/,chicago burger,1000,Best Burger in Chicago (2026),Chicago Burger,restaurants/food,topic,1
chicago-fine-dining,https://tabiji.ai/popular-picks/chicago-fine-dining/,chicago fine dining,1000,12 Best Fine Dining in Chicago (2026),Chicago Fine Dining,restaurants/food,topic,1
chicago-wings,https://tabiji.ai/popular-picks/chicago-wings/,chicago wings,1000,Best Wings in Chicago (2026),Chicago Wings,restaurants/food,topic,1
dallas-sushi,https://tabiji.ai/popular-picks/dallas-sushi/,dallas sushi,1000,Best Sushi in Dallas (2026),Dallas Sushi,restaurants/food,topic,1
denver-speakeasy,https://tabiji.ai/popular-picks/denver-speakeasy/,denver speakeasy,1000,Best Speakeasy in Denver (2026),Denver Speakeasy,restaurants/food,topic,1
denver-sushi,https://tabiji.ai/popular-picks/denver-sushi/,denver sushi,1000,Best Sushi in Denver (2026),Denver Sushi,restaurants/food,topic,1
houston-sushi,https://tabiji.ai/popular-picks/houston-sushi/,houston sushi,1000,Best Sushi in Houston (2026),Houston Sushi,restaurants/food,topic,1
lalibela-rock-churches,https://tabiji.ai/popular-picks/lalibela-rock-churches/,lalibela rock churches,1000,Rock Churches in Lalibela (2026),Lalibela,restaurants/food,topic,1
lisbon-day-trips,https://tabiji.ai/popular-picks/lisbon-day-trips/,lisbon day trips,1000,Best Day Trips from Lisbon (2026),Lisbon,restaurants/food,topic,1
los-angeles-steakhouse,https://tabiji.ai/popular-picks/los-angeles-steakhouse/,los angeles steakhouse,1000,Best Steakhouse in Los Angeles (2026),Los Angeles Steakhouse,restaurants/food,topic,1
louisville-pizza,https://tabiji.ai/popular-picks/louisville-pizza/,louisville pizza,1000,Best Pizza in Louisville (2026),Louisville Pizza,restaurants/food,topic,1
miami-brunch-spots,https://tabiji.ai/popular-picks/miami-brunch-spots/,miami brunch spots,1000,,Miami Brunch Spots,restaurants/food,topic,1
miami-pizza,https://tabiji.ai/popular-picks/miami-pizza/,miami pizza,1000,Best Pizza in Miami (2026),Miami Pizza,restaurants/food,topic,1
miami-steakhouse,https://tabiji.ai/popular-picks/miami-steakhouse/,miami steakhouse,1000,Best Steakhouse in Miami (2026),Miami Steakhouse,restaurants/food,topic,1
new-orleans-fried-chicken,https://tabiji.ai/popular-picks/new-orleans-fried-chicken/,new orleans fried chicken,1000,Best Fried Chicken in New Orleans (2026),New Orleans,restaurants/food,topic,1
okinawa-soba,https://tabiji.ai/popular-picks/okinawa-soba/,okinawa soba,1000,12 Best Okinawa Soba Restaurants — Reddit-Approved Guide (2026),Okinawa,restaurants/food,topic,1
philadelphia-brunch,https://tabiji.ai/popular-picks/philadelphia-brunch/,philadelphia brunch,1000,Brunch in Philadelphia (2026),Philadelphia Brunch,restaurants/food,topic,1
philadelphia-pizza,https://tabiji.ai/popular-picks/philadelphia-pizza/,philadelphia pizza,1000,Best Pizza in Philadelphia (2026),Philadelphia Pizza,restaurants/food,topic,1
phoenix-pizza,https://tabiji.ai/popular-picks/phoenix-pizza/,phoenix pizza,1000,Best Pizza in Phoenix (2026),Phoenix Pizza,noodles,topic,1
san-diego-brunch-spots,https://tabiji.ai/popular-picks/san-diego-brunch-spots/,san diego brunch spots,1000,Brunch Spots in San Diego (2026),San Diego Brunch Spots,restaurants/food,topic,1
seattle-fine-dining,https://tabiji.ai/popular-picks/seattle-fine-dining/,seattle fine dining,1000,Best Fine Dining in Seattle (2026),Seattle Fine Dining,restaurants/food,topic,1
seattle-pizza,https://tabiji.ai/popular-picks/seattle-pizza/,seattle pizza,1000,Best Pizza in Seattle (2026),Seattle Pizza,restaurants/food,topic,1
seville-tapas,https://tabiji.ai/popular-picks/seville-tapas/,seville tapas,1000,15 Best Tapas Bars in Seville 2026,Seville,restaurants/food,topic,1
siena-pizza,https://tabiji.ai/popular-picks/siena-pizza/,siena pizza,1000,Best Pizza in Siena (2026),Siena Pizza,restaurants/food,topic,1
taipei-night-markets,https://tabiji.ai/popular-picks/taipei-night-markets/,taipei night markets,1000,Night Markets in Taipei (2026),Taipei,shopping,topic,1
tokyo-day-trips,https://tabiji.ai/popular-picks/tokyo-day-trips/,tokyo day trips,1000,Best Day Trips from Tokyo (2026),Tokyo,restaurants/food,topic,1
vienna-schnitzel,https://tabiji.ai/popular-picks/vienna-schnitzel/,vienna schnitzel,1000,10 Best Schnitzel in Vienna 2026,Vienna,restaurants/food,topic,1
atlanta-bbq,https://tabiji.ai/popular-picks/atlanta-bbq/,atlanta bbq,880,Best Bbq in Atlanta (2026),Atlanta Bbq,restaurants/food,topic,1
atlanta-rooftop-bars,https://tabiji.ai/popular-picks/atlanta-rooftop-bars/,atlanta rooftop bars,880,Best Rooftop Bars in Atlanta (2026),Atlanta Rooftop Bars,rooftop bars,topic,1
atlanta-seafood,https://tabiji.ai/popular-picks/atlanta-seafood/,atlanta seafood,880,Best Seafood in Atlanta (2026),Atlanta Seafood,restaurants/food,topic,1
baltimore-jazz-bars,https://tabiji.ai/popular-picks/baltimore-jazz-bars/,baltimore jazz bars,880,12 Best Jazz Bars in Baltimore (2026),Baltimore Jazz Bars,jazz/music bars,topic,1
berlin-doner-kebab,https://tabiji.ai/popular-picks/berlin-doner-kebab/,berlin doner kebab,880,12 Best Döner Kebab in Berlin 2026,Berlin,restaurants/food,topic,1
boston-omakase,https://tabiji.ai/popular-picks/boston-omakase/,boston omakase,880,Best Omakase in Boston (2026),Boston,restaurants/food,topic,1
budapest-ruin-bars,https://tabiji.ai/popular-picks/budapest-ruin-bars/,budapest ruin bars,880,18 Best Ruin Bars in Budapest 2026,Budapest,bars/drinks,topic,1
charleston-shrimp-and-grits,https://tabiji.ai/popular-picks/charleston-shrimp-and-grits/,charleston shrimp and grits,880,Shrimp and Grits in Charleston (2026),Charleston Shrimp And Grits,restaurants/food,topic,1
chicago-brunch-spots,https://tabiji.ai/popular-picks/chicago-brunch-spots/,chicago brunch spots,880,Brunch Spots in Chicago (2026),Chicago Brunch Spots,restaurants/food,topic,1
columbus-pizza,https://tabiji.ai/popular-picks/columbus-pizza/,columbus pizza,880,Best Pizza in Columbus (2026),Columbus Pizza,restaurants/food,topic,1
dallas-happy-hour,https://tabiji.ai/popular-picks/dallas-happy-hour/,dallas happy hour,880,Best Happy Hour in Dallas (2026),Dallas Happy Hour,restaurants/food,topic,1
dallas-pizza,https://tabiji.ai/popular-picks/dallas-pizza/,dallas pizza,880,Best Pizza in Dallas (2026),Dallas Pizza,restaurants/food,topic,1
denver-brunch-spots,https://tabiji.ai/popular-picks/denver-brunch-spots/,denver brunch spots,880,Brunch Spots in Denver (2026),Denver Brunch Spots,restaurants/food,topic,1
denver-pizza,https://tabiji.ai/popular-picks/denver-pizza/,denver pizza,880,Best Pizza in Denver (2026),Denver Pizza,restaurants/food,topic,1
guadalajara-tacos,https://tabiji.ai/popular-picks/guadalajara-tacos/,guadalajara tacos,880,Best Tacos in Guadalajara (2026),Guadalajara Tacos,restaurants/food,topic,1
las-vegas-bbq,https://tabiji.ai/popular-picks/las-vegas-bbq/,las vegas bbq,880,Best Bbq in Las Vegas (2026),Las Vegas Bbq,restaurants/food,topic,1
las-vegas-donuts,https://tabiji.ai/popular-picks/las-vegas-donuts/,las vegas donuts,880,Best Donuts in Las Vegas (2026),Las Vegas Donuts,restaurants/food,topic,1
lima-restaurants,https://tabiji.ai/popular-picks/lima-restaurants/,lima restaurants,880,Best Restaurants in Lima (2026),Lima,restaurants/food,topic,1
london-bao,https://tabiji.ai/popular-picks/london-bao/,london bao,880,Best Bao in London (2026),London,restaurants/food,topic,1
los-angeles-bars,https://tabiji.ai/popular-picks/los-angeles-bars/,los angeles bars,880,Best Bars in Los Angeles (2026),Los Angeles Bars,restaurants/food,topic,1
miami-breakfast,https://tabiji.ai/popular-picks/miami-breakfast/,miami breakfast,880,Best Breakfast in Miami (2026),Miami Breakfast,restaurants/food,topic,1
miami-cuban-food,https://tabiji.ai/popular-picks/miami-cuban-food/,miami cuban food,880,Cuban Food in Miami (2026),Miami Cuban Food,restaurants/food,topic,1
miami-rooftop-bars,https://tabiji.ai/popular-picks/miami-rooftop-bars/,miami rooftop bars,880,12 Best Rooftop Bars in Miami (2026),Miami Rooftop Bars,rooftop bars,topic,1
new-orleans-brunch-spots,https://tabiji.ai/popular-picks/new-orleans-brunch-spots/,new orleans brunch spots,880,Brunch Spots in New Orleans (2026),New Orleans,restaurants/food,topic,1
new-york-ice-cream,https://tabiji.ai/popular-picks/new-york-ice-cream/,new york ice cream,880,Best Ice Cream in New York (2026),New York,restaurants/food,topic,1
new-york-omakase,https://tabiji.ai/popular-picks/new-york-omakase/,new york omakase,880,Best Omakase in New York (2026),New York,restaurants/food,topic,1
new-york-seafood,https://tabiji.ai/popular-picks/new-york-seafood/,new york seafood,880,Best Seafood in New York (2026),New York,restaurants/food,topic,1
new-york-speakeasy,https://tabiji.ai/popular-picks/new-york-speakeasy/,new york speakeasy,880,Best Speakeasy in New York (2026),New York,restaurants/food,topic,1
orlando-pizza,https://tabiji.ai/popular-picks/orlando-pizza/,orlando pizza,880,Best Pizza in Orlando (2026),Orlando Pizza,restaurants/food,topic,1
osaka-takoyaki,https://tabiji.ai/popular-picks/osaka-takoyaki/,osaka takoyaki,880,11 Best Takoyaki in Osaka 2026,Osaka,restaurants/food,topic,1
oslo-restaurants,https://tabiji.ai/popular-picks/oslo-restaurants/,oslo restaurants,880,New Nordic Restaurants in Oslo (2026),Oslo Restaurants,restaurants/food,topic,1
paris-flea-markets,https://tabiji.ai/popular-picks/paris-flea-markets/,paris flea markets,880,10 Best Flea Markets in Paris 2026,Paris,shopping,topic,1
san-diego-thrift-stores,https://tabiji.ai/popular-picks/san-diego-thrift-stores/,san diego thrift stores,880,Best Thrift Stores in San Diego (2026),San Diego Thrift Stores,restaurants/food,topic,1
san-francisco-steakhouse,https://tabiji.ai/popular-picks/san-francisco-steakhouse/,san francisco steakhouse,880,Best Steakhouse in San Francisco (2026),San Francisco Steakhouse,restaurants/food,topic,1
seattle-seafood,https://tabiji.ai/popular-picks/seattle-seafood/,seattle seafood,880,Fresh Seafood in Seattle (2026),Seattle Seafood,restaurants/food,topic,1
seattle-seafood-restaurants,https://tabiji.ai/popular-picks/seattle-seafood-restaurants/,seattle seafood restaurants,880,Seafood Restaurants in Seattle (2026),Seattle Seafood Restaurants,restaurants/food,topic,1
seattle-speakeasy,https://tabiji.ai/popular-picks/seattle-speakeasy/,seattle speakeasy,880,Best Speakeasy in Seattle (2026),Seattle Speakeasy,restaurants/food,topic,1
seattle-steakhouse,https://tabiji.ai/popular-picks/seattle-steakhouse/,seattle steakhouse,880,Best Steakhouse in Seattle (2026),Seattle Steakhouse,restaurants/food,topic,1
amsterdam-stroopwafel,https://tabiji.ai/popular-picks/amsterdam-stroopwafel/,amsterdam stroopwafel,720,9 Best Stroopwafel in Amsterdam (2026),Amsterdam,restaurants/food,topic,1
athens-flea-market,https://tabiji.ai/popular-picks/athens-flea-market/,athens flea market,720,10 Best Flea Markets in Athens (2026),Athens,shopping,topic,1
atlanta-sushi,https://tabiji.ai/popular-picks/atlanta-sushi/,atlanta sushi,720,Best Sushi in Atlanta (2026),Atlanta Sushi,restaurants/food,topic,1
austin-art-galleries,https://tabiji.ai/popular-picks/austin-art-galleries/,austin art galleries,720,Best Art Galleries in Austin (2026),Austin Art Galleries,restaurants/food,topic,1
austin-sushi,https://tabiji.ai/popular-picks/austin-sushi/,austin sushi,720,Best Sushi in Austin (2026),Austin Sushi,restaurants/food,topic,1
boston-breakfast,https://tabiji.ai/popular-picks/boston-breakfast/,boston breakfast,720,Best Breakfast in Boston (2026),Boston,restaurants/food,topic,1
boston-cooking-classes,https://tabiji.ai/popular-picks/boston-cooking-classes/,boston cooking classes,720,Best Cooking Classes in Boston (2026),Boston,restaurants/food,topic,1
boston-steakhouse,https://tabiji.ai/popular-picks/boston-steakhouse/,boston steakhouse,720,Best Steakhouse in Boston (2026),Boston,restaurants/food,topic,1
brussels-waffles,https://tabiji.ai/popular-picks/brussels-waffles/,brussels waffles,720,10 Best Waffles in Brussels 2026,Brussels,restaurants/food,topic,1
cebu-city-lechon,https://tabiji.ai/popular-picks/cebu-city-lechon/,cebu city lechon,720,10 Best Lechon in Cebu City 2026,Cebu,restaurants/food,topic,1
charlotte-bbq,https://tabiji.ai/popular-picks/charlotte-bbq/,charlotte bbq,720,Best Bbq in Charlotte (2026),Charlotte Bbq,restaurants/food,topic,1
chicago-bbq,https://tabiji.ai/popular-picks/chicago-bbq/,chicago bbq,720,Best Bbq in Chicago (2026),Chicago Bbq,restaurants/food,topic,1
chicago-cafes,https://tabiji.ai/popular-picks/chicago-cafes/,chicago cafes,720,Best Cafes in Chicago (2026),Chicago Cafes,coffee/cafes,topic,1
cleveland-steak,https://tabiji.ai/popular-picks/cleveland-steak/,cleveland steak,720,Best Steak in Cleveland (2026),Cleveland Steak,restaurants/food,topic,1
cusco-restaurants,https://tabiji.ai/popular-picks/cusco-restaurants/,cusco restaurants,720,Andean Cuisine in Cusco (2026),Cusco Restaurants,restaurants/food,topic,1
dallas-tacos,https://tabiji.ai/popular-picks/dallas-tacos/,dallas tacos,720,Best Tacos in Dallas (2026),Dallas Tacos,restaurants/food,topic,1
dallas-thrift-stores,https://tabiji.ai/popular-picks/dallas-thrift-stores/,dallas thrift stores,720,Best Thrift Stores in Dallas (2026),Dallas Thrift Stores,restaurants/food,topic,1
denver-cooking-classes,https://tabiji.ai/popular-picks/denver-cooking-classes/,denver cooking classes,720,Best Cooking Classes in Denver (2026),Denver Cooking Classes,restaurants/food,topic,1
denver-happy-hour,https://tabiji.ai/popular-picks/denver-happy-hour/,denver happy hour,720,Best Happy Hour in Denver (2026),Denver Happy Hour,restaurants/food,topic,1
edinburgh-pubs,https://tabiji.ai/popular-picks/edinburgh-pubs/,edinburgh pubs,720,14 Best Pubs in Edinburgh 2026,Edinburgh,bars/drinks,topic,1
hokkaido-onsen,https://tabiji.ai/popular-picks/hokkaido-onsen/,hokkaido onsen,720,12 Best Onsen in Hokkaido 2026,Hokkaido,restaurants/food,topic,1
houston-food-trucks,https://tabiji.ai/popular-picks/houston-food-trucks/,houston food trucks,720,Best Food Trucks in Houston (2026),Houston Food Trucks,restaurants/food,topic,1
houston-pizza,https://tabiji.ai/popular-picks/houston-pizza/,houston pizza,720,Best Pizza in Houston (2026),Houston Pizza,restaurants/food,topic,1
houston-seafood,https://tabiji.ai/popular-picks/houston-seafood/,houston seafood,720,Best Seafood in Houston (2026),Houston Seafood,restaurants/food,topic,1
istanbul-street-food,https://tabiji.ai/popular-picks/istanbul-street-food/,istanbul street food,720,Best Street Food in Istanbul (2026),Istanbul,street food,topic,1
kyoto-coffee,https://tabiji.ai/popular-picks/kyoto-coffee/,kyoto coffee,720,12 Best Coffee Shops in Kyoto (2026),Kyoto,coffee/cafes,topic,1
las-vegas-thrift-stores,https://tabiji.ai/popular-picks/las-vegas-thrift-stores/,las vegas thrift stores,720,Best Thrift Stores in Las Vegas (2026),Las Vegas Thrift Stores,restaurants/food,topic,1
los-angeles-pizza,https://tabiji.ai/popular-picks/los-angeles-pizza/,los angeles pizza,720,Best Pizza in Los Angeles (2026),Los Angeles Pizza,restaurants/food,topic,1
minneapolis-brunch-spots,https://tabiji.ai/popular-picks/minneapolis-brunch-spots/,minneapolis brunch spots,720,Brunch Spots in Minneapolis (2026),Minneapolis Brunch Spots,restaurants/food,topic,1
minneapolis-speakeasy,https://tabiji.ai/popular-picks/minneapolis-speakeasy/,minneapolis speakeasy,720,Best Speakeasy in Minneapolis (2026),Minneapolis Speakeasy,restaurants/food,topic,1
new-orleans-pizza,https://tabiji.ai/popular-picks/new-orleans-pizza/,new orleans pizza,720,Best Pizza in New Orleans (2026),New Orleans,restaurants/food,topic,1
new-york-burger,https://tabiji.ai/popular-picks/new-york-burger/,new york burger,720,Best Burger in New York (2026),New York,restaurants/food,topic,1
orlando-speakeasy,https://tabiji.ai/popular-picks/orlando-speakeasy/,orlando speakeasy,720,Best Speakeasy in Orlando (2026),Orlando Speakeasy,restaurants/food,topic,1
philadelphia-brunch-spots,https://tabiji.ai/popular-picks/philadelphia-brunch-spots/,philadelphia brunch spots,720,Brunch Spots in Philadelphia (2026),Philadelphia Brunch Spots,restaurants/food,topic,1
philadelphia-speakeasy,https://tabiji.ai/popular-picks/philadelphia-speakeasy/,philadelphia speakeasy,720,Best Speakeasy in Philadelphia (2026),Philadelphia Speakeasy,restaurants/food,topic,1
queenstown-restaurants,https://tabiji.ai/popular-picks/queenstown-restaurants/,queenstown restaurants,720,Restaurants in Queenstown (2026),Queenstown Restaurants,restaurants/food,topic,1
rome-nightlife,https://tabiji.ai/popular-picks/rome-nightlife/,rome nightlife,720,Nightlife &amp; Aperitivo Spots in Rome (2026),Rome,restaurants/food,topic,1
san-antonio-tacos,https://tabiji.ai/popular-picks/san-antonio-tacos/,san antonio tacos,720,Best Tacos in San Antonio (2026),San Antonio Tacos,restaurants/food,topic,1
san-diego-fish-tacos,https://tabiji.ai/popular-picks/san-diego-fish-tacos/,san diego fish tacos,720,Fish Tacos in San Diego (2026),San Diego Fish Tacos,restaurants/food,topic,1
san-diego-rooftop-bars,https://tabiji.ai/popular-picks/san-diego-rooftop-bars/,san diego rooftop bars,720,Rooftop Bars in San Diego (2026),San Diego Rooftop Bars,rooftop bars,topic,1
san-francisco-bars,https://tabiji.ai/popular-picks/san-francisco-bars/,san francisco bars,720,Best Bars in San Francisco (2026),San Francisco Bars,restaurants/food,topic,1
san-francisco-sushi,https://tabiji.ai/popular-picks/san-francisco-sushi/,san francisco sushi,720,Best Sushi in San Francisco (2026),San Francisco Sushi,restaurants/food,topic,1
san-jose-pho,https://tabiji.ai/popular-picks/san-jose-pho/,san jose pho,720,Best Pho in San Jose (2026),San Jose Pho,noodles,topic,1
seattle-cooking-classes,https://tabiji.ai/popular-picks/seattle-cooking-classes/,seattle cooking classes,720,Best Cooking Classes in Seattle (2026),Seattle Cooking Classes,restaurants/food,topic,1
shibuya-ramen,https://tabiji.ai/popular-picks/shibuya-ramen/,shibuya ramen,720,18 Best Ramen Shops in Shibuya 2026,Tokyo,noodles,topic,1
tampa-sushi,https://tabiji.ai/popular-picks/tampa-sushi/,tampa sushi,720,Best Sushi in Tampa (2026),Tampa Sushi,restaurants/food,topic,1
tokyo-street-food,https://tabiji.ai/popular-picks/tokyo-street-food/,tokyo street food,720,Tokyo Street Food & Food Stalls (2026),Tokyo,street food,topic,1
valencia-tapas,https://tabiji.ai/popular-picks/valencia-tapas/,valencia tapas,720,Best Tapas in Valencia (2026),Valencia Tapas,restaurants/food,topic,1
atlanta-fine-dining,https://tabiji.ai/popular-picks/atlanta-fine-dining/,atlanta fine dining,590,Best Fine Dining in Atlanta (2026),Atlanta Fine Dining,restaurants/food,topic,1
atlanta-steak,https://tabiji.ai/popular-picks/atlanta-steak/,atlanta steak,590,Best Steak in Atlanta (2026),Atlanta Steak,restaurants/food,topic,1
baltimore-brunch-spots,https://tabiji.ai/popular-picks/baltimore-brunch-spots/,baltimore brunch spots,590,Best Brunch Spots in Baltimore (2026),Baltimore Brunch Spots,restaurants/food,topic,1
boston-dim-sum,https://tabiji.ai/popular-picks/boston-dim-sum/,boston dim sum,590,Best Dim Sum in Boston (2026),Boston,restaurants/food,topic,1
boston-thrift-stores,https://tabiji.ai/popular-picks/boston-thrift-stores/,boston thrift stores,590,Best Thrift Stores in Boston (2026),Boston,restaurants/food,topic,1
bruges-chocolate,https://tabiji.ai/popular-picks/bruges-chocolate/,bruges chocolate,590,"10 Best Chocolate in Bruges, Belgium (2026)",Bruges,restaurants/food,topic,1
chicago-happy-hour,https://tabiji.ai/popular-picks/chicago-happy-hour/,chicago happy hour,590,Best Happy Hour in Chicago (2026),Chicago Happy Hour,restaurants/food,topic,1
dallas-speakeasy,https://tabiji.ai/popular-picks/dallas-speakeasy/,dallas speakeasy,590,Best Speakeasy in Dallas (2026),Dallas Speakeasy,restaurants/food,topic,1
denver-breakfast,https://tabiji.ai/popular-picks/denver-breakfast/,denver breakfast,590,Best Breakfast in Denver (2026),Denver Breakfast,restaurants/food,topic,1
denver-vegetarian-restaurants,https://tabiji.ai/popular-picks/denver-vegetarian-restaurants/,denver vegetarian restaurants,590,Best Vegetarian Restaurants in Denver (2026),Denver Vegetarian Restaurants,restaurants/food,topic,1
harbin-ice-sculpture-festival,https://tabiji.ai/popular-picks/harbin-ice-sculpture-festival/,harbin ice sculpture festival,590,Ice Sculpture Festival in Harbin (2026),Harbin Ice Sculpture Festival,restaurants/food,topic,1
helsinki-restaurants,https://tabiji.ai/popular-picks/helsinki-restaurants/,helsinki restaurants,590,Food in Helsinki (2026),Helsinki Restaurants,restaurants/food,topic,1
ho-chi-minh-city-restaurants,https://tabiji.ai/popular-picks/ho-chi-minh-city-restaurants/,ho chi minh city restaurants,590,Best Restaurants in Ho Chi Minh City (2026),Ho Chi Minh City,restaurants/food,topic,1
honolulu-steakhouse,https://tabiji.ai/popular-picks/honolulu-steakhouse/,honolulu steakhouse,590,Best Steakhouse in Honolulu (2026),Honolulu Steakhouse,restaurants/food,topic,1
houston-steak,https://tabiji.ai/popular-picks/houston-steak/,houston steak,590,Best Steak in Houston (2026),Houston Steak,restaurants/food,topic,1
houston-thrift-stores,https://tabiji.ai/popular-picks/houston-thrift-stores/,houston thrift stores,590,Best Thrift Stores in Houston (2026),Houston Thrift Stores,restaurants/food,topic,1
las-vegas-happy-hour,https://tabiji.ai/popular-picks/las-vegas-happy-hour/,las vegas happy hour,590,Best Happy Hour in Las Vegas (2026),Las Vegas Happy Hour,restaurants/food,topic,1
las-vegas-vegan-restaurants,https://tabiji.ai/popular-picks/las-vegas-vegan-restaurants/,las vegas vegan restaurants,590,Best Vegan Restaurants in Las Vegas (2026),Las Vegas Vegan Restaurants,restaurants/food,topic,1
london-sunday-roast,https://tabiji.ai/popular-picks/london-sunday-roast/,london sunday roast,590,12 Best Sunday Roasts in London,London,restaurants/food,topic,1
los-angeles-sushi,https://tabiji.ai/popular-picks/los-angeles-sushi/,los angeles sushi,590,Best Sushi in Los Angeles (2026),Los Angeles Sushi,restaurants/food,topic,1
los-angeles-vegan-restaurants,https://tabiji.ai/popular-picks/los-angeles-vegan-restaurants/,los angeles vegan restaurants,590,Vegan Restaurants in Los Angeles (2026),Los Angeles Vegan Restaurants,restaurants/food,topic,1
mexico-city-tacos,https://tabiji.ai/popular-picks/mexico-city-tacos/,mexico city tacos,590,Tacos in Mexico City (2026),Mexico City,restaurants/food,topic,1
new-orleans-oysters,https://tabiji.ai/popular-picks/new-orleans-oysters/,new orleans oysters,590,Best Oysters in New Orleans (2026),New Orleans,restaurants/food,topic,1
oaxaca-tacos,https://tabiji.ai/popular-picks/oaxaca-tacos/,oaxaca tacos,590,Best Tacos in Oaxaca (2026),Oaxaca,restaurants/food,topic,1
osaka-street-food,https://tabiji.ai/popular-picks/osaka-street-food/,osaka street food,590,Street Food in Osaka (2026),Osaka,street food,topic,1
paris-bakeries,https://tabiji.ai/popular-picks/paris-bakeries/,paris bakeries,590,Bakeries in Paris (2026),Paris,bakeries/desserts,topic,1
philadelphia-steakhouse,https://tabiji.ai/popular-picks/philadelphia-steakhouse/,philadelphia steakhouse,590,Best Steakhouse in Philadelphia (2026),Philadelphia Steakhouse,restaurants/food,topic,1
pittsburgh-speakeasy,https://tabiji.ai/popular-picks/pittsburgh-speakeasy/,pittsburgh speakeasy,590,Best Speakeasy in Pittsburgh (2026),Pittsburgh Speakeasy,restaurants/food,topic,1
portland-brunch-spots,https://tabiji.ai/popular-picks/portland-brunch-spots/,portland brunch spots,590,Brunch Spots in Portland (2026),Portland Brunch Spots,restaurants/food,topic,1
portland-coffee-shops,https://tabiji.ai/popular-picks/portland-coffee-shops/,portland coffee shops,590,Coffee Shops in Portland (2026),Portland Coffee Shops,coffee/cafes,topic,1
portland-thrift-stores,https://tabiji.ai/popular-picks/portland-thrift-stores/,portland thrift stores,590,Best Thrift Stores in Portland (2026),Portland Thrift Stores,restaurants/food,topic,1
puebla-tacos,https://tabiji.ai/popular-picks/puebla-tacos/,puebla tacos,590,Best Tacos in Puebla (2026),Puebla Tacos,restaurants/food,topic,1
san-antonio-sushi,https://tabiji.ai/popular-picks/san-antonio-sushi/,san antonio sushi,590,Best Sushi in San Antonio (2026),San Antonio Sushi,restaurants/food,topic,1
san-diego-pizza,https://tabiji.ai/popular-picks/san-diego-pizza/,san diego pizza,590,Best Pizza in San Diego (2026),San Diego Pizza,restaurants/food,topic,1
san-francisco-breakfast,https://tabiji.ai/popular-picks/san-francisco-breakfast/,san francisco breakfast,590,Best Breakfast in San Francisco (2026),San Francisco Breakfast,restaurants/food,topic,1
seattle-breakfast,https://tabiji.ai/popular-picks/seattle-breakfast/,seattle breakfast,590,Best Breakfast in Seattle (2026),Seattle Breakfast,restaurants/food,topic,1
seattle-thrift-stores,https://tabiji.ai/popular-picks/seattle-thrift-stores/,seattle thrift stores,590,Best Thrift Stores in Seattle (2026),Seattle Thrift Stores,restaurants/food,topic,1
singapore-hawker-centers,https://tabiji.ai/popular-picks/singapore-hawker-centers/,singapore hawker centers,590,Hawker Centers in Singapore (2026),Singapore,restaurants/food,topic,1
tel-aviv-nightlife,https://tabiji.ai/popular-picks/tel-aviv-nightlife/,tel aviv nightlife,590,Tel Aviv's Legendary Nightlife (2026),Tel Aviv,restaurants/food,topic,1
vancouver-sushi,https://tabiji.ai/popular-picks/vancouver-sushi/,vancouver sushi,590,Sushi in Vancouver (2026),Vancouver Sushi,restaurants/food,topic,1
austin-cooking-classes,https://tabiji.ai/popular-picks/austin-cooking-classes/,austin cooking classes,480,Best Cooking Classes in Austin (2026),Austin Cooking Classes,restaurants/food,topic,2
austin-speakeasy,https://tabiji.ai/popular-picks/austin-speakeasy/,austin speakeasy,480,Best Speakeasy in Austin (2026),Austin Speakeasy,restaurants/food,topic,2
bangkok-rooftop-bars,https://tabiji.ai/popular-picks/bangkok-rooftop-bars/,bangkok rooftop bars,480,16 Best Rooftop Bars in Bangkok 2026,Bangkok,rooftop bars,topic,2
best-pizza-naples,https://tabiji.ai/popular-picks/best-pizza-naples/,best pizza naples,480,14 Best Pizza in Naples 2026,Naples,restaurants/food,topic,2
boston-cafes,https://tabiji.ai/popular-picks/boston-cafes/,boston cafes,480,Best Cafes in Boston (2026),Boston,coffee/cafes,topic,2
chiang-mai-thai-massage,https://tabiji.ai/popular-picks/chiang-mai-thai-massage/,chiang mai thai massage,480,Thai Massage in Chiang Mai (2026),Chiang Mai,culture/experiences,topic,2
dallas-breakfast,https://tabiji.ai/popular-picks/dallas-breakfast/,dallas breakfast,480,Best Breakfast in Dallas (2026),Dallas Breakfast,restaurants/food,topic,2
houston-breakfast,https://tabiji.ai/popular-picks/houston-breakfast/,houston breakfast,480,Best Breakfast in Houston (2026),Houston Breakfast,restaurants/food,topic,2
las-vegas-cheap-eats,https://tabiji.ai/popular-picks/las-vegas-cheap-eats/,las vegas cheap eats,480,Best Cheap Eats in Las Vegas (2026),Las Vegas Cheap Eats,budget eats,topic,2
las-vegas-dim-sum,https://tabiji.ai/popular-picks/las-vegas-dim-sum/,las vegas dim sum,480,Best Dim Sum in Las Vegas (2026),Las Vegas Dim Sum,restaurants/food,topic,2
las-vegas-fine-dining,https://tabiji.ai/popular-picks/las-vegas-fine-dining/,las vegas fine dining,480,Best Fine Dining in Las Vegas (2026),Las Vegas Fine Dining,restaurants/food,topic,2
las-vegas-tacos,https://tabiji.ai/popular-picks/las-vegas-tacos/,las vegas tacos,480,Best Tacos in Las Vegas (2026),Las Vegas Tacos,restaurants/food,topic,2
london-rooftop-bars,https://tabiji.ai/popular-picks/london-rooftop-bars/,london rooftop bars,480,Rooftop Bars in London (2026),London,rooftop bars,topic,2
mendoza-wine-tours,https://tabiji.ai/popular-picks/mendoza-wine-tours/,mendoza wine tours,480,Mendoza Winery Tours (2026),Mendoza Wine Tours,restaurants/food,topic,2
miami-tacos,https://tabiji.ai/popular-picks/miami-tacos/,miami tacos,480,Best Tacos in Miami (2026),Miami Tacos,restaurants/food,topic,2
minneapolis-coffee-shops,https://tabiji.ai/popular-picks/minneapolis-coffee-shops/,minneapolis coffee shops,480,Best Coffee Shops in Minneapolis (2026),Minneapolis Coffee Shops,coffee/cafes,topic,2
mumbai-street-food,https://tabiji.ai/popular-picks/mumbai-street-food/,mumbai street food,480,Mumbai Street Food Guide (2026),Mumbai Street Food,street food,topic,2
nashville-honky-tonk-bars,https://tabiji.ai/popular-picks/nashville-honky-tonk-bars/,nashville honky tonk bars,480,Honky Tonk Bars in Nashville (2026),Nashville Honky Tonk Bars,restaurants/food,topic,2
oaxaca-mole,https://tabiji.ai/popular-picks/oaxaca-mole/,oaxaca mole,480,"10 Best Mole in Oaxaca, Mexico (2026) &#8212; Reddit-Backed Guide",Oaxaca,restaurants/food,topic,2
orlando-thrift-stores,https://tabiji.ai/popular-picks/orlando-thrift-stores/,orlando thrift stores,480,Best Thrift Stores in Orlando (2026),Orlando Thrift Stores,restaurants/food,topic,2
osaka-okonomiyaki,https://tabiji.ai/popular-picks/osaka-okonomiyaki/,osaka okonomiyaki,480,10 Best Okonomiyaki in Osaka (2026),Osaka,restaurants/food,topic,2
paris-jazz-clubs,https://tabiji.ai/popular-picks/paris-jazz-clubs/,paris jazz clubs,480,15 Best Jazz Clubs in Paris 2026,Paris,jazz/music bars,topic,2
philadelphia-bars,https://tabiji.ai/popular-picks/philadelphia-bars/,philadelphia bars,480,Best Bars in Philadelphia (2026),Philadelphia Bars,restaurants/food,topic,2
portland-sushi,https://tabiji.ai/popular-picks/portland-sushi/,portland sushi,480,Best Sushi in Portland (2026),Portland Sushi,restaurants/food,topic,2
rome-cooking-classes,https://tabiji.ai/popular-picks/rome-cooking-classes/,rome cooking classes,480,9 Best Cooking Classes in Rome 2026,Rome,restaurants/food,topic,2
sacramento-sushi,https://tabiji.ai/popular-picks/sacramento-sushi/,sacramento sushi,480,Best Sushi in Sacramento (2026),Sacramento Sushi,noodles,topic,2
sacramento-thrift-stores,https://tabiji.ai/popular-picks/sacramento-thrift-stores/,sacramento thrift stores,480,Best Thrift Stores in Sacramento (2026),Sacramento Thrift Stores,noodles,topic,2
san-antonio-coffee-shops,https://tabiji.ai/popular-picks/san-antonio-coffee-shops/,san antonio coffee shops,480,Best Coffee Shops in San Antonio (2026),San Antonio Coffee Shops,coffee/cafes,topic,2
san-antonio-pizza,https://tabiji.ai/popular-picks/san-antonio-pizza/,san antonio pizza,480,Best Pizza in San Antonio (2026),San Antonio Pizza,restaurants/food,topic,2
san-antonio-seafood,https://tabiji.ai/popular-picks/san-antonio-seafood/,san antonio seafood,480,Best Seafood in San Antonio (2026),San Antonio Seafood,restaurants/food,topic,2
san-diego-craft-beer,https://tabiji.ai/popular-picks/san-diego-craft-beer/,san diego craft beer,480,Craft Beer in San Diego (2026),San Diego Craft Beer,bars/drinks,topic,2
san-francisco-dim-sum,https://tabiji.ai/popular-picks/san-francisco-dim-sum/,san francisco dim sum,480,Dim Sum in San Francisco's Chinatown (2026),San Francisco Dim Sum,restaurants/food,topic,2
san-francisco-seafood,https://tabiji.ai/popular-picks/san-francisco-seafood/,san francisco seafood,480,Best Seafood in San Francisco (2026),San Francisco Seafood,restaurants/food,topic,2
san-jose-ramen,https://tabiji.ai/popular-picks/san-jose-ramen/,san jose ramen,480,Best Ramen in San Jose (2026),San Jose Ramen,noodles,topic,2
sapporo-soup-curry,https://tabiji.ai/popular-picks/sapporo-soup-curry/,sapporo soup curry,480,14 Best Soup Curry in Sapporo 2026,Sapporo,restaurants/food,topic,2
seattle-dim-sum,https://tabiji.ai/popular-picks/seattle-dim-sum/,seattle dim sum,480,Best Dim Sum in Seattle (2026),Seattle Dim Sum,restaurants/food,topic,2
singapore-laksa,https://tabiji.ai/popular-picks/singapore-laksa/,singapore laksa,480,12 Best Laksa in Singapore (2026),Singapore,restaurants/food,topic,2
spokane-thrift-stores,https://tabiji.ai/popular-picks/spokane-thrift-stores/,spokane thrift stores,480,Best Thrift Stores in Spokane (2026),Spokane Thrift Stores,restaurants/food,topic,2
st-louis-coffee-shops,https://tabiji.ai/popular-picks/st-louis-coffee-shops/,st louis coffee shops,480,Best Coffee Shops in St Louis (2026),St Louis Coffee Shops,coffee/cafes,topic,2
tampa-pizza,https://tabiji.ai/popular-picks/tampa-pizza/,tampa pizza,480,Best Pizza in Tampa (2026),Tampa Pizza,restaurants/food,topic,2
telluride-things-to-do,https://tabiji.ai/popular-picks/telluride-things-to-do/,telluride things to do,480,Things to Do in Telluride (2026),Telluride,restaurants/food,topic,2
tucson-pizza,https://tabiji.ai/popular-picks/tucson-pizza/,tucson pizza,480,Best Pizza in Tucson (2026),Tucson Pizza,restaurants/food,topic,2
tucson-thrift-stores,https://tabiji.ai/popular-picks/tucson-thrift-stores/,tucson thrift stores,480,Best Thrift Stores in Tucson (2026),Tucson Thrift Stores,restaurants/food,topic,2
atlanta-pho,https://tabiji.ai/popular-picks/atlanta-pho/,atlanta pho,390,Best Pho in Atlanta (2026),Atlanta Pho,noodles,topic,2
austin-breakfast-tacos,https://tabiji.ai/popular-picks/austin-breakfast-tacos/,austin breakfast tacos,390,Breakfast Tacos in Austin (2026),Austin Breakfast Tacos,restaurants/food,topic,2
austin-steak,https://tabiji.ai/popular-picks/austin-steak/,austin steak,390,Best Steak in Austin (2026),Austin Steak,restaurants/food,topic,2
austin-vegetarian-restaurants,https://tabiji.ai/popular-picks/austin-vegetarian-restaurants/,austin vegetarian restaurants,390,Best Vegetarian Restaurants in Austin (2026),Austin Vegetarian Restaurants,restaurants/food,topic,2
chicago-cocktail-bars,https://tabiji.ai/popular-picks/chicago-cocktail-bars/,chicago cocktail bars,390,14 Best Cocktail Bars in Chicago,Chicago Cocktail Bars,bars/drinks,topic,2
chicago-seafood,https://tabiji.ai/popular-picks/chicago-seafood/,chicago seafood,390,Best Seafood in Chicago (2026),Chicago Seafood,restaurants/food,topic,2
chicago-vegan-restaurants,https://tabiji.ai/popular-picks/chicago-vegan-restaurants/,chicago vegan restaurants,390,Vegan Restaurants in Chicago (2026),Chicago Vegan Restaurants,restaurants/food,topic,2
copenhagen-day-trips,https://tabiji.ai/popular-picks/copenhagen-day-trips/,copenhagen day trips,390,Day Trips in Copenhagen (2026),Copenhagen,restaurants/food,topic,2
dallas-cooking-classes,https://tabiji.ai/popular-picks/dallas-cooking-classes/,dallas cooking classes,390,Best Cooking Classes in Dallas (2026),Dallas Cooking Classes,restaurants/food,topic,2
denver-burger,https://tabiji.ai/popular-picks/denver-burger/,denver burger,390,Best Burger in Denver (2026),Denver Burger,restaurants/food,topic,2
guadalajara-birria,https://tabiji.ai/popular-picks/guadalajara-birria/,guadalajara birria,390,11 Best Birria in Guadalajara (2026),Guadalajara Birria,restaurants/food,topic,2
houston-cooking-classes,https://tabiji.ai/popular-picks/houston-cooking-classes/,houston cooking classes,390,Cooking Classes in Houston (2026),Houston Cooking Classes,restaurants/food,topic,2
indianapolis-coffee-shops,https://tabiji.ai/popular-picks/indianapolis-coffee-shops/,indianapolis coffee shops,390,Best Coffee Shops in Indianapolis (2026),Indianapolis Coffee Shops,coffee/cafes,topic,2
kobe-chinatown,https://tabiji.ai/popular-picks/kobe-chinatown/,kobe chinatown,390,Chinatown in Kobe (2026),Kobe,restaurants/food,topic,2
las-vegas-seafood,https://tabiji.ai/popular-picks/las-vegas-seafood/,las vegas seafood,390,Best Seafood in Las Vegas (2026),Las Vegas Seafood,restaurants/food,topic,2
marrakech-riads,https://tabiji.ai/popular-picks/marrakech-riads/,marrakech riads,390,Riads in Marrakech (2026),Marrakech,restaurants/food,topic,2
marseille-bouillabaisse,https://tabiji.ai/popular-picks/marseille-bouillabaisse/,marseille bouillabaisse,390,Bouillabaisse in Marseille (2026),Marseille Bouillabaisse,restaurants/food,topic,2
minneapolis-pizza,https://tabiji.ai/popular-picks/minneapolis-pizza/,minneapolis pizza,390,Best Pizza in Minneapolis (2026),Minneapolis Pizza,restaurants/food,topic,2
nashville-burger,https://tabiji.ai/popular-picks/nashville-burger/,nashville burger,390,Best Burger in Nashville (2026),Nashville Burger,restaurants/food,topic,2
new-orleans-steakhouse,https://tabiji.ai/popular-picks/new-orleans-steakhouse/,new orleans steakhouse,390,Best Steakhouse in New Orleans (2026),New Orleans,restaurants/food,topic,2
new-york-bars,https://tabiji.ai/popular-picks/new-york-bars/,new york bars,390,Best Bars in New York (2026),New York,restaurants/food,topic,2
orlando-fine-dining,https://tabiji.ai/popular-picks/orlando-fine-dining/,orlando fine dining,390,Best Fine Dining in Orlando (2026),Orlando Fine Dining,restaurants/food,topic,2
palawan-underground-river-tour,https://tabiji.ai/popular-picks/palawan-underground-river-tour/,palawan underground river tour,390,Underground River Tour in Palawan (2026),Palawan Underground River Tour,restaurants/food,topic,2
pittsburgh-coffee-shops,https://tabiji.ai/popular-picks/pittsburgh-coffee-shops/,pittsburgh coffee shops,390,Best Coffee Shops in Pittsburgh (2026),Pittsburgh Coffee Shops,coffee/cafes,topic,2
pittsburgh-thrift-stores,https://tabiji.ai/popular-picks/pittsburgh-thrift-stores/,pittsburgh thrift stores,390,Best Thrift Stores in Pittsburgh (2026),Pittsburgh Thrift Stores,restaurants/food,topic,2
san-antonio-tex-mex,https://tabiji.ai/popular-picks/san-antonio-tex-mex/,san antonio tex mex,390,Tex Mex in San Antonio (2026),San Antonio Tex Mex,restaurants/food,topic,2
san-antonio-thrift-stores,https://tabiji.ai/popular-picks/san-antonio-thrift-stores/,san antonio thrift stores,390,Best Thrift Stores in San Antonio (2026),San Antonio Thrift Stores,restaurants/food,topic,2
san-diego-cooking-classes,https://tabiji.ai/popular-picks/san-diego-cooking-classes/,san diego cooking classes,390,Best Cooking Classes in San Diego (2026),San Diego Cooking Classes,restaurants/food,topic,2
san-francisco-cooking-classes,https://tabiji.ai/popular-picks/san-francisco-cooking-classes/,san francisco cooking classes,390,Best Cooking Classes in San Francisco (2026),San Francisco Cooking Classes,restaurants/food,topic,2
san-francisco-omakase,https://tabiji.ai/popular-picks/san-francisco-omakase/,san francisco omakase,390,Best Omakase in San Francisco (2026),San Francisco Omakase,restaurants/food,topic,2
scottsdale-sushi,https://tabiji.ai/popular-picks/scottsdale-sushi/,scottsdale sushi,390,Best Sushi in Scottsdale (2026),Scottsdale Sushi,restaurants/food,topic,2
seattle-omakase,https://tabiji.ai/popular-picks/seattle-omakase/,seattle omakase,390,Best Omakase in Seattle (2026),Seattle Omakase,restaurants/food,topic,2
tampa-coffee-shops,https://tabiji.ai/popular-picks/tampa-coffee-shops/,tampa coffee shops,390,Best Coffee Shops in Tampa (2026),Tampa Coffee Shops,coffee/cafes,topic,2
tampa-speakeasy,https://tabiji.ai/popular-picks/tampa-speakeasy/,tampa speakeasy,390,Best Speakeasy in Tampa (2026),Tampa Speakeasy,restaurants/food,topic,2
valencia-paella,https://tabiji.ai/popular-picks/valencia-paella/,valencia paella,390,Authentic Paella in Valencia (2026),Valencia Paella,restaurants/food,topic,2
ann-arbor-sushi,https://tabiji.ai/popular-picks/ann-arbor-sushi/,ann arbor sushi,320,Best Sushi in Ann Arbor (2026),Ann Arbor Sushi,restaurants/food,topic,2
atlanta-cooking-classes,https://tabiji.ai/popular-picks/atlanta-cooking-classes/,atlanta cooking classes,320,Best Cooking Classes in Atlanta (2026),Atlanta Cooking Classes,restaurants/food,topic,2
atlanta-speakeasy,https://tabiji.ai/popular-picks/atlanta-speakeasy/,atlanta speakeasy,320,Best Speakeasy in Atlanta (2026),Atlanta Speakeasy,restaurants/food,topic,2
austin-fine-dining,https://tabiji.ai/popular-picks/austin-fine-dining/,austin fine dining,320,12 Best Fine Dining in Austin (2026),Austin Fine Dining,restaurants/food,topic,2
austin-tacos,https://tabiji.ai/popular-picks/austin-tacos/,austin tacos,320,12 Best Tacos in Austin (2026) &mdash; Reddit-Backed Guide,Austin Tacos,restaurants/food,topic,2
baltimore-blue-crab,https://tabiji.ai/popular-picks/baltimore-blue-crab/,baltimore blue crab,320,Best Blue Crab Restaurants in Baltimore (2026),Baltimore Blue Crab,restaurants/food,topic,2
beirut-nightlife,https://tabiji.ai/popular-picks/beirut-nightlife/,beirut nightlife,320,Legendary Nightlife Spots in Beirut (2026),Beirut Nightlife,restaurants/food,topic,2
boston-ramen,https://tabiji.ai/popular-picks/boston-ramen/,boston ramen,320,Best Ramen in Boston (2026),Boston,noodles,topic,2
casablanca-seafood,https://tabiji.ai/popular-picks/casablanca-seafood/,casablanca seafood,320,Fresh Atlantic Seafood in Casablanca (2026),Casablanca Seafood,restaurants/food,topic,2
catania-fish-market,https://tabiji.ai/popular-picks/catania-fish-market/,catania fish market,320,Fish Market in Catania (2026),Catania Fish Market,shopping,topic,2
charlotte-pizza,https://tabiji.ai/popular-picks/charlotte-pizza/,charlotte pizza,320,Best Pizza in Charlotte (2026),Charlotte Pizza,restaurants/food,topic,2
chiang-mai-sunday-night-market,https://tabiji.ai/popular-picks/chiang-mai-sunday-night-market/,chiang mai sunday night market,320,Chiang Mai's Sunday Night Walking Street (2026),Chiang Mai,shopping,topic,2
chicago-dim-sum,https://tabiji.ai/popular-picks/chicago-dim-sum/,chicago dim sum,320,Best Dim Sum in Chicago (2026),Chicago Dim Sum,restaurants/food,topic,2
chicago-street-food,https://tabiji.ai/popular-picks/chicago-street-food/,chicago street food,320,Best Street Food in Chicago (2026),Chicago Street Food,street food,topic,2
copenhagen-bakeries,https://tabiji.ai/popular-picks/copenhagen-bakeries/,copenhagen bakeries,320,12 Best Bakeries in Copenhagen 2026,Copenhagen,bakeries/desserts,topic,2
fukuoka-ramen,https://tabiji.ai/popular-picks/fukuoka-ramen/,fukuoka ramen,320,Ramen in Fukuoka (2026),Fukuoka,noodles,topic,2
incheon-chinatown,https://tabiji.ai/popular-picks/incheon-chinatown/,incheon chinatown,320,Incheon Chinatown & Jajangmyeon (2026),Incheon Chinatown,restaurants/food,topic,2
kansas-city-thrift-stores,https://tabiji.ai/popular-picks/kansas-city-thrift-stores/,kansas city thrift stores,320,Best Thrift Stores in Kansas City (2026),Kansas City Thrift Stores,restaurants/food,topic,2
knoxville-coffee-shops,https://tabiji.ai/popular-picks/knoxville-coffee-shops/,knoxville coffee shops,320,Best Coffee Shops in Knoxville (2026),Knoxville Coffee Shops,coffee/cafes,topic,2
las-vegas-coffee-shops,https://tabiji.ai/popular-picks/las-vegas-coffee-shops/,las vegas coffee shops,320,Best Coffee Shops in Las Vegas (2026),Las Vegas Coffee Shops,coffee/cafes,topic,2
los-angeles-cooking-classes,https://tabiji.ai/popular-picks/los-angeles-cooking-classes/,los angeles cooking classes,320,Best Cooking Classes in Los Angeles (2026),Los Angeles Cooking Classes,restaurants/food,topic,2
minneapolis-thrift-stores,https://tabiji.ai/popular-picks/minneapolis-thrift-stores/,minneapolis thrift stores,320,Best Thrift Stores in Minneapolis (2026),Minneapolis Thrift Stores,restaurants/food,topic,2
nashville-vegan-restaurants,https://tabiji.ai/popular-picks/nashville-vegan-restaurants/,nashville vegan restaurants,320,Best Vegan Restaurants in Nashville (2026),Nashville Vegan Restaurants,restaurants/food,topic,2
new-orleans-cocktail-bars,https://tabiji.ai/popular-picks/new-orleans-cocktail-bars/,new orleans cocktail bars,320,Cocktail Bars in New Orleans (2026),New Orleans,bars/drinks,topic,2
orlando-sushi,https://tabiji.ai/popular-picks/orlando-sushi/,orlando sushi,320,Best Sushi in Orlando (2026),Orlando Sushi,restaurants/food,topic,2
philadelphia-cheesesteaks,https://tabiji.ai/popular-picks/philadelphia-cheesesteaks/,philadelphia cheesesteaks,320,Cheesesteaks in Philadelphia (2026),Philadelphia Cheesesteaks,restaurants/food,topic,2
phoenix-thrift-stores,https://tabiji.ai/popular-picks/phoenix-thrift-stores/,phoenix thrift stores,320,Best Thrift Stores in Phoenix (2026),Phoenix Thrift Stores,noodles,topic,2
san-antonio-speakeasy,https://tabiji.ai/popular-picks/san-antonio-speakeasy/,san antonio speakeasy,320,Best Speakeasy in San Antonio (2026),San Antonio Speakeasy,restaurants/food,topic,2
san-diego-omakase,https://tabiji.ai/popular-picks/san-diego-omakase/,san diego omakase,320,Best Omakase in San Diego (2026),San Diego Omakase,restaurants/food,topic,2
san-francisco-ramen,https://tabiji.ai/popular-picks/san-francisco-ramen/,san francisco ramen,320,Best Ramen in San Francisco (2026),San Francisco Ramen,noodles,topic,2
spokane-pizza,https://tabiji.ai/popular-picks/spokane-pizza/,spokane pizza,320,Best Pizza in Spokane (2026),Spokane Pizza,restaurants/food,topic,2
tokyo-omakase,https://tabiji.ai/popular-picks/tokyo-omakase/,tokyo omakase,320,Best Omakase in Tokyo (2026),Tokyo,restaurants/food,topic,2
traverse-city-pizza,https://tabiji.ai/popular-picks/traverse-city-pizza/,traverse city pizza,320,Best Pizza in Traverse City (2026),Traverse City Pizza,restaurants/food,topic,2
washington-dc-pizza,https://tabiji.ai/popular-picks/washington-dc-pizza/,washington dc pizza,320,Best Pizza in Washington DC (2026),Washington Dc Pizza,restaurants/food,topic,2
albuquerque-pizza,https://tabiji.ai/popular-picks/albuquerque-pizza/,albuquerque pizza,260,Best Pizza in Albuquerque (2026),Albuquerque Pizza,restaurants/food,topic,2
albuquerque-sushi,https://tabiji.ai/popular-picks/albuquerque-sushi/,albuquerque sushi,260,Best Sushi in Albuquerque (2026),Albuquerque Sushi,restaurants/food,topic,2
atlanta-burger,https://tabiji.ai/popular-picks/atlanta-burger/,atlanta burger,260,Best Burger in Atlanta (2026),Atlanta Burger,restaurants/food,topic,2
atlanta-vegan-restaurants,https://tabiji.ai/popular-picks/atlanta-vegan-restaurants/,atlanta vegan restaurants,260,Best Vegan Restaurants in Atlanta (2026),Atlanta Vegan Restaurants,restaurants/food,topic,2
austin-ramen,https://tabiji.ai/popular-picks/austin-ramen/,austin ramen,260,Best Ramen in Austin (2026),Austin Ramen,noodles,topic,2
baltimore-art-galleries,https://tabiji.ai/popular-picks/baltimore-art-galleries/,baltimore art galleries,260,Best Art Galleries in Baltimore (2026),Baltimore Art Galleries,restaurants/food,topic,2
bangkok-night-markets,https://tabiji.ai/popular-picks/bangkok-night-markets/,bangkok night markets,260,Night Markets in Bangkok (2026),Bangkok,shopping,topic,2
barcelona-brunch,https://tabiji.ai/popular-picks/barcelona-brunch/,barcelona brunch,260,Brunch in Barcelona (2026),Barcelona,restaurants/food,topic,2
boston-cocktail-bars,https://tabiji.ai/popular-picks/boston-cocktail-bars/,boston cocktail bars,260,Best Cocktail Bars in Boston (2026),Boston,bars/drinks,topic,2
chicago-vegetarian-restaurants,https://tabiji.ai/popular-picks/chicago-vegetarian-restaurants/,chicago vegetarian restaurants,260,Best Vegetarian Restaurants in Chicago (2026),Chicago Vegetarian Restaurants,restaurants/food,topic,2
chuncheon-dakgalbi,https://tabiji.ai/popular-picks/chuncheon-dakgalbi/,chuncheon dakgalbi,260,5 Best Dakgalbi in Chuncheon 2026,Chuncheon,restaurants/food,topic,2
denver-ramen,https://tabiji.ai/popular-picks/denver-ramen/,denver ramen,260,Best Ramen in Denver (2026),Denver Ramen,noodles,topic,2
edinburgh-underground-vaults,https://tabiji.ai/popular-picks/edinburgh-underground-vaults/,edinburgh underground vaults,260,Underground Vaults in Edinburgh (2026),Edinburgh,restaurants/food,topic,2
hanoi-restaurants,https://tabiji.ai/popular-picks/hanoi-restaurants/,hanoi restaurants,260,Best Restaurants in Hanoi (2026),Hanoi,restaurants/food,topic,2
harajuku-crepes,https://tabiji.ai/popular-picks/harajuku-crepes/,harajuku crepes,260,10 Best Crepes in Harajuku,Harajuku Crepes,restaurants/food,topic,2
kansas-city-rooftop-bars,https://tabiji.ai/popular-picks/kansas-city-rooftop-bars/,kansas city rooftop bars,260,Best Rooftop Bars in Kansas City (2026),Kansas City Rooftop Bars,rooftop bars,topic,2
kyoto-kaiseki,https://tabiji.ai/popular-picks/kyoto-kaiseki/,kyoto kaiseki,260,Kaiseki in Kyoto (2026),Kyoto,restaurants/food,topic,2
london-free-museums,https://tabiji.ai/popular-picks/london-free-museums/,london free museums,260,15 Best Free Museums in London 2026,London,culture/experiences,topic,2
los-angeles-breakfast,https://tabiji.ai/popular-picks/los-angeles-breakfast/,los angeles breakfast,260,Best Breakfast in Los Angeles (2026),Los Angeles Breakfast,restaurants/food,topic,2
los-angeles-speakeasy,https://tabiji.ai/popular-picks/los-angeles-speakeasy/,los angeles speakeasy,260,Best Speakeasy in Los Angeles (2026),Los Angeles Speakeasy,restaurants/food,topic,2
miami-coffee-shops,https://tabiji.ai/popular-picks/miami-coffee-shops/,miami coffee shops,260,12 Best Coffee Shops in Miami (2026),Miami Coffee Shops,coffee/cafes,topic,2
miami-happy-hour,https://tabiji.ai/popular-picks/miami-happy-hour/,miami happy hour,260,Best Happy Hour in Miami (2026),Miami Happy Hour,restaurants/food,topic,2
mumbai-vada-pav,https://tabiji.ai/popular-picks/mumbai-vada-pav/,mumbai vada pav,260,Vada Pav Street Food in Mumbai (2026),Mumbai Vada Pav,restaurants/food,topic,2
nashville-sushi,https://tabiji.ai/popular-picks/nashville-sushi/,nashville sushi,260,Best Sushi in Nashville (2026),Nashville Sushi,restaurants/food,topic,2
new-orleans-thrift-stores,https://tabiji.ai/popular-picks/new-orleans-thrift-stores/,new orleans thrift stores,260,Best Thrift Stores in New Orleans (2026),New Orleans,restaurants/food,topic,2
new-york-korean-bbq,https://tabiji.ai/popular-picks/new-york-korean-bbq/,new york korean bbq,260,12 Best Korean BBQ in New York City (2026),New York,restaurants/food,topic,2
orlando-coffee-shops,https://tabiji.ai/popular-picks/orlando-coffee-shops/,orlando coffee shops,260,Best Coffee Shops in Orlando (2026),Orlando Coffee Shops,coffee/cafes,topic,2
orlando-seafood,https://tabiji.ai/popular-picks/orlando-seafood/,orlando seafood,260,Best Seafood in Orlando (2026),Orlando Seafood,restaurants/food,topic,2
paris-patisseries,https://tabiji.ai/popular-picks/paris-patisseries/,paris patisseries,260,Best Patisseries in Paris (2026),Paris,bakeries/desserts,topic,2
paris-street-food,https://tabiji.ai/popular-picks/paris-street-food/,paris street food,260,Paris Street Food & Affordable Eats (2026),Paris,street food,topic,2
philadelphia-cooking-classes,https://tabiji.ai/popular-picks/philadelphia-cooking-classes/,philadelphia cooking classes,260,Best Cooking Classes in Philadelphia (2026),Philadelphia Cooking Classes,restaurants/food,topic,2
portland-ramen,https://tabiji.ai/popular-picks/portland-ramen/,portland ramen,260,Best Ramen in Portland (2026),Portland Ramen,noodles,topic,2
san-diego-burger,https://tabiji.ai/popular-picks/san-diego-burger/,san diego burger,260,Best Burger in San Diego (2026),San Diego Burger,restaurants/food,topic,2
san-diego-vegan-restaurants,https://tabiji.ai/popular-picks/san-diego-vegan-restaurants/,san diego vegan restaurants,260,Best Vegan Restaurants in San Diego (2026),San Diego Vegan Restaurants,restaurants/food,topic,2
taipei-beef-noodle-soup,https://tabiji.ai/popular-picks/taipei-beef-noodle-soup/,taipei beef noodle soup,260,Beef Noodle Soup in Taipei (2026),Taipei,noodles,topic,2
tokyo-vintage-shopping,https://tabiji.ai/popular-picks/tokyo-vintage-shopping/,tokyo vintage shopping,260,16 Best Vintage Shops in Tokyo 2026,Tokyo,shopping,topic,2
tromso-whale-watching,https://tabiji.ai/popular-picks/tromso-whale-watching/,tromso whale watching,260,Best Whale Watching Tours in Tromsø (2026),Tromso Whale Watching,restaurants/food,topic,2
zagreb-restaurants,https://tabiji.ai/popular-picks/zagreb-restaurants/,zagreb restaurants,260,Zagreb's Restaurant Scene (2026),Zagreb Restaurants,restaurants/food,topic,2
albuquerque-thrift-stores,https://tabiji.ai/popular-picks/albuquerque-thrift-stores/,albuquerque thrift stores,210,Best Thrift Stores in Albuquerque (2026),Albuquerque Thrift Stores,restaurants/food,topic,2
atlanta-vegetarian-restaurants,https://tabiji.ai/popular-picks/atlanta-vegetarian-restaurants/,atlanta vegetarian restaurants,210,Best Vegetarian Restaurants in Atlanta (2026),Atlanta Vegetarian Restaurants,restaurants/food,topic,2
bali-yoga-retreats,https://tabiji.ai/popular-picks/bali-yoga-retreats/,bali yoga retreats,210,Yoga &amp; Wellness Retreats in Bali (2026),Bali,restaurants/food,topic,2
baltimore-bakeries,https://tabiji.ai/popular-picks/baltimore-bakeries/,baltimore bakeries,210,Best Bakeries in Baltimore (2026),Baltimore Bakeries,bakeries/desserts,topic,2
baltimore-cocktail-bars,https://tabiji.ai/popular-picks/baltimore-cocktail-bars/,baltimore cocktail bars,210,Best Cocktail Bars in Baltimore (2026),Baltimore Cocktail Bars,bars/drinks,topic,2
baltimore-happy-hour,https://tabiji.ai/popular-picks/baltimore-happy-hour/,baltimore happy hour,210,Best Happy Hour in Baltimore (2026),Baltimore Happy Hour,restaurants/food,topic,2
bangkok-day-trips,https://tabiji.ai/popular-picks/bangkok-day-trips/,bangkok day trips,210,Best Day Trips from Bangkok (2026),Bangkok,restaurants/food,topic,2
chengdu-dan-dan-noodles,https://tabiji.ai/popular-picks/chengdu-dan-dan-noodles/,chengdu dan dan noodles,210,Dan Dan Noodles in Chengdu (2026),Chengdu Dan Dan Noodles,noodles,topic,2
chicago-jazz-bars,https://tabiji.ai/popular-picks/chicago-jazz-bars/,chicago jazz bars,210,Best Jazz Bars in Chicago (2026),Chicago Jazz Bars,jazz/music bars,topic,2
chicago-tacos,https://tabiji.ai/popular-picks/chicago-tacos/,chicago tacos,210,Tacos in Chicago (2026),Chicago Tacos,restaurants/food,topic,2
chicago-wine-tasting,https://tabiji.ai/popular-picks/chicago-wine-tasting/,chicago wine tasting,210,Best Wine Tasting in Chicago (2026),Chicago Wine Tasting,restaurants/food,topic,2
delhi-restaurants,https://tabiji.ai/popular-picks/delhi-restaurants/,delhi restaurants,210,Best Restaurants in Delhi (2026),Delhi,restaurants/food,topic,2
doha-restaurants,https://tabiji.ai/popular-picks/doha-restaurants/,doha restaurants,210,Diverse Restaurants in Doha (2026),Doha Restaurants,restaurants/food,topic,2
el-nido-island-hopping-tours,https://tabiji.ai/popular-picks/el-nido-island-hopping-tours/,el nido island hopping tours,210,Island Hopping Tours in El Nido (2026),El Nido,restaurants/food,topic,2
gili-islands-snorkeling,https://tabiji.ai/popular-picks/gili-islands-snorkeling/,gili islands snorkeling,210,Snorkeling in Gili Islands (2026),Gili Islands,restaurants/food,topic,2
hanoi-egg-coffee,https://tabiji.ai/popular-picks/hanoi-egg-coffee/,hanoi egg coffee,210,12 Best Egg Coffee in Hanoi 2026,Hanoi,coffee/cafes,topic,2
jerusalem-falafel,https://tabiji.ai/popular-picks/jerusalem-falafel/,jerusalem falafel,210,8 Best Falafel in Jerusalem 2026,Jerusalem,restaurants/food,topic,2
kansas-city-pizza,https://tabiji.ai/popular-picks/kansas-city-pizza/,kansas city pizza,210,Best Pizza in Kansas City (2026),Kansas City Pizza,restaurants/food,topic,2
miami-omakase,https://tabiji.ai/popular-picks/miami-omakase/,miami omakase,210,Best Omakase in Miami (2026),Miami Omakase,restaurants/food,topic,2
munich-beer-halls,https://tabiji.ai/popular-picks/munich-beer-halls/,munich beer halls,210,11 Best Beer Halls in Munich 2026,Munich,bars/drinks,topic,2
new-york-matcha,https://tabiji.ai/popular-picks/new-york-matcha/,new york matcha,210,Best Matcha in New York (2026),New York,bakeries/desserts,topic,2
new-york-pastrami,https://tabiji.ai/popular-picks/new-york-pastrami/,new york pastrami,210,11 Best Pastrami Spots in NYC (2026),New York,restaurants/food,topic,2
orlando-ramen,https://tabiji.ai/popular-picks/orlando-ramen/,orlando ramen,210,Best Ramen in Orlando (2026),Orlando Ramen,noodles,topic,2
paris-croissants,https://tabiji.ai/popular-picks/paris-croissants/,paris croissants,210,15 Best Croissants in Paris 2026,Paris,bakeries/desserts,topic,2
philadelphia-cocktail-bars,https://tabiji.ai/popular-picks/philadelphia-cocktail-bars/,philadelphia cocktail bars,210,Cocktail Bars in Philadelphia (2026),Philadelphia Cocktail Bars,bars/drinks,topic,2
riga-restaurants,https://tabiji.ai/popular-picks/riga-restaurants/,riga restaurants,210,Restaurants in Riga (2026),Riga Restaurants,restaurants/food,topic,2
san-jose-sushi,https://tabiji.ai/popular-picks/san-jose-sushi/,san jose sushi,210,Best Sushi in San Jose (2026),San Jose Sushi,restaurants/food,topic,2
seville-flamenco,https://tabiji.ai/popular-picks/seville-flamenco/,seville flamenco,210,Best Flamenco in Seville (2026),Seville,restaurants/food,topic,2
shanghai-dim-sum,https://tabiji.ai/popular-picks/shanghai-dim-sum/,shanghai dim sum,210,Dim Sum in Shanghai (2026),Shanghai Dim Sum,restaurants/food,topic,2
toronto-brunch,https://tabiji.ai/popular-picks/toronto-brunch/,toronto brunch,210,Brunch in Toronto (2026),Toronto Brunch,restaurants/food,topic,2
albuquerque-coffee-shops,https://tabiji.ai/popular-picks/albuquerque-coffee-shops/,albuquerque coffee shops,170,Best Coffee Shops in Albuquerque (2026),Albuquerque Coffee Shops,coffee/cafes,topic,2
beijing-street-food,https://tabiji.ai/popular-picks/beijing-street-food/,beijing street food,170,Street Food in Beijing (2026),Beijing Street Food,street food,topic,2
chicago-cheap-eats,https://tabiji.ai/popular-picks/chicago-cheap-eats/,chicago cheap eats,170,Best Cheap Eats in Chicago (2026),Chicago Cheap Eats,budget eats,topic,2
chicago-craft-beer,https://tabiji.ai/popular-picks/chicago-craft-beer/,chicago craft beer,170,Craft Beer in Chicago (2026),Chicago Craft Beer,bars/drinks,topic,2
chongqing-spicy-noodles,https://tabiji.ai/popular-picks/chongqing-spicy-noodles/,chongqing spicy noodles,170,Chongqing Mala Noodles (2026),Chongqing Spicy Noodles,noodles,topic,2
fukuoka-yatai,https://tabiji.ai/popular-picks/fukuoka-yatai/,fukuoka yatai,170,Yatai in Fukuoka (2026),Fukuoka,restaurants/food,topic,2
houston-late-night-food,https://tabiji.ai/popular-picks/houston-late-night-food/,houston late night food,170,Best Late Night Food in Houston (2026),Houston Late Night Food,restaurants/food,topic,2
kyoto-street-food,https://tabiji.ai/popular-picks/kyoto-street-food/,kyoto street food,170,Street Food in Kyoto (2026),Kyoto,street food,topic,2
lisbon-pastel-de-nata,https://tabiji.ai/popular-picks/lisbon-pastel-de-nata/,lisbon pastel de nata,170,Pastel De Nata in Lisbon (2026),Lisbon,bakeries/desserts,topic,2
makgadikgadi-salt-pans,https://tabiji.ai/popular-picks/makgadikgadi-salt-pans/,makgadikgadi salt pans,170,11 Best Makgadikgadi Salt Pans Experiences 2026,Makgadikgadi,restaurants/food,topic,2
matsuyama-dogo-onsen,https://tabiji.ai/popular-picks/matsuyama-dogo-onsen/,matsuyama dogo onsen,170,Dogo Onsen in Matsuyama (2026),Matsuyama Dogo Onsen,restaurants/food,topic,2
minneapolis-sushi,https://tabiji.ai/popular-picks/minneapolis-sushi/,minneapolis sushi,170,Best Sushi in Minneapolis (2026),Minneapolis Sushi,restaurants/food,topic,2
mylapore-dosa,https://tabiji.ai/popular-picks/mylapore-dosa/,mylapore dosa,170,"11 Best Dosa in Mylapore, Chennai (2026)",Chennai,restaurants/food,topic,2
nara-mochi,https://tabiji.ai/popular-picks/nara-mochi/,nara mochi,170,Mochi in Nara (2026),Nara,bakeries/desserts,topic,2
new-orleans-jazz-bars,https://tabiji.ai/popular-picks/new-orleans-jazz-bars/,new orleans jazz bars,170,Jazz Bars in New Orleans (2026),New Orleans,jazz/music bars,topic,2
philadelphia-coffee-shops,https://tabiji.ai/popular-picks/philadelphia-coffee-shops/,philadelphia coffee shops,170,Coffee Shops in Philadelphia (2026),Philadelphia Coffee Shops,coffee/cafes,topic,2
raleigh-sushi,https://tabiji.ai/popular-picks/raleigh-sushi/,raleigh sushi,170,Best Sushi in Raleigh (2026),Raleigh Sushi,restaurants/food,topic,2
rome-gelato,https://tabiji.ai/popular-picks/rome-gelato/,rome gelato,170,Gelato in Rome (2026),Rome,bakeries/desserts,topic,2
san-antonio-steak,https://tabiji.ai/popular-picks/san-antonio-steak/,san antonio steak,170,Best Steak in San Antonio (2026),San Antonio Steak,restaurants/food,topic,2
san-jose-costa-rica-food,https://tabiji.ai/popular-picks/san-jose-costa-rica-food/,san jose costa rica food,170,"Eating in San José, Costa Rica (2026)",San Jose Costa Rica Food,restaurants/food,topic,2
san-salvador-pupusas,https://tabiji.ai/popular-picks/san-salvador-pupusas/,san salvador pupusas,170,El Salvador's Pupusas in San Salvador (2026),San Salvador Pupusas,restaurants/food,topic,2
sarajevo-cevapi,https://tabiji.ai/popular-picks/sarajevo-cevapi/,sarajevo cevapi,170,Ćevapi &amp; Bosnian Food in Sarajevo (2026),Sarajevo Cevapi,restaurants/food,topic,2
seattle-cocktail-bars,https://tabiji.ai/popular-picks/seattle-cocktail-bars/,seattle cocktail bars,170,Cocktail Bars in Seattle (2026),Seattle Cocktail Bars,bars/drinks,topic,2
shanghai-coffee-shops,https://tabiji.ai/popular-picks/shanghai-coffee-shops/,shanghai coffee shops,170,World-Class Coffee in Shanghai (2026),Shanghai Coffee Shops,coffee/cafes,topic,2
shanghai-street-food,https://tabiji.ai/popular-picks/shanghai-street-food/,shanghai street food,170,12 Best Street Food Spots in Shanghai (2026),Shanghai Street Food,street food,topic,2
south-korea-street-food,https://tabiji.ai/popular-picks/south-korea-street-food/,south korea street food,170,14 Must-Try Street Foods in South Korea 2026,South Korea,street food,topic,2
venice-cicchetti,https://tabiji.ai/popular-picks/venice-cicchetti/,venice cicchetti,170,Cicchetti in Venice (2026),Venice Cicchetti,restaurants/food,topic,2
vilnius-restaurants,https://tabiji.ai/popular-picks/vilnius-restaurants/,vilnius restaurants,170,Vilnius Food Scene & Lithuanian Cuisine (2026),Vilnius Restaurants,restaurants/food,topic,2
amman-coffee-shops,https://tabiji.ai/popular-picks/amman-coffee-shops/,amman coffee shops,140,10 Best Coffee Shops in Amman (2026) — Local Guide,Amman,coffee/cafes,topic,2
amsterdam-street-food,https://tabiji.ai/popular-picks/amsterdam-street-food/,amsterdam street food,140,10 Best Street Food in Amsterdam (2026) - Local Guide,Amsterdam,street food,topic,2
ardennes-hiking,https://tabiji.ai/popular-picks/ardennes-hiking/,ardennes hiking,140,Hiking in Ardennes (2026),Ardennes Hiking,outdoor/nature,topic,2
asakusa-street-food,https://tabiji.ai/popular-picks/asakusa-street-food/,asakusa street food,140,10 Best Street Food in Asakusa (2026),Tokyo,street food,topic,2
bangkok-fine-dining,https://tabiji.ai/popular-picks/bangkok-fine-dining/,bangkok fine dining,140,10 Best Fine Dining in Bangkok (2026),Bangkok,restaurants/food,topic,2
bangkok-flower-market,https://tabiji.ai/popular-picks/bangkok-flower-market/,bangkok flower market,140,12 Best Flower Markets in Bangkok (2026),Bangkok,shopping,topic,2
bergen-seafood,https://tabiji.ai/popular-picks/bergen-seafood/,bergen seafood,140,Seafood &amp; Fish Market in Bergen (2026),Bergen Seafood,restaurants/food,topic,2
best-restaurants-in-kigali,https://tabiji.ai/popular-picks/best-restaurants-in-kigali/,best restaurants in kigali,140,10 Best Restaurants in Kigali 2026,Kigali,restaurants/food,topic,2
boston-pho,https://tabiji.ai/popular-picks/boston-pho/,boston pho,140,Best Pho in Boston (2026),Boston,noodles,topic,2
cairo-street-food,https://tabiji.ai/popular-picks/cairo-street-food/,cairo street food,140,Street Food in Cairo (2026),Cairo,street food,topic,2
chengdu-street-food,https://tabiji.ai/popular-picks/chengdu-street-food/,chengdu street food,140,Chengdu Street Food Trail (2026),Chengdu Street Food,street food,topic,2
chicago-tapas,https://tabiji.ai/popular-picks/chicago-tapas/,chicago tapas,140,Best Tapas in Chicago (2026),Chicago Tapas,restaurants/food,topic,2
dallas-burger,https://tabiji.ai/popular-picks/dallas-burger/,dallas burger,140,Best Burger in Dallas (2026),Dallas Burger,restaurants/food,topic,2
dubai-street-food,https://tabiji.ai/popular-picks/dubai-street-food/,dubai street food,140,Street Food in Dubai (2026),Dubai Street Food,street food,topic,2
dublin-pho,https://tabiji.ai/popular-picks/dublin-pho/,dublin pho,140,Best Pho in Dublin (2026),Dublin Pho,noodles,topic,2
houston-vietnamese-food,https://tabiji.ai/popular-picks/houston-vietnamese-food/,houston vietnamese food,140,Vietnamese Food in Houston (2026),Houston Vietnamese Food,restaurants/food,topic,2
indianapolis-pizza,https://tabiji.ai/popular-picks/indianapolis-pizza/,indianapolis pizza,140,Best Pizza in Indianapolis (2026),Indianapolis Pizza,restaurants/food,topic,2
madrid-churros,https://tabiji.ai/popular-picks/madrid-churros/,madrid churros,140,13 Best Churros in Madrid 2026,Madrid,restaurants/food,topic,2
malmo-restaurants,https://tabiji.ai/popular-picks/malmo-restaurants/,malmo restaurants,140,Best Restaurants in Malmö (2026),Malmo Restaurants,restaurants/food,topic,2
marseille-le-panier,https://tabiji.ai/popular-picks/marseille-le-panier/,marseille le panier,140,"Best Spots in Le Panier, Marseille (2026)",Marseille Le Panier,restaurants/food,topic,2
medellin-bandeja-paisa,https://tabiji.ai/popular-picks/medellin-bandeja-paisa/,medellin bandeja paisa,140,Best Bandeja Paisa in Medellín 2026,Medellín,restaurants/food,topic,2
new-york-dim-sum,https://tabiji.ai/popular-picks/new-york-dim-sum/,new york dim sum,140,Dim Sum in New York (2026),New York,restaurants/food,topic,2
oaxaca-street-food,https://tabiji.ai/popular-picks/oaxaca-street-food/,oaxaca street food,140,12 Best Street Food in Oaxaca (2026),Oaxaca,street food,topic,2
philadelphia-vegan-restaurants,https://tabiji.ai/popular-picks/philadelphia-vegan-restaurants/,philadelphia vegan restaurants,140,Best Vegan Restaurants in Philadelphia (2026),Philadelphia Vegan Restaurants,restaurants/food,topic,2
porto-francesinha,https://tabiji.ai/popular-picks/porto-francesinha/,porto francesinha,140,12 Best Francesinhas in Porto (2026),Porto,restaurants/food,topic,2
riga-art-nouveau,https://tabiji.ai/popular-picks/riga-art-nouveau/,riga art nouveau,140,Walk Rigas Art Nouveau district (2026),Riga Art Nouveau,restaurants/food,topic,2
san-antonio-ramen,https://tabiji.ai/popular-picks/san-antonio-ramen/,san antonio ramen,140,Best Ramen in San Antonio (2026),San Antonio Ramen,noodles,topic,2
san-francisco-vegan-restaurants,https://tabiji.ai/popular-picks/san-francisco-vegan-restaurants/,san francisco vegan restaurants,140,Best Vegan Restaurants in San Francisco (2026),San Francisco Vegan Restaurants,restaurants/food,topic,2
seattle-late-night-food,https://tabiji.ai/popular-picks/seattle-late-night-food/,seattle late night food,140,Best Late Night Food in Seattle (2026),Seattle Late Night Food,restaurants/food,topic,2
st-louis-vegan-restaurants,https://tabiji.ai/popular-picks/st-louis-vegan-restaurants/,st louis vegan restaurants,140,Best Vegan Restaurants in St Louis (2026),St Louis Vegan Restaurants,restaurants/food,topic,2
tokyo-jazz-bars,https://tabiji.ai/popular-picks/tokyo-jazz-bars/,tokyo jazz bars,140,Jazz Bars in Tokyo (2026),Tokyo,jazz/music bars,topic,2
vancouver-brunch,https://tabiji.ai/popular-picks/vancouver-brunch/,vancouver brunch,140,Brunch in Vancouver (2026),Vancouver Brunch,restaurants/food,topic,2
wroclaw-market-square,https://tabiji.ai/popular-picks/wroclaw-market-square/,wroclaw market square,140,Market Square in Wroclaw (2026),Wroclaw Market Square,shopping,topic,2
amritsar-golden-temple-langar,https://tabiji.ai/popular-picks/amritsar-golden-temple-langar/,amritsar golden temple langar,110,10 Best Golden Temple Langar Experiences in Amritsar (2026) — Community Guide,Amritsar Golden Temple Langar,culture/experiences,topic,2
austin-street-food,https://tabiji.ai/popular-picks/austin-street-food/,austin street food,110,Street Food in Austin (2026),Austin Street Food,street food,topic,2
bali-street-food,https://tabiji.ai/popular-picks/bali-street-food/,bali street food,110,Best Street Food in Bali (2026),Bali,street food,topic,2
baltimore-fine-dining,https://tabiji.ai/popular-picks/baltimore-fine-dining/,baltimore fine dining,110,Best Fine Dining in Baltimore (2026),Baltimore Fine Dining,restaurants/food,topic,2
baltimore-vegan-restaurants,https://tabiji.ai/popular-picks/baltimore-vegan-restaurants/,baltimore vegan restaurants,110,Best Vegan Restaurants in Baltimore (2026),Baltimore Vegan Restaurants,restaurants/food,topic,2
best-pintxos-in-san-sebastian,https://tabiji.ai/popular-picks/best-pintxos-in-san-sebastian/,best pintxos in san sebastian,110,12 Best Pintxos Bars in San Sebastián 2026,San Sebastián,restaurants/food,topic,2
bologna-tortellini,https://tabiji.ai/popular-picks/bologna-tortellini/,bologna tortellini,110,12 Best Tortellini in Bologna 2026,Bologna Tortellini,restaurants/food,topic,2
bordeaux-canele,https://tabiji.ai/popular-picks/bordeaux-canele/,bordeaux canele,110,Best Canelé in Bordeaux (2026),Bordeaux Canele,restaurants/food,topic,2
buenos-aires-empanadas,https://tabiji.ai/popular-picks/buenos-aires-empanadas/,buenos aires empanadas,110,Empanadas in Buenos Aires (2026),Buenos Aires,restaurants/food,topic,2
buenos-aires-pizza,https://tabiji.ai/popular-picks/buenos-aires-pizza/,buenos aires pizza,110,12 Best Pizza in Buenos Aires (2026),Buenos Aires,restaurants/food,topic,2
chiang-mai-khao-soi,https://tabiji.ai/popular-picks/chiang-mai-khao-soi/,chiang mai khao soi,110,14 Best Khao Soi in Chiang Mai 2026,Chiang Mai,noodles,topic,2
delhi-street-food,https://tabiji.ai/popular-picks/delhi-street-food/,delhi street food,110,Street Food in Delhi (2026),Delhi,street food,topic,2
diani-beach-resorts,https://tabiji.ai/popular-picks/diani-beach-resorts/,diani beach resorts,110,12 Best Beach Resorts in Diani 2026,Diani Beach,beach clubs,topic,2
guangzhou-dim-sum,https://tabiji.ai/popular-picks/guangzhou-dim-sum/,guangzhou dim sum,110,Dim Sum in Guangzhou (2026),Guangzhou Dim Sum,restaurants/food,topic,2
kathmandu-momos,https://tabiji.ai/popular-picks/kathmandu-momos/,kathmandu momos,110,Momos in Kathmandu (2026),Kathmandu Momos,restaurants/food,topic,2
kolkata-street-food,https://tabiji.ai/popular-picks/kolkata-street-food/,kolkata street food,110,Street Food in Kolkata (2026),Kolkata,street food,topic,2
las-vegas-late-night-food,https://tabiji.ai/popular-picks/las-vegas-late-night-food/,las vegas late night food,110,Best Late Night Food in Las Vegas (2026),Las Vegas Late Night Food,restaurants/food,topic,2
las-vegas-pho,https://tabiji.ai/popular-picks/las-vegas-pho/,las vegas pho,110,Best Pho in Las Vegas (2026),Las Vegas Pho,noodles,topic,2
lisbon-brunch,https://tabiji.ai/popular-picks/lisbon-brunch/,lisbon brunch,110,Best Brunch Spots in Lisbon (2026),Lisbon,restaurants/food,topic,2
los-angeles-ramen,https://tabiji.ai/popular-picks/los-angeles-ramen/,los angeles ramen,110,12 Best Ramen in Los Angeles (2026),Los Angeles Ramen,noodles,topic,2
merida-yucatan-food,https://tabiji.ai/popular-picks/merida-yucatan-food/,merida yucatan food,110,Best Yucatecan Food in Mérida (2026),Merida Yucatan Food,restaurants/food,topic,2
montreal-brunch,https://tabiji.ai/popular-picks/montreal-brunch/,montreal brunch,110,Brunch in Montreal (2026),Montreal Brunch,restaurants/food,topic,2
nagasaki-castella-cake,https://tabiji.ai/popular-picks/nagasaki-castella-cake/,nagasaki castella cake,110,Castella Cake in Nagasaki (2026),Nagasaki Castella Cake,restaurants/food,topic,2
nashville-craft-breweries,https://tabiji.ai/popular-picks/nashville-craft-breweries/,nashville craft breweries,110,Craft Breweries in Nashville (2026),Nashville Craft Breweries,restaurants/food,topic,2
nice-socca,https://tabiji.ai/popular-picks/nice-socca/,nice socca,110,Best Socca in Nice (2026),Nice Socca,restaurants/food,topic,2
paris-food-markets,https://tabiji.ai/popular-picks/paris-food-markets/,paris food markets,110,Best Food Markets in Paris (2026),Paris,shopping,topic,2
philadelphia-breakfast,https://tabiji.ai/popular-picks/philadelphia-breakfast/,philadelphia breakfast,110,Best Breakfast in Philadelphia (2026),Philadelphia Breakfast,restaurants/food,topic,2
portland-craft-beer,https://tabiji.ai/popular-picks/portland-craft-beer/,portland craft beer,110,Craft Beer in Portland (2026),Portland Craft Beer,bars/drinks,topic,2
seattle-craft-beer,https://tabiji.ai/popular-picks/seattle-craft-beer/,seattle craft beer,110,Craft Beer in Seattle (2026),Seattle Craft Beer,bars/drinks,topic,2
tokyo-vegan-restaurants,https://tabiji.ai/popular-picks/tokyo-vegan-restaurants/,tokyo vegan restaurants,110,Best Vegan Restaurants in Tokyo (2026),Tokyo,restaurants/food,topic,2
toronto-dim-sum,https://tabiji.ai/popular-picks/toronto-dim-sum/,toronto dim sum,110,Dim Sum in Toronto (2026),Toronto Dim Sum,restaurants/food,topic,2
amsterdam-pho,https://tabiji.ai/popular-picks/amsterdam-pho/,amsterdam pho,90,Best Pho in Amsterdam (2026),Amsterdam,noodles,topic,3
athens-rooftop-bars,https://tabiji.ai/popular-picks/athens-rooftop-bars/,athens rooftop bars,90,10 Best Rooftop Bars in Athens (2026),Athens,rooftop bars,topic,3
athens-street-food,https://tabiji.ai/popular-picks/athens-street-food/,athens street food,90,10 Best Street Food in Athens (2026),Athens,street food,topic,3
atlanta-craft-breweries,https://tabiji.ai/popular-picks/atlanta-craft-breweries/,atlanta craft breweries,90,10 Best Craft Breweries in Atlanta (2026),Atlanta Craft Breweries,restaurants/food,topic,3
austin-viewpoints,https://tabiji.ai/popular-picks/austin-viewpoints/,austin viewpoints,90,Best Viewpoints in Austin (2026),Austin Viewpoints,culture/experiences,topic,3
barbados-fish-cakes,https://tabiji.ai/popular-picks/barbados-fish-cakes/,barbados fish cakes,90,Barbados Street Food & Flying Fish (2026),Barbados Fish Cakes,restaurants/food,topic,3
barcelona-street-food,https://tabiji.ai/popular-picks/barcelona-street-food/,barcelona street food,90,Street Food in Barcelona (2026),Barcelona,street food,topic,3
beijing-dumplings,https://tabiji.ai/popular-picks/beijing-dumplings/,beijing dumplings,90,Beijing Dumpling Houses (2026),Beijing Dumplings,restaurants/food,topic,3
borough-market-food-stalls,https://tabiji.ai/popular-picks/borough-market-food-stalls/,borough market food stalls,90,11 Best Food Stalls in Borough Market 2026 &#8212; Reddit-Backed Guide,Borough Market Food Stalls,shopping,topic,3
da-nang-coffee-shops,https://tabiji.ai/popular-picks/da-nang-coffee-shops/,da nang coffee shops,90,13 Best Coffee Shops in Da Nang 2026,Da Nang,coffee/cafes,topic,3
denver-craft-beer,https://tabiji.ai/popular-picks/denver-craft-beer/,denver craft beer,90,Craft Beer in Denver (2026),Denver Craft Beer,bars/drinks,topic,3
granada-tapas,https://tabiji.ai/popular-picks/granada-tapas/,granada tapas,90,Free Tapas Culture in Granada (2026),Granada Tapas,restaurants/food,topic,3
hong-kong-claypot-rice,https://tabiji.ai/popular-picks/hong-kong-claypot-rice/,hong kong claypot rice,90,Claypot Rice in Hong Kong (2026),Hong Kong,restaurants/food,topic,3
houston-pho,https://tabiji.ai/popular-picks/houston-pho/,houston pho,90,Best Pho in Houston (2026),Houston Pho,noodles,topic,3
istanbul-baklava,https://tabiji.ai/popular-picks/istanbul-baklava/,istanbul baklava,90,Best Baklava in Istanbul (2026),Istanbul,restaurants/food,topic,3
istanbul-hammams,https://tabiji.ai/popular-picks/istanbul-hammams/,istanbul hammams,90,10 Best Hammams in Istanbul 2026,Istanbul,culture/experiences,topic,3
jeju-seafood,https://tabiji.ai/popular-picks/jeju-seafood/,jeju seafood,90,Jeju Island's Haenyeo Seafood (2026),Jeju,restaurants/food,topic,3
kanazawa-sushi,https://tabiji.ai/popular-picks/kanazawa-sushi/,kanazawa sushi,90,12 Best Sushi in Kanazawa 2026,Kanazawa,restaurants/food,topic,3
kingston-jerk-chicken,https://tabiji.ai/popular-picks/kingston-jerk-chicken/,kingston jerk chicken,90,Jerk Chicken in Kingston (2026),Kingston,restaurants/food,topic,3
kyoto-tofu,https://tabiji.ai/popular-picks/kyoto-tofu/,kyoto tofu,90,Tofu in Kyoto (2026),Kyoto,restaurants/food,topic,3
las-vegas-burger,https://tabiji.ai/popular-picks/las-vegas-burger/,las vegas burger,90,Best Burger in Las Vegas (2026),Las Vegas Burger,restaurants/food,topic,3
lisbon-street-food,https://tabiji.ai/popular-picks/lisbon-street-food/,lisbon street food,90,Lisbon Street Food & Time Out Market (2026),Lisbon,street food,topic,3
london-brunch,https://tabiji.ai/popular-picks/london-brunch/,london brunch,90,11 Best Brunch Spots in London 2026,London,restaurants/food,topic,3
london-cheap-eats,https://tabiji.ai/popular-picks/london-cheap-eats/,london cheap eats,90,13 Best Cheap Eats in London 2026,London,budget eats,topic,3
marrakech-street-food,https://tabiji.ai/popular-picks/marrakech-street-food/,marrakech street food,90,10 Best Street Food in Marrakech (2026),Marrakech,street food,topic,3
mexico-city-coffee-shops,https://tabiji.ai/popular-picks/mexico-city-coffee-shops/,mexico city coffee shops,90,Coffee Shops in Mexico City (2026),Mexico City,coffee/cafes,topic,3
miami-cocktail-bars,https://tabiji.ai/popular-picks/miami-cocktail-bars/,miami cocktail bars,90,Cocktail Bars in Miami (2026),Miami Cocktail Bars,bars/drinks,topic,3
oslo-coffee-shops,https://tabiji.ai/popular-picks/oslo-coffee-shops/,oslo coffee shops,90,Specialty Coffee in Oslo (2026),Oslo Coffee Shops,coffee/cafes,topic,3
penang-street-food,https://tabiji.ai/popular-picks/penang-street-food/,penang street food,90,Street Food in Penang (2026),Penang,street food,topic,3
shanghai-xiaolongbao,https://tabiji.ai/popular-picks/shanghai-xiaolongbao/,shanghai xiaolongbao,90,12 Best Xiaolongbao in Shanghai (2026),Shanghai Xiaolongbao,restaurants/food,topic,3
singapore-rooftop-bars,https://tabiji.ai/popular-picks/singapore-rooftop-bars/,singapore rooftop bars,90,12 Best Rooftop Bars in Singapore (2026),Singapore,rooftop bars,topic,3
zagreb-dolac-market,https://tabiji.ai/popular-picks/zagreb-dolac-market/,zagreb dolac market,90,Best Food at Dolac Market in Zagreb (2026),Zagreb Dolac Market,shopping,topic,3
amsterdam-brunch,https://tabiji.ai/popular-picks/amsterdam-brunch/,amsterdam brunch,70,10 Best Brunch Spots in Amsterdam (2026) — Local Guide,Amsterdam,restaurants/food,topic,3
asheville-craft-breweries,https://tabiji.ai/popular-picks/asheville-craft-breweries/,asheville craft breweries,70,10 Best Craft Breweries in Asheville (2026),Asheville Craft Breweries,restaurants/food,topic,3
austin-photography-spots,https://tabiji.ai/popular-picks/austin-photography-spots/,austin photography spots,70,Best Photography Spots in Austin (2026),Austin Photography Spots,noodles,topic,3
budapest-langos,https://tabiji.ai/popular-picks/budapest-langos/,budapest langos,70,10 Best Lángos in Budapest 2026,Budapest,restaurants/food,topic,3
chiang-mai-street-food,https://tabiji.ai/popular-picks/chiang-mai-street-food/,chiang mai street food,70,Best Street Food in Chiang Mai (2026),Chiang Mai,street food,topic,3
chicago-photography-spots,https://tabiji.ai/popular-picks/chicago-photography-spots/,chicago photography spots,70,Best Photography Spots in Chicago (2026),Chicago Photography Spots,noodles,topic,3
colombo-coffee-shops,https://tabiji.ai/popular-picks/colombo-coffee-shops/,colombo coffee shops,70,Coffee Shops in Colombo (2026),Colombo Coffee Shops,coffee/cafes,topic,3
durban-bunny-chow,https://tabiji.ai/popular-picks/durban-bunny-chow/,durban bunny chow,70,11 Best Bunny Chow in Durban 2026,Durban,restaurants/food,topic,3
genoa-focaccia,https://tabiji.ai/popular-picks/genoa-focaccia/,genoa focaccia,70,Focaccia in Genoa (2026),Genoa Focaccia,restaurants/food,topic,3
hamburg-fish-market,https://tabiji.ai/popular-picks/hamburg-fish-market/,hamburg fish market,70,Fish Market in Hamburg (2026),Hamburg Fish Market,shopping,topic,3
hong-kong-rooftop-bars,https://tabiji.ai/popular-picks/hong-kong-rooftop-bars/,hong kong rooftop bars,70,Rooftop Bars in Hong Kong (2026),Hong Kong,rooftop bars,topic,3
istanbul-breakfast,https://tabiji.ai/popular-picks/istanbul-breakfast/,istanbul breakfast,70,Breakfast in Istanbul (2026),Istanbul,restaurants/food,topic,3
lima-ceviche,https://tabiji.ai/popular-picks/lima-ceviche/,lima ceviche,70,16 Best Ceviche Spots in Lima 2026,Lima,restaurants/food,topic,3
lisbon-rooftop-bars,https://tabiji.ai/popular-picks/lisbon-rooftop-bars/,lisbon rooftop bars,70,12 Best Rooftop Bars in Lisbon 2026,Lisbon,rooftop bars,topic,3
london-vegan-restaurants,https://tabiji.ai/popular-picks/london-vegan-restaurants/,london vegan restaurants,70,Best Vegan Restaurants in London (2026),London,restaurants/food,topic,3
lyon-bouchons,https://tabiji.ai/popular-picks/lyon-bouchons/,lyon bouchons,70,Bouchons in Lyon (2026),Lyon,restaurants/food,topic,3
minneapolis-craft-beer,https://tabiji.ai/popular-picks/minneapolis-craft-beer/,minneapolis craft beer,70,Craft Beer in Minneapolis (2026),Minneapolis Craft Beer,bars/drinks,topic,3
muscat-restaurants,https://tabiji.ai/popular-picks/muscat-restaurants/,muscat restaurants,70,12 Best Omani Cuisine in Muscat (2026),Muscat Restaurants,restaurants/food,topic,3
new-orleans-gluten-free-restaurants,https://tabiji.ai/popular-picks/new-orleans-gluten-free-restaurants/,new orleans gluten free restaurants,70,Best Gluten Free Restaurants in New Orleans (2026),New Orleans,restaurants/food,topic,3
orlando-steak,https://tabiji.ai/popular-picks/orlando-steak/,orlando steak,70,Best Steak in Orlando (2026),Orlando Steak,restaurants/food,topic,3
philadelphia-happy-hour,https://tabiji.ai/popular-picks/philadelphia-happy-hour/,philadelphia happy hour,70,Best Happy Hour in Philadelphia (2026),Philadelphia Happy Hour,restaurants/food,topic,3
pittsburgh-craft-beer,https://tabiji.ai/popular-picks/pittsburgh-craft-beer/,pittsburgh craft beer,70,Best Craft Beer in Pittsburgh (2026),Pittsburgh Craft Beer,bars/drinks,topic,3
riyadh-restaurants,https://tabiji.ai/popular-picks/riyadh-restaurants/,riyadh restaurants,70,Dining in Riyadh (2026),Riyadh Restaurants,restaurants/food,topic,3
rome-cacio-e-pepe,https://tabiji.ai/popular-picks/rome-cacio-e-pepe/,rome cacio e pepe,70,15 Best Cacio e Pepe in Rome 2026,Rome,restaurants/food,topic,3
salt-lake-city-sushi,https://tabiji.ai/popular-picks/salt-lake-city-sushi/,salt lake city sushi,70,Best Sushi in Salt Lake City (2026),Salt Lake City Sushi,restaurants/food,topic,3
sendai-gyutan,https://tabiji.ai/popular-picks/sendai-gyutan/,sendai gyutan,70,Gyutan (Beef Tongue) Spots in Sendai (2026),Sendai Gyutan,restaurants/food,topic,3
tallinn-old-town-restaurants,https://tabiji.ai/popular-picks/tallinn-old-town-restaurants/,tallinn old town restaurants,70,Tallinn Old Town's Medieval Restaurants (2026),Tallinn Old Town Restaurants,restaurants/food,topic,3
vancouver-seafood,https://tabiji.ai/popular-picks/vancouver-seafood/,vancouver seafood,70,Seafood in Vancouver (2026),Vancouver Seafood,restaurants/food,topic,3
victoria-afternoon-tea,https://tabiji.ai/popular-picks/victoria-afternoon-tea/,victoria afternoon tea,70,British Afternoon Tea in Victoria (2026),Victoria Afternoon Tea,restaurants/food,topic,3
baltimore-coffee-shops,https://tabiji.ai/popular-picks/baltimore-coffee-shops/,baltimore coffee shops,50,12 Best Coffee Shops in Baltimore (2026),Baltimore Coffee Shops,coffee/cafes,topic,3
barcelona-art-galleries,https://tabiji.ai/popular-picks/barcelona-art-galleries/,barcelona art galleries,50,Best Art Galleries in Barcelona (2026),Barcelona,restaurants/food,topic,3
beijing-peking-duck,https://tabiji.ai/popular-picks/beijing-peking-duck/,beijing peking duck,50,10 Best Peking Duck Restaurants in Beijing (2026),Beijing Peking Duck,restaurants/food,topic,3
beirut-street-food,https://tabiji.ai/popular-picks/beirut-street-food/,beirut street food,50,Street Food in Beirut (2026),Beirut Street Food,street food,topic,3
bilbao-pintxos-bars,https://tabiji.ai/popular-picks/bilbao-pintxos-bars/,bilbao pintxos bars,50,Pintxos Bars in Bilbao (2026),Bilbao Pintxos Bars,restaurants/food,topic,3
cartagena-street-food,https://tabiji.ai/popular-picks/cartagena-street-food/,cartagena street food,50,Best Street Food in Cartagena (2026),Cartagena,street food,topic,3
chiang-mai-night-markets,https://tabiji.ai/popular-picks/chiang-mai-night-markets/,chiang mai night markets,50,Best Night Markets in Chiang Mai (2026),Chiang Mai,shopping,topic,3
chicago-viewpoints,https://tabiji.ai/popular-picks/chicago-viewpoints/,chicago viewpoints,50,Best Viewpoints in Chicago (2026),Chicago Viewpoints,culture/experiences,topic,3
copenhagen-smorrebrod,https://tabiji.ai/popular-picks/copenhagen-smorrebrod/,copenhagen smorrebrod,50,Smorrebrod in Copenhagen (2026),Copenhagen,restaurants/food,topic,3
dallas-late-night-food,https://tabiji.ai/popular-picks/dallas-late-night-food/,dallas late night food,50,Best Late Night Food in Dallas (2026),Dallas Late Night Food,restaurants/food,topic,3
dubai-rooftop-bars,https://tabiji.ai/popular-picks/dubai-rooftop-bars/,dubai rooftop bars,50,13 Best Rooftop Bars in Dubai (2026),Dubai Rooftop Bars,rooftop bars,topic,3
dubrovnik-kayaking,https://tabiji.ai/popular-picks/dubrovnik-kayaking/,dubrovnik kayaking,50,Kayaking in Dubrovnik (2026),Dubrovnik,restaurants/food,topic,3
genoa-pesto,https://tabiji.ai/popular-picks/genoa-pesto/,genoa pesto,50,Pesto in Genoa (2026),Genoa Pesto,restaurants/food,topic,3
jagalchi-market-seafood,https://tabiji.ai/popular-picks/jagalchi-market-seafood/,jagalchi market seafood,50,Market Seafood in Jagalchi (2026),Busan,shopping,topic,3
los-angeles-dim-sum,https://tabiji.ai/popular-picks/los-angeles-dim-sum/,los angeles dim sum,50,Best Dim Sum in Los Angeles (2026),Los Angeles Dim Sum,restaurants/food,topic,3
los-angeles-vegetarian-restaurants,https://tabiji.ai/popular-picks/los-angeles-vegetarian-restaurants/,los angeles vegetarian restaurants,50,Best Vegetarian Restaurants in Los Angeles (2026),Los Angeles Vegetarian Restaurants,restaurants/food,topic,3
melbourne-coffee-culture,https://tabiji.ai/popular-picks/melbourne-coffee-culture/,melbourne coffee culture,50,Coffee Culture in Melbourne (2026),Melbourne Coffee Culture,coffee/cafes,topic,3
merzouga-desert-camps,https://tabiji.ai/popular-picks/merzouga-desert-camps/,merzouga desert camps,50,Desert Camps in Merzouga (2026),Merzouga,restaurants/food,topic,3
nagoya-tebasaki,https://tabiji.ai/popular-picks/nagoya-tebasaki/,nagoya tebasaki,50,Tebasaki in Nagoya (2026),Nagoya,restaurants/food,topic,3
paris-brunch,https://tabiji.ai/popular-picks/paris-brunch/,paris brunch,50,12 Best Brunch Spots in Paris (2026),Paris,restaurants/food,topic,3
paris-vintage-shopping,https://tabiji.ai/popular-picks/paris-vintage-shopping/,paris vintage shopping,50,Best Vintage Shopping in Paris (2026),Paris,shopping,topic,3
phnom-penh-rooftop-bars,https://tabiji.ai/popular-picks/phnom-penh-rooftop-bars/,phnom penh rooftop bars,50,Rooftop Bars in Phnom Penh (2026),Phnom Penh,rooftop bars,topic,3
reykjavik-geothermal-pools,https://tabiji.ai/popular-picks/reykjavik-geothermal-pools/,reykjavik geothermal pools,50,Geothermal Pools in Reykjavik (2026),Reykjavik Geothermal Pools,restaurants/food,topic,3
rome-artichokes,https://tabiji.ai/popular-picks/rome-artichokes/,rome artichokes,50,Artichokes in Rome (2026),Rome,restaurants/food,topic,3
vancouver-ramen,https://tabiji.ai/popular-picks/vancouver-ramen/,vancouver ramen,50,Ramen in Vancouver (2026),Vancouver Ramen,noodles,topic,3
wuhan-hot-dry-noodles,https://tabiji.ai/popular-picks/wuhan-hot-dry-noodles/,wuhan hot dry noodles,50,Wuhan Hot Dry Noodles (Re Gan Mian) (2026),Wuhan Hot Dry Noodles,noodles,topic,3
yaowarat-street-food,https://tabiji.ai/popular-picks/yaowarat-street-food/,yaowarat street food,50,Street Food in Yaowarat (2026),Bangkok,street food,topic,3
yerevan-restaurants,https://tabiji.ai/popular-picks/yerevan-restaurants/,yerevan restaurants,50,Armenian Cuisine in Yerevan (2026),Yerevan Restaurants,restaurants/food,topic,3
akihabara-themed-cafes,https://tabiji.ai/popular-picks/akihabara-themed-cafes/,akihabara themed cafes,40,10 Best Themed Cafes in Akihabara (2026),Akihabara Themed Cafes,coffee/cafes,topic,3
amman-shawarma,https://tabiji.ai/popular-picks/amman-shawarma/,amman shawarma,40,11 Best Shawarma in Amman 2026,Amman,restaurants/food,topic,3
athens-fine-dining,https://tabiji.ai/popular-picks/athens-fine-dining/,athens fine dining,40,10 Best Fine Dining Restaurants in Athens (2026) - Reddit-Backed Guide,Athens,restaurants/food,topic,3
austin-jazz-bars,https://tabiji.ai/popular-picks/austin-jazz-bars/,austin jazz bars,40,Best Jazz Bars in Austin (2026),Austin Jazz Bars,jazz/music bars,topic,3
bali-cooking-classes,https://tabiji.ai/popular-picks/bali-cooking-classes/,bali cooking classes,40,8 Best Cooking Classes in Bali 2026,Bali,restaurants/food,topic,3
bali-surf-breaks,https://tabiji.ai/popular-picks/bali-surf-breaks/,bali surf breaks,40,11 Best Surf Breaks in Bali 2026,Bali,outdoor/nature,topic,3
baltimore-street-food,https://tabiji.ai/popular-picks/baltimore-street-food/,baltimore street food,40,Street Food in Baltimore (2026),Baltimore Street Food,street food,topic,3
chiang-mai-fine-dining,https://tabiji.ai/popular-picks/chiang-mai-fine-dining/,chiang mai fine dining,40,Best Fine Dining in Chiang Mai (2026),Chiang Mai,restaurants/food,topic,3
london-vintage-shopping,https://tabiji.ai/popular-picks/london-vintage-shopping/,london vintage shopping,40,Best Vintage Shopping in London (2026),London,shopping,topic,3
marrakech-hammams,https://tabiji.ai/popular-picks/marrakech-hammams/,marrakech hammams,40,15 Best Hammams in Marrakech 2026,Marrakech,culture/experiences,topic,3
melbourne-brunch,https://tabiji.ai/popular-picks/melbourne-brunch/,melbourne brunch,40,Brunch in Melbourne (2026),Melbourne Brunch,restaurants/food,topic,3
mexico-city-craft-beer,https://tabiji.ai/popular-picks/mexico-city-craft-beer/,mexico city craft beer,40,Best Craft Beer in Mexico City (2026),Mexico City,bars/drinks,topic,3
new-york-craft-beer,https://tabiji.ai/popular-picks/new-york-craft-beer/,new york craft beer,40,Craft Beer in New York (2026),New York,bars/drinks,topic,3
pai-coffee,https://tabiji.ai/popular-picks/pai-coffee/,pai coffee,40,Coffee in Pai (2026),Pai,coffee/cafes,topic,3
palermo-soho-restaurants,https://tabiji.ai/popular-picks/palermo-soho-restaurants/,palermo soho restaurants,40,Soho Restaurants in Palermo (2026),London,restaurants/food,topic,3
paris-bouillon-restaurants,https://tabiji.ai/popular-picks/paris-bouillon-restaurants/,paris bouillon restaurants,40,Bouillon Restaurants in Paris (2026),Paris,restaurants/food,topic,3
paris-cheap-eats,https://tabiji.ai/popular-picks/paris-cheap-eats/,paris cheap eats,40,13 Best Cheap Eats in Paris 2026,Paris,budget eats,topic,3
phuket-old-town-restaurants,https://tabiji.ai/popular-picks/phuket-old-town-restaurants/,phuket old town restaurants,40,Old Town Restaurants in Phuket (2026),Phuket Old Town Restaurants,restaurants/food,topic,3
rawai-beach-seafood,https://tabiji.ai/popular-picks/rawai-beach-seafood/,rawai beach seafood,40,12 Best Seafood on Rawai Beach 2026,Phuket,beach clubs,topic,3
reykjavik-hot-dogs,https://tabiji.ai/popular-picks/reykjavik-hot-dogs/,reykjavik hot dogs,40,Famous Hot Dog Stands in Reykjavik (2026),Reykjavik Hot Dogs,restaurants/food,topic,3
san-diego-steak,https://tabiji.ai/popular-picks/san-diego-steak/,san diego steak,40,Best Steak in San Diego (2026),San Diego Steak,restaurants/food,topic,3
santiago-empanadas,https://tabiji.ai/popular-picks/santiago-empanadas/,santiago empanadas,40,Empanadas &amp; Chilean Food in Santiago (2026),Santiago Empanadas,restaurants/food,topic,3
sydney-rooftop-bars,https://tabiji.ai/popular-picks/sydney-rooftop-bars/,sydney rooftop bars,40,Sydney Rooftop Bars (2026),Sydney Rooftop Bars,rooftop bars,topic,3
tbilisi-coffee-shops,https://tabiji.ai/popular-picks/tbilisi-coffee-shops/,tbilisi coffee shops,40,12 Best Coffee Shops in Tbilisi 2026,Tbilisi Coffee Shops,coffee/cafes,topic,3
amsterdam-art-galleries,https://tabiji.ai/popular-picks/amsterdam-art-galleries/,amsterdam art galleries,30,10 Best Art Galleries in Amsterdam (2026) — Local Guide,Amsterdam,restaurants/food,topic,3
antwerp-fashion-shopping,https://tabiji.ai/popular-picks/antwerp-fashion-shopping/,antwerp fashion shopping,30,10 Best Fashion Shops in Antwerp (2026),Antwerp,shopping,topic,3
asheville-pad-thai,https://tabiji.ai/popular-picks/asheville-pad-thai/,asheville pad thai,30,Best Pad Thai in Asheville (2026),Asheville Pad Thai,restaurants/food,topic,3
auckland-night-markets,https://tabiji.ai/popular-picks/auckland-night-markets/,auckland night markets,30,Asian Night Markets in Auckland (2026),Auckland Night Markets,shopping,topic,3
austin-craft-beer,https://tabiji.ai/popular-picks/austin-craft-beer/,austin craft beer,30,Craft Beer in Austin (2026),Austin Craft Beer,bars/drinks,topic,3
baltimore-cheap-eats,https://tabiji.ai/popular-picks/baltimore-cheap-eats/,baltimore cheap eats,30,Cheap Eats in Baltimore (2026),Baltimore Cheap Eats,budget eats,topic,3
bangkok-art-galleries,https://tabiji.ai/popular-picks/bangkok-art-galleries/,bangkok art galleries,30,Best Art Galleries in Bangkok (2026),Bangkok,restaurants/food,topic,3
barcelona-fine-dining,https://tabiji.ai/popular-picks/barcelona-fine-dining/,barcelona fine dining,30,Best Fine Dining in Barcelona (2026),Barcelona,restaurants/food,topic,3
berlin-vegan-food,https://tabiji.ai/popular-picks/berlin-vegan-food/,berlin vegan food,30,Vegan Food in Berlin (2026),Berlin,restaurants/food,topic,3
copenhagen-fine-dining,https://tabiji.ai/popular-picks/copenhagen-fine-dining/,copenhagen fine dining,30,12 Best Fine Dining in Copenhagen (2026),Copenhagen,restaurants/food,topic,3
hoi-an-banh-mi,https://tabiji.ai/popular-picks/hoi-an-banh-mi/,hoi an banh mi,30,11 Best Bánh Mì in Hội An 2026,Hoi An,restaurants/food,topic,3
macau-street-food,https://tabiji.ai/popular-picks/macau-street-food/,macau street food,30,Macau Street Food & Egg Tarts (2026),Macau Street Food,street food,topic,3
memphis-bbq-joints,https://tabiji.ai/popular-picks/memphis-bbq-joints/,memphis bbq joints,30,Bbq Joints in Memphis (2026),Memphis Bbq Joints,restaurants/food,topic,3
mexico-city-vegan-restaurants,https://tabiji.ai/popular-picks/mexico-city-vegan-restaurants/,mexico city vegan restaurants,30,Vegan Restaurants in Mexico City (2026),Mexico City,restaurants/food,topic,3
miyajima-day-trip,https://tabiji.ai/popular-picks/miyajima-day-trip/,miyajima day trip,30,Day Trip in Miyajima (2026),Hiroshima,restaurants/food,topic,3
nagoya-hitsumabushi,https://tabiji.ai/popular-picks/nagoya-hitsumabushi/,nagoya hitsumabushi,30,Hitsumabushi in Nagoya (2026),Nagoya,restaurants/food,topic,3
nara-udon,https://tabiji.ai/popular-picks/nara-udon/,nara udon,30,Udon in Nara (2026),Nara,noodles,topic,3
negril-beach-bars,https://tabiji.ai/popular-picks/negril-beach-bars/,negril beach bars,30,12 Best Beach Bars in Negril 2026,Negril,beach clubs,topic,3
new-orleans-po-boys,https://tabiji.ai/popular-picks/new-orleans-po-boys/,new orleans po boys,30,Po Boys in New Orleans (2026),New Orleans,restaurants/food,topic,3
new-york-dollar-pizza,https://tabiji.ai/popular-picks/new-york-dollar-pizza/,new york dollar pizza,30,Dollar Pizza in New York (2026),New York,restaurants/food,topic,3
new-york-jewish-delis,https://tabiji.ai/popular-picks/new-york-jewish-delis/,new york jewish delis,30,Jewish Delis in New York (2026),New York,restaurants/food,topic,3
osaka-craft-beer,https://tabiji.ai/popular-picks/osaka-craft-beer/,osaka craft beer,30,Craft Beer in Osaka (2026),Osaka,bars/drinks,topic,3
osaka-kushikatsu,https://tabiji.ai/popular-picks/osaka-kushikatsu/,osaka kushikatsu,30,10 Best Kushikatsu in Osaka 2026,Osaka,restaurants/food,topic,3
rio-de-janeiro-street-food,https://tabiji.ai/popular-picks/rio-de-janeiro-street-food/,rio de janeiro street food,30,Rio de Janeiro Street Food (2026),Rio De Janeiro Street Food,street food,topic,3
serengeti-safari-camps,https://tabiji.ai/popular-picks/serengeti-safari-camps/,serengeti safari camps,30,Safari Camps in Serengeti (2026),Serengeti,restaurants/food,topic,3
shenzhen-street-food,https://tabiji.ai/popular-picks/shenzhen-street-food/,shenzhen street food,30,Shenzhen Street Food & Night Markets (2026),Shenzhen Street Food,street food,topic,3
sydney-seafood,https://tabiji.ai/popular-picks/sydney-seafood/,sydney seafood,30,12 Best Sydney Seafood & Fish Markets (2026),Sydney Seafood,restaurants/food,topic,3
tokyo-brunch,https://tabiji.ai/popular-picks/tokyo-brunch/,tokyo brunch,30,Best Brunch Spots in Tokyo (2026),Tokyo,restaurants/food,topic,3
tokyo-instagram-spots,https://tabiji.ai/popular-picks/tokyo-instagram-spots/,tokyo instagram spots,30,Best Instagram Spots in Tokyo (2026),Tokyo,restaurants/food,topic,3
tromso-northern-lights-tours,https://tabiji.ai/popular-picks/tromso-northern-lights-tours/,tromso northern lights tours,30,Best Northern Lights Tours in Tromsø (2026),Tromso Northern Lights Tours,restaurants/food,topic,3
warsaw-pierogi,https://tabiji.ai/popular-picks/warsaw-pierogi/,warsaw pierogi,30,13 Best Pierogi in Warsaw (2026),Warsaw Pierogi,restaurants/food,topic,3
wilmington-sushi,https://tabiji.ai/popular-picks/wilmington-sushi/,wilmington sushi,30,Best Sushi in Wilmington (2026),Wilmington Sushi,restaurants/food,topic,3
abu-dhabi-cheap-eats,https://tabiji.ai/popular-picks/abu-dhabi-cheap-eats/,abu dhabi cheap eats,20,12 Best Cheap Eats in Abu Dhabi (2026),Abu Dhabi Cheap Eats,budget eats,topic,3
abu-dhabi-photography-spots,https://tabiji.ai/popular-picks/abu-dhabi-photography-spots/,abu dhabi photography spots,20,12 Best Photography Spots in Abu Dhabi (2026),Abu Dhabi Photography Spots,noodles,topic,3
abu-dhabi-street-food,https://tabiji.ai/popular-picks/abu-dhabi-street-food/,abu dhabi street food,20,10 Best Street Food in Abu Dhabi (2026),Abu Dhabi Street Food,street food,topic,3
accra-street-food,https://tabiji.ai/popular-picks/accra-street-food/,accra street food,20,10 Best Street Food in Accra (2026) — Local Guide,Accra,street food,topic,3
adelaide-bakeries,https://tabiji.ai/popular-picks/adelaide-bakeries/,adelaide bakeries,20,10 Best Bakeries in Adelaide (2026),Adelaide Bakeries,bakeries/desserts,topic,3
adelaide-brunch-spots,https://tabiji.ai/popular-picks/adelaide-brunch-spots/,adelaide brunch spots,20,10 Best Brunch Spots in Adelaide (2026),Adelaide Brunch Spots,restaurants/food,topic,3
adelaide-coffee-shops,https://tabiji.ai/popular-picks/adelaide-coffee-shops/,adelaide coffee shops,20,10 Best Coffee Shops in Adelaide (2026),Adelaide Coffee Shops,coffee/cafes,topic,3
adelaide-street-food,https://tabiji.ai/popular-picks/adelaide-street-food/,adelaide street food,20,10 Best Street Food Spots in Adelaide (2026) — Local Guide,Adelaide Street Food,street food,topic,3
adelaide-vegan-restaurants,https://tabiji.ai/popular-picks/adelaide-vegan-restaurants/,adelaide vegan restaurants,20,10 Best Vegan Restaurants in Adelaide (2026) — Local Guide,Adelaide Vegan Restaurants,restaurants/food,topic,3
almaty-street-food,https://tabiji.ai/popular-picks/almaty-street-food/,almaty street food,20,10 Best Street Food in Almaty (2026) — Local Guide,Almaty Street Food,street food,topic,3
amman-street-food,https://tabiji.ai/popular-picks/amman-street-food/,amman street food,20,10 Best Street Food in Amman (2026),Amman,street food,topic,3
amsterdam-craft-beer,https://tabiji.ai/popular-picks/amsterdam-craft-beer/,amsterdam craft beer,20,10 Best Craft Beer Bars in Amsterdam (2026) — Local Guide,Amsterdam,bars/drinks,topic,3
amsterdam-fine-dining,https://tabiji.ai/popular-picks/amsterdam-fine-dining/,amsterdam fine dining,20,10 Best Fine Dining in Amsterdam (2026) — Local Guide,Amsterdam,restaurants/food,topic,3
amsterdam-natural-wine-bars,https://tabiji.ai/popular-picks/amsterdam-natural-wine-bars/,amsterdam natural wine bars,20,10 Best Natural Wine Bars in Amsterdam (2026) — Local Guide,Amsterdam,wine bars,topic,3
amsterdam-photography-spots,https://tabiji.ai/popular-picks/amsterdam-photography-spots/,amsterdam photography spots,20,10 Best Photography Spots in Amsterdam (2026) — Community-Backed Guide,Amsterdam,noodles,topic,3
antwerp-art-galleries,https://tabiji.ai/popular-picks/antwerp-art-galleries/,antwerp art galleries,20,10 Best Art Galleries in Antwerp (2026) — Local Guide,Antwerp,restaurants/food,topic,3
antwerp-brunch,https://tabiji.ai/popular-picks/antwerp-brunch/,antwerp brunch,20,10 Best Brunch Spots in Antwerp (2026) — Local Guide,Antwerp,restaurants/food,topic,3
antwerp-coffee-shops,https://tabiji.ai/popular-picks/antwerp-coffee-shops/,antwerp coffee shops,20,10 Best Coffee Shops in Antwerp (2026) — Local Guide,Antwerp,coffee/cafes,topic,3
antwerp-diamond-quarter,https://tabiji.ai/popular-picks/antwerp-diamond-quarter/,antwerp diamond quarter,20,10 Best Diamond Quarter Experiences in Antwerp (2026) — Local Guide,Antwerp,restaurants/food,topic,3
antwerp-frites,https://tabiji.ai/popular-picks/antwerp-frites/,antwerp frites,20,8 Best Frites in Antwerp 2026,Antwerp,restaurants/food,topic,3
antwerp-street-food,https://tabiji.ai/popular-picks/antwerp-street-food/,antwerp street food,20,10 Best Street Food in Antwerp (2026) — Local Guide,Antwerp,street food,topic,3
athens-photography-spots,https://tabiji.ai/popular-picks/athens-photography-spots/,athens photography spots,20,10 Best Photography Spots in Athens (2026),Athens,noodles,topic,3
athens-tavernas,https://tabiji.ai/popular-picks/athens-tavernas/,athens tavernas,20,10 Best Tavernas in Athens (2026),Athens,restaurants/food,topic,3
athens-viewpoints,https://tabiji.ai/popular-picks/athens-viewpoints/,athens viewpoints,20,10 Best Viewpoints in Athens (2026),Athens,culture/experiences,topic,3
auckland-art-galleries,https://tabiji.ai/popular-picks/auckland-art-galleries/,auckland art galleries,20,Best Art Galleries in Auckland (2026),Auckland Art Galleries,restaurants/food,topic,3
auckland-brunch-spots,https://tabiji.ai/popular-picks/auckland-brunch-spots/,auckland brunch spots,20,Brunch Spots in Auckland (2026),Auckland Brunch Spots,restaurants/food,topic,3
auckland-fine-dining,https://tabiji.ai/popular-picks/auckland-fine-dining/,auckland fine dining,20,Best Fine Dining in Auckland (2026),Auckland Fine Dining,restaurants/food,topic,3
baku-fine-dining,https://tabiji.ai/popular-picks/baku-fine-dining/,baku fine dining,20,Best Fine Dining in Baku (2026),Baku Fine Dining,restaurants/food,topic,3
baku-street-food,https://tabiji.ai/popular-picks/baku-street-food/,baku street food,20,Best Street Food in Baku (2026),Baku Street Food,street food,topic,3
bali-fine-dining,https://tabiji.ai/popular-picks/bali-fine-dining/,bali fine dining,20,Best Fine Dining in Bali (2026),Bali,restaurants/food,topic,3
bali-instagram-spots,https://tabiji.ai/popular-picks/bali-instagram-spots/,bali instagram spots,20,Best Instagram Spots in Bali (2026),Bali,restaurants/food,topic,3
bali-night-markets,https://tabiji.ai/popular-picks/bali-night-markets/,bali night markets,20,Best Night Markets in Bali (2026),Bali,shopping,topic,3
baltimore-rooftop-bars,https://tabiji.ai/popular-picks/baltimore-rooftop-bars/,baltimore rooftop bars,20,Rooftop Bars in Baltimore (2026),Baltimore Rooftop Bars,rooftop bars,topic,3
bangalore-craft-beer,https://tabiji.ai/popular-picks/bangalore-craft-beer/,bangalore craft beer,20,Microbreweries in Bangalore (2026),Bangalore Craft Beer,bars/drinks,topic,3
bangkok-photography-spots,https://tabiji.ai/popular-picks/bangkok-photography-spots/,bangkok photography spots,20,Best Photography Spots in Bangkok (2026),Bangkok,noodles,topic,3
bangkok-vegetarian-street-food,https://tabiji.ai/popular-picks/bangkok-vegetarian-street-food/,bangkok vegetarian street food,20,Vegetarian Street Food in Bangkok (2026),Bangkok,street food,topic,3
bangkok-vintage-shopping,https://tabiji.ai/popular-picks/bangkok-vintage-shopping/,bangkok vintage shopping,20,Best Vintage Shopping in Bangkok (2026),Bangkok,shopping,topic,3
barcelona-viewpoints,https://tabiji.ai/popular-picks/barcelona-viewpoints/,barcelona viewpoints,20,Best Viewpoints in Barcelona (2026),Barcelona,culture/experiences,topic,3
basel-art-museums,https://tabiji.ai/popular-picks/basel-art-museums/,basel art museums,20,Best Art Museums in Basel (2026),Basel Art Museums,culture/experiences,topic,3
beijing-cheap-eats,https://tabiji.ai/popular-picks/beijing-cheap-eats/,beijing cheap eats,20,Cheap Eats in Beijing (2026),Beijing Cheap Eats,budget eats,topic,3
beijing-craft-beer,https://tabiji.ai/popular-picks/beijing-craft-beer/,beijing craft beer,20,Craft Beer in Beijing (2026),Beijing Craft Beer,bars/drinks,topic,3
beijing-markets,https://tabiji.ai/popular-picks/beijing-markets/,beijing markets,20,Best Markets in Beijing (2026),Beijing Markets,shopping,topic,3
belgrade-art-galleries,https://tabiji.ai/popular-picks/belgrade-art-galleries/,belgrade art galleries,20,Best Art Galleries in Belgrade (2026),Belgrade Art Galleries,restaurants/food,topic,3
belgrade-street-food,https://tabiji.ai/popular-picks/belgrade-street-food/,belgrade street food,20,Street Food in Belgrade (2026),Belgrade Street Food,street food,topic,3
berlin-craft-beer,https://tabiji.ai/popular-picks/berlin-craft-beer/,berlin craft beer,20,Craft Beer in Berlin (2026),Berlin,bars/drinks,topic,3
berlin-vintage-shopping,https://tabiji.ai/popular-picks/berlin-vintage-shopping/,berlin vintage shopping,20,Best Vintage Shopping in Berlin (2026),Berlin,shopping,topic,3
best-cheap-eats-bangkok,https://tabiji.ai/popular-picks/best-cheap-eats-bangkok/,best cheap eats bangkok,20,13 Best Cheap Eats in Bangkok 2026,Bangkok,budget eats,topic,3
best-cheap-eats-berlin,https://tabiji.ai/popular-picks/best-cheap-eats-berlin/,best cheap eats berlin,20,15 Best Cheap Eats in Berlin 2026,Berlin,budget eats,topic,3
best-coffee-houses-in-vienna,https://tabiji.ai/popular-picks/best-coffee-houses-in-vienna/,best coffee houses in vienna,20,11 Best Coffee Houses in Vienna 2026,Vienna,coffee/cafes,topic,3
bogota-arepas,https://tabiji.ai/popular-picks/bogota-arepas/,bogota arepas,20,10 Best Arepas in Bogot&#225; (2026) &#8212; Reddit-Backed Guide,Bogotá,restaurants/food,topic,3
bogota-street-food,https://tabiji.ai/popular-picks/bogota-street-food/,bogota street food,20,Street Food &amp; Paloquemao Market in Bogotá (2026),Bogotá,street food,topic,3
bratislava-coffee-shops,https://tabiji.ai/popular-picks/bratislava-coffee-shops/,bratislava coffee shops,20,Coffee Shops in Bratislava (2026),Bratislava Coffee Shops,coffee/cafes,topic,3
bratislava-craft-beer,https://tabiji.ai/popular-picks/bratislava-craft-beer/,bratislava craft beer,20,Craft Beer in Bratislava (2026),Bratislava Craft Beer,bars/drinks,topic,3
bratislava-street-food,https://tabiji.ai/popular-picks/bratislava-street-food/,bratislava street food,20,Bratislava Street Food & Trdelník Pastries (2026),Bratislava Street Food,street food,topic,3
bruges-beer-bars,https://tabiji.ai/popular-picks/bruges-beer-bars/,bruges beer bars,20,Best Beer Bars in Bruges (2026),Bruges,bars/drinks,topic,3
bucharest-cocktail-bars,https://tabiji.ai/popular-picks/bucharest-cocktail-bars/,bucharest cocktail bars,20,10 Best Cocktail Bars in Bucharest (2026),Bucharest Cocktail Bars,bars/drinks,topic,3
bucharest-coffee-shops,https://tabiji.ai/popular-picks/bucharest-coffee-shops/,bucharest coffee shops,20,Coffee Shops in Bucharest (2026),Bucharest Coffee Shops,coffee/cafes,topic,3
bucharest-craft-beer,https://tabiji.ai/popular-picks/bucharest-craft-beer/,bucharest craft beer,20,Craft Beer in Bucharest (2026),Bucharest Craft Beer,bars/drinks,topic,3
bucharest-street-food,https://tabiji.ai/popular-picks/bucharest-street-food/,bucharest street food,20,Bucharest Street Food & Romanian Cuisine (2026),Bucharest Street Food,street food,topic,3
buenos-aires-cocktail-bars,https://tabiji.ai/popular-picks/buenos-aires-cocktail-bars/,buenos aires cocktail bars,20,Cocktail Bars in Buenos Aires (2026),Buenos Aires,bars/drinks,topic,3
buenos-aires-steakhouses,https://tabiji.ai/popular-picks/buenos-aires-steakhouses/,buenos aires steakhouses,20,Steakhouses in Buenos Aires (2026),Buenos Aires,restaurants/food,topic,3
busan-milmyeon,https://tabiji.ai/popular-picks/busan-milmyeon/,busan milmyeon,20,Milmyeon in Busan (2026),Busan,restaurants/food,topic,3
canggu-beach-clubs,https://tabiji.ai/popular-picks/canggu-beach-clubs/,canggu beach clubs,20,13 Best Beach Clubs in Canggu 2026,Bali,beach clubs,topic,3
cartagena-ceviche,https://tabiji.ai/popular-picks/cartagena-ceviche/,cartagena ceviche,20,Ceviche in Cartagena (2026),Cartagena,restaurants/food,topic,3
casablanca-art-galleries,https://tabiji.ai/popular-picks/casablanca-art-galleries/,casablanca art galleries,20,Best Art Galleries in Casablanca (2026),Casablanca Art Galleries,restaurants/food,topic,3
casablanca-street-food,https://tabiji.ai/popular-picks/casablanca-street-food/,casablanca street food,20,Casablanca Street Food (2026),Casablanca Street Food,street food,topic,3
catania-arancini,https://tabiji.ai/popular-picks/catania-arancini/,catania arancini,20,Arancini in Catania (2026),Catania Arancini,restaurants/food,topic,3
charlotte-steak,https://tabiji.ai/popular-picks/charlotte-steak/,charlotte steak,20,Best Steak in Charlotte (2026),Charlotte Steak,restaurants/food,topic,3
chengdu-fine-dining,https://tabiji.ai/popular-picks/chengdu-fine-dining/,chengdu fine dining,20,Best Fine Dining in Chengdu (2026),Chengdu Fine Dining,restaurants/food,topic,3
chennai-filter-coffee,https://tabiji.ai/popular-picks/chennai-filter-coffee/,chennai filter coffee,20,Filter Coffee Culture in Chennai (2026),Chennai Filter Coffee,coffee/cafes,topic,3
chiang-mai-coffee-shops,https://tabiji.ai/popular-picks/chiang-mai-coffee-shops/,chiang mai coffee shops,20,Coffee Shops in Chiang Mai (2026),Chiang Mai,coffee/cafes,topic,3
chiang-mai-cooking-classes,https://tabiji.ai/popular-picks/chiang-mai-cooking-classes/,chiang mai cooking classes,20,Cooking Classes in Chiang Mai (2026),Chiang Mai,restaurants/food,topic,3
chiang-mai-photography-spots,https://tabiji.ai/popular-picks/chiang-mai-photography-spots/,chiang mai photography spots,20,Best Photography Spots in Chiang Mai (2026),Chiang Mai,noodles,topic,3
chicago-night-markets,https://tabiji.ai/popular-picks/chicago-night-markets/,chicago night markets,20,Best Night Markets in Chicago (2026),Chicago Night Markets,shopping,topic,3
colombo-hoppers,https://tabiji.ai/popular-picks/colombo-hoppers/,colombo hoppers,20,10 Best Hoppers in Colombo (2026),Colombo Hoppers,restaurants/food,topic,3
copenhagen-art-galleries,https://tabiji.ai/popular-picks/copenhagen-art-galleries/,copenhagen art galleries,20,Best Art Galleries in Copenhagen (2026),Copenhagen,restaurants/food,topic,3
copenhagen-craft-breweries,https://tabiji.ai/popular-picks/copenhagen-craft-breweries/,copenhagen craft breweries,20,Craft Breweries in Copenhagen (2026),Copenhagen,restaurants/food,topic,3
cusco-craft-beer,https://tabiji.ai/popular-picks/cusco-craft-beer/,cusco craft beer,20,Craft Beer Bars in Cusco (2026),Cusco Craft Beer,bars/drinks,topic,3
daegu-galbi,https://tabiji.ai/popular-picks/daegu-galbi/,daegu galbi,20,Galbi in Daegu (2026),Daegu Galbi,restaurants/food,topic,3
dahab-dive-sites,https://tabiji.ai/popular-picks/dahab-dive-sites/,dahab dive sites,20,9 Best Dive Sites in Dahab 2026,Dahab,restaurants/food,topic,3
dar-es-salaam-street-food,https://tabiji.ai/popular-picks/dar-es-salaam-street-food/,dar es salaam street food,20,Street Food in Dar es Salaam (2026),Dar Es Salaam Street Food,street food,topic,3
edinburgh-street-food-market,https://tabiji.ai/popular-picks/edinburgh-street-food-market/,edinburgh street food market,20,Street Food Market in Edinburgh (2026),Edinburgh,street food,topic,3
essaouira-seafood,https://tabiji.ai/popular-picks/essaouira-seafood/,essaouira seafood,20,Seafood in Essaouira (2026),Essaouira,restaurants/food,topic,3
florence-aperitivo-bars,https://tabiji.ai/popular-picks/florence-aperitivo-bars/,florence aperitivo bars,20,Aperitivo Bars in Florence (2026),Florence,bars/drinks,topic,3
ghent-street-art,https://tabiji.ai/popular-picks/ghent-street-art/,ghent street art,20,Street Art in Ghent (2026),Ghent,restaurants/food,topic,3
goa-beach-shacks,https://tabiji.ai/popular-picks/goa-beach-shacks/,goa beach shacks,20,Famous Beach Shacks in Goa (2026),Goa Beach Shacks,beach clubs,topic,3
goa-seafood,https://tabiji.ai/popular-picks/goa-seafood/,goa seafood,20,Fresh Seafood &amp; Fish Curry in Goa (2026),Goa Seafood,restaurants/food,topic,3
gothenburg-seafood,https://tabiji.ai/popular-picks/gothenburg-seafood/,gothenburg seafood,20,Seafood Culture in Gothenburg (2026),Gothenburg Seafood,restaurants/food,topic,3
guangzhou-morning-tea,https://tabiji.ai/popular-picks/guangzhou-morning-tea/,guangzhou morning tea,20,Morning Tea Culture in Guangzhou (2026),Guangzhou Morning Tea,restaurants/food,topic,3
hamburg-cocktail-bars,https://tabiji.ai/popular-picks/hamburg-cocktail-bars/,hamburg cocktail bars,20,Cocktail Bars in Hamburg (2026),Hamburg Cocktail Bars,bars/drinks,topic,3
hamburg-craft-beer,https://tabiji.ai/popular-picks/hamburg-craft-beer/,hamburg craft beer,20,Craft Beer in Hamburg (2026),Hamburg Craft Beer,bars/drinks,topic,3
hangzhou-longjing-tea,https://tabiji.ai/popular-picks/hangzhou-longjing-tea/,hangzhou longjing tea,20,Hangzhou Longjing Tea Villages (2026),Hangzhou Longjing Tea,restaurants/food,topic,3
hanoi-bun-rieu,https://tabiji.ai/popular-picks/hanoi-bun-rieu/,hanoi bun rieu,20,Bun Rieu in Hanoi (2026),Hanoi,restaurants/food,topic,3
havana-street-food,https://tabiji.ai/popular-picks/havana-street-food/,havana street food,20,Street Food in Havana (2026),Havana Street Food,street food,topic,3
ho-chi-minh-city-pho,https://tabiji.ai/popular-picks/ho-chi-minh-city-pho/,ho chi minh city pho,20,12 Best Pho in Ho Chi Minh City 2026,Ho Chi Minh City,noodles,topic,3
ho-chi-minh-rooftop-bars,https://tabiji.ai/popular-picks/ho-chi-minh-rooftop-bars/,ho chi minh rooftop bars,20,10 Best Rooftop Bars in Ho Chi Minh City (2026) &#8212; Reddit-Backed Guide,Ho Chi Minh City,rooftop bars,topic,3
hoi-an-cao-lau,https://tabiji.ai/popular-picks/hoi-an-cao-lau/,hoi an cao lau,20,11 Best Cao Lầu in Hội An 2026,Hoi An,restaurants/food,topic,3
hue-royal-cuisine,https://tabiji.ai/popular-picks/hue-royal-cuisine/,hue royal cuisine,20,Imperial Royal Cuisine in Hué (2026),Hue Royal Cuisine,restaurants/food,topic,3
ipoh-dim-sum,https://tabiji.ai/popular-picks/ipoh-dim-sum/,ipoh dim sum,20,10 Best Dim Sum in Ipoh 2026,Ipoh,restaurants/food,topic,3
istanbul-baklava-shops,https://tabiji.ai/popular-picks/istanbul-baklava-shops/,istanbul baklava shops,20,Baklava Shops in Istanbul (2026),Istanbul,restaurants/food,topic,3
istanbul-romantic-restaurants,https://tabiji.ai/popular-picks/istanbul-romantic-restaurants/,istanbul romantic restaurants,20,Best Romantic Restaurants in Istanbul (2026),Istanbul,restaurants/food,topic,3
istanbul-turkish-breakfast,https://tabiji.ai/popular-picks/istanbul-turkish-breakfast/,istanbul turkish breakfast,20,Best Turkish Breakfast in Istanbul (2026),Istanbul,restaurants/food,topic,3
jaipur-thali-restaurants,https://tabiji.ai/popular-picks/jaipur-thali-restaurants/,jaipur thali restaurants,20,Thali Restaurants in Jaipur (2026),Jaipur Thali Restaurants,restaurants/food,topic,3
jakarta-street-food,https://tabiji.ai/popular-picks/jakarta-street-food/,jakarta street food,20,Street Food in Jakarta (2026),Jakarta Street Food,street food,topic,3
jeonju-hanok-village-bibimbap,https://tabiji.ai/popular-picks/jeonju-hanok-village-bibimbap/,jeonju hanok village bibimbap,20,Hanok Village Bibimbap in Jeonju (2026),Jeonju,restaurants/food,topic,3
jiyugaoka-sweets,https://tabiji.ai/popular-picks/jiyugaoka-sweets/,jiyugaoka sweets,20,14 Best Sweets &amp; Patisseries in Jiyūgaoka 2026,Jiyugaoka Sweets,restaurants/food,topic,3
kadikoy-street-food,https://tabiji.ai/popular-picks/kadikoy-street-food/,kadikoy street food,20,"12 Best Street Food in Kadıköy, Istanbul (2026)",Kadikoy Street Food,street food,topic,3
kampot-pepper-farm-tour,https://tabiji.ai/popular-picks/kampot-pepper-farm-tour/,kampot pepper farm tour,20,Pepper Farm Tour in Kampot (2026),Kampot Pepper Farm Tour,restaurants/food,topic,3
kashgar-sunday-bazaar,https://tabiji.ai/popular-picks/kashgar-sunday-bazaar/,kashgar sunday bazaar,20,Sunday Bazaar in Kashgar (2026),Kashgar Sunday Bazaar,restaurants/food,topic,3
kigali-coffee-shops,https://tabiji.ai/popular-picks/kigali-coffee-shops/,kigali coffee shops,20,11 Best Coffee Shops in Kigali 2026,Kigali,coffee/cafes,topic,3
koh-samui-cooking-classes,https://tabiji.ai/popular-picks/koh-samui-cooking-classes/,koh samui cooking classes,20,Cooking Classes in Koh Samui (2026),Koh Samui Cooking Classes,restaurants/food,topic,3
kolkata-mishti-doi,https://tabiji.ai/popular-picks/kolkata-mishti-doi/,kolkata mishti doi,20,Sweets &amp; Mishti Doi Spots in Kolkata (2026),Kolkata,restaurants/food,topic,3
kota-kinabalu-island-hopping,https://tabiji.ai/popular-picks/kota-kinabalu-island-hopping/,kota kinabalu island hopping,20,Island Hopping in Kota Kinabalu (2026),Kota Kinabalu Island Hopping,restaurants/food,topic,3
krakow-craft-beer,https://tabiji.ai/popular-picks/krakow-craft-beer/,krakow craft beer,20,Craft Beer in Kraków (2026),Krakow Craft Beer,bars/drinks,topic,3
krakow-pierogi,https://tabiji.ai/popular-picks/krakow-pierogi/,krakow pierogi,20,The Best Pierogi in Kraków (2026),Krakow Pierogi,restaurants/food,topic,3
kuala-lumpur-rooftop-bars,https://tabiji.ai/popular-picks/kuala-lumpur-rooftop-bars/,kuala lumpur rooftop bars,20,Rooftop Bars in Kuala Lumpur (2026),Kuala Lumpur,rooftop bars,topic,3
la-paz-street-food,https://tabiji.ai/popular-picks/la-paz-street-food/,la paz street food,20,Street Food in La Paz (2026),La Paz Street Food,street food,topic,3
lagos-street-food,https://tabiji.ai/popular-picks/lagos-street-food/,lagos street food,20,Lagos Street Food Scene (2026),Lagos Street Food,street food,topic,3
lagos-suya,https://tabiji.ai/popular-picks/lagos-suya/,lagos suya,20,Suya in Lagos (2026),Lagos Suya,restaurants/food,topic,3
le-marais-falafel,https://tabiji.ai/popular-picks/le-marais-falafel/,le marais falafel,20,Falafel in Le Marais (2026),Paris,restaurants/food,topic,3
le-morne-snorkeling,https://tabiji.ai/popular-picks/le-morne-snorkeling/,le morne snorkeling,20,9 Best Snorkeling Spots in Le Morne,Le Morne Snorkeling,restaurants/food,topic,3
lisbon-photography-spots,https://tabiji.ai/popular-picks/lisbon-photography-spots/,lisbon photography spots,20,Best Photography Spots in Lisbon (2026),Lisbon,noodles,topic,3
lisbon-solo-travel-guide,https://tabiji.ai/popular-picks/lisbon-solo-travel-guide/,lisbon solo travel guide,20,Best Solo Travel Guide to Lisbon (2026),Lisbon,restaurants/food,topic,3
lisbon-vintage-shopping,https://tabiji.ai/popular-picks/lisbon-vintage-shopping/,lisbon vintage shopping,20,Best Vintage Shopping in Lisbon (2026),Lisbon,shopping,topic,3
luang-prabang-night-market-food,https://tabiji.ai/popular-picks/luang-prabang-night-market-food/,luang prabang night market food,20,Night Market Food in Luang Prabang (2026),Luang Prabang,shopping,topic,3
malmo-street-food,https://tabiji.ai/popular-picks/malmo-street-food/,malmo street food,20,Best Street Food in Malmö (2026),Malmo Street Food,street food,topic,3
marrakech-cooking-classes,https://tabiji.ai/popular-picks/marrakech-cooking-classes/,marrakech cooking classes,20,Cooking Classes in Marrakech (2026),Marrakech,restaurants/food,topic,3
melbourne-brunch-spots,https://tabiji.ai/popular-picks/melbourne-brunch-spots/,melbourne brunch spots,20,Brunch Spots in Melbourne (2026),Melbourne Brunch Spots,restaurants/food,topic,3
melbourne-wine-bars,https://tabiji.ai/popular-picks/melbourne-wine-bars/,melbourne wine bars,20,Melbourne Natural Wine Bars (2026),Melbourne Wine Bars,wine bars,topic,3
mexico-city-al-pastor,https://tabiji.ai/popular-picks/mexico-city-al-pastor/,mexico city al pastor,20,Al Pastor in Mexico City (2026),Mexico City,restaurants/food,topic,3
mexico-city-brunch,https://tabiji.ai/popular-picks/mexico-city-brunch/,mexico city brunch,20,Mexico City Brunch Culture (2026),Mexico City,restaurants/food,topic,3
mexico-city-chilaquiles,https://tabiji.ai/popular-picks/mexico-city-chilaquiles/,mexico city chilaquiles,20,Best Chilaquiles in Mexico City (2026),Mexico City,restaurants/food,topic,3
mexico-city-vintage-shopping,https://tabiji.ai/popular-picks/mexico-city-vintage-shopping/,mexico city vintage shopping,20,Best Vintage Shopping in Mexico City (2026),Mexico City,shopping,topic,3
milan-aperitivo,https://tabiji.ai/popular-picks/milan-aperitivo/,milan aperitivo,20,Aperitivo in Milan (2026),Milan,bars/drinks,topic,3
mnemba-atoll-snorkeling,https://tabiji.ai/popular-picks/mnemba-atoll-snorkeling/,mnemba atoll snorkeling,20,5 Best Snorkeling Spots in Mnemba Atoll 2026,Zanzibar,restaurants/food,topic,3
moalboal-dive-shops,https://tabiji.ai/popular-picks/moalboal-dive-shops/,moalboal dive shops,20,9 Best Dive Shops in Moalboal 2026,Cebu,restaurants/food,topic,3
monastiraki-souvlaki,https://tabiji.ai/popular-picks/monastiraki-souvlaki/,monastiraki souvlaki,20,Souvlaki in Monastiraki (2026),Athens,restaurants/food,topic,3
nagasaki-champon-noodles,https://tabiji.ai/popular-picks/nagasaki-champon-noodles/,nagasaki champon noodles,20,Champon & Sara Udon (2026),Nagasaki Champon Noodles,noodles,topic,3
naples-sfogliatella,https://tabiji.ai/popular-picks/naples-sfogliatella/,naples sfogliatella,20,12 Best Sfogliatella Shops in Naples (2026),Naples,restaurants/food,topic,3
nata-bird-sanctuary,https://tabiji.ai/popular-picks/nata-bird-sanctuary/,nata bird sanctuary,20,6 Best Birding Spots at Nata Bird Sanctuary 2026,Nata,bakeries/desserts,topic,3
nha-trang-seafood,https://tabiji.ai/popular-picks/nha-trang-seafood/,nha trang seafood,20,Nha Trang's Beach Seafood (2026),Nha Trang Seafood,restaurants/food,topic,3
nice-cours-saleya-market,https://tabiji.ai/popular-picks/nice-cours-saleya-market/,nice cours saleya market,20,Cours Saleya Market in Nice (2026),Nice Cours Saleya Market,shopping,topic,3
nikko-yuba,https://tabiji.ai/popular-picks/nikko-yuba/,nikko yuba,20,Yuba in Nikko (2026),Nikko,restaurants/food,topic,3
nusa-dua-beach-clubs,https://tabiji.ai/popular-picks/nusa-dua-beach-clubs/,nusa dua beach clubs,20,10 Best Beach Clubs in Nusa Dua 2026,Nusa Dua Beach Clubs,beach clubs,topic,3
osaka-cheap-eats,https://tabiji.ai/popular-picks/osaka-cheap-eats/,osaka cheap eats,20,Cheap Eats in Osaka (2026),Osaka,budget eats,topic,3
oslo-craft-beer,https://tabiji.ai/popular-picks/oslo-craft-beer/,oslo craft beer,20,Craft Beer in Oslo (2026),Oslo Craft Beer,bars/drinks,topic,3
oslo-seafood,https://tabiji.ai/popular-picks/oslo-seafood/,oslo seafood,20,Fresh Seafood &amp; Fjord Fish in Oslo (2026),Oslo Seafood,restaurants/food,topic,3
ottawa-food-scene,https://tabiji.ai/popular-picks/ottawa-food-scene/,ottawa food scene,20,Diverse Restaurants in Ottawa (2026),Ottawa Food Scene,restaurants/food,topic,3
padang-rendang,https://tabiji.ai/popular-picks/padang-rendang/,padang rendang,20,11 Best Rendang in Padang 2026 — The Birthplace Guide,Padang,restaurants/food,topic,3
palermo-mercato-del-capo,https://tabiji.ai/popular-picks/palermo-mercato-del-capo/,palermo mercato del capo,20,Mercato Del Capo in Palermo (2026),Palermo Mercato Del Capo,restaurants/food,topic,3
paris-bistros,https://tabiji.ai/popular-picks/paris-bistros/,paris bistros,20,12 Best Bistros in Paris (2026) — Insider Guide,Paris,restaurants/food,topic,3
paris-natural-wine-bars,https://tabiji.ai/popular-picks/paris-natural-wine-bars/,paris natural wine bars,20,Natural Wine Bars in Paris (2026),Paris,wine bars,topic,3
paris-wine-bars,https://tabiji.ai/popular-picks/paris-wine-bars/,paris wine bars,20,Wine Bars in Paris (2026),Paris,wine bars,topic,3
philadelphia-cheesesteak-spots,https://tabiji.ai/popular-picks/philadelphia-cheesesteak-spots/,philadelphia cheesesteak spots,20,Cheesesteak Spots in Philadelphia (2026),Philadelphia Cheesesteak Spots,restaurants/food,topic,3
pokhara-sarangkot-paragliding,https://tabiji.ai/popular-picks/pokhara-sarangkot-paragliding/,pokhara sarangkot paragliding,20,Sarangkot Paragliding in Pokhara (2026),Pokhara Sarangkot Paragliding,restaurants/food,topic,3
porto-cheap-eats,https://tabiji.ai/popular-picks/porto-cheap-eats/,porto cheap eats,20,Best Cheap Eats in Porto (2026),Porto,budget eats,topic,3
prague-svickova,https://tabiji.ai/popular-picks/prague-svickova/,prague svickova,20,9 Best Svíčková in Prague 2026 — Reddit-Sourced Guide,Prague,restaurants/food,topic,3
providence-food-scene,https://tabiji.ai/popular-picks/providence-food-scene/,providence food scene,20,Food Scene in Providence (2026),Providence Food Scene,restaurants/food,topic,3
quito-street-food,https://tabiji.ai/popular-picks/quito-street-food/,quito street food,20,Street Food &amp; Ecuadorian Cuisine in Quito (2026),Quito Street Food,street food,topic,3
reykjavik-craft-beer,https://tabiji.ai/popular-picks/reykjavik-craft-beer/,reykjavik craft beer,20,Reykjavik Craft Beer Bars (2026),Reykjavik Craft Beer,bars/drinks,topic,3
riga-craft-beer,https://tabiji.ai/popular-picks/riga-craft-beer/,riga craft beer,20,Craft Beer &amp; Bars in Riga (2026),Riga Craft Beer,bars/drinks,topic,3
roppongi-cocktail-bars,https://tabiji.ai/popular-picks/roppongi-cocktail-bars/,roppongi cocktail bars,20,12 Best Cocktail Bars in Roppongi (2026),Roppongi Cocktail Bars,bars/drinks,topic,3
saigon-banh-xeo,https://tabiji.ai/popular-picks/saigon-banh-xeo/,saigon banh xeo,20,11 Best Bánh Xèo in Saigon 2026,Ho Chi Minh City,restaurants/food,topic,3
salento-coffee-farms,https://tabiji.ai/popular-picks/salento-coffee-farms/,salento coffee farms,20,5 Best Coffee Farms in Salento 2026,Salento,coffee/cafes,topic,3
salzburg-food-market,https://tabiji.ai/popular-picks/salzburg-food-market/,salzburg food market,20,Food Market in Salzburg (2026),Salzburg Food Market,shopping,topic,3
san-juan-mofongo,https://tabiji.ai/popular-picks/san-juan-mofongo/,san juan mofongo,20,10 Best Mofongo in San Juan (2026),San Juan Mofongo,restaurants/food,topic,3
santo-domingo-street-food,https://tabiji.ai/popular-picks/santo-domingo-street-food/,santo domingo street food,20,12 Best Santo Domingo Street Food (2026),Santo Domingo Street Food,street food,topic,3
seattle-ramen-shops,https://tabiji.ai/popular-picks/seattle-ramen-shops/,seattle ramen shops,20,Ramen Shops in Seattle (2026),Seattle Ramen Shops,noodles,topic,3
shanghai-coffee-culture,https://tabiji.ai/popular-picks/shanghai-coffee-culture/,shanghai coffee culture,20,Coffee Culture in Shanghai (2026),Shanghai Coffee Culture,coffee/cafes,topic,3
shimokitazawa-coffee,https://tabiji.ai/popular-picks/shimokitazawa-coffee/,shimokitazawa coffee,20,"10 Best Coffee in Shimokitazawa, Tokyo (2026) &#8212; Reddit-Backed Guide",Tokyo,coffee/cafes,topic,3
shoreditch-coffee-shops,https://tabiji.ai/popular-picks/shoreditch-coffee-shops/,shoreditch coffee shops,20,12 Best Coffee Shops in Shoreditch 2026,Shoreditch Coffee Shops,coffee/cafes,topic,3
siargao-cloud-9-surfing,https://tabiji.ai/popular-picks/siargao-cloud-9-surfing/,siargao cloud 9 surfing,20,Cloud 9 Surfing in Siargao (2026),Siargao Cloud 9 Surfing,restaurants/food,topic,3
siem-reap-angkor-wat-sunrise,https://tabiji.ai/popular-picks/siem-reap-angkor-wat-sunrise/,siem reap angkor wat sunrise,20,Angkor Wat Sunrise in Siem Reap (2026),Siem Reap,restaurants/food,topic,3
sindang-dong-tteokbokki,https://tabiji.ai/popular-picks/sindang-dong-tteokbokki/,sindang dong tteokbokki,20,8 Best Tteokbokki Spots in Sindang-dong 2026,Seoul,restaurants/food,topic,3
singapore-craft-beer,https://tabiji.ai/popular-picks/singapore-craft-beer/,singapore craft beer,20,14 Best Craft Beer Bars &amp; Breweries in Singapore,Singapore,bars/drinks,topic,3
singapore-late-night-food,https://tabiji.ai/popular-picks/singapore-late-night-food/,singapore late night food,20,Late Night Food in Singapore (2026),Singapore,restaurants/food,topic,3
sofia-banitsa,https://tabiji.ai/popular-picks/sofia-banitsa/,sofia banitsa,20,Best Banitsa Shops in Sofia (2026),Sofia Banitsa,restaurants/food,topic,3
sofia-street-food,https://tabiji.ai/popular-picks/sofia-street-food/,sofia street food,20,Street Food &amp; Bulgarian Cuisine in Sofia (2026),Sofia Street Food,street food,topic,3
split-beach-bars,https://tabiji.ai/popular-picks/split-beach-bars/,split beach bars,20,10 Best Beach Bars in Split 2026,Split,beach clubs,topic,3
st-louis-pad-thai,https://tabiji.ai/popular-picks/st-louis-pad-thai/,st louis pad thai,20,Best Pad Thai in St Louis (2026),St Louis Pad Thai,restaurants/food,topic,3
sydney-brunch,https://tabiji.ai/popular-picks/sydney-brunch/,sydney brunch,20,Brunch in Sydney (2026),Sydney Brunch,restaurants/food,topic,3
tainan-coffin-bread,https://tabiji.ai/popular-picks/tainan-coffin-bread/,tainan coffin bread,20,Coffin Bread in Tainan (2026),Tainan Coffin Bread,restaurants/food,topic,3
takayama-hida-beef,https://tabiji.ai/popular-picks/takayama-hida-beef/,takayama hida beef,20,Hida Beef in Takayama (2026),Takayama,restaurants/food,topic,3
tel-aviv-hummus,https://tabiji.ai/popular-picks/tel-aviv-hummus/,tel aviv hummus,20,Hummus in Tel Aviv (2026),Tel Aviv,restaurants/food,topic,3
thessaloniki-bougatsa,https://tabiji.ai/popular-picks/thessaloniki-bougatsa/,thessaloniki bougatsa,20,Bougatsa in Thessaloniki (2026),Thessaloniki Bougatsa,restaurants/food,topic,3
thessaloniki-street-food,https://tabiji.ai/popular-picks/thessaloniki-street-food/,thessaloniki street food,20,Street Food &amp; Food Culture in Thessaloniki (2026),Thessaloniki Street Food,street food,topic,3
tokyo-craft-beer-bars,https://tabiji.ai/popular-picks/tokyo-craft-beer-bars/,tokyo craft beer bars,20,Best Craft Beer Bars in Tokyo (2026),Tokyo,bars/drinks,topic,3
tokyo-depachika,https://tabiji.ai/popular-picks/tokyo-depachika/,tokyo depachika,20,Depachika in Tokyo (2026),Tokyo,restaurants/food,topic,3
tokyo-food-markets,https://tabiji.ai/popular-picks/tokyo-food-markets/,tokyo food markets,20,Best Food Markets in Tokyo (2026),Tokyo,shopping,topic,3
tokyo-solo-dining,https://tabiji.ai/popular-picks/tokyo-solo-dining/,tokyo solo dining,20,Best Solo Dining in Tokyo (2026),Tokyo,restaurants/food,topic,3
tokyo-tsukemen,https://tabiji.ai/popular-picks/tokyo-tsukemen/,tokyo tsukemen,20,12 Best Tsukemen in Tokyo (2026),Tokyo,restaurants/food,topic,3
trastevere-pasta,https://tabiji.ai/popular-picks/trastevere-pasta/,trastevere pasta,20,Pasta in Trastevere (2026),Rome,restaurants/food,topic,3
tsodilo-hills-rock-art,https://tabiji.ai/popular-picks/tsodilo-hills-rock-art/,tsodilo hills rock art,20,12 Best Rock Art Sites at Tsodilo Hills 2026,Tsodilo Hills,restaurants/food,topic,3
tulum-street-food,https://tabiji.ai/popular-picks/tulum-street-food/,tulum street food,20,Street Food &amp; Local Tacos in Tulum (2026),Tulum,street food,topic,3
tunis-street-food,https://tabiji.ai/popular-picks/tunis-street-food/,tunis street food,20,Tunis Street Food & Brik (2026),Tunis Street Food,street food,topic,3
varanasi-street-food,https://tabiji.ai/popular-picks/varanasi-street-food/,varanasi street food,20,Street Food &amp; Chai Culture in Varanasi (2026),Varanasi Street Food,street food,topic,3
venice-ghost-tours,https://tabiji.ai/popular-picks/venice-ghost-tours/,venice ghost tours,20,Ghost Tours in Venice (2026),Venice Ghost Tours,restaurants/food,topic,3
victory-monument-boat-noodles,https://tabiji.ai/popular-picks/victory-monument-boat-noodles/,victory monument boat noodles,20,Boat Noodles in Victory Monument (2026),Bangkok,noodles,topic,3
vienna-heurigen,https://tabiji.ai/popular-picks/vienna-heurigen/,vienna heurigen,20,Heurigen in Vienna (2026),Vienna,restaurants/food,topic,3
vilnius-street-food,https://tabiji.ai/popular-picks/vilnius-street-food/,vilnius street food,20,Street Food in Vilnius (2026),Vilnius Street Food,street food,topic,3
warsaw-craft-beer,https://tabiji.ai/popular-picks/warsaw-craft-beer/,warsaw craft beer,20,Best Craft Beer Bars in Warsaw (2026),Warsaw Craft Beer,bars/drinks,topic,3
washington-dc-food-halls,https://tabiji.ai/popular-picks/washington-dc-food-halls/,washington dc food halls,20,Washington DC's Food Halls (2026),Washington Dc Food Halls,restaurants/food,topic,3
winnipeg-craft-beer,https://tabiji.ai/popular-picks/winnipeg-craft-beer/,winnipeg craft beer,20,Winnipeg Craft Beer (2026),Winnipeg Craft Beer,bars/drinks,topic,3
yogyakarta-gudeg,https://tabiji.ai/popular-picks/yogyakarta-gudeg/,yogyakarta gudeg,20,11 Best Gudeg in Yogyakarta 2026,Yogyakarta,restaurants/food,topic,3
zurich-craft-beer,https://tabiji.ai/popular-picks/zurich-craft-beer/,zurich craft beer,20,Craft Beer in Zurich (2026),Zurich Craft Beer,bars/drinks,topic,3
adelaide-art-galleries,https://tabiji.ai/popular-picks/adelaide-art-galleries/,adelaide art galleries,10,10 Best Art Galleries in Adelaide (2026) — Local Guide,Adelaide Art Galleries,restaurants/food,topic,0
adelaide-cocktail-bars,https://tabiji.ai/popular-picks/adelaide-cocktail-bars/,adelaide cocktail bars,10,10 Best Cocktail Bars in Adelaide (2026),Adelaide Cocktail Bars,bars/drinks,topic,0
adelaide-fine-dining,https://tabiji.ai/popular-picks/adelaide-fine-dining/,adelaide fine dining,10,10 Best Fine Dining in Adelaide (2026) — Local Guide,Adelaide Fine Dining,restaurants/food,topic,0
adelaide-photography-spots,https://tabiji.ai/popular-picks/adelaide-photography-spots/,adelaide photography spots,10,10 Best Photography Spots in Adelaide (2026) — Local Guide,Adelaide Photography Spots,noodles,topic,0
amman-rooftop-bars,https://tabiji.ai/popular-picks/amman-rooftop-bars/,amman rooftop bars,10,10 Best Rooftop Bars in Amman (2026) — Local Guide,Amman,rooftop bars,topic,0
amsterdam-cheap-eats,https://tabiji.ai/popular-picks/amsterdam-cheap-eats/,amsterdam cheap eats,10,18 Best Cheap Eats in Amsterdam 2026,Amsterdam,budget eats,topic,0
antwerp-cheap-eats,https://tabiji.ai/popular-picks/antwerp-cheap-eats/,antwerp cheap eats,10,10 Best Cheap Eats in Antwerp (2026) — Local Guide,Antwerp,budget eats,topic,0
antwerp-fine-dining,https://tabiji.ai/popular-picks/antwerp-fine-dining/,antwerp fine dining,10,10 Best Fine Dining Restaurants in Antwerp (2026) — Local Guide,Antwerp,restaurants/food,topic,0
athens-art-galleries,https://tabiji.ai/popular-picks/athens-art-galleries/,athens art galleries,10,10 Best Art Galleries in Athens (2026) — Local Guide,Athens,restaurants/food,topic,0
auckland-seafood-restaurants,https://tabiji.ai/popular-picks/auckland-seafood-restaurants/,auckland seafood restaurants,10,Seafood Restaurants in Auckland (2026),Auckland Seafood Restaurants,restaurants/food,topic,0
auckland-viewpoints,https://tabiji.ai/popular-picks/auckland-viewpoints/,auckland viewpoints,10,Best Viewpoints in Auckland (2026),Auckland Viewpoints,culture/experiences,topic,0
austin-cheap-eats,https://tabiji.ai/popular-picks/austin-cheap-eats/,austin cheap eats,10,Cheap Eats in Austin (2026),Austin Cheap Eats,budget eats,topic,0
ayutthaya-street-food,https://tabiji.ai/popular-picks/ayutthaya-street-food/,ayutthaya street food,10,Street Food in Ayutthaya (2026),Ayutthaya Street Food,street food,topic,0
bagan-hot-air-balloon-sunrise,https://tabiji.ai/popular-picks/bagan-hot-air-balloon-sunrise/,bagan hot air balloon sunrise,10,Hot Air Balloon Sunrise in Bagan (2026),Bagan Hot Air Balloon Sunrise,restaurants/food,topic,0
bagan-lacquerware-workshop,https://tabiji.ai/popular-picks/bagan-lacquerware-workshop/,bagan lacquerware workshop,10,12 Best Lacquerware Workshops in Bagan (2026),Bagan Lacquerware Workshop,restaurants/food,topic,0
bali-viewpoints,https://tabiji.ai/popular-picks/bali-viewpoints/,bali viewpoints,10,Best Viewpoints in Bali (2026),Bali,culture/experiences,topic,0
baltimore-food-markets,https://tabiji.ai/popular-picks/baltimore-food-markets/,baltimore food markets,10,Best Food Markets in Baltimore (2026),Baltimore Food Markets,shopping,topic,0
bangkok-late-night-street-food,https://tabiji.ai/popular-picks/bangkok-late-night-street-food/,bangkok late night street food,10,Best Late Night Street Food in Bangkok (2026),Bangkok,street food,topic,0
bangkok-mango-sticky-rice,https://tabiji.ai/popular-picks/bangkok-mango-sticky-rice/,bangkok mango sticky rice,10,Mango Sticky Rice in Bangkok (2026),Bangkok,restaurants/food,topic,0
bangkok-viewpoints,https://tabiji.ai/popular-picks/bangkok-viewpoints/,bangkok viewpoints,10,Best Viewpoints in Bangkok (2026),Bangkok,culture/experiences,topic,0
barcelona-cheap-eats,https://tabiji.ai/popular-picks/barcelona-cheap-eats/,barcelona cheap eats,10,Best Cheap Eats in Barcelona (2026),Barcelona,budget eats,topic,0
barcelona-photography-spots,https://tabiji.ai/popular-picks/barcelona-photography-spots/,barcelona photography spots,10,Best Photography Spots in Barcelona (2026),Barcelona,noodles,topic,0
beijing-hutong-food,https://tabiji.ai/popular-picks/beijing-hutong-food/,beijing hutong food,10,Hutong Food in Beijing (2026),Beijing Hutong Food,restaurants/food,topic,0
beijing-photography-spots,https://tabiji.ai/popular-picks/beijing-photography-spots/,beijing photography spots,10,Best Photography Spots in Beijing (2026),Beijing Photography Spots,noodles,topic,0
belgrade-rooftop-bars,https://tabiji.ai/popular-picks/belgrade-rooftop-bars/,belgrade rooftop bars,10,Rooftop Bars in Belgrade (2026),Belgrade Rooftop Bars,rooftop bars,topic,0
berlin-vegan-restaurants,https://tabiji.ai/popular-picks/berlin-vegan-restaurants/,berlin vegan restaurants,10,Best Vegan Restaurants in Berlin (2026),Berlin,restaurants/food,topic,0
best-cheap-eats-in-bali,https://tabiji.ai/popular-picks/best-cheap-eats-in-bali/,best cheap eats in bali,10,13 Best Cheap Eats in Bali 2026,Bali,budget eats,topic,0
boston-craft-beer,https://tabiji.ai/popular-picks/boston-craft-beer/,boston craft beer,10,Best Craft Beer in Boston (2026),Boston,bars/drinks,topic,0
brisbane-brunch,https://tabiji.ai/popular-picks/brisbane-brunch/,brisbane brunch,10,Best Brunch Spots in Brisbane (2026),Brisbane Brunch,restaurants/food,topic,0
brussels-beer-bars,https://tabiji.ai/popular-picks/brussels-beer-bars/,brussels beer bars,10,10 Best Beer Bars in Brussels 2026,Brussels,bars/drinks,topic,0
chengdu-tea-houses,https://tabiji.ai/popular-picks/chengdu-tea-houses/,chengdu tea houses,10,11 Best Tea Houses in Chengdu 2026,Chengdu Tea Houses,restaurants/food,topic,0
colombo-kottu-roti,https://tabiji.ai/popular-picks/colombo-kottu-roti/,colombo kottu roti,10,12 Best Kottu Roti in Colombo (2026),Colombo Kottu Roti,restaurants/food,topic,0
edinburgh-whisky-bars,https://tabiji.ai/popular-picks/edinburgh-whisky-bars/,edinburgh whisky bars,10,Best Edinburgh Whisky Bars (2026),Edinburgh,restaurants/food,topic,0
florence-trattorias,https://tabiji.ai/popular-picks/florence-trattorias/,florence trattorias,10,12 Best Trattorias in Florence 2026,Florence,restaurants/food,topic,0
gdansk-craft-beer,https://tabiji.ai/popular-picks/gdansk-craft-beer/,gdansk craft beer,10,Craft Beer in Gdansk (2026),Gdansk Craft Beer,bars/drinks,topic,0
ghent-craft-beer,https://tabiji.ai/popular-picks/ghent-craft-beer/,ghent craft beer,10,Craft Beer in Ghent (2026),Ghent,bars/drinks,topic,0
gothenburg-craft-beer,https://tabiji.ai/popular-picks/gothenburg-craft-beer/,gothenburg craft beer,10,Gothenburg Craft Beer Scene (2026),Gothenburg Craft Beer,bars/drinks,topic,0
istanbul-rooftop-restaurants,https://tabiji.ai/popular-picks/istanbul-rooftop-restaurants/,istanbul rooftop restaurants,10,Rooftop Restaurants in Istanbul (2026),Istanbul,rooftop bars,topic,0
jaipur-street-food,https://tabiji.ai/popular-picks/jaipur-street-food/,jaipur street food,10,Street Food in Jaipur (2026),Jaipur Street Food,street food,topic,0
kathmandu-dal-bhat,https://tabiji.ai/popular-picks/kathmandu-dal-bhat/,kathmandu dal bhat,10,10 Best Dal Bhat in Kathmandu (2026),Kathmandu Dal Bhat,restaurants/food,topic,0
kruger-safari-lodges,https://tabiji.ai/popular-picks/kruger-safari-lodges/,kruger safari lodges,10,11 Best Safari Lodges in Kruger 2026,Kruger,restaurants/food,topic,0
melbourne-night-markets,https://tabiji.ai/popular-picks/melbourne-night-markets/,melbourne night markets,10,Melbourne Night Markets (2026),Melbourne Night Markets,shopping,topic,0
milan-fine-dining,https://tabiji.ai/popular-picks/milan-fine-dining/,milan fine dining,10,Fine Dining &amp; Michelin Spots in Milan (2026),Milan,restaurants/food,topic,0
montmartre-cafes,https://tabiji.ai/popular-picks/montmartre-cafes/,montmartre cafes,10,12 Best Cafés in Montmartre,Montmartre Cafes,coffee/cafes,topic,0
montreal-craft-beer,https://tabiji.ai/popular-picks/montreal-craft-beer/,montreal craft beer,10,Craft Beer in Montreal (2026),Montreal Craft Beer,bars/drinks,topic,0
nungwi-beach-bars,https://tabiji.ai/popular-picks/nungwi-beach-bars/,nungwi beach bars,10,9 Best Beach Bars in Nungwi 2026,Zanzibar,beach clubs,topic,0
okavango-luxury-lodges,https://tabiji.ai/popular-picks/okavango-luxury-lodges/,okavango luxury lodges,10,12 Best Luxury Safari Lodges in the Okavango Delta 2026,Okavango Delta,restaurants/food,topic,0
oslo-seafood-restaurants,https://tabiji.ai/popular-picks/oslo-seafood-restaurants/,oslo seafood restaurants,10,Seafood Restaurants in Oslo (2026),Oslo Seafood Restaurants,restaurants/food,topic,0
palermo-sicily-street-food,https://tabiji.ai/popular-picks/palermo-sicily-street-food/,palermo sicily street food,10,Sicily Street Food in Palermo (2026),Palermo Sicily Street Food,street food,topic,0
paris-romantic-restaurants,https://tabiji.ai/popular-picks/paris-romantic-restaurants/,paris romantic restaurants,10,Best Romantic Restaurants in Paris (2026),Paris,restaurants/food,topic,0
penang-cendol,https://tabiji.ai/popular-picks/penang-cendol/,penang cendol,10,Cendol in Penang (2026),Penang,restaurants/food,topic,0
perth-seafood,https://tabiji.ai/popular-picks/perth-seafood/,perth seafood,10,Rock Lobster &amp; Seafood in Perth (2026),Perth Seafood,restaurants/food,topic,0
plovdiv-street-food,https://tabiji.ai/popular-picks/plovdiv-street-food/,plovdiv street food,10,Best Street Food in Plovdiv (2026),Plovdiv Street Food,street food,topic,0
port-louis-street-food,https://tabiji.ai/popular-picks/port-louis-street-food/,port louis street food,10,Street Food in Port Louis (2026),Port Louis,street food,topic,0
porto-wine-bars,https://tabiji.ai/popular-picks/porto-wine-bars/,porto wine bars,10,10 Best Wine Bars in Porto 2026,Porto,wine bars,topic,0
prague-cheap-eats,https://tabiji.ai/popular-picks/prague-cheap-eats/,prague cheap eats,10,19 Best Cheap Eats in Prague 2026,Prague,budget eats,topic,0
puebla-mole,https://tabiji.ai/popular-picks/puebla-mole/,puebla mole,10,Best Mole Restaurants in Puebla (2026),Puebla Mole,restaurants/food,topic,0
queenstown-craft-beer,https://tabiji.ai/popular-picks/queenstown-craft-beer/,queenstown craft beer,10,Craft Beer in Queenstown (2026),Queenstown Craft Beer,bars/drinks,topic,0
shanghai-jazz-bars,https://tabiji.ai/popular-picks/shanghai-jazz-bars/,shanghai jazz bars,10,Jazz Bars in Shanghai (2026),Shanghai Jazz Bars,jazz/music bars,topic,0
shinjuku-izakayas,https://tabiji.ai/popular-picks/shinjuku-izakayas/,shinjuku izakayas,10,16 Best Izakayas in Shinjuku 2026,Tokyo,bars/drinks,topic,0
singapore-cheap-eats,https://tabiji.ai/popular-picks/singapore-cheap-eats/,singapore cheap eats,10,Best Hawker Centres in Singapore (2026),Singapore,budget eats,topic,0
soho-cheap-eats,https://tabiji.ai/popular-picks/soho-cheap-eats/,soho cheap eats,10,Cheap Eats in Soho (2026),London,budget eats,topic,0
stone-town-street-food,https://tabiji.ai/popular-picks/stone-town-street-food/,stone town street food,10,7 Best Street Food in Stone Town 2026,Zanzibar,street food,topic,0
strasbourg-tarte-flambee,https://tabiji.ai/popular-picks/strasbourg-tarte-flambee/,strasbourg tarte flambee,10,Best Tarte Flambée in Strasbourg (2026),Strasbourg Tarte Flambee,restaurants/food,topic,0
taghazout-surf-breaks,https://tabiji.ai/popular-picks/taghazout-surf-breaks/,taghazout surf breaks,10,Surf Breaks in Taghazout (2026),Taghazout,outdoor/nature,topic,0
tokyo-craft-beer,https://tabiji.ai/popular-picks/tokyo-craft-beer/,tokyo craft beer,10,Craft Beer in Tokyo (2026),Tokyo,bars/drinks,topic,0
toronto-craft-beer,https://tabiji.ai/popular-picks/toronto-craft-beer/,toronto craft beer,10,Craft Beer in Toronto (2026),Toronto Craft Beer,bars/drinks,topic,0
toronto-night-markets,https://tabiji.ai/popular-picks/toronto-night-markets/,toronto night markets,10,Toronto Night Markets (2026),Toronto Night Markets,shopping,topic,0
toronto-street-food,https://tabiji.ai/popular-picks/toronto-street-food/,toronto street food,10,Street Food in Toronto (2026),Toronto Street Food,street food,topic,0
turin-chocolate-shops,https://tabiji.ai/popular-picks/turin-chocolate-shops/,turin chocolate shops,10,Chocolate Shops in Turin (2026),Turin Chocolate Shops,restaurants/food,topic,0
valletta-pastizzi,https://tabiji.ai/popular-picks/valletta-pastizzi/,valletta pastizzi,10,Pastizzi in Valletta (2026),Valletta Pastizzi,restaurants/food,topic,0
valletta-rooftop-bars,https://tabiji.ai/popular-picks/valletta-rooftop-bars/,valletta rooftop bars,10,Rooftop Bars in Valletta (2026),Valletta Rooftop Bars,rooftop bars,topic,0
vancouver-craft-beer,https://tabiji.ai/popular-picks/vancouver-craft-beer/,vancouver craft beer,10,Craft Beer in Vancouver (2026),Vancouver Craft Beer,bars/drinks,topic,0
warsaw-milk-bars,https://tabiji.ai/popular-picks/warsaw-milk-bars/,warsaw milk bars,10,Best Milk Bars in Warsaw (2026),Warsaw Milk Bars,restaurants/food,topic,0
wroclaw-craft-beer,https://tabiji.ai/popular-picks/wroclaw-craft-beer/,wroclaw craft beer,10,Craft Beer in Wroclaw (2026),Wroclaw Craft Beer,bars/drinks,topic,0
yogyakarta-borobudur-sunrise,https://tabiji.ai/popular-picks/yogyakarta-borobudur-sunrise/,yogyakarta borobudur sunrise,10,Borobudur Sunrise in Yogyakarta (2026),Yogyakarta,restaurants/food,topic,0
zurich-coffee-shops,https://tabiji.ai/popular-picks/zurich-coffee-shops/,zurich coffee shops,10,Coffee Shops in Zurich (2026),Zurich Coffee Shops,coffee/cafes,topic,0
aarhus-art-galleries,https://tabiji.ai/popular-picks/aarhus-art-galleries/,aarhus art galleries,0,10 Best Art Galleries in Aarhus (2026),Aarhus,restaurants/food,topic,0
aarhus-new-nordic-restaurants,https://tabiji.ai/popular-picks/aarhus-new-nordic-restaurants/,aarhus new nordic restaurants,0,New Nordic Restaurants in Aarhus (2026),Aarhus,restaurants/food,topic,0
aarhus-waterfront-bars,https://tabiji.ai/popular-picks/aarhus-waterfront-bars/,aarhus waterfront bars,0,10 Best Waterfront Bars in Aarhus (2026),Aarhus,restaurants/food,topic,0
abu-dhabi-art-galleries,https://tabiji.ai/popular-picks/abu-dhabi-art-galleries/,abu dhabi art galleries,0,11 Best Art Galleries in Abu Dhabi (2026),Abu Dhabi Art Galleries,restaurants/food,topic,0
abu-dhabi-fine-dining,https://tabiji.ai/popular-picks/abu-dhabi-fine-dining/,abu dhabi fine dining,0,10 Best Fine Dining in Abu Dhabi (2026),Abu Dhabi Fine Dining,restaurants/food,topic,0
abu-dhabi-jazz-bars,https://tabiji.ai/popular-picks/abu-dhabi-jazz-bars/,abu dhabi jazz bars,0,10 Best Jazz Bars in Abu Dhabi (2026),Abu Dhabi Jazz Bars,jazz/music bars,topic,0
abu-dhabi-natural-wine-bars,https://tabiji.ai/popular-picks/abu-dhabi-natural-wine-bars/,abu dhabi natural wine bars,0,10 Best Natural Wine Bars in Abu Dhabi (2026),Abu Dhabi Natural Wine Bars,wine bars,topic,0
abu-dhabi-night-markets,https://tabiji.ai/popular-picks/abu-dhabi-night-markets/,abu dhabi night markets,0,10 Best Night Markets in Abu Dhabi (2026),Abu Dhabi Night Markets,shopping,topic,0
abu-dhabi-rooftop-bars,https://tabiji.ai/popular-picks/abu-dhabi-rooftop-bars/,abu dhabi rooftop bars,0,10 Best Rooftop Bars in Abu Dhabi (2026),Abu Dhabi Rooftop Bars,rooftop bars,topic,0
abu-dhabi-viewpoints,https://tabiji.ai/popular-picks/abu-dhabi-viewpoints/,abu dhabi viewpoints,0,12 Best Viewpoints in Abu Dhabi (2026),Abu Dhabi Viewpoints,culture/experiences,topic,0
accra-art-galleries,https://tabiji.ai/popular-picks/accra-art-galleries/,accra art galleries,0,12 Best Art Galleries in Accra (2026),Accra,restaurants/food,topic,0
accra-bakeries,https://tabiji.ai/popular-picks/accra-bakeries/,accra bakeries,0,10 Best Bakeries in Accra (2026),Accra,bakeries/desserts,topic,0
accra-bookshops,https://tabiji.ai/popular-picks/accra-bookshops/,accra bookshops,0,10 Best Bookshops in Accra (2026) — Local Guide,Accra,culture/experiences,topic,0
accra-brunch-spots,https://tabiji.ai/popular-picks/accra-brunch-spots/,accra brunch spots,0,12 Best Brunch Spots in Accra (2026),Accra,restaurants/food,topic,0
accra-cheap-eats,https://tabiji.ai/popular-picks/accra-cheap-eats/,accra cheap eats,0,10 Best Cheap Eats in Accra (2026),Accra,budget eats,topic,0
accra-cocktail-bars,https://tabiji.ai/popular-picks/accra-cocktail-bars/,accra cocktail bars,0,10 Best Cocktail Bars in Accra (2026) — Local Guide,Accra,bars/drinks,topic,0
accra-coffee-shops,https://tabiji.ai/popular-picks/accra-coffee-shops/,accra coffee shops,0,10 Best Coffee Shops in Accra (2026),Accra,coffee/cafes,topic,0
accra-craft-beer,https://tabiji.ai/popular-picks/accra-craft-beer/,accra craft beer,0,10 Best Craft Beer & Bars in Accra (2026),Accra,bars/drinks,topic,0
accra-dessert-cafes,https://tabiji.ai/popular-picks/accra-dessert-cafes/,accra dessert cafes,0,10 Best Dessert Cafes in Accra (2026) — Local Guide,Accra,coffee/cafes,topic,0
accra-fine-dining,https://tabiji.ai/popular-picks/accra-fine-dining/,accra fine dining,0,"10 Best Fine Dining in Accra, Ghana (2026) — Local Guide",Accra,restaurants/food,topic,0
accra-food-halls,https://tabiji.ai/popular-picks/accra-food-halls/,accra food halls,0,10 Best Food Halls in Accra (2026) — Local Guide,Accra,restaurants/food,topic,0
accra-food-markets,https://tabiji.ai/popular-picks/accra-food-markets/,accra food markets,0,"10 Best Food Markets in Accra, Ghana (2026) — Local Guide",Accra,shopping,topic,0
accra-jazz-bars,https://tabiji.ai/popular-picks/accra-jazz-bars/,accra jazz bars,0,10 Best Jazz Bars in Accra (2026) — Local Guide,Accra,jazz/music bars,topic,0
accra-jollof-rice,https://tabiji.ai/popular-picks/accra-jollof-rice/,accra jollof rice,0,10 Best Jollof Rice in Accra 2026,Accra,restaurants/food,topic,0
accra-natural-wine-bars,https://tabiji.ai/popular-picks/accra-natural-wine-bars/,accra natural wine bars,0,10 Best Natural Wine Bars in Accra (2026) — Local Guide,Accra,wine bars,topic,0
accra-night-markets,https://tabiji.ai/popular-picks/accra-night-markets/,accra night markets,0,"10 Best Night Markets in Accra, Ghana (2026)",Accra,shopping,topic,0
accra-photography-spots,https://tabiji.ai/popular-picks/accra-photography-spots/,accra photography spots,0,10 Best Photography Spots in Accra (2026),Accra,noodles,topic,0
accra-rooftop-bars,https://tabiji.ai/popular-picks/accra-rooftop-bars/,accra rooftop bars,0,10 Best Rooftop Bars in Accra (2026) — Local Guide,Accra,rooftop bars,topic,0
accra-tea-houses,https://tabiji.ai/popular-picks/accra-tea-houses/,accra tea houses,0,10 Best Tea Houses in Accra (2026) — Local Guide,Accra,restaurants/food,topic,0
accra-vegan-restaurants,https://tabiji.ai/popular-picks/accra-vegan-restaurants/,accra vegan restaurants,0,10 Best Vegan Restaurants in Accra (2026),Accra,restaurants/food,topic,0
accra-viewpoints,https://tabiji.ai/popular-picks/accra-viewpoints/,accra viewpoints,0,"10 Best Viewpoints in Accra, Ghana (2026) — Local Guide",Accra,culture/experiences,topic,0
accra-wine-bars,https://tabiji.ai/popular-picks/accra-wine-bars/,accra wine bars,0,10 Best Wine Bars in Accra (2026) — Local Guide,Accra,wine bars,topic,0
accra-working-cafes,https://tabiji.ai/popular-picks/accra-working-cafes/,accra working cafes,0,10 Best Working Cafes in Accra (2026) &mdash; Reddit-Backed Guide,Accra,coffee/cafes,topic,0
addis-ababa-coffee-ceremonies,https://tabiji.ai/popular-picks/addis-ababa-coffee-ceremonies/,addis ababa coffee ceremonies,0,10 Best Coffee Ceremonies in Addis Ababa (2026),Addis Ababa,coffee/cafes,topic,0
addis-ababa-injera,https://tabiji.ai/popular-picks/addis-ababa-injera/,addis ababa injera,0,10 Best Injera Restaurants in Addis Ababa (2026),Addis Ababa,restaurants/food,topic,0
adelaide-bookshops,https://tabiji.ai/popular-picks/adelaide-bookshops/,adelaide bookshops,0,10 Best Bookshops in Adelaide (2026) — Local Guide,Adelaide Bookshops,culture/experiences,topic,0
adelaide-cheap-eats,https://tabiji.ai/popular-picks/adelaide-cheap-eats/,adelaide cheap eats,0,10 Best Cheap Eats in Adelaide (2026) — Local Guide,Adelaide Cheap Eats,budget eats,topic,0
adelaide-dessert-cafes,https://tabiji.ai/popular-picks/adelaide-dessert-cafes/,adelaide dessert cafes,0,10 Best Dessert Cafes in Adelaide (2026),Adelaide Dessert Cafes,coffee/cafes,topic,0
adelaide-food-halls,https://tabiji.ai/popular-picks/adelaide-food-halls/,adelaide food halls,0,"10 Best Food Halls in Adelaide, Australia (2026) — Local Guide",Adelaide Food Halls,restaurants/food,topic,0
adelaide-food-markets,https://tabiji.ai/popular-picks/adelaide-food-markets/,adelaide food markets,0,10 Best Food Markets in Adelaide (2026),Adelaide Food Markets,shopping,topic,0
adelaide-jazz-bars,https://tabiji.ai/popular-picks/adelaide-jazz-bars/,adelaide jazz bars,0,10 Best Jazz Bars in Adelaide (2026),Adelaide Jazz Bars,jazz/music bars,topic,0
adelaide-natural-wine-bars,https://tabiji.ai/popular-picks/adelaide-natural-wine-bars/,adelaide natural wine bars,0,10 Best Natural Wine Bars in Adelaide (2026),Adelaide Natural Wine Bars,wine bars,topic,0
adelaide-night-markets,https://tabiji.ai/popular-picks/adelaide-night-markets/,adelaide night markets,0,10 Best Night Markets in Adelaide (2026) — Local Guide,Adelaide Night Markets,shopping,topic,0
adelaide-rooftop-bars,https://tabiji.ai/popular-picks/adelaide-rooftop-bars/,adelaide rooftop bars,0,10 Best Rooftop Bars in Adelaide (2026) — Local Guide,Adelaide Rooftop Bars,rooftop bars,topic,0
adelaide-tea-houses,https://tabiji.ai/popular-picks/adelaide-tea-houses/,adelaide tea houses,0,10 Best Tea Houses in Adelaide (2026) — Local Guide,Adelaide Tea Houses,restaurants/food,topic,0
adelaide-viewpoints,https://tabiji.ai/popular-picks/adelaide-viewpoints/,adelaide viewpoints,0,10 Best Viewpoints in Adelaide (2026) — Local Guide,Adelaide Viewpoints,culture/experiences,topic,0
adelaide-wine-bars,https://tabiji.ai/popular-picks/adelaide-wine-bars/,adelaide wine bars,0,10 Best Wine Bars in Adelaide (2026),Adelaide Wine Bars,wine bars,topic,0
adelaide-working-cafes,https://tabiji.ai/popular-picks/adelaide-working-cafes/,adelaide working cafes,0,10 Best Working Cafes in Adelaide (2026) — Digital Nomad Guide,Adelaide Working Cafes,coffee/cafes,topic,0
almaty-art-galleries,https://tabiji.ai/popular-picks/almaty-art-galleries/,almaty art galleries,0,10 Best Art Galleries in Almaty (2026) — Local Guide,Almaty Art Galleries,restaurants/food,topic,0
almaty-bakeries,https://tabiji.ai/popular-picks/almaty-bakeries/,almaty bakeries,0,10 Best Bakeries in Almaty (2026) — Local-Backed Guide,Almaty Bakeries,bakeries/desserts,topic,0
almaty-beshbarmak-feast,https://tabiji.ai/popular-picks/almaty-beshbarmak-feast/,almaty beshbarmak feast,0,10 Best Beshbarmak in Almaty (2026) — Local Guide,Almaty Beshbarmak Feast,restaurants/food,topic,0
almaty-big-almaty-lake-hike,https://tabiji.ai/popular-picks/almaty-big-almaty-lake-hike/,almaty big almaty lake hike,0,10 Best Big Almaty Lake Hiking Experiences (2026) — Local Guide,Almaty Big Almaty Lake Hike,outdoor/nature,topic,0
almaty-bookshops,https://tabiji.ai/popular-picks/almaty-bookshops/,almaty bookshops,0,10 Best Bookshops in Almaty (2026) — Local Guide,Almaty Bookshops,culture/experiences,topic,0
almaty-brunch-spots,https://tabiji.ai/popular-picks/almaty-brunch-spots/,almaty brunch spots,0,10 Best Brunch Spots in Almaty (2026) — Local-Backed Guide,Almaty Brunch Spots,restaurants/food,topic,0
almaty-cheap-eats,https://tabiji.ai/popular-picks/almaty-cheap-eats/,almaty cheap eats,0,10 Best Cheap Eats in Almaty (2026) — Local-Backed Guide,Almaty Cheap Eats,budget eats,topic,0
almaty-cocktail-bars,https://tabiji.ai/popular-picks/almaty-cocktail-bars/,almaty cocktail bars,0,10 Best Cocktail Bars in Almaty (2026),Almaty Cocktail Bars,bars/drinks,topic,0
almaty-coffee-shops,https://tabiji.ai/popular-picks/almaty-coffee-shops/,almaty coffee shops,0,10 Best Coffee Shops in Almaty (2026),Almaty Coffee Shops,coffee/cafes,topic,0
almaty-dessert-cafes,https://tabiji.ai/popular-picks/almaty-dessert-cafes/,almaty dessert cafes,0,10 Best Dessert Cafes in Almaty (2026) — Local Guide,Almaty Dessert Cafes,coffee/cafes,topic,0
almaty-fine-dining,https://tabiji.ai/popular-picks/almaty-fine-dining/,almaty fine dining,0,10 Best Fine Dining in Almaty (2026) — Local Guide,Almaty Fine Dining,restaurants/food,topic,0
almaty-food-halls,https://tabiji.ai/popular-picks/almaty-food-halls/,almaty food halls,0,10 Best Food Halls in Almaty (2026) — Local Guide,Almaty Food Halls,restaurants/food,topic,0
almaty-food-markets,https://tabiji.ai/popular-picks/almaty-food-markets/,almaty food markets,0,10 Best Food Markets in Almaty (2026) — Local Guide,Almaty Food Markets,shopping,topic,0
almaty-green-bazaar-tour,https://tabiji.ai/popular-picks/almaty-green-bazaar-tour/,almaty green bazaar tour,0,10 Best Stalls & Experiences at Almaty's Green Bazaar (2026) — Local Guide,Almaty Green Bazaar Tour,restaurants/food,topic,0
almaty-jazz-bars,https://tabiji.ai/popular-picks/almaty-jazz-bars/,almaty jazz bars,0,10 Best Jazz Bars in Almaty (2026) — Local Guide,Almaty Jazz Bars,jazz/music bars,topic,0
almaty-natural-wine-bars,https://tabiji.ai/popular-picks/almaty-natural-wine-bars/,almaty natural wine bars,0,10 Best Natural Wine Bars in Almaty (2026) — Local Guide,Almaty Natural Wine Bars,wine bars,topic,0
almaty-night-markets,https://tabiji.ai/popular-picks/almaty-night-markets/,almaty night markets,0,10 Best Night Markets in Almaty (2026) — Local Guide,Almaty Night Markets,shopping,topic,0
almaty-photography-spots,https://tabiji.ai/popular-picks/almaty-photography-spots/,almaty photography spots,0,10 Best Photography Spots in Almaty (2026) — Local Guide,Almaty Photography Spots,noodles,topic,0
almaty-rooftop-bars,https://tabiji.ai/popular-picks/almaty-rooftop-bars/,almaty rooftop bars,0,10 Best Rooftop Bars in Almaty (2026),Almaty Rooftop Bars,rooftop bars,topic,0
almaty-tea-houses,https://tabiji.ai/popular-picks/almaty-tea-houses/,almaty tea houses,0,10 Best Tea Houses in Almaty (2026) — Local Guide,Almaty Tea Houses,restaurants/food,topic,0
almaty-vegan-restaurants,https://tabiji.ai/popular-picks/almaty-vegan-restaurants/,almaty vegan restaurants,0,10 Best Vegan Restaurants in Almaty (2026) — Local Guide,Almaty Vegan Restaurants,restaurants/food,topic,0
almaty-viewpoints,https://tabiji.ai/popular-picks/almaty-viewpoints/,almaty viewpoints,0,10 Best Viewpoints in Almaty (2026) — Local-Backed Guide,Almaty Viewpoints,culture/experiences,topic,0
almaty-wine-bars,https://tabiji.ai/popular-picks/almaty-wine-bars/,almaty wine bars,0,10 Best Wine Bars in Almaty (2026) — Local Guide,Almaty Wine Bars,wine bars,topic,0
almaty-working-cafes,https://tabiji.ai/popular-picks/almaty-working-cafes/,almaty working cafes,0,10 Best Working Cafes in Almaty (2026),Almaty Working Cafes,coffee/cafes,topic,0
amman-art-galleries,https://tabiji.ai/popular-picks/amman-art-galleries/,amman art galleries,0,10 Best Art Galleries in Amman (2026) — Local Guide,Amman,restaurants/food,topic,0
amman-bakeries,https://tabiji.ai/popular-picks/amman-bakeries/,amman bakeries,0,10 Best Bakeries in Amman (2026) — Local Guide,Amman,bakeries/desserts,topic,0
amman-bookshops,https://tabiji.ai/popular-picks/amman-bookshops/,amman bookshops,0,10 Best Bookshops in Amman (2026) — Local Guide,Amman,culture/experiences,topic,0
amman-brunch-spots,https://tabiji.ai/popular-picks/amman-brunch-spots/,amman brunch spots,0,10 Best Brunch Spots in Amman (2026) &mdash; Reddit-Backed Guide,Amman,restaurants/food,topic,0
amman-cheap-eats,https://tabiji.ai/popular-picks/amman-cheap-eats/,amman cheap eats,0,10 Best Cheap Eats in Amman (2026) — Local Guide,Amman,budget eats,topic,0
amman-cocktail-bars,https://tabiji.ai/popular-picks/amman-cocktail-bars/,amman cocktail bars,0,10 Best Cocktail Bars in Amman (2026) — Local Guide,Amman,bars/drinks,topic,0
amman-dessert-cafes,https://tabiji.ai/popular-picks/amman-dessert-cafes/,amman dessert cafes,0,10 Best Dessert Cafes in Amman (2026) — Local Guide,Amman,coffee/cafes,topic,0
amman-fine-dining,https://tabiji.ai/popular-picks/amman-fine-dining/,amman fine dining,0,10 Best Fine Dining in Amman (2026) — Local Guide,Amman,restaurants/food,topic,0
amman-food-halls,https://tabiji.ai/popular-picks/amman-food-halls/,amman food halls,0,10 Best Food Halls in Amman (2026) — Local Guide,Amman,restaurants/food,topic,0
amman-food-markets,https://tabiji.ai/popular-picks/amman-food-markets/,amman food markets,0,10 Best Food Markets in Amman (2026) — Local Guide,Amman,shopping,topic,0
amman-jazz-bars,https://tabiji.ai/popular-picks/amman-jazz-bars/,amman jazz bars,0,10 Best Jazz Bars in Amman (2026) — Local Guide,Amman,jazz/music bars,topic,0
amman-mansaf,https://tabiji.ai/popular-picks/amman-mansaf/,amman mansaf,0,10 Best Mansaf in Amman 2026,Amman,restaurants/food,topic,0
amman-natural-wine-bars,https://tabiji.ai/popular-picks/amman-natural-wine-bars/,amman natural wine bars,0,10 Best Natural Wine Bars in Amman (2026) — Local Guide,Amman,wine bars,topic,0
amman-night-markets,https://tabiji.ai/popular-picks/amman-night-markets/,amman night markets,0,10 Best Night Markets in Amman (2026) — Local Guide,Amman,shopping,topic,0
amman-photography-spots,https://tabiji.ai/popular-picks/amman-photography-spots/,amman photography spots,0,10 Best Photography Spots in Amman (2026) — Local Guide,Amman,noodles,topic,0
amman-rainbow-street-cafes,https://tabiji.ai/popular-picks/amman-rainbow-street-cafes/,amman rainbow street cafes,0,10 Best Rainbow Street Cafes in Amman (2026) — Local Guide,Amman,coffee/cafes,topic,0
amman-tea-houses,https://tabiji.ai/popular-picks/amman-tea-houses/,amman tea houses,0,10 Best Tea Houses in Amman (2026) — Local Guide,Amman,restaurants/food,topic,0
amman-vegan-restaurants,https://tabiji.ai/popular-picks/amman-vegan-restaurants/,amman vegan restaurants,0,10 Best Vegan Restaurants in Amman (2026),Amman,restaurants/food,topic,0
amman-viewpoints,https://tabiji.ai/popular-picks/amman-viewpoints/,amman viewpoints,0,10 Best Viewpoints in Amman (2026) — Local Guide,Amman,culture/experiences,topic,0
amman-wine-bars,https://tabiji.ai/popular-picks/amman-wine-bars/,amman wine bars,0,10 Best Wine Bars in Amman (2026) — Local Guide,Amman,wine bars,topic,0
amman-working-cafes,https://tabiji.ai/popular-picks/amman-working-cafes/,amman working cafes,0,10 Best Working Cafes in Amman (2026),Amman,coffee/cafes,topic,0
amritsar-stuffed-kulcha,https://tabiji.ai/popular-picks/amritsar-stuffed-kulcha/,amritsar stuffed kulcha,0,10 Best Stuffed Kulcha in Amritsar (2026) — Local Guide,Amritsar Stuffed Kulcha,restaurants/food,topic,0
amsterdam-jazz-bars,https://tabiji.ai/popular-picks/amsterdam-jazz-bars/,amsterdam jazz bars,0,10 Best Jazz Bars in Amsterdam (2026) — Local Guide,Amsterdam,jazz/music bars,topic,0
amsterdam-jenever-bars,https://tabiji.ai/popular-picks/amsterdam-jenever-bars/,amsterdam jenever bars,0,10 Best Jenever Bars in Amsterdam (2026) — Local Guide,Amsterdam,restaurants/food,topic,0
amsterdam-night-markets,https://tabiji.ai/popular-picks/amsterdam-night-markets/,amsterdam night markets,0,10 Best Night Markets in Amsterdam (2026) — Local Guide,Amsterdam,shopping,topic,0
amsterdam-viewpoints,https://tabiji.ai/popular-picks/amsterdam-viewpoints/,amsterdam viewpoints,0,10 Best Viewpoints in Amsterdam (2026) — Local Guide,Amsterdam,culture/experiences,topic,0
andasibe-lemur-lodges,https://tabiji.ai/popular-picks/andasibe-lemur-lodges/,andasibe lemur lodges,0,Lemur Lodges in Andasibe (2026),Andasibe,restaurants/food,topic,0
angkor-night-market-street-food,https://tabiji.ai/popular-picks/angkor-night-market-street-food/,angkor night market street food,0,Night Market Street Food in Angkor (2026),Siem Reap,street food,topic,0
antigua-guatemala-cafes,https://tabiji.ai/popular-picks/antigua-guatemala-cafes/,antigua guatemala cafes,0,10 Best Cafes in Antigua Guatemala (2026) — Local Guide,Antigua Guatemala Cafes,coffee/cafes,topic,0
antwerp-bakeries,https://tabiji.ai/popular-picks/antwerp-bakeries/,antwerp bakeries,0,10 Best Bakeries in Antwerp (2026) — Local Guide,Antwerp,bakeries/desserts,topic,0
antwerp-bookshops,https://tabiji.ai/popular-picks/antwerp-bookshops/,antwerp bookshops,0,10 Best Bookshops in Antwerp (2026) — Local Guide,Antwerp,culture/experiences,topic,0
antwerp-brunch-spots,https://tabiji.ai/popular-picks/antwerp-brunch-spots/,antwerp brunch spots,0,10 Best Brunch Spots in Antwerp (2026) — Local Guide,Antwerp,restaurants/food,topic,0
antwerp-cocktail-bars,https://tabiji.ai/popular-picks/antwerp-cocktail-bars/,antwerp cocktail bars,0,10 Best Cocktail Bars in Antwerp (2026) — Local Guide,Antwerp,bars/drinks,topic,0
antwerp-dessert-cafes,https://tabiji.ai/popular-picks/antwerp-dessert-cafes/,antwerp dessert cafes,0,10 Best Dessert Cafes in Antwerp (2026) — Local Guide,Antwerp,coffee/cafes,topic,0
antwerp-food-halls,https://tabiji.ai/popular-picks/antwerp-food-halls/,antwerp food halls,0,10 Best Food Halls in Antwerp (2026) — Local Guide,Antwerp,restaurants/food,topic,0
antwerp-food-markets,https://tabiji.ai/popular-picks/antwerp-food-markets/,antwerp food markets,0,10 Best Food Markets in Antwerp (2026) — Local Guide,Antwerp,shopping,topic,0
antwerp-jazz-bars,https://tabiji.ai/popular-picks/antwerp-jazz-bars/,antwerp jazz bars,0,10 Best Jazz Bars in Antwerp (2026) — Local Guide,Antwerp,jazz/music bars,topic,0
antwerp-natural-wine-bars,https://tabiji.ai/popular-picks/antwerp-natural-wine-bars/,antwerp natural wine bars,0,10 Best Natural Wine Bars in Antwerp (2026) — Local Guide,Antwerp,wine bars,topic,0
antwerp-night-markets,https://tabiji.ai/popular-picks/antwerp-night-markets/,antwerp night markets,0,10 Best Night Markets in Antwerp (2026) — Local Guide,Antwerp,shopping,topic,0
antwerp-photography-spots,https://tabiji.ai/popular-picks/antwerp-photography-spots/,antwerp photography spots,0,10 Best Photography Spots in Antwerp (2026) — Local Guide,Antwerp,noodles,topic,0
antwerp-rooftop-bars,https://tabiji.ai/popular-picks/antwerp-rooftop-bars/,antwerp rooftop bars,0,10 Best Rooftop Bars in Antwerp (2026) — Local Guide,Antwerp,rooftop bars,topic,0
antwerp-tea-houses,https://tabiji.ai/popular-picks/antwerp-tea-houses/,antwerp tea houses,0,10 Best Tea Houses in Antwerp (2026) — Local Guide,Antwerp,restaurants/food,topic,0
antwerp-vegan-restaurants,https://tabiji.ai/popular-picks/antwerp-vegan-restaurants/,antwerp vegan restaurants,0,10 Best Vegan Restaurants in Antwerp (2026),Antwerp,restaurants/food,topic,0
antwerp-viewpoints,https://tabiji.ai/popular-picks/antwerp-viewpoints/,antwerp viewpoints,0,10 Best Viewpoints in Antwerp (2026) &#8212; Local Guide,Antwerp,culture/experiences,topic,0
antwerp-wine-bars,https://tabiji.ai/popular-picks/antwerp-wine-bars/,antwerp wine bars,0,10 Best Wine Bars in Antwerp (2026) — Local Guide,Antwerp,wine bars,topic,0
antwerp-working-cafes,https://tabiji.ai/popular-picks/antwerp-working-cafes/,antwerp working cafes,0,10 Best Working Cafes in Antwerp (2026) — Digital Nomad Guide,Antwerp,coffee/cafes,topic,0
aoyama-coffee-shops,https://tabiji.ai/popular-picks/aoyama-coffee-shops/,aoyama coffee shops,0,12 Best Coffee Shops in Aoyama 2026,Aoyama Coffee Shops,coffee/cafes,topic,0
aqaba-red-sea-coral-diving,https://tabiji.ai/popular-picks/aqaba-red-sea-coral-diving/,aqaba red sea coral diving,0,Red Sea Coral Diving in Aqaba (2026),Aqaba Red Sea Coral Diving,restaurants/food,topic,0
asheville-mountain-brunch,https://tabiji.ai/popular-picks/asheville-mountain-brunch/,asheville mountain brunch,0,10 Best Farm-to-Table Brunch Spots in Asheville (2026),Asheville Mountain Brunch,restaurants/food,topic,0
aswan-felucca-rides,https://tabiji.ai/popular-picks/aswan-felucca-rides/,aswan felucca rides,0,9 Best Felucca Rides in Aswan 2026,Aswan,restaurants/food,topic,0
athens-cheap-eats,https://tabiji.ai/popular-picks/athens-cheap-eats/,athens cheap eats,0,10 Best Cheap Eats in Athens (2026) — Local Guide,Athens,budget eats,topic,0
athens-coffee-culture,https://tabiji.ai/popular-picks/athens-coffee-culture/,athens coffee culture,0,10 Best Coffee Shops in Athens (2026),Athens,coffee/cafes,topic,0
athens-food-halls,https://tabiji.ai/popular-picks/athens-food-halls/,athens food halls,0,10 Best Food Halls in Athens (2026),Athens,restaurants/food,topic,0
athens-jazz-bars,https://tabiji.ai/popular-picks/athens-jazz-bars/,athens jazz bars,0,10 Best Jazz Bars in Athens (2026),Athens,jazz/music bars,topic,0
athens-night-markets,https://tabiji.ai/popular-picks/athens-night-markets/,athens night markets,0,10 Best Night Markets in Athens (2026),Athens,shopping,topic,0
auckland-brunch,https://tabiji.ai/popular-picks/auckland-brunch/,auckland brunch,0,12 Best Brunch Spots in Auckland (2026) &#8212; Reddit-Backed Guide,Auckland Brunch,restaurants/food,topic,0
auckland-cheap-eats,https://tabiji.ai/popular-picks/auckland-cheap-eats/,auckland cheap eats,0,Cheap Eats in Auckland (2026),Auckland Cheap Eats,budget eats,topic,0
auckland-coffee-culture,https://tabiji.ai/popular-picks/auckland-coffee-culture/,auckland coffee culture,0,Coffee Culture in Auckland (2026),Auckland Coffee Culture,coffee/cafes,topic,0
auckland-craft-beer,https://tabiji.ai/popular-picks/auckland-craft-beer/,auckland craft beer,0,12 Best Craft Beer Bars &amp; Breweries in Auckland (2026) &#8212; Reddit-Backed Guide,Auckland Craft Beer,bars/drinks,topic,0
auckland-natural-wine-bars,https://tabiji.ai/popular-picks/auckland-natural-wine-bars/,auckland natural wine bars,0,Best Natural Wine Bars in Auckland (2026),Auckland Natural Wine Bars,wine bars,topic,0
auckland-photography-spots,https://tabiji.ai/popular-picks/auckland-photography-spots/,auckland photography spots,0,Best Photography Spots in Auckland (2026),Auckland Photography Spots,noodles,topic,0
auckland-specialty-coffee,https://tabiji.ai/popular-picks/auckland-specialty-coffee/,auckland specialty coffee,0,Coffee Culture in Auckland (2026),Auckland Specialty Coffee,coffee/cafes,topic,0
auckland-street-food,https://tabiji.ai/popular-picks/auckland-street-food/,auckland street food,0,Street Food in Auckland (2026),Auckland Street Food,street food,topic,0
austin-natural-wine-bars,https://tabiji.ai/popular-picks/austin-natural-wine-bars/,austin natural wine bars,0,Best Natural Wine Bars in Austin (2026),Austin Natural Wine Bars,wine bars,topic,0
austin-night-markets,https://tabiji.ai/popular-picks/austin-night-markets/,austin night markets,0,Best Night Markets in Austin (2026),Austin Night Markets,shopping,topic,0
baku-art-galleries,https://tabiji.ai/popular-picks/baku-art-galleries/,baku art galleries,0,Best Art Galleries in Baku (2026),Baku Art Galleries,restaurants/food,topic,0
baku-bookshops,https://tabiji.ai/popular-picks/baku-bookshops/,baku bookshops,0,Best Bookshops in Baku (2026),Baku Bookshops,culture/experiences,topic,0
baku-brunch-spots,https://tabiji.ai/popular-picks/baku-brunch-spots/,baku brunch spots,0,10 Best Brunch Spots in Baku (2026) — Local-Backed Guide,Baku Brunch Spots,restaurants/food,topic,0
baku-cheap-eats,https://tabiji.ai/popular-picks/baku-cheap-eats/,baku cheap eats,0,Cheap Eats in Baku (2026),Baku Cheap Eats,budget eats,topic,0
baku-cocktail-bars,https://tabiji.ai/popular-picks/baku-cocktail-bars/,baku cocktail bars,0,Best Cocktail Bars in Baku (2026),Baku Cocktail Bars,bars/drinks,topic,0
baku-coffee-shops,https://tabiji.ai/popular-picks/baku-coffee-shops/,baku coffee shops,0,10 Best Coffee Shops in Baku (2026) — Local Guide,Baku Coffee Shops,coffee/cafes,topic,0
baku-dessert-cafes,https://tabiji.ai/popular-picks/baku-dessert-cafes/,baku dessert cafes,0,Best Dessert Cafés in Baku (2026),Baku Dessert Cafes,coffee/cafes,topic,0
baku-food-halls,https://tabiji.ai/popular-picks/baku-food-halls/,baku food halls,0,10 Best Food Halls in Baku (2026),Baku Food Halls,restaurants/food,topic,0
baku-food-markets,https://tabiji.ai/popular-picks/baku-food-markets/,baku food markets,0,12 Best Food Markets in Baku (2026),Baku Food Markets,shopping,topic,0
baku-icheri-sheher-qutab,https://tabiji.ai/popular-picks/baku-icheri-sheher-qutab/,baku icheri sheher qutab,0,Icheri Sheher Qutab in Baku (2026),Baku Icheri Sheher Qutab,restaurants/food,topic,0
baku-jazz-bars,https://tabiji.ai/popular-picks/baku-jazz-bars/,baku jazz bars,0,Best Jazz Bars in Baku (2026),Baku Jazz Bars,jazz/music bars,topic,0
baku-mugham-music-performance,https://tabiji.ai/popular-picks/baku-mugham-music-performance/,baku mugham music performance,0,12 Best Places to Listen to Mugham in Baku (2026),Baku Mugham Music Performance,restaurants/food,topic,0
baku-natural-wine-bars,https://tabiji.ai/popular-picks/baku-natural-wine-bars/,baku natural wine bars,0,Best Natural Wine Bars in Baku (2026),Baku Natural Wine Bars,wine bars,topic,0
baku-night-markets,https://tabiji.ai/popular-picks/baku-night-markets/,baku night markets,0,Best Night Markets in Baku (2026),Baku Night Markets,shopping,topic,0
baku-photography-spots,https://tabiji.ai/popular-picks/baku-photography-spots/,baku photography spots,0,Best Photography Spots in Baku (2026),Baku Photography Spots,noodles,topic,0
baku-rooftop-bars,https://tabiji.ai/popular-picks/baku-rooftop-bars/,baku rooftop bars,0,10 Best Rooftop Bars in Baku (2026) — Local-Backed Guide,Baku Rooftop Bars,rooftop bars,topic,0
baku-tea-houses,https://tabiji.ai/popular-picks/baku-tea-houses/,baku tea houses,0,Best Tea Houses in Baku (2026),Baku Tea Houses,restaurants/food,topic,0
baku-vegan-restaurants,https://tabiji.ai/popular-picks/baku-vegan-restaurants/,baku vegan restaurants,0,Best Vegan Restaurants in Baku (2026),Baku Vegan Restaurants,restaurants/food,topic,0
baku-viewpoints,https://tabiji.ai/popular-picks/baku-viewpoints/,baku viewpoints,0,Best Viewpoints in Baku (2026),Baku Viewpoints,culture/experiences,topic,0
baku-wine-bars,https://tabiji.ai/popular-picks/baku-wine-bars/,baku wine bars,0,Best Wine Bars in Baku (2026),Baku Wine Bars,wine bars,topic,0
baku-working-cafes,https://tabiji.ai/popular-picks/baku-working-cafes/,baku working cafes,0,10 Best Working Cafes in Baku (2026),Baku Working Cafes,coffee/cafes,topic,0
bali-art-galleries,https://tabiji.ai/popular-picks/bali-art-galleries/,bali art galleries,0,Best Art Galleries in Bali (2026),Bali,restaurants/food,topic,0
bali-brunch-cafes,https://tabiji.ai/popular-picks/bali-brunch-cafes/,bali brunch cafes,0,Best Brunch Cafes in Bali (2026),Bali,coffee/cafes,topic,0
bali-cheap-eats,https://tabiji.ai/popular-picks/bali-cheap-eats/,bali cheap eats,0,Cheap Eats in Bali (2026),Bali,budget eats,topic,0
bali-coworking-cafes,https://tabiji.ai/popular-picks/bali-coworking-cafes/,bali coworking cafes,0,Best Coworking Cafes in Bali (2026),Bali,coffee/cafes,topic,0
bali-food-halls,https://tabiji.ai/popular-picks/bali-food-halls/,bali food halls,0,Best Food Halls in Bali (2026),Bali,restaurants/food,topic,0
bali-jazz-bars,https://tabiji.ai/popular-picks/bali-jazz-bars/,bali jazz bars,0,Best Jazz Bars in Bali (2026),Bali,jazz/music bars,topic,0
bali-natural-wine-bars,https://tabiji.ai/popular-picks/bali-natural-wine-bars/,bali natural wine bars,0,Best Natural Wine Bars in Bali (2026),Bali,wine bars,topic,0
bali-photography-spots,https://tabiji.ai/popular-picks/bali-photography-spots/,bali photography spots,0,Best Photography Spots in Bali (2026),Bali,noodles,topic,0
bali-vegan-cafes,https://tabiji.ai/popular-picks/bali-vegan-cafes/,bali vegan cafes,0,Best Vegan Cafes in Bali (2026),Bali,coffee/cafes,topic,0
baltimore-bookshops,https://tabiji.ai/popular-picks/baltimore-bookshops/,baltimore bookshops,0,Best Bookshops in Baltimore (2026),Baltimore Bookshops,culture/experiences,topic,0
baltimore-dessert-cafes,https://tabiji.ai/popular-picks/baltimore-dessert-cafes/,baltimore dessert cafes,0,Best Dessert Cafes in Baltimore (2026),Baltimore Dessert Cafes,coffee/cafes,topic,0
baltimore-food-halls,https://tabiji.ai/popular-picks/baltimore-food-halls/,baltimore food halls,0,Best Food Halls in Baltimore (2026),Baltimore Food Halls,restaurants/food,topic,0
baltimore-natural-wine-bars,https://tabiji.ai/popular-picks/baltimore-natural-wine-bars/,baltimore natural wine bars,0,Best Natural Wine Bars in Baltimore (2026),Baltimore Natural Wine Bars,wine bars,topic,0
baltimore-night-markets,https://tabiji.ai/popular-picks/baltimore-night-markets/,baltimore night markets,0,Best Night Markets in Baltimore (2026),Baltimore Night Markets,shopping,topic,0
baltimore-photography-spots,https://tabiji.ai/popular-picks/baltimore-photography-spots/,baltimore photography spots,0,Best Photography Spots in Baltimore (2026),Baltimore Photography Spots,noodles,topic,0
baltimore-tea-houses,https://tabiji.ai/popular-picks/baltimore-tea-houses/,baltimore tea houses,0,Best Tea Houses in Baltimore (2026),Baltimore Tea Houses,restaurants/food,topic,0
baltimore-viewpoints,https://tabiji.ai/popular-picks/baltimore-viewpoints/,baltimore viewpoints,0,Best Viewpoints in Baltimore (2026),Baltimore Viewpoints,culture/experiences,topic,0
baltimore-wine-bars,https://tabiji.ai/popular-picks/baltimore-wine-bars/,baltimore wine bars,0,Best Wine Bars in Baltimore (2026),Baltimore Wine Bars,wine bars,topic,0
baltimore-working-cafes,https://tabiji.ai/popular-picks/baltimore-working-cafes/,baltimore working cafes,0,Best Working Cafes in Baltimore (2026),Baltimore Working Cafes,coffee/cafes,topic,0
bandung-mie-ayam,https://tabiji.ai/popular-picks/bandung-mie-ayam/,bandung mie ayam,0,12 Best Mie Ayam in Bandung 2026,Bandung,restaurants/food,topic,0
bang-rak-som-tam,https://tabiji.ai/popular-picks/bang-rak-som-tam/,bang rak som tam,0,Som Tam in Bang Rak (2026),Bangkok,restaurants/food,topic,0
bangalore-dosas,https://tabiji.ai/popular-picks/bangalore-dosas/,bangalore dosas,0,Legendary Dosa Culture Spots in Bangalore (2026),Bangalore Dosas,restaurants/food,topic,0
bangkok-craft-cocktail-bars,https://tabiji.ai/popular-picks/bangkok-craft-cocktail-bars/,bangkok craft cocktail bars,0,Craft Cocktail Bars in Bangkok (2026),Bangkok,bars/drinks,topic,0
bangkok-jazz-bars,https://tabiji.ai/popular-picks/bangkok-jazz-bars/,bangkok jazz bars,0,Best Jazz Bars in Bangkok (2026),Bangkok,jazz/music bars,topic,0
bangkok-natural-wine-bars,https://tabiji.ai/popular-picks/bangkok-natural-wine-bars/,bangkok natural wine bars,0,Best Natural Wine Bars in Bangkok (2026),Bangkok,wine bars,topic,0
bangkok-rooftop-pools,https://tabiji.ai/popular-picks/bangkok-rooftop-pools/,bangkok rooftop pools,0,Rooftop Pools in Bangkok (2026),Bangkok,rooftop pools,topic,0
bangkok-solo-traveler-things-to-do,https://tabiji.ai/popular-picks/bangkok-solo-traveler-things-to-do/,bangkok solo traveler things to do,0,Best Things to Do Solo in Bangkok (2026),Bangkok,restaurants/food,topic,0
bangkok-working-cafes,https://tabiji.ai/popular-picks/bangkok-working-cafes/,bangkok working cafes,0,Best Working Cafes in Bangkok (2026),Bangkok,coffee/cafes,topic,0
banglamphu-pad-thai,https://tabiji.ai/popular-picks/banglamphu-pad-thai/,banglamphu pad thai,0,11 Best Pad Thai in Banglamphu 2026,Bangkok,restaurants/food,topic,0
barcelona-jazz-bars,https://tabiji.ai/popular-picks/barcelona-jazz-bars/,barcelona jazz bars,0,Best Jazz Bars in Barcelona (2026),Barcelona,jazz/music bars,topic,0
barcelona-natural-wine-bars,https://tabiji.ai/popular-picks/barcelona-natural-wine-bars/,barcelona natural wine bars,0,Barcelona Natural Wine Bars (2026),Barcelona,wine bars,topic,0
barcelona-night-markets,https://tabiji.ai/popular-picks/barcelona-night-markets/,barcelona night markets,0,Night Markets in Barcelona (2026),Barcelona,shopping,topic,0
barranco-pisco-bars,https://tabiji.ai/popular-picks/barranco-pisco-bars/,barranco pisco bars,0,9 Best Pisco Bars in Barranco 2026,Lima,restaurants/food,topic,0
basel-craft-beer,https://tabiji.ai/popular-picks/basel-craft-beer/,basel craft beer,0,Best Craft Beer Bars in Basel (2026),Basel Craft Beer,bars/drinks,topic,0
battambang-bamboo-train-ride,https://tabiji.ai/popular-picks/battambang-bamboo-train-ride/,battambang bamboo train ride,0,Bamboo Train Ride in Battambang (2026),Battambang Bamboo Train Ride,restaurants/food,topic,0
beijing-art-galleries,https://tabiji.ai/popular-picks/beijing-art-galleries/,beijing art galleries,0,Best Art Galleries in Beijing (2026),Beijing Art Galleries,restaurants/food,topic,0
beijing-fine-dining,https://tabiji.ai/popular-picks/beijing-fine-dining/,beijing fine dining,0,Best Fine Dining in Beijing (2026),Beijing Fine Dining,restaurants/food,topic,0
beijing-food-halls,https://tabiji.ai/popular-picks/beijing-food-halls/,beijing food halls,0,Best Food Halls in Beijing (2026),Beijing Food Halls,restaurants/food,topic,0
beijing-hutong-street-food,https://tabiji.ai/popular-picks/beijing-hutong-street-food/,beijing hutong street food,0,12 Best Street Food Spots in Beijing's Hutongs (2026),Beijing Hutong Street Food,street food,topic,0
beijing-jazz-bars,https://tabiji.ai/popular-picks/beijing-jazz-bars/,beijing jazz bars,0,Best Jazz Bars in Beijing (2026),Beijing Jazz Bars,jazz/music bars,topic,0
beijing-natural-wine-bars,https://tabiji.ai/popular-picks/beijing-natural-wine-bars/,beijing natural wine bars,0,Best Natural Wine Bars in Beijing (2026),Beijing Natural Wine Bars,wine bars,topic,0
beijing-night-markets,https://tabiji.ai/popular-picks/beijing-night-markets/,beijing night markets,0,Best Night Markets in Beijing (2026),Beijing Night Markets,shopping,topic,0
beijing-viewpoints,https://tabiji.ai/popular-picks/beijing-viewpoints/,beijing viewpoints,0,Best Viewpoints in Beijing (2026),Beijing Viewpoints,culture/experiences,topic,0
beirut-meze-restaurants,https://tabiji.ai/popular-picks/beirut-meze-restaurants/,beirut meze restaurants,0,Lebanese Meze Restaurants in Beirut (2026),Beirut Meze Restaurants,restaurants/food,topic,0
belgrade-craft-beer,https://tabiji.ai/popular-picks/belgrade-craft-beer/,belgrade craft beer,0,10 Best Craft Beer in Belgrade (2026),Belgrade Craft Beer,bars/drinks,topic,0
belgrade-kafanas,https://tabiji.ai/popular-picks/belgrade-kafanas/,belgrade kafanas,0,12 Best Kafanas in Belgrade 2026,Belgrade Kafanas,restaurants/food,topic,0
belize-city-street-food,https://tabiji.ai/popular-picks/belize-city-street-food/,belize city street food,0,Belize Street Food & Creole Cuisine (2026),Belize City Street Food,street food,topic,0
bergen-fjord-day-trips,https://tabiji.ai/popular-picks/bergen-fjord-day-trips/,bergen fjord day trips,0,Fjord Day Trips in Bergen (2026),Bergen Fjord Day Trips,restaurants/food,topic,0
bergen-hiking-cafes,https://tabiji.ai/popular-picks/bergen-hiking-cafes/,bergen hiking cafes,0,Bergen Hiking & Mountain Cafes (2026),Bergen Hiking Cafes,outdoor/nature,topic,0
bern-fondue-bars,https://tabiji.ai/popular-picks/bern-fondue-bars/,bern fondue bars,0,Best Fondue Restaurants in Bern (2026),Bern Fondue Bars,restaurants/food,topic,0
bern-rosengarten-views,https://tabiji.ai/popular-picks/bern-rosengarten-views/,bern rosengarten views,0,Best Traditional Swiss Restaurants in Bern (2026),Bern Rosengarten Views,restaurants/food,topic,0
best-live-music-venues-in-dakar,https://tabiji.ai/popular-picks/best-live-music-venues-in-dakar/,best live music venues in dakar,0,9 Best Live Music Venues in Dakar 2026,Dakar,restaurants/food,topic,0
best-thieboudienne-in-dakar,https://tabiji.ai/popular-picks/best-thieboudienne-in-dakar/,best thieboudienne in dakar,0,8 Best Thiéboudienne in Dakar 2026,Dakar,restaurants/food,topic,0
biff-square-ssiat-hotteok,https://tabiji.ai/popular-picks/biff-square-ssiat-hotteok/,biff square ssiat hotteok,0,Ssiat Hotteok in Biff Square (2026),Busan,restaurants/food,topic,0
bishkek-kumiss-tasting,https://tabiji.ai/popular-picks/bishkek-kumiss-tasting/,bishkek kumiss tasting,0,Kumiss Tasting in Bishkek (2026),Bishkek Kumiss Tasting,restaurants/food,topic,0
bishkek-osh-bazaar,https://tabiji.ai/popular-picks/bishkek-osh-bazaar/,bishkek osh bazaar,0,Osh Bazaar in Bishkek (2026),Bishkek Osh Bazaar,restaurants/food,topic,0
bogota-craft-coffee,https://tabiji.ai/popular-picks/bogota-craft-coffee/,bogota craft coffee,0,Craft Coffee in Bogota (2026),Bogotá,coffee/cafes,topic,0
bologna-craft-cocktails,https://tabiji.ai/popular-picks/bologna-craft-cocktails/,bologna craft cocktails,0,Craft Cocktails in Bologna (2026),Bologna Craft Cocktails,bars/drinks,topic,0
bologna-mortadella-shops,https://tabiji.ai/popular-picks/bologna-mortadella-shops/,bologna mortadella shops,0,Best Mortadella Shops in Bologna (2026),Bologna Mortadella Shops,restaurants/food,topic,0
boracay-sunset-bars,https://tabiji.ai/popular-picks/boracay-sunset-bars/,boracay sunset bars,0,10 Best Sunset Bars in Boracay 2026,Boracay,culture/experiences,topic,0
bordeaux-natural-wine-bars,https://tabiji.ai/popular-picks/bordeaux-natural-wine-bars/,bordeaux natural wine bars,0,Bordeaux Natural Wine Bars (2026),Bordeaux Natural Wine Bars,wine bars,topic,0
boseong-green-tea-desserts,https://tabiji.ai/popular-picks/boseong-green-tea-desserts/,boseong green tea desserts,0,Green Tea Desserts in Boseong (2026),Boseong,bakeries/desserts,topic,0
bratislava-rooftop-bars,https://tabiji.ai/popular-picks/bratislava-rooftop-bars/,bratislava rooftop bars,0,Rooftop Bars in Bratislava (2026),Bratislava Rooftop Bars,rooftop bars,topic,0
brisbane-craft-beer,https://tabiji.ai/popular-picks/brisbane-craft-beer/,brisbane craft beer,0,Craft Beer in Brisbane (2026),Brisbane Craft Beer,bars/drinks,topic,0
brno-craft-beer,https://tabiji.ai/popular-picks/brno-craft-beer/,brno craft beer,0,Best Craft Beer Bars in Brno (2026),Brno Craft Beer,bars/drinks,topic,0
brno-wine-bars,https://tabiji.ai/popular-picks/brno-wine-bars/,brno wine bars,0,Wine Bars in Brno (2026),Brno Wine Bars,wine bars,topic,0
bruges-hidden-canals,https://tabiji.ai/popular-picks/bruges-hidden-canals/,bruges hidden canals,0,10 Hidden Canal Walks in Bruges 2026 - Reddit-Backed Guide,Bruges,restaurants/food,topic,0
bucharest-rooftop-bars,https://tabiji.ai/popular-picks/bucharest-rooftop-bars/,bucharest rooftop bars,0,Rooftop Bars in Bucharest (2026),Bucharest Rooftop Bars,rooftop bars,topic,0
buenos-aires-bookshop-cafes,https://tabiji.ai/popular-picks/buenos-aires-bookshop-cafes/,buenos aires bookshop cafes,0,Bookshop Cafes in Buenos Aires (2026),Buenos Aires,culture/experiences,topic,0
buenos-aires-craft-beer,https://tabiji.ai/popular-picks/buenos-aires-craft-beer/,buenos aires craft beer,0,Craft Beer in Buenos Aires (2026),Buenos Aires,bars/drinks,topic,0
buenos-aires-heladerias,https://tabiji.ai/popular-picks/buenos-aires-heladerias/,buenos aires heladerias,0,Heladerias in Buenos Aires (2026),Buenos Aires,restaurants/food,topic,0
buenos-aires-medialunas,https://tabiji.ai/popular-picks/buenos-aires-medialunas/,buenos aires medialunas,0,Medialunas in Buenos Aires (2026),Buenos Aires,restaurants/food,topic,0
bukchon-hanok-stays,https://tabiji.ai/popular-picks/bukchon-hanok-stays/,bukchon hanok stays,0,Hanok Stays in Bukchon (2026),Seoul,restaurants/food,topic,0
bukhansan-hiking-trail-cafes,https://tabiji.ai/popular-picks/bukhansan-hiking-trail-cafes/,bukhansan hiking trail cafes,0,Hiking Trail Cafes in Bukhansan (2026),Seoul,outdoor/nature,topic,0
bukhara-lyabi-hauz-teahouse,https://tabiji.ai/popular-picks/bukhara-lyabi-hauz-teahouse/,bukhara lyabi hauz teahouse,0,Lyabi Hauz Teahouse in Bukhara (2026),Bukhara Lyabi Hauz Teahouse,restaurants/food,topic,0
bukhara-silk-carpet-workshop,https://tabiji.ai/popular-picks/bukhara-silk-carpet-workshop/,bukhara silk carpet workshop,0,Silk Carpet Workshop in Bukhara (2026),Bukhara Silk Carpet Workshop,restaurants/food,topic,0
busan-craft-cocktails,https://tabiji.ai/popular-picks/busan-craft-cocktails/,busan craft cocktails,0,Craft Cocktail Bars in Busan (2026),Busan,bars/drinks,topic,0
busan-gamcheon-village-cafes,https://tabiji.ai/popular-picks/busan-gamcheon-village-cafes/,busan gamcheon village cafes,0,Gamcheon Village Cafes in Busan (2026),Busan,coffee/cafes,topic,0
busan-raw-fish-restaurants,https://tabiji.ai/popular-picks/busan-raw-fish-restaurants/,busan raw fish restaurants,0,Busan Raw Fish Restaurants (Hoesik) (2026),Busan,restaurants/food,topic,0
cairo-ful-medames,https://tabiji.ai/popular-picks/cairo-ful-medames/,cairo ful medames,0,Best Ful Medames in Cairo (2026),Cairo,restaurants/food,topic,0
cairo-rooftop-cafes,https://tabiji.ai/popular-picks/cairo-rooftop-cafes/,cairo rooftop cafes,0,12 Best Rooftop Cafes in Cairo 2026,Cairo,rooftop bars,topic,0
calgary-craft-beer,https://tabiji.ai/popular-picks/calgary-craft-beer/,calgary craft beer,0,Craft Beer in Calgary (2026),Calgary Craft Beer,bars/drinks,topic,0
cali-salsa-clubs,https://tabiji.ai/popular-picks/cali-salsa-clubs/,cali salsa clubs,0,Best Salsa Clubs in Cali 2026,Cali,restaurants/food,topic,0
camps-bay-sunset-bars,https://tabiji.ai/popular-picks/camps-bay-sunset-bars/,camps bay sunset bars,0,10 Best Sunset Bars in Camps Bay 2026,Cape Town,culture/experiences,topic,0
cape-coast-beach-bars,https://tabiji.ai/popular-picks/cape-coast-beach-bars/,cape coast beach bars,0,10 Best Beach Bars in Cape Coast 2026,Cape Coast,beach clubs,topic,0
cape-town-braai,https://tabiji.ai/popular-picks/cape-town-braai/,cape town braai,0,Braai in Cape Town (2026),Cape Town,restaurants/food,topic,0
cape-town-craft-cocktails,https://tabiji.ai/popular-picks/cape-town-craft-cocktails/,cape town craft cocktails,0,Craft Cocktails in Cape Town (2026),Cape Town,bars/drinks,topic,0
cape-town-day-hikes,https://tabiji.ai/popular-picks/cape-town-day-hikes/,cape town day hikes,0,Day Hikes in Cape Town (2026),Cape Town,outdoor/nature,topic,0
cape-town-natural-wine-bars,https://tabiji.ai/popular-picks/cape-town-natural-wine-bars/,cape town natural wine bars,0,Cape Town's Natural Wine Scene (2026),Cape Town,wine bars,topic,0
cartagena-food-halls,https://tabiji.ai/popular-picks/cartagena-food-halls/,cartagena food halls,0,Best Food Halls in Cartagena (2026),Cartagena,restaurants/food,topic,0
cartagena-food-markets,https://tabiji.ai/popular-picks/cartagena-food-markets/,cartagena food markets,0,Best Food Markets in Cartagena (2026),Cartagena,shopping,topic,0
cartagena-jazz-bars,https://tabiji.ai/popular-picks/cartagena-jazz-bars/,cartagena jazz bars,0,Best Jazz Bars in Cartagena (2026),Cartagena,jazz/music bars,topic,0
cartagena-natural-wine-bars,https://tabiji.ai/popular-picks/cartagena-natural-wine-bars/,cartagena natural wine bars,0,Best Natural Wine Bars in Cartagena (2026),Cartagena,wine bars,topic,0
cartagena-night-markets,https://tabiji.ai/popular-picks/cartagena-night-markets/,cartagena night markets,0,Best Night Markets in Cartagena (2026),Cartagena,shopping,topic,0
cartagena-photography-spots,https://tabiji.ai/popular-picks/cartagena-photography-spots/,cartagena photography spots,0,Best Photography Spots in Cartagena (2026),Cartagena,noodles,topic,0
cartagena-tea-houses,https://tabiji.ai/popular-picks/cartagena-tea-houses/,cartagena tea houses,0,Best Tea Houses in Cartagena (2026),Cartagena,restaurants/food,topic,0
cartagena-vegan-restaurants,https://tabiji.ai/popular-picks/cartagena-vegan-restaurants/,cartagena vegan restaurants,0,Best Vegan Restaurants in Cartagena (2026),Cartagena,restaurants/food,topic,0
cartagena-viewpoints,https://tabiji.ai/popular-picks/cartagena-viewpoints/,cartagena viewpoints,0,Best Viewpoints in Cartagena (2026),Cartagena,culture/experiences,topic,0
cartagena-wine-bars,https://tabiji.ai/popular-picks/cartagena-wine-bars/,cartagena wine bars,0,Best Wine Bars in Cartagena (2026),Cartagena,wine bars,topic,0
cartagena-working-cafes,https://tabiji.ai/popular-picks/cartagena-working-cafes/,cartagena working cafes,0,Best Working Cafes in Cartagena (2026),Cartagena,coffee/cafes,topic,0
casablanca-bakeries,https://tabiji.ai/popular-picks/casablanca-bakeries/,casablanca bakeries,0,10 Best Bakeries in Casablanca (2026) &mdash; Reddit-Backed Guide,Casablanca Bakeries,bakeries/desserts,topic,0
casablanca-bookshops,https://tabiji.ai/popular-picks/casablanca-bookshops/,casablanca bookshops,0,10 Best Bookshops in Casablanca (2026),Casablanca Bookshops,culture/experiences,topic,0
casablanca-brunch-spots,https://tabiji.ai/popular-picks/casablanca-brunch-spots/,casablanca brunch spots,0,10 Best Brunch Spots in Casablanca (2026),Casablanca Brunch Spots,restaurants/food,topic,0
casablanca-cheap-eats,https://tabiji.ai/popular-picks/casablanca-cheap-eats/,casablanca cheap eats,0,Best Cheap Eats in Casablanca (2026),Casablanca Cheap Eats,budget eats,topic,0
casablanca-cocktail-bars,https://tabiji.ai/popular-picks/casablanca-cocktail-bars/,casablanca cocktail bars,0,Best Cocktail Bars in Casablanca (2026),Casablanca Cocktail Bars,bars/drinks,topic,0
casablanca-coffee-shops,https://tabiji.ai/popular-picks/casablanca-coffee-shops/,casablanca coffee shops,0,10 Best Coffee Shops in Casablanca (2026),Casablanca Coffee Shops,coffee/cafes,topic,0
casablanca-dessert-cafes,https://tabiji.ai/popular-picks/casablanca-dessert-cafes/,casablanca dessert cafes,0,Best Dessert Cafes in Casablanca (2026),Casablanca Dessert Cafes,coffee/cafes,topic,0
casablanca-fine-dining,https://tabiji.ai/popular-picks/casablanca-fine-dining/,casablanca fine dining,0,Best Fine Dining in Casablanca (2026),Casablanca Fine Dining,restaurants/food,topic,0
casablanca-food-halls,https://tabiji.ai/popular-picks/casablanca-food-halls/,casablanca food halls,0,Best Food Halls in Casablanca (2026),Casablanca Food Halls,restaurants/food,topic,0
casablanca-food-markets,https://tabiji.ai/popular-picks/casablanca-food-markets/,casablanca food markets,0,10 Best Food Markets in Casablanca (2026),Casablanca Food Markets,shopping,topic,0
casablanca-jazz-bars,https://tabiji.ai/popular-picks/casablanca-jazz-bars/,casablanca jazz bars,0,Best Jazz Bars in Casablanca (2026),Casablanca Jazz Bars,jazz/music bars,topic,0
casablanca-natural-wine-bars,https://tabiji.ai/popular-picks/casablanca-natural-wine-bars/,casablanca natural wine bars,0,Best Natural Wine Bars in Casablanca (2026),Casablanca Natural Wine Bars,wine bars,topic,0
casablanca-night-markets,https://tabiji.ai/popular-picks/casablanca-night-markets/,casablanca night markets,0,Best Night Markets in Casablanca (2026),Casablanca Night Markets,shopping,topic,0
casablanca-photography-spots,https://tabiji.ai/popular-picks/casablanca-photography-spots/,casablanca photography spots,0,Best Photography Spots in Casablanca (2026),Casablanca Photography Spots,noodles,topic,0
casablanca-rooftop-bars,https://tabiji.ai/popular-picks/casablanca-rooftop-bars/,casablanca rooftop bars,0,10 Best Rooftop Bars in Casablanca (2026),Casablanca Rooftop Bars,rooftop bars,topic,0
casablanca-tea-houses,https://tabiji.ai/popular-picks/casablanca-tea-houses/,casablanca tea houses,0,Best Tea Houses in Casablanca (2026),Casablanca Tea Houses,restaurants/food,topic,0
casablanca-vegan-restaurants,https://tabiji.ai/popular-picks/casablanca-vegan-restaurants/,casablanca vegan restaurants,0,10 Best Vegan Restaurants in Casablanca (2026) — Plant-Based Guide,Casablanca Vegan Restaurants,restaurants/food,topic,0
casablanca-viewpoints,https://tabiji.ai/popular-picks/casablanca-viewpoints/,casablanca viewpoints,0,Best Viewpoints in Casablanca (2026),Casablanca Viewpoints,culture/experiences,topic,0
casablanca-wine-bars,https://tabiji.ai/popular-picks/casablanca-wine-bars/,casablanca wine bars,0,Best Wine Bars in Casablanca (2026),Casablanca Wine Bars,wine bars,topic,0
casablanca-working-cafes,https://tabiji.ai/popular-picks/casablanca-working-cafes/,casablanca working cafes,0,10 Best Working Cafes in Casablanca (2026),Casablanca Working Cafes,coffee/cafes,topic,0
charleston-cocktail-scene,https://tabiji.ai/popular-picks/charleston-cocktail-scene/,charleston cocktail scene,0,Cocktail Scene in Charleston (2026),Charleston Cocktail Scene,bars/drinks,topic,0
chengdu-art-galleries,https://tabiji.ai/popular-picks/chengdu-art-galleries/,chengdu art galleries,0,Best Art Galleries in Chengdu (2026),Chengdu Art Galleries,restaurants/food,topic,0
chengdu-cheap-eats,https://tabiji.ai/popular-picks/chengdu-cheap-eats/,chengdu cheap eats,0,Best Cheap Eats in Chengdu (2026),Chengdu Cheap Eats,budget eats,topic,0
chengdu-food-halls,https://tabiji.ai/popular-picks/chengdu-food-halls/,chengdu food halls,0,Best Food Halls in Chengdu (2026),Chengdu Food Halls,restaurants/food,topic,0
chengdu-jazz-bars,https://tabiji.ai/popular-picks/chengdu-jazz-bars/,chengdu jazz bars,0,Best Jazz Bars in Chengdu (2026),Chengdu Jazz Bars,jazz/music bars,topic,0
chengdu-natural-wine-bars,https://tabiji.ai/popular-picks/chengdu-natural-wine-bars/,chengdu natural wine bars,0,Best Natural Wine Bars in Chengdu (2026),Chengdu Natural Wine Bars,wine bars,topic,0
chengdu-night-markets,https://tabiji.ai/popular-picks/chengdu-night-markets/,chengdu night markets,0,Best Night Markets in Chengdu (2026),Chengdu Night Markets,shopping,topic,0
chengdu-panda-base-morning,https://tabiji.ai/popular-picks/chengdu-panda-base-morning/,chengdu panda base morning,0,Best Panda Experiences & Chengdu Attractions (2026),Chengdu Panda Base Morning,restaurants/food,topic,0
chengdu-photography-spots,https://tabiji.ai/popular-picks/chengdu-photography-spots/,chengdu photography spots,0,Best Photography Spots in Chengdu (2026),Chengdu Photography Spots,noodles,topic,0
chengdu-sichuan-street-food,https://tabiji.ai/popular-picks/chengdu-sichuan-street-food/,chengdu sichuan street food,0,Sichuan Street Food in Chengdu (2026),Chengdu Sichuan Street Food,street food,topic,0
chengdu-teahouses,https://tabiji.ai/popular-picks/chengdu-teahouses/,chengdu teahouses,0,Ancient Teahouse Culture in Chengdu (2026),Chengdu Teahouses,restaurants/food,topic,0
chengdu-viewpoints,https://tabiji.ai/popular-picks/chengdu-viewpoints/,chengdu viewpoints,0,Best Viewpoints in Chengdu (2026),Chengdu Viewpoints,culture/experiences,topic,0
chennai-chettinad-food,https://tabiji.ai/popular-picks/chennai-chettinad-food/,chennai chettinad food,0,Chettinad Cuisine in Chennai (2026),Chennai Chettinad Food,restaurants/food,topic,0
chiang-mai-art-galleries,https://tabiji.ai/popular-picks/chiang-mai-art-galleries/,chiang mai art galleries,0,Best Art Galleries in Chiang Mai (2026),Chiang Mai,restaurants/food,topic,0
chiang-mai-cheap-eats,https://tabiji.ai/popular-picks/chiang-mai-cheap-eats/,chiang mai cheap eats,0,Best Cheap Eats in Chiang Mai (2026),Chiang Mai,budget eats,topic,0
chiang-mai-coworking-cafes,https://tabiji.ai/popular-picks/chiang-mai-coworking-cafes/,chiang mai coworking cafes,0,Best Coworking Cafes in Chiang Mai (2026),Chiang Mai,coffee/cafes,topic,0
chiang-mai-food-halls,https://tabiji.ai/popular-picks/chiang-mai-food-halls/,chiang mai food halls,0,Best Food Halls in Chiang Mai (2026),Chiang Mai,restaurants/food,topic,0
chiang-mai-jazz-bars,https://tabiji.ai/popular-picks/chiang-mai-jazz-bars/,chiang mai jazz bars,0,Best Jazz Bars in Chiang Mai (2026),Chiang Mai,jazz/music bars,topic,0
chiang-mai-natural-wine-bars,https://tabiji.ai/popular-picks/chiang-mai-natural-wine-bars/,chiang mai natural wine bars,0,Best Natural Wine Bars in Chiang Mai (2026),Chiang Mai,wine bars,topic,0
chiang-mai-viewpoints,https://tabiji.ai/popular-picks/chiang-mai-viewpoints/,chiang mai viewpoints,0,Best Viewpoints in Chiang Mai (2026),Chiang Mai,culture/experiences,topic,0
chiang-rai-night-markets,https://tabiji.ai/popular-picks/chiang-rai-night-markets/,chiang rai night markets,0,Night Markets in Chiang Rai (2026),Chiang Rai,shopping,topic,0
chicago-natural-wine-bars,https://tabiji.ai/popular-picks/chicago-natural-wine-bars/,chicago natural wine bars,0,Best Natural Wine Bars in Chicago (2026),Chicago Natural Wine Bars,wine bars,topic,0
chicago-ramen-shops,https://tabiji.ai/popular-picks/chicago-ramen-shops/,chicago ramen shops,0,Ramen Shops in Chicago (2026),Chicago Ramen Shops,noodles,topic,0
chinatown-singapore-chicken-rice,https://tabiji.ai/popular-picks/chinatown-singapore-chicken-rice/,chinatown singapore chicken rice,0,Singapore Chicken Rice in Chinatown (2026),Singapore,restaurants/food,topic,0
chobe-river-sunset-cruises,https://tabiji.ai/popular-picks/chobe-river-sunset-cruises/,chobe river sunset cruises,0,7 Best Sunset Cruises on the Chobe River 2026,Chobe,culture/experiences,topic,0
chobe-safari-camps,https://tabiji.ai/popular-picks/chobe-safari-camps/,chobe safari camps,0,6 Best Safari Camps in Chobe 2026,Chobe,restaurants/food,topic,0
cluj-coffee-shops,https://tabiji.ai/popular-picks/cluj-coffee-shops/,cluj coffee shops,0,Explore Cluj-Napoca's thriving specialty coffee scene in its student-filled third-wave cafes. (2026),Cluj Coffee Shops,coffee/cafes,topic,0
cluj-craft-beer,https://tabiji.ai/popular-picks/cluj-craft-beer/,cluj craft beer,0,Sample Romanian craft ales and IPAs at Cluj-Napoca's growing microbrewery taprooms. (2026),Cluj Craft Beer,bars/drinks,topic,0
colombo-rooftop-bars,https://tabiji.ai/popular-picks/colombo-rooftop-bars/,colombo rooftop bars,0,Rooftop Bars in Colombo (2026),Colombo Rooftop Bars,rooftop bars,topic,0
copenhagen-budget-food,https://tabiji.ai/popular-picks/copenhagen-budget-food/,copenhagen budget food,0,Budget Food in Copenhagen (2026),Copenhagen,budget eats,topic,0
copenhagen-cheap-eats,https://tabiji.ai/popular-picks/copenhagen-cheap-eats/,copenhagen cheap eats,0,Best Cheap Eats in Copenhagen (2026),Copenhagen,budget eats,topic,0
copenhagen-hygge-cafes,https://tabiji.ai/popular-picks/copenhagen-hygge-cafes/,copenhagen hygge cafes,0,Hygge Cafes in Copenhagen (2026),Copenhagen,coffee/cafes,topic,0
copenhagen-street-food-markets,https://tabiji.ai/popular-picks/copenhagen-street-food-markets/,copenhagen street food markets,0,Street Food Markets in Copenhagen (2026),Copenhagen,street food,topic,0
corfu-old-town-walk,https://tabiji.ai/popular-picks/corfu-old-town-walk/,corfu old town walk,0,Old Town Walk in Corfu (2026),Corfu Old Town Walk,restaurants/food,topic,0
corfu-olive-oil-tastings,https://tabiji.ai/popular-picks/corfu-olive-oil-tastings/,corfu olive oil tastings,0,Best Olive Oil Tastings in Corfu (2026),Corfu Olive Oil Tastings,restaurants/food,topic,0
da-lat-coffee-shops,https://tabiji.ai/popular-picks/da-lat-coffee-shops/,da lat coffee shops,0,12 Best Coffee Shops in Da Lat 2026,Da Lat,coffee/cafes,topic,0
da-lat-flower-market-dawn,https://tabiji.ai/popular-picks/da-lat-flower-market-dawn/,da lat flower market dawn,0,Flower Market Dawn in Da Lat (2026),Da Lat,shopping,topic,0
da-lat-weasel-coffee-farm,https://tabiji.ai/popular-picks/da-lat-weasel-coffee-farm/,da lat weasel coffee farm,0,Weasel Coffee Farm in Da Lat (2026),Da Lat,coffee/cafes,topic,0
da-nang-grilled-fish,https://tabiji.ai/popular-picks/da-nang-grilled-fish/,da nang grilled fish,0,12 Best Grilled Fish in Da Nang 2026,Da Nang,restaurants/food,topic,0
da-nang-rooftop-bars,https://tabiji.ai/popular-picks/da-nang-rooftop-bars/,da nang rooftop bars,0,12 Best Rooftop Bars in Da Nang 2026,Da Nang,rooftop bars,topic,0
dali-bai-tie-dye-workshop,https://tabiji.ai/popular-picks/dali-bai-tie-dye-workshop/,dali bai tie dye workshop,0,Bai Tie Dye Workshop in Dali (2026),Dali Bai Tie Dye Workshop,restaurants/food,topic,0
dallas-craft-cocktail-bars,https://tabiji.ai/popular-picks/dallas-craft-cocktail-bars/,dallas craft cocktail bars,0,Craft Cocktail Bars in Dallas (2026),Dallas Craft Cocktail Bars,bars/drinks,topic,0
damaraland-sundowner-drives,https://tabiji.ai/popular-picks/damaraland-sundowner-drives/,damaraland sundowner drives,0,Sundowner Drives in Damaraland (2026),Damaraland Sundowner Drives,restaurants/food,topic,0
denmark-viking-medieval-sites,https://tabiji.ai/popular-picks/denmark-viking-medieval-sites/,denmark viking medieval sites,0,12 Best Viking &amp; Medieval Sites in Denmark 2026,Denmark,restaurants/food,topic,0
detroit-coney-island-dogs,https://tabiji.ai/popular-picks/detroit-coney-island-dogs/,detroit coney island dogs,0,Coney Island Dogs in Detroit (2026),Detroit Coney Island Dogs,restaurants/food,topic,0
detroit-craft-cocktails,https://tabiji.ai/popular-picks/detroit-craft-cocktails/,detroit craft cocktails,0,Best Craft Cocktails in Detroit (2026),Detroit Craft Cocktails,bars/drinks,topic,0
dongmyo-vintage-shopping,https://tabiji.ai/popular-picks/dongmyo-vintage-shopping/,dongmyo vintage shopping,0,Vintage Shopping in Dongmyo (2026),Seoul,shopping,topic,0
downtown-cairo-koshari,https://tabiji.ai/popular-picks/downtown-cairo-koshari/,downtown cairo koshari,0,Koshari in Downtown Cairo (2026),Cairo,restaurants/food,topic,0
dubrovnik-cheap-restaurants,https://tabiji.ai/popular-picks/dubrovnik-cheap-restaurants/,dubrovnik cheap restaurants,0,Cheap Restaurants in Dubrovnik (2026),Dubrovnik,budget eats,topic,0
dubrovnik-wine-bars,https://tabiji.ai/popular-picks/dubrovnik-wine-bars/,dubrovnik wine bars,0,Best Wine Bars in Dubrovnik (2026),Dubrovnik,wine bars,topic,0
east-coast-singapore-chili-crab,https://tabiji.ai/popular-picks/east-coast-singapore-chili-crab/,east coast singapore chili crab,0,Singapore Chili Crab in East Coast (2026),Singapore,restaurants/food,topic,0
el-born-tapas,https://tabiji.ai/popular-picks/el-born-tapas/,el born tapas,0,"10 Best Tapas in El Born, Barcelona (2026) &mdash; Reddit-Backed Guide",Barcelona,restaurants/food,topic,0
essaouira-port-seafood,https://tabiji.ai/popular-picks/essaouira-port-seafood/,essaouira port seafood,0,Port Seafood in Essaouira (2026),Essaouira,restaurants/food,topic,0
euljiro-pojangmacha,https://tabiji.ai/popular-picks/euljiro-pojangmacha/,euljiro pojangmacha,0,"12 Best Pojangmacha in Euljiro, Seoul (2026) — Reddit-Backed Street Food Guide",Euljiro Pojangmacha,restaurants/food,topic,0
fez-leather-tanneries,https://tabiji.ai/popular-picks/fez-leather-tanneries/,fez leather tanneries,0,5 Leather Tanneries in Fez 2026,Fez,restaurants/food,topic,0
fez-rooftop-cafes,https://tabiji.ai/popular-picks/fez-rooftop-cafes/,fez rooftop cafes,0,Rooftop Cafes in Fez (2026),Fez,rooftop bars,topic,0
fez-tagine,https://tabiji.ai/popular-picks/fez-tagine/,fez tagine,0,15 Best Tagine in Fez 2026,Fez,restaurants/food,topic,0
fez-tannery-viewpoints,https://tabiji.ai/popular-picks/fez-tannery-viewpoints/,fez tannery viewpoints,0,Tannery Viewpoints in Fez (2026),Fez,culture/experiences,topic,0
florence-leather-workshops,https://tabiji.ai/popular-picks/florence-leather-workshops/,florence leather workshops,0,Leather Workshops in Florence (2026),Florence,restaurants/food,topic,0
galle-dutch-fort-surf-breakfast,https://tabiji.ai/popular-picks/galle-dutch-fort-surf-breakfast/,galle dutch fort surf breakfast,0,Best Surf & Breakfast Spots in Galle Dutch Fort (2026),Galle Dutch Fort Surf Breakfast,outdoor/nature,topic,0
gamcheon-culture-village-rooftop-views,https://tabiji.ai/popular-picks/gamcheon-culture-village-rooftop-views/,gamcheon culture village rooftop views,0,Culture Village Rooftop Views in Gamcheon (2026),Gamcheon Culture Village Rooftop Views,rooftop bars,topic,0
gangnam-jjimjilbangs,https://tabiji.ai/popular-picks/gangnam-jjimjilbangs/,gangnam jjimjilbangs,0,10 Best Jjimjilbangs in Gangnam 2026,Seoul,restaurants/food,topic,0
gangwon-memil-makguksu,https://tabiji.ai/popular-picks/gangwon-memil-makguksu/,gangwon memil makguksu,0,"Slurp cold buckwheat noodles in a mountain restaurant in Gangwon province, the Korean highland region famous for fresh-milled memil flour. (2026)",Gangwon Memil Makguksu,restaurants/food,topic,0
gdansk-amber-workshops,https://tabiji.ai/popular-picks/gdansk-amber-workshops/,gdansk amber workshops,0,Amber Workshops in Gdansk (2026),Gdansk Amber Workshops,restaurants/food,topic,0
gdansk-milk-bars,https://tabiji.ai/popular-picks/gdansk-milk-bars/,gdansk milk bars,0,Milk Bars in Gdańsk (2026),Gdansk Milk Bars,restaurants/food,topic,0
georgetown-roti-canai,https://tabiji.ai/popular-picks/georgetown-roti-canai/,georgetown roti canai,0,Roti Canai in Georgetown (2026),Penang,restaurants/food,topic,0
ghent-bookshops,https://tabiji.ai/popular-picks/ghent-bookshops/,ghent bookshops,0,Bookshops in Ghent (2026),Ghent,culture/experiences,topic,0
ghent-flemish-restaurants,https://tabiji.ai/popular-picks/ghent-flemish-restaurants/,ghent flemish restaurants,0,Flemish Restaurants in Ghent (2026),Ghent,restaurants/food,topic,0
gold-coast-surf-cafes,https://tabiji.ai/popular-picks/gold-coast-surf-cafes/,gold coast surf cafes,0,Gold Coast Surf Cafes & Brunch (2026),Gold Coast Surf Cafes,outdoor/nature,topic,0
gothenburg-fika-cafes,https://tabiji.ai/popular-picks/gothenburg-fika-cafes/,gothenburg fika cafes,0,Fika Cafes in Gothenburg (2026),Gothenburg Fika Cafes,coffee/cafes,topic,0
gothenburg-shrimp-toast,https://tabiji.ai/popular-picks/gothenburg-shrimp-toast/,gothenburg shrimp toast,0,Shrimp Toast in Gothenburg (2026),Gothenburg Shrimp Toast,restaurants/food,topic,0
guadalajara-tequila-bars,https://tabiji.ai/popular-picks/guadalajara-tequila-bars/,guadalajara tequila bars,0,Guadalajara Tequila Bars & Cantinas (2026),Guadalajara Tequila Bars,restaurants/food,topic,0
guangzhou-night-markets,https://tabiji.ai/popular-picks/guangzhou-night-markets/,guangzhou night markets,0,Night Markets in Guangzhou (2026),Guangzhou Night Markets,shopping,topic,0
guangzhou-wonton-noodles,https://tabiji.ai/popular-picks/guangzhou-wonton-noodles/,guangzhou wonton noodles,0,Wonton Noodles in Guangzhou (2026),Guangzhou Wonton Noodles,noodles,topic,0
guayaquil-seafood,https://tabiji.ai/popular-picks/guayaquil-seafood/,guayaquil seafood,0,Pacific Seafood in Guayaquil (2026),Guayaquil Seafood,restaurants/food,topic,0
gukje-market-fish-cake,https://tabiji.ai/popular-picks/gukje-market-fish-cake/,gukje market fish cake,0,Fish Cake in Gukje Market (2026),Busan,shopping,topic,0
gwangjang-market-mandu,https://tabiji.ai/popular-picks/gwangjang-market-mandu/,gwangjang market mandu,0,Market Mandu in Gwangjang (2026),Seoul,shopping,topic,0
gyeongju-craft-beer,https://tabiji.ai/popular-picks/gyeongju-craft-beer/,gyeongju craft beer,0,Craft Beer in Gyeongju (2026),Gyeongju,bars/drinks,topic,0
gyeongju-hwangnam-bread,https://tabiji.ai/popular-picks/gyeongju-hwangnam-bread/,gyeongju hwangnam bread,0,Hwangnam Bread in Gyeongju (2026),Gyeongju,restaurants/food,topic,0
gyeongju-temple-food,https://tabiji.ai/popular-picks/gyeongju-temple-food/,gyeongju temple food,0,8 Best Temple Food in Gyeongju 2026,Gyeongju,culture/experiences,topic,0
ha-long-bay-sea-cave-kayaking,https://tabiji.ai/popular-picks/ha-long-bay-sea-cave-kayaking/,ha long bay sea cave kayaking,0,"Sea Cave Kayaking in Ha Long Bay, Vietnam (2026)",Ha Long Bay Sea Cave Kayaking,restaurants/food,topic,0
hackney-natural-wine-bars,https://tabiji.ai/popular-picks/hackney-natural-wine-bars/,hackney natural wine bars,0,14 Best Natural Wine Bars in Hackney 2026,Hackney Natural Wine Bars,wine bars,topic,0
haeundae-beach-cafes,https://tabiji.ai/popular-picks/haeundae-beach-cafes/,haeundae beach cafes,0,10 Best Beach Cafés in Haeundae 2026,Busan,beach clubs,topic,0
haifa-bahai-gardens-terrace-walk,https://tabiji.ai/popular-picks/haifa-bahai-gardens-terrace-walk/,haifa bahai gardens terrace walk,0,Bahai Gardens Terrace Walk in Haifa (2026),Haifa Bahai Gardens Terrace Walk,restaurants/food,topic,0
haifa-german-colony-brunch,https://tabiji.ai/popular-picks/haifa-german-colony-brunch/,haifa german colony brunch,0,German Colony Brunch in Haifa (2026),Haifa German Colony Brunch,restaurants/food,topic,0
hampi-boulder-sunrise-hike,https://tabiji.ai/popular-picks/hampi-boulder-sunrise-hike/,hampi boulder sunrise hike,0,Boulder Sunrise Hike in Hampi (2026),Hampi Boulder Sunrise Hike,outdoor/nature,topic,0
hanoi-old-quarter-bun-cha,https://tabiji.ai/popular-picks/hanoi-old-quarter-bun-cha/,hanoi old quarter bun cha,0,Old Quarter Bun Cha in Hanoi (2026),Hanoi,restaurants/food,topic,0
harbin-russian-bakeries,https://tabiji.ai/popular-picks/harbin-russian-bakeries/,harbin russian bakeries,0,Top 12 Russian Bakeries (2026),Harbin Russian Bakeries,bakeries/desserts,topic,0
havana-mojito-bars,https://tabiji.ai/popular-picks/havana-mojito-bars/,havana mojito bars,0,Mojito Bars &amp; Rum Culture in Havana (2026),Havana Mojito Bars,restaurants/food,topic,0
helsinki-brunch-spots,https://tabiji.ai/popular-picks/helsinki-brunch-spots/,helsinki brunch spots,0,Brunch Spots in Helsinki (2026),Helsinki Brunch Spots,restaurants/food,topic,0
helsinki-coffee-culture,https://tabiji.ai/popular-picks/helsinki-coffee-culture/,helsinki coffee culture,0,Coffee Culture in Helsinki (2026),Helsinki Coffee Culture,coffee/cafes,topic,0
ho-chi-minh-banh-mi,https://tabiji.ai/popular-picks/ho-chi-minh-banh-mi/,ho chi minh banh mi,0,9 Best Bánh Mì in Ho Chi Minh City 2026,Ho Chi Minh City,restaurants/food,topic,0
ho-chi-minh-coffee-shops,https://tabiji.ai/popular-picks/ho-chi-minh-coffee-shops/,ho chi minh coffee shops,0,12 Best Coffee Shops in Ho Chi Minh City (2026),Ho Chi Minh City,coffee/cafes,topic,0
ho-chi-minh-craft-beer-bars,https://tabiji.ai/popular-picks/ho-chi-minh-craft-beer-bars/,ho chi minh craft beer bars,0,12 Best Craft Beer Bars in Ho Chi Minh City (2026),Ho Chi Minh City,bars/drinks,topic,0
ho-chi-minh-vegetarian-street-food,https://tabiji.ai/popular-picks/ho-chi-minh-vegetarian-street-food/,ho chi minh vegetarian street food,0,12 Best Vegetarian Street Food in Ho Chi Minh City (2026),Ho Chi Minh City,street food,topic,0
hoi-an-white-rose-dumplings,https://tabiji.ai/popular-picks/hoi-an-white-rose-dumplings/,hoi an white rose dumplings,0,White Rose Dumplings in Hoi An (2026),Hoi An,restaurants/food,topic,0
hongdae-late-night-eats,https://tabiji.ai/popular-picks/hongdae-late-night-eats/,hongdae late night eats,0,Late Night Eats in Hongdae (2026),Seoul,restaurants/food,topic,0
hongdae-vinyl-cafes,https://tabiji.ai/popular-picks/hongdae-vinyl-cafes/,hongdae vinyl cafes,0,Vinyl Cafes in Hongdae (2026),Seoul,coffee/cafes,topic,0
honolulu-poke-bowls,https://tabiji.ai/popular-picks/honolulu-poke-bowls/,honolulu poke bowls,0,Poke Bowls in Honolulu (2026),Honolulu Poke Bowls,restaurants/food,topic,0
houston-taqueria-scene,https://tabiji.ai/popular-picks/houston-taqueria-scene/,houston taqueria scene,0,Best Taqueria Scene in Houston (2026),Houston Taqueria Scene,restaurants/food,topic,0
hua-hin-seafood-restaurants,https://tabiji.ai/popular-picks/hua-hin-seafood-restaurants/,hua hin seafood restaurants,0,Seafood Restaurants in Hua Hin (2026),Hua Hin Seafood Restaurants,restaurants/food,topic,0
hue-imperial-citadel-cycling,https://tabiji.ai/popular-picks/hue-imperial-citadel-cycling/,hue imperial citadel cycling,0,Cycling Around Hue Imperial Citadel (2026),Hue Imperial Citadel Cycling,restaurants/food,topic,0
indianapolis-steak,https://tabiji.ai/popular-picks/indianapolis-steak/,indianapolis steak,0,Best Steak in Indianapolis (2026),Indianapolis Steak,restaurants/food,topic,0
inle-lake-floating-garden-boat,https://tabiji.ai/popular-picks/inle-lake-floating-garden-boat/,inle lake floating garden boat,0,Floating Garden Boat in Inle Lake (2026),Inle Lake Floating Garden Boat,restaurants/food,topic,0
insadong-traditional-tea-houses,https://tabiji.ai/popular-picks/insadong-traditional-tea-houses/,insadong traditional tea houses,0,12 Best Traditional Tea Houses in Insadong (2026),Insadong Traditional Tea Houses,restaurants/food,topic,0
ipoh-limestone-cave-temples,https://tabiji.ai/popular-picks/ipoh-limestone-cave-temples/,ipoh limestone cave temples,0,Limestone Cave Temples in Ipoh (2026),Ipoh,culture/experiences,topic,0
ipoh-white-coffee-kopitiam,https://tabiji.ai/popular-picks/ipoh-white-coffee-kopitiam/,ipoh white coffee kopitiam,0,White Coffee Kopitiam in Ipoh (2026),Ipoh,coffee/cafes,topic,0
isfahan-faloodeh-ice-cream,https://tabiji.ai/popular-picks/isfahan-faloodeh-ice-cream/,isfahan faloodeh ice cream,0,Faloodeh Ice Cream in Isfahan (2026),Isfahan Faloodeh Ice Cream,restaurants/food,topic,0
isfahan-grand-bazaar-coppersmiths,https://tabiji.ai/popular-picks/isfahan-grand-bazaar-coppersmiths/,isfahan grand bazaar coppersmiths,0,Grand Bazaar Coppersmiths in Isfahan (2026),Isfahan Grand Bazaar Coppersmiths,restaurants/food,topic,0
isfahan-naghsh-e-jahan-photography,https://tabiji.ai/popular-picks/isfahan-naghsh-e-jahan-photography/,isfahan naghsh e jahan photography,0,Naghsh e Jahan Photography in Isfahan (2026),Isfahan Naghsh E Jahan Photography,noodles,topic,0
istanbul-kebabs,https://tabiji.ai/popular-picks/istanbul-kebabs/,istanbul kebabs,0,19 Best Kebab Spots in Istanbul 2026,Istanbul,restaurants/food,topic,0
istanbul-late-night-food,https://tabiji.ai/popular-picks/istanbul-late-night-food/,istanbul late night food,0,Best Late Night Food in Istanbul (2026),Istanbul,restaurants/food,topic,0
istanbul-meyhanes,https://tabiji.ai/popular-picks/istanbul-meyhanes/,istanbul meyhanes,0,11 Best Meyhanes in Istanbul (2026),Istanbul,restaurants/food,topic,0
itaewon-rooftop-bars,https://tabiji.ai/popular-picks/itaewon-rooftop-bars/,itaewon rooftop bars,0,11 Best Rooftop Bars in Itaewon 2026,Seoul,rooftop bars,topic,0
jaffa-shakshuka,https://tabiji.ai/popular-picks/jaffa-shakshuka/,jaffa shakshuka,0,Shakshuka in Jaffa (2026),Tel Aviv,restaurants/food,topic,0
jaipur-dal-baati-churma,https://tabiji.ai/popular-picks/jaipur-dal-baati-churma/,jaipur dal baati churma,0,Dal Baati Churma in Jaipur (2026),Jaipur Dal Baati Churma,restaurants/food,topic,0
jaipur-rooftop-cafes,https://tabiji.ai/popular-picks/jaipur-rooftop-cafes/,jaipur rooftop cafes,0,Rooftop Cafes in Jaipur (2026),Jaipur Rooftop Cafes,rooftop bars,topic,0
jaipur-sweet-shops,https://tabiji.ai/popular-picks/jaipur-sweet-shops/,jaipur sweet shops,0,12 Best Sweet Shops in Jaipur (2026),Jaipur Sweet Shops,restaurants/food,topic,0
jeffreys-bay-surf-breaks,https://tabiji.ai/popular-picks/jeffreys-bay-surf-breaks/,jeffreys bay surf breaks,0,8 Best Surf Breaks in Jeffreys Bay 2026,Jeffreys Bay,outdoor/nature,topic,0
jeju-cafe-culture,https://tabiji.ai/popular-picks/jeju-cafe-culture/,jeju cafe culture,0,12 Best Cafes in Jeju 2026,Jeju,coffee/cafes,topic,0
jeju-city-black-pork-bbq,https://tabiji.ai/popular-picks/jeju-city-black-pork-bbq/,jeju city black pork bbq,0,City Black Pork Bbq in Jeju (2026),Jeju,restaurants/food,topic,0
jeju-udo-island-day-trip,https://tabiji.ai/popular-picks/jeju-udo-island-day-trip/,jeju udo island day trip,0,Udo Island Day Trip in Jeju (2026),Jeju,restaurants/food,topic,0
jeonju-makgeolli-bars,https://tabiji.ai/popular-picks/jeonju-makgeolli-bars/,jeonju makgeolli bars,0,7 Best Makgeolli Bars in Jeonju 2026,Jeonju,restaurants/food,topic,0
jongno-kalguksu,https://tabiji.ai/popular-picks/jongno-kalguksu/,jongno kalguksu,0,9 Best Kalguksu in Jongno 2026,Seoul,restaurants/food,topic,0
jordaan-brown-cafes,https://tabiji.ai/popular-picks/jordaan-brown-cafes/,jordaan brown cafes,0,Brown Cafes in Jordaan (2026),Amsterdam,coffee/cafes,topic,0
kagurazaka-french-bistros,https://tabiji.ai/popular-picks/kagurazaka-french-bistros/,kagurazaka french bistros,0,12 Best French Bistros in Kagurazaka 2026,Kagurazaka French Bistros,restaurants/food,topic,0
kalahari-bushman-cultural-experiences,https://tabiji.ai/popular-picks/kalahari-bushman-cultural-experiences/,kalahari bushman cultural experiences,0,10 Best Bushman Cultural Experiences in Kalahari 2026,Kalahari,restaurants/food,topic,0
kamakura-food-scene,https://tabiji.ai/popular-picks/kamakura-food-scene/,kamakura food scene,0,Cafe &amp; Food in Kamakura (2026),Kamakura Food Scene,restaurants/food,topic,0
kampala-street-food,https://tabiji.ai/popular-picks/kampala-street-food/,kampala street food,0,11 Best Street Food in Kampala (2026),Kampala,street food,topic,0
kanazawa-kenroku-en-teahouse,https://tabiji.ai/popular-picks/kanazawa-kenroku-en-teahouse/,kanazawa kenroku en teahouse,0,Kenroku en Teahouse in Kanazawa (2026),Kanazawa,restaurants/food,topic,0
kanazawa-seafood-markets,https://tabiji.ai/popular-picks/kanazawa-seafood-markets/,kanazawa seafood markets,0,Seafood Markets in Kanazawa (2026),Kanazawa,shopping,topic,0
kanchanaburi-riverside-bars,https://tabiji.ai/popular-picks/kanchanaburi-riverside-bars/,kanchanaburi riverside bars,0,Riverside Bars in Kanchanaburi (2026),Kanchanaburi Riverside Bars,restaurants/food,topic,0
kandy-tea-estate-cycling,https://tabiji.ai/popular-picks/kandy-tea-estate-cycling/,kandy tea estate cycling,0,Tea Estate Cycling in Kandy (2026),Kandy Tea Estate Cycling,restaurants/food,topic,0
kandy-tooth-relic-temple-visit,https://tabiji.ai/popular-picks/kandy-tooth-relic-temple-visit/,kandy tooth relic temple visit,0,Tooth Relic Temple Visit in Kandy (2026),Kandy Tooth Relic Temple Visit,culture/experiences,topic,0
kansas-city-bbq-scene,https://tabiji.ai/popular-picks/kansas-city-bbq-scene/,kansas city bbq scene,0,Bbq Scene in Kansas City (2026),Kansas City Bbq Scene,restaurants/food,topic,0
kaohsiung-beef-soup,https://tabiji.ai/popular-picks/kaohsiung-beef-soup/,kaohsiung beef soup,0,kaohsiung-beef-soup (2026),Kaohsiung Beef Soup,restaurants/food,topic,0
kaohsiung-milkfish-congee,https://tabiji.ai/popular-picks/kaohsiung-milkfish-congee/,kaohsiung milkfish congee,0,Best Milkfish Congee in Kaohsiung (2026),Kaohsiung Milkfish Congee,restaurants/food,topic,0
kaohsiung-pier-2-art-district,https://tabiji.ai/popular-picks/kaohsiung-pier-2-art-district/,kaohsiung pier 2 art district,0,Pier 2 Art District in Kaohsiung (2026),Kaohsiung Pier 2 Art District,restaurants/food,topic,0
kashgar-polo-mutton,https://tabiji.ai/popular-picks/kashgar-polo-mutton/,kashgar polo mutton,0,Polo Mutton in Kashgar (2026),Kashgar Polo Mutton,restaurants/food,topic,0
kathmandu-buff-momo-dumplings,https://tabiji.ai/popular-picks/kathmandu-buff-momo-dumplings/,kathmandu buff momo dumplings,0,Best Buff Momo Dumplings in Kathmandu (2026),Kathmandu Buff Momo Dumplings,restaurants/food,topic,0
kathmandu-coffee-shops,https://tabiji.ai/popular-picks/kathmandu-coffee-shops/,kathmandu coffee shops,0,Coffee Shops in Kathmandu (2026),Kathmandu Coffee Shops,coffee/cafes,topic,0
kathmandu-rooftop-cafes,https://tabiji.ai/popular-picks/kathmandu-rooftop-cafes/,kathmandu rooftop cafes,0,Rooftop Cafes in Kathmandu (2026),Kathmandu Rooftop Cafes,rooftop bars,topic,0
khan-el-khalili-shisha,https://tabiji.ai/popular-picks/khan-el-khalili-shisha/,khan el khalili shisha,0,7 Best Shisha Cafés in Khan el-Khalili 2026,Cairo,restaurants/food,topic,0
khon-kaen-isaan-food,https://tabiji.ai/popular-picks/khon-kaen-isaan-food/,khon kaen isaan food,0,Isaan Food in Khon Kaen (2026),Khon Kaen,restaurants/food,topic,0
kilimanjaro-coffee-farm-tours,https://tabiji.ai/popular-picks/kilimanjaro-coffee-farm-tours/,kilimanjaro coffee farm tours,0,Coffee Farm Tours in Kilimanjaro (2026),Kilimanjaro,coffee/cafes,topic,0
kochi-backwater-houseboat,https://tabiji.ai/popular-picks/kochi-backwater-houseboat/,kochi backwater houseboat,0,Backwater Houseboat in Kochi (2026),Kochi Backwater Houseboat,restaurants/food,topic,0
kochi-coconut-curries,https://tabiji.ai/popular-picks/kochi-coconut-curries/,kochi coconut curries,0,Coconut Curries in Kochi (2026),Kochi Coconut Curries,restaurants/food,topic,0
kochi-coffee-shops,https://tabiji.ai/popular-picks/kochi-coffee-shops/,kochi coffee shops,0,12 Best Coffee Shops in Kochi (2026),Kochi Coffee Shops,coffee/cafes,topic,0
kochi-kathakali-performance,https://tabiji.ai/popular-picks/kochi-kathakali-performance/,kochi kathakali performance,0,Kathakali Dance Performances in Kochi (2026),Kochi Kathakali Performance,restaurants/food,topic,0
kochi-malabar-seafood-curry,https://tabiji.ai/popular-picks/kochi-malabar-seafood-curry/,kochi malabar seafood curry,0,Malabar Seafood Curry in Kochi (2026),Kochi Malabar Seafood Curry,restaurants/food,topic,0
kochi-seafood-restaurants,https://tabiji.ai/popular-picks/kochi-seafood-restaurants/,kochi seafood restaurants,0,Seafood Restaurants in Kochi (2026),Kochi Seafood Restaurants,restaurants/food,topic,0
koenji-vintage-fashion,https://tabiji.ai/popular-picks/koenji-vintage-fashion/,koenji vintage fashion,0,10 Best Vintage Fashion Shops in Koenji (2026),Koenji Vintage Fashion,shopping,topic,0
koh-lanta-marine-park-snorkeling,https://tabiji.ai/popular-picks/koh-lanta-marine-park-snorkeling/,koh lanta marine park snorkeling,0,Marine Park Snorkeling in Koh Lanta (2026),Koh Lanta Marine Park Snorkeling,restaurants/food,topic,0
koh-samui-sunset-bars,https://tabiji.ai/popular-picks/koh-samui-sunset-bars/,koh samui sunset bars,0,Sunset Bars in Koh Samui (2026),Koh Samui Sunset Bars,culture/experiences,topic,0
kota-kinabalu-seafood,https://tabiji.ai/popular-picks/kota-kinabalu-seafood/,kota kinabalu seafood,0,Seafood in Kota Kinabalu (2026),Kota Kinabalu Seafood,restaurants/food,topic,0
kotor-old-town-walk,https://tabiji.ai/popular-picks/kotor-old-town-walk/,kotor old town walk,0,Old Town Walk in Kotor (2026),Kotor Old Town Walk,restaurants/food,topic,0
kotor-seafood,https://tabiji.ai/popular-picks/kotor-seafood/,kotor seafood,0,Seafood in Kotor (2026),Kotor Seafood,restaurants/food,topic,0
krabi-railay-rock-climbing,https://tabiji.ai/popular-picks/krabi-railay-rock-climbing/,krabi railay rock climbing,0,Railay Rock Climbing in Krabi (2026),Krabi Railay Rock Climbing,restaurants/food,topic,0
kuala-lumpur-craft-coffee,https://tabiji.ai/popular-picks/kuala-lumpur-craft-coffee/,kuala lumpur craft coffee,0,Kuala Lumpur's Specialty Coffee Scene (2026),Kuala Lumpur,coffee/cafes,topic,0
kuala-lumpur-laksa,https://tabiji.ai/popular-picks/kuala-lumpur-laksa/,kuala lumpur laksa,0,12 Best Laksa in Kuala Lumpur 2026,Kuala Lumpur,restaurants/food,topic,0
kunming-crossing-the-bridge-noodles,https://tabiji.ai/popular-picks/kunming-crossing-the-bridge-noodles/,kunming crossing the bridge noodles,0,Crossing the Bridge Noodles in Kunming (2026),Kunming Crossing The Bridge Noodles,noodles,topic,0
kuwait-city-machboos-restaurant,https://tabiji.ai/popular-picks/kuwait-city-machboos-restaurant/,kuwait city machboos restaurant,0,Best Machboos Restaurants in Kuwait City (2026),Kuwait City Machboos Restaurant,restaurants/food,topic,0
kyoto-bamboo-grove-walks,https://tabiji.ai/popular-picks/kyoto-bamboo-grove-walks/,kyoto bamboo grove walks,0,Bamboo Grove Walks in Kyoto (2026),Kyoto,restaurants/food,topic,0
kyoto-hidden-temples,https://tabiji.ai/popular-picks/kyoto-hidden-temples/,kyoto hidden temples,0,11 Hidden Temples in Kyoto 2026,Kyoto,culture/experiences,topic,0
kyoto-kimono-rentals,https://tabiji.ai/popular-picks/kyoto-kimono-rentals/,kyoto kimono rentals,0,Kimono Rentals in Kyoto (2026),Kyoto,restaurants/food,topic,0
kyoto-matcha-desserts,https://tabiji.ai/popular-picks/kyoto-matcha-desserts/,kyoto matcha desserts,0,Matcha Desserts in Kyoto (2026),Kyoto,bakeries/desserts,topic,0
kyoto-sake-bars,https://tabiji.ai/popular-picks/kyoto-sake-bars/,kyoto sake bars,0,10 Best Sake Bars in Kyoto (2026),Kyoto,restaurants/food,topic,0
kyushu-onsen-cuisine,https://tabiji.ai/popular-picks/kyushu-onsen-cuisine/,kyushu onsen cuisine,0,Onsen &amp; Hell Cuisine in Beppu (2026),Kyushu Onsen Cuisine,restaurants/food,topic,0
la-paz-salteñas,https://tabiji.ai/popular-picks/la-paz-salteñas/,la paz salteñas,0,Salteñas in La Paz (2026),La Paz Salteñas,restaurants/food,topic,0
le-marais-cheap-restaurants,https://tabiji.ai/popular-picks/le-marais-cheap-restaurants/,le marais cheap restaurants,0,10 Best Cheap Restaurants in Le Marais (2026),Paris,budget eats,topic,0
lijiang-naxi-music-performance,https://tabiji.ai/popular-picks/lijiang-naxi-music-performance/,lijiang naxi music performance,0,Naxi Music Performance in Lijiang (2026),Lijiang Naxi Music Performance,restaurants/food,topic,0
lijiang-yak-butter-tea-house,https://tabiji.ai/popular-picks/lijiang-yak-butter-tea-house/,lijiang yak butter tea house,0,Yak Butter Tea House in Lijiang (2026),Lijiang Yak Butter Tea House,restaurants/food,topic,0
lima-craft-beer,https://tabiji.ai/popular-picks/lima-craft-beer/,lima craft beer,0,Craft Beer &amp; Bars in Lima (2026),Lima,bars/drinks,topic,0
lima-pisco-sour-bars,https://tabiji.ai/popular-picks/lima-pisco-sour-bars/,lima pisco sour bars,0,Pisco Sour Bars in Lima (2026),Lima,restaurants/food,topic,0
lisbon-natural-wine-bars,https://tabiji.ai/popular-picks/lisbon-natural-wine-bars/,lisbon natural wine bars,0,12 Best Natural Wine Bars in Lisbon (2026),Lisbon,wine bars,topic,0
lisbon-sardine-restaurants,https://tabiji.ai/popular-picks/lisbon-sardine-restaurants/,lisbon sardine restaurants,0,Sardine Restaurants in Lisbon (2026),Lisbon,restaurants/food,topic,0
lisbon-working-cafes,https://tabiji.ai/popular-picks/lisbon-working-cafes/,lisbon working cafes,0,16 Best Working Cafés in Lisbon 2026,Lisbon,coffee/cafes,topic,0
ljubljana-coffee-culture,https://tabiji.ai/popular-picks/ljubljana-coffee-culture/,ljubljana coffee culture,0,Best Coffee Shops in Ljubljana (2026),Ljubljana Coffee Culture,coffee/cafes,topic,0
ljubljana-metelkova-arts,https://tabiji.ai/popular-picks/ljubljana-metelkova-arts/,ljubljana metelkova arts,0,Metelkova Arts in Ljubljana (2026),Ljubljana Metelkova Arts,restaurants/food,topic,0
ljubljana-open-kitchen-market,https://tabiji.ai/popular-picks/ljubljana-open-kitchen-market/,ljubljana open kitchen market,0,Open Kitchen Market in Ljubljana (2026),Ljubljana Open Kitchen Market,shopping,topic,0
london-curry-houses,https://tabiji.ai/popular-picks/london-curry-houses/,london curry houses,0,Curry Houses in London (2026),London,restaurants/food,topic,0
luang-prabang-alms-giving-dawn,https://tabiji.ai/popular-picks/luang-prabang-alms-giving-dawn/,luang prabang alms giving dawn,0,Alms Giving Dawn in Luang Prabang (2026),Luang Prabang,restaurants/food,topic,0
luang-prabang-khao-piak-sen,https://tabiji.ai/popular-picks/luang-prabang-khao-piak-sen/,luang prabang khao piak sen,0,Khao Piak Sen in Luang Prabang (2026),Luang Prabang,restaurants/food,topic,0
luang-prabang-sunset-bars,https://tabiji.ai/popular-picks/luang-prabang-sunset-bars/,luang prabang sunset bars,0,Luang Prabang Sunset Bars & Mekong Views (2026),Luang Prabang,culture/experiences,topic,0
luxor-nile-dinner-cruises,https://tabiji.ai/popular-picks/luxor-nile-dinner-cruises/,luxor nile dinner cruises,0,Nile Dinner Cruises in Luxor (2026),Luxor,restaurants/food,topic,0
maasai-mara-safari-lodges,https://tabiji.ai/popular-picks/maasai-mara-safari-lodges/,maasai mara safari lodges,0,Safari Lodges in Maasai Mara (2026),Maasai Mara Safari Lodges,restaurants/food,topic,0
madrid-vermouth-bars,https://tabiji.ai/popular-picks/madrid-vermouth-bars/,madrid vermouth bars,0,Vermouth Bars in Madrid (2026),Madrid,restaurants/food,topic,0
malacca-cendol,https://tabiji.ai/popular-picks/malacca-cendol/,malacca cendol,0,10 Best Cendol in Malacca 2026,Malacca,restaurants/food,topic,0
managua-gallo-pinto,https://tabiji.ai/popular-picks/managua-gallo-pinto/,managua gallo pinto,0,Nicaraguan Food in Managua (2026),Managua Gallo Pinto,restaurants/food,topic,0
mandalay-shan-noodles,https://tabiji.ai/popular-picks/mandalay-shan-noodles/,mandalay shan noodles,0,Shan Noodles in Mandalay (2026),Mandalay,noodles,topic,0
mangwon-market-cafes,https://tabiji.ai/popular-picks/mangwon-market-cafes/,mangwon market cafes,0,7 Best Cafes &amp; Coffee Shops Near Mangwon Market (2026),Mangwon Market Cafes,coffee/cafes,topic,0
manila-cheap-eats,https://tabiji.ai/popular-picks/manila-cheap-eats/,manila cheap eats,0,20 Best Cheap Eats in Manila 2026,Manila,budget eats,topic,0
mapo-gu-korean-bbq,https://tabiji.ai/popular-picks/mapo-gu-korean-bbq/,mapo gu korean bbq,0,10 Best Korean BBQ in Mapo-gu 2026,Seoul,restaurants/food,topic,0
marrakech-cocktail-bars,https://tabiji.ai/popular-picks/marrakech-cocktail-bars/,marrakech cocktail bars,0,Rooftop Bars &amp; Cocktails in Marrakech (2026),Marrakech,bars/drinks,topic,0
marrakech-photography-spots,https://tabiji.ai/popular-picks/marrakech-photography-spots/,marrakech photography spots,0,Best Photography Spots in Marrakech (2026),Marrakech,noodles,topic,0
marseille-coffee-shops,https://tabiji.ai/popular-picks/marseille-coffee-shops/,marseille coffee shops,0,Coffee Shops in Marseille (2026),Marseille Coffee Shops,coffee/cafes,topic,0
marseille-seafood-markets,https://tabiji.ai/popular-picks/marseille-seafood-markets/,marseille seafood markets,0,12 Best Seafood Markets in Marseille (2026),Marseille Seafood Markets,shopping,topic,0
matsumoto-sake-bar-hopping,https://tabiji.ai/popular-picks/matsumoto-sake-bar-hopping/,matsumoto sake bar hopping,0,Sake Bar Hopping in Matsumoto (2026),Matsumoto Sake Bar Hopping,restaurants/food,topic,0
maun-budget-stays,https://tabiji.ai/popular-picks/maun-budget-stays/,maun budget stays,0,13 Best Budget Stays &amp; Hostels in Maun 2026,Maun,budget eats,topic,0
mechelen-day-trip,https://tabiji.ai/popular-picks/mechelen-day-trip/,mechelen day trip,0,8 Best Things to Do in Mechelen 2026,Mechelen,restaurants/food,topic,0
medellin-comuna-13-street-art,https://tabiji.ai/popular-picks/medellin-comuna-13-street-art/,medellin comuna 13 street art,0,Comuna 13 Street Art in Medellin (2026),Medellín,restaurants/food,topic,0
medellin-coworking-cafes,https://tabiji.ai/popular-picks/medellin-coworking-cafes/,medellin coworking cafes,0,Best Coworking Cafes in Medellin (2026),Medellín,coffee/cafes,topic,0
medellin-craft-beer,https://tabiji.ai/popular-picks/medellin-craft-beer/,medellin craft beer,0,Craft Beer in Medellín (2026),Medellín,bars/drinks,topic,0
melbourne-craft-beer,https://tabiji.ai/popular-picks/melbourne-craft-beer/,melbourne craft beer,0,Craft Beer in Melbourne (2026),Melbourne Craft Beer,bars/drinks,topic,0
melbourne-laneway-bars,https://tabiji.ai/popular-picks/melbourne-laneway-bars/,melbourne laneway bars,0,Laneway Bars in Melbourne (2026),Melbourne Laneway Bars,restaurants/food,topic,0
melbourne-specialty-coffee,https://tabiji.ai/popular-picks/melbourne-specialty-coffee/,melbourne specialty coffee,0,Specialty Coffee in Melbourne (2026),Melbourne Specialty Coffee,coffee/cafes,topic,0
melbourne-vegan-restaurants,https://tabiji.ai/popular-picks/melbourne-vegan-restaurants/,melbourne vegan restaurants,0,Vegan Restaurants in Melbourne (2026),Melbourne Vegan Restaurants,restaurants/food,topic,0
mexico-city-mezcalerias,https://tabiji.ai/popular-picks/mexico-city-mezcalerias/,mexico city mezcalerias,0,Mezcalerias in Mexico City (2026),Mexico City,bars/drinks,topic,0
milan-panettone-shops,https://tabiji.ai/popular-picks/milan-panettone-shops/,milan panettone shops,0,Panettone Shops in Milan (2026),Milan,restaurants/food,topic,0
miraflores-lomo-saltado,https://tabiji.ai/popular-picks/miraflores-lomo-saltado/,miraflores lomo saltado,0,Lomo Saltado in Miraflores (2026),Lima,restaurants/food,topic,0
montego-bay-patties,https://tabiji.ai/popular-picks/montego-bay-patties/,montego bay patties,0,7 Best Patties in Montego Bay 2026,Montego Bay,restaurants/food,topic,0
montevideo-asado,https://tabiji.ai/popular-picks/montevideo-asado/,montevideo asado,0,Uruguayan Asado in Montevideo (2026),Montevideo Asado,restaurants/food,topic,0
montevideo-chivito,https://tabiji.ai/popular-picks/montevideo-chivito/,montevideo chivito,0,Chivito Sandwich in Montevideo (2026),Montevideo Chivito,restaurants/food,topic,0
montreal-natural-wine-bars,https://tabiji.ai/popular-picks/montreal-natural-wine-bars/,montreal natural wine bars,0,Natural Wine Bars in Montreal (2026),Montreal Natural Wine Bars,wine bars,topic,0
morioka-wanko-soba-challenge,https://tabiji.ai/popular-picks/morioka-wanko-soba-challenge/,morioka wanko soba challenge,0,Wanko Soba Challenge in Morioka (2026),Morioka Wanko Soba Challenge,restaurants/food,topic,0
mostar-baklava,https://tabiji.ai/popular-picks/mostar-baklava/,mostar baklava,0,Baklava in Mostar (2026),Mostar Baklava,restaurants/food,topic,0
mostar-craft-coffee,https://tabiji.ai/popular-picks/mostar-craft-coffee/,mostar craft coffee,0,Best Craft Coffee in Mostar (2026),Mostar Craft Coffee,coffee/cafes,topic,0
mui-ne-red-sand-dune-sunrise,https://tabiji.ai/popular-picks/mui-ne-red-sand-dune-sunrise/,mui ne red sand dune sunrise,0,Ne Red Sand Dune Sunrise in Mui (2026),Mui Ne Red Sand Dune Sunrise,restaurants/food,topic,0
mumbai-craft-cocktails,https://tabiji.ai/popular-picks/mumbai-craft-cocktails/,mumbai craft cocktails,0,Craft Cocktail Bars in Mumbai (2026),Mumbai Craft Cocktails,bars/drinks,topic,0
muscat-mutrah-souq-frankincense,https://tabiji.ai/popular-picks/muscat-mutrah-souq-frankincense/,muscat mutrah souq frankincense,0,Best Frankincense Shops in Mutrah Souq (2026),Muscat Mutrah Souq Frankincense,restaurants/food,topic,0
muscat-seafood,https://tabiji.ai/popular-picks/muscat-seafood/,muscat seafood,0,Fresh Seafood in Muscat (2026),Muscat Seafood,restaurants/food,topic,0
muscat-wadi-shab-canyon-hike,https://tabiji.ai/popular-picks/muscat-wadi-shab-canyon-hike/,muscat wadi shab canyon hike,0,Wadi Shab Canyon Hike in Muscat (2026),Muscat Wadi Shab Canyon Hike,outdoor/nature,topic,0
myeongdong-cat-cafes,https://tabiji.ai/popular-picks/myeongdong-cat-cafes/,myeongdong cat cafes,0,6 Best Cat Cafés in Myeongdong 2026,Seoul,coffee/cafes,topic,0
mysore-masala-dosa-udupi,https://tabiji.ai/popular-picks/mysore-masala-dosa-udupi/,mysore masala dosa udupi,0,Masala Dosa Udupi in Mysore (2026),Mysore Masala Dosa Udupi,restaurants/food,topic,0
mysore-palace-sunday-illumination,https://tabiji.ai/popular-picks/mysore-palace-sunday-illumination/,mysore palace sunday illumination,0,Palace Sunday Illumination in Mysore (2026),Mysore Palace Sunday Illumination,restaurants/food,topic,0
naha-champuru,https://tabiji.ai/popular-picks/naha-champuru/,naha champuru,0,12 Best Okinawan Champuru & Naha Food (2026),Naha Champuru,restaurants/food,topic,0
nairobi-craft-beer,https://tabiji.ai/popular-picks/nairobi-craft-beer/,nairobi craft beer,0,Craft Beer in Nairobi (2026),Nairobi,bars/drinks,topic,0
nairobi-craft-coffee,https://tabiji.ai/popular-picks/nairobi-craft-coffee/,nairobi craft coffee,0,Specialty Coffee in Nairobi (2026),Nairobi,coffee/cafes,topic,0
nairobi-nyama-choma,https://tabiji.ai/popular-picks/nairobi-nyama-choma/,nairobi nyama choma,0,11 Best Nyama Choma in Nairobi 2026,Nairobi,restaurants/food,topic,0
nairobi-rooftop-bars,https://tabiji.ai/popular-picks/nairobi-rooftop-bars/,nairobi rooftop bars,0,12 Best Rooftop Bars in Nairobi 2026,Nairobi,rooftop bars,topic,0
nakameguro-canal-cafes,https://tabiji.ai/popular-picks/nakameguro-canal-cafes/,nakameguro canal cafes,0,12 Best Canal Cafes in Nakameguro 2026,Nakameguro Canal Cafes,coffee/cafes,topic,0
namdaemun-street-toast,https://tabiji.ai/popular-picks/namdaemun-street-toast/,namdaemun street toast,0,Street Toast in Namdaemun (2026),Seoul,restaurants/food,topic,0
namibrand-stargazing,https://tabiji.ai/popular-picks/namibrand-stargazing/,namibrand stargazing,0,9 Best Stargazing Spots in NamibRand 2026,NamibRand,restaurants/food,topic,0
nanjing-restaurants,https://tabiji.ai/popular-picks/nanjing-restaurants/,nanjing restaurants,0,Nanjing Cuisine & Salted Duck (2026),Nanjing Restaurants,restaurants/food,topic,0
nazareth-old-city-food-tour,https://tabiji.ai/popular-picks/nazareth-old-city-food-tour/,nazareth old city food tour,0,Best Food Tour Spots in Nazareth Old City (2026),Nazareth Old City Food Tour,restaurants/food,topic,0
new-york-crepes,https://tabiji.ai/popular-picks/new-york-crepes/,new york crepes,0,Best Crepes in New York (2026),New York,restaurants/food,topic,0
new-york-late-night-eats,https://tabiji.ai/popular-picks/new-york-late-night-eats/,new york late night eats,0,Best Late Night Eats in New York (2026),New York,restaurants/food,topic,0
new-york-vintage-shopping,https://tabiji.ai/popular-picks/new-york-vintage-shopping/,new york vintage shopping,0,Best Vintage Shopping in New York (2026),New York,shopping,topic,0
oaxaca-mezcal-bars,https://tabiji.ai/popular-picks/oaxaca-mezcal-bars/,oaxaca mezcal bars,0,15 Best Mezcal Bars in Oaxaca 2026,Oaxaca,bars/drinks,topic,0
ocho-rios-jerk-pork,https://tabiji.ai/popular-picks/ocho-rios-jerk-pork/,ocho rios jerk pork,0,Jerk Pork Stops Near Ocho Rios (2026),Ocho Rios Jerk Pork,restaurants/food,topic,0
okavango-bushcraft-camps,https://tabiji.ai/popular-picks/okavango-bushcraft-camps/,okavango bushcraft camps,0,Best Bushcraft Camps in the Okavango Delta (2026),Okavango Delta,restaurants/food,topic,0
okavango-delta-mokoro-rides,https://tabiji.ai/popular-picks/okavango-delta-mokoro-rides/,okavango delta mokoro rides,0,Mokoro Rides in Okavango Delta (2026),Okavango Delta,restaurants/food,topic,0
okinawa-beach-bars,https://tabiji.ai/popular-picks/okinawa-beach-bars/,okinawa beach bars,0,9 Best Beach Bars in Okinawa 2026,Okinawa,beach clubs,topic,0
old-delhi-chai-stalls,https://tabiji.ai/popular-picks/old-delhi-chai-stalls/,old delhi chai stalls,0,9 Best Chai Stalls in Old Delhi 2026,Delhi,restaurants/food,topic,0
old-town-phuket-massaman-curry,https://tabiji.ai/popular-picks/old-town-phuket-massaman-curry/,old town phuket massaman curry,0,Massaman Curry in Old Town Phuket (2026),Phuket,restaurants/food,topic,0
oman-coffee-culture,https://tabiji.ai/popular-picks/oman-coffee-culture/,oman coffee culture,0,Traditional Coffee Culture in Oman (2026),Oman Coffee Culture,coffee/cafes,topic,0
oslo-brunch-spots,https://tabiji.ai/popular-picks/oslo-brunch-spots/,oslo brunch spots,0,Brunch Spots in Oslo (2026),Oslo Brunch Spots,restaurants/food,topic,0
oslo-coffee-culture,https://tabiji.ai/popular-picks/oslo-coffee-culture/,oslo coffee culture,0,Coffee Culture in Oslo (2026),Oslo Coffee Culture,coffee/cafes,topic,0
panama-city-ceviche,https://tabiji.ai/popular-picks/panama-city-ceviche/,panama city ceviche,0,Panama City's Ceviche & Seafood (2026),Panama City Ceviche,restaurants/food,topic,0
paris-cheese-shops,https://tabiji.ai/popular-picks/paris-cheese-shops/,paris cheese shops,0,12 Best Cheese Shops in Paris (2026),Paris,restaurants/food,topic,0
paro-tigers-nest-monastery-hike,https://tabiji.ai/popular-picks/paro-tigers-nest-monastery-hike/,paro tigers nest monastery hike,0,Tigers Nest Monastery Hike in Paro (2026),Paro Tigers Nest Monastery Hike,outdoor/nature,topic,0
penang-clan-jetty-seafood,https://tabiji.ai/popular-picks/penang-clan-jetty-seafood/,penang clan jetty seafood,0,Best Seafood at Clan Jetties in Penang (2026),Penang,restaurants/food,topic,0
penang-night-noodles,https://tabiji.ai/popular-picks/penang-night-noodles/,penang night noodles,0,Night Noodles in Penang (2026),Penang,noodles,topic,0
perth-craft-beer,https://tabiji.ai/popular-picks/perth-craft-beer/,perth craft beer,0,Perth Craft Beer Breweries (2026),Perth Craft Beer,bars/drinks,topic,0
petra-jordanian-food,https://tabiji.ai/popular-picks/petra-jordanian-food/,petra jordanian food,0,Jordanian Cuisine Around Petra (2026),Petra Jordanian Food,restaurants/food,topic,0
philadelphia-ramen,https://tabiji.ai/popular-picks/philadelphia-ramen/,philadelphia ramen,0,Best Ramen in Philadelphia (2026),Philadelphia Ramen,noodles,topic,0
phnom-penh-street-food,https://tabiji.ai/popular-picks/phnom-penh-street-food/,phnom penh street food,0,Phnom Penh's Street Food Scene (2026),Phnom Penh,street food,topic,0
phoenix-steak,https://tabiji.ai/popular-picks/phoenix-steak/,phoenix steak,0,Best Steak in Phoenix (2026),Phoenix Steak,noodles,topic,0
pingyao-braised-beef,https://tabiji.ai/popular-picks/pingyao-braised-beef/,pingyao braised beef,0,Braised Beef in Pingyao (2026),Pingyao Braised Beef,restaurants/food,topic,0
pittsburgh-soba,https://tabiji.ai/popular-picks/pittsburgh-soba/,pittsburgh soba,0,Best Soba in Pittsburgh (2026),Pittsburgh Soba,restaurants/food,topic,0
pj-nasi-lemak,https://tabiji.ai/popular-picks/pj-nasi-lemak/,pj nasi lemak,0,12 Best Nasi Lemak in PJ (Petaling Jaya) 2026,Petaling Jaya,restaurants/food,topic,0
plovdiv-craft-beer,https://tabiji.ai/popular-picks/plovdiv-craft-beer/,plovdiv craft beer,0,Best Craft Beer Bars in Plovdiv (2026),Plovdiv Craft Beer,bars/drinks,topic,0
plovdiv-kapana-art-district,https://tabiji.ai/popular-picks/plovdiv-kapana-art-district/,plovdiv kapana art district,0,Best Spots in Kapana Art District (2026),Plovdiv Kapana Art District,restaurants/food,topic,0
poblacion-makati-sinigang,https://tabiji.ai/popular-picks/poblacion-makati-sinigang/,poblacion makati sinigang,0,Sinigang in Poblacion Makati (2026),Manila,restaurants/food,topic,0
pokhara-lakeside-annapurna-cafes,https://tabiji.ai/popular-picks/pokhara-lakeside-annapurna-cafes/,pokhara lakeside annapurna cafes,0,Lakeside Annapurna Cafes in Pokhara (2026),Pokhara Lakeside Annapurna Cafes,coffee/cafes,topic,0
port-of-spain-doubles,https://tabiji.ai/popular-picks/port-of-spain-doubles/,port of spain doubles,0,Doubles Street Food in Trinidad (2026),Port Of Spain Doubles,restaurants/food,topic,0
poznan-craft-beer,https://tabiji.ai/popular-picks/poznan-craft-beer/,poznan craft beer,0,Craft Beer in Poznan (2026),Poznan Craft Beer,bars/drinks,topic,0
poznan-rogal-marcinski,https://tabiji.ai/popular-picks/poznan-rogal-marcinski/,poznan rogal marcinski,0,Rogal Marcinski in Poznan (2026),Poznan Rogal Marcinski,restaurants/food,topic,0
prague-craft-beer,https://tabiji.ai/popular-picks/prague-craft-beer/,prague craft beer,0,Craft Beer in Prague (2026),Prague,bars/drinks,topic,0
qingdao-beer-culture,https://tabiji.ai/popular-picks/qingdao-beer-culture/,qingdao beer culture,0,Beer Culture Experiences in Qingdao (2026),Qingdao Beer Culture,bars/drinks,topic,0
quito-canelazo-bars,https://tabiji.ai/popular-picks/quito-canelazo-bars/,quito canelazo bars,0,Best Canelazo Bars in Quito (2026),Quito Canelazo Bars,restaurants/food,topic,0
reykjavik-craft-cocktails,https://tabiji.ai/popular-picks/reykjavik-craft-cocktails/,reykjavik craft cocktails,0,Craft Cocktails in Reykjavik (2026),Reykjavik Craft Cocktails,bars/drinks,topic,0
rio-de-janeiro-boteco-bars,https://tabiji.ai/popular-picks/rio-de-janeiro-boteco-bars/,rio de janeiro boteco bars,0,Boteco Bars in Rio de Janeiro (2026),Rio De Janeiro Boteco Bars,restaurants/food,topic,0
rishikesh-ganga-aarti-ceremony,https://tabiji.ai/popular-picks/rishikesh-ganga-aarti-ceremony/,rishikesh ganga aarti ceremony,0,Ganga Aarti Ceremony in Rishikesh (2026),Rishikesh Ganga Aarti Ceremony,outdoor/nature,topic,0
rishikesh-yoga-ashram-retreat,https://tabiji.ai/popular-picks/rishikesh-yoga-ashram-retreat/,rishikesh yoga ashram retreat,0,Yoga & Ashram Retreats in Rishikesh (2026),Rishikesh Yoga Ashram Retreat,outdoor/nature,topic,0
roma-condesa-coffee,https://tabiji.ai/popular-picks/roma-condesa-coffee/,roma condesa coffee,0,16 Best Coffee Shops in Roma &amp; Condesa 2026,Mexico City,coffee/cafes,topic,0
rome-romantic-restaurants,https://tabiji.ai/popular-picks/rome-romantic-restaurants/,rome romantic restaurants,0,Best Romantic Restaurants in Rome (2026),Rome,restaurants/food,topic,0
rovinj-seafood,https://tabiji.ai/popular-picks/rovinj-seafood/,rovinj seafood,0,Seafood in Rovinj (2026),Rovinj,restaurants/food,topic,0
saint-lucia-seafood,https://tabiji.ai/popular-picks/saint-lucia-seafood/,saint lucia seafood,0,Saint Lucia's Fresh Seafood & Creole Food (2026),Saint Lucia Seafood,restaurants/food,topic,0
salzburg-coffee-culture,https://tabiji.ai/popular-picks/salzburg-coffee-culture/,salzburg coffee culture,0,Coffee Culture in Salzburg (2026),Salzburg Coffee Culture,coffee/cafes,topic,0
samarkand-plov-center,https://tabiji.ai/popular-picks/samarkand-plov-center/,samarkand plov center,0,Best Plov Centers in Samarkand (2026),Samarkand Plov Center,restaurants/food,topic,0
samarkand-registan-photography,https://tabiji.ai/popular-picks/samarkand-registan-photography/,samarkand registan photography,0,Registan Photography in Samarkand (2026),Samarkand Registan Photography,noodles,topic,0
samcheong-dong-bookshop-cafes,https://tabiji.ai/popular-picks/samcheong-dong-bookshop-cafes/,samcheong dong bookshop cafes,0,5 Best Bookshop Cafés in Samcheong-dong 2026,Seoul,culture/experiences,topic,0
san-francisco-mission-burritos,https://tabiji.ai/popular-picks/san-francisco-mission-burritos/,san francisco mission burritos,0,Mission Burritos in San Francisco (2026),San Francisco Mission Burritos,restaurants/food,topic,0
san-gil-adventure-sports,https://tabiji.ai/popular-picks/san-gil-adventure-sports/,san gil adventure sports,0,Adventure Sports in San Gil (2026),San Gil,restaurants/food,topic,0
san-juan-rum-bars,https://tabiji.ai/popular-picks/san-juan-rum-bars/,san juan rum bars,0,San Juan's Rum Bars & Cocktails (2026),San Juan Rum Bars,restaurants/food,topic,0
santa-marta-fruit-stalls,https://tabiji.ai/popular-picks/santa-marta-fruit-stalls/,santa marta fruit stalls,0,Best Fruit Stalls in Santa Marta (2026),Santa Marta Fruit Stalls,restaurants/food,topic,0
santiago-craft-beer,https://tabiji.ai/popular-picks/santiago-craft-beer/,santiago craft beer,0,Craft Beer in Santiago (2026),Santiago Craft Beer,bars/drinks,topic,0
santiago-wine-bars,https://tabiji.ai/popular-picks/santiago-wine-bars/,santiago wine bars,0,Wine Bars in Santiago (2026),Santiago Wine Bars,wine bars,topic,0
santorini-sunset-viewpoints,https://tabiji.ai/popular-picks/santorini-sunset-viewpoints/,santorini sunset viewpoints,0,Sunset Viewpoints in Santorini (2026),Santorini,culture/experiences,topic,0
sao-paulo-japanese-food,https://tabiji.ai/popular-picks/sao-paulo-japanese-food/,sao paulo japanese food,0,São Paulo's Japanese Food Scene (2026),Sao Paulo Japanese Food,restaurants/food,topic,0
sao-paulo-rodizio-bbq,https://tabiji.ai/popular-picks/sao-paulo-rodizio-bbq/,sao paulo rodizio bbq,0,12 Best Rodízio BBQ in São Paulo (2026),Sao Paulo Rodizio Bbq,restaurants/food,topic,0
savannah-bar-hop,https://tabiji.ai/popular-picks/savannah-bar-hop/,savannah bar hop,0,Bar Hop in Savannah (2026),Savannah Bar Hop,restaurants/food,topic,0
savannah-lowcountry-cuisine,https://tabiji.ai/popular-picks/savannah-lowcountry-cuisine/,savannah lowcountry cuisine,0,Lowcountry Cuisine in Savannah (2026),Savannah Lowcountry Cuisine,restaurants/food,topic,0
seattle-craft-coffee,https://tabiji.ai/popular-picks/seattle-craft-coffee/,seattle craft coffee,0,Specialty Coffee Culture in Seattle (2026),Seattle Craft Coffee,coffee/cafes,topic,0
seminyak-nasi-goreng,https://tabiji.ai/popular-picks/seminyak-nasi-goreng/,seminyak nasi goreng,0,11 Best Nasi Goreng in Seminyak 2026,Bali,restaurants/food,topic,0
seogwipo-sashimi,https://tabiji.ai/popular-picks/seogwipo-sashimi/,seogwipo sashimi,0,Sashimi in Seogwipo (2026),Jeju,restaurants/food,topic,0
seoul-brunch-cafes,https://tabiji.ai/popular-picks/seoul-brunch-cafes/,seoul brunch cafes,0,Best Brunch Cafes in Seoul (2026),Seoul,coffee/cafes,topic,0
seoul-budae-jjigae,https://tabiji.ai/popular-picks/seoul-budae-jjigae/,seoul budae jjigae,0,Budae Jjigae in Seoul (2026),Seoul,restaurants/food,topic,0
seoul-buddhist-temple-stays,https://tabiji.ai/popular-picks/seoul-buddhist-temple-stays/,seoul buddhist temple stays,0,Buddhist Temple Stays in Seoul (2026),Seoul,culture/experiences,topic,0
seoul-craft-cocktail-bars,https://tabiji.ai/popular-picks/seoul-craft-cocktail-bars/,seoul craft cocktail bars,0,Craft Cocktail Bars in Seoul (2026),Seoul,bars/drinks,topic,0
seoul-craft-coffee,https://tabiji.ai/popular-picks/seoul-craft-coffee/,seoul craft coffee,0,Craft Coffee in Seoul (2026),Seoul,coffee/cafes,topic,0
seoul-late-night-eats,https://tabiji.ai/popular-picks/seoul-late-night-eats/,seoul late night eats,0,Best Late Night Eats in Seoul (2026),Seoul,restaurants/food,topic,0
seoul-vintage-shopping,https://tabiji.ai/popular-picks/seoul-vintage-shopping/,seoul vintage shopping,0,Best Vintage Shopping in Seoul (2026),Seoul,shopping,topic,0
shanghai-rooftop-bars,https://tabiji.ai/popular-picks/shanghai-rooftop-bars/,shanghai rooftop bars,0,Rooftop Bars in Shanghai (2026),Shanghai Rooftop Bars,rooftop bars,topic,0
shilin-night-markets,https://tabiji.ai/popular-picks/shilin-night-markets/,shilin night markets,0,Night Markets in Shilin (2026),Taipei,shopping,topic,0
shinjuku-cheap-restaurants,https://tabiji.ai/popular-picks/shinjuku-cheap-restaurants/,shinjuku cheap restaurants,0,Cheap Restaurants in Shinjuku (2026),Tokyo,budget eats,topic,0
shinjuku-ramen-alley,https://tabiji.ai/popular-picks/shinjuku-ramen-alley/,shinjuku ramen alley,0,13 Best Ramen in Shinjuku (2026),Tokyo,noodles,topic,0
shirakawago-gassho-farmhouse,https://tabiji.ai/popular-picks/shirakawago-gassho-farmhouse/,shirakawago gassho farmhouse,0,Sleep inside a centuries-old thatched gassho-zukuri farmhouse in the UNESCO World Heritage village of Shirakawago. (2026),Shirakawago Gassho Farmhouse,restaurants/food,topic,0
siem-reap-fish-amok,https://tabiji.ai/popular-picks/siem-reap-fish-amok/,siem reap fish amok,0,12 Best Fish Amok in Siem Reap 2026,Siem Reap,restaurants/food,topic,0
sinchon-chimaek,https://tabiji.ai/popular-picks/sinchon-chimaek/,sinchon chimaek,0,Chimaek in Sinchon (2026),Seoul,restaurants/food,topic,0
singapore-craft-cocktails,https://tabiji.ai/popular-picks/singapore-craft-cocktails/,singapore craft cocktails,0,Craft Cocktail Bars in Singapore (2026),Singapore,bars/drinks,topic,0
skagen-beaches,https://tabiji.ai/popular-picks/skagen-beaches/,skagen beaches,0,Beaches in Skagen (2026),Skagen,beach clubs,topic,0
sofia-bookshops,https://tabiji.ai/popular-picks/sofia-bookshops/,sofia bookshops,0,Bookshops in Sofia (2026),Sofia Bookshops,culture/experiences,topic,0
sofia-craft-beer,https://tabiji.ai/popular-picks/sofia-craft-beer/,sofia craft beer,0,Craft Beer in Sofia (2026),Sofia Craft Beer,bars/drinks,topic,0
sokcho-squid-street-food,https://tabiji.ai/popular-picks/sokcho-squid-street-food/,sokcho squid street food,0,Squid Street Food in Sokcho (2026),Sokcho Squid Street Food,street food,topic,0
sossusvlei-desert-lodges,https://tabiji.ai/popular-picks/sossusvlei-desert-lodges/,sossusvlei desert lodges,0,Desert Lodges in Sossusvlei (2026),Sossusvlei Desert Lodges,restaurants/food,topic,0
soweto-township-food-tours,https://tabiji.ai/popular-picks/soweto-township-food-tours/,soweto township food tours,0,Township Food Tours in Soweto (2026),Soweto,restaurants/food,topic,0
split-old-town-food,https://tabiji.ai/popular-picks/split-old-town-food/,split old town food,0,Best Food in Split Old Town (2026),Split,restaurants/food,topic,0
stellenbosch-wine-tastings,https://tabiji.ai/popular-picks/stellenbosch-wine-tastings/,stellenbosch wine tastings,0,Wine Tastings in Stellenbosch (2026),Stellenbosch,restaurants/food,topic,0
stockholm-fika-cafes,https://tabiji.ai/popular-picks/stockholm-fika-cafes/,stockholm fika cafes,0,12 Best Fika Cafés in Stockholm 2026,Stockholm,coffee/cafes,topic,0
sumida-river-izakayas,https://tabiji.ai/popular-picks/sumida-river-izakayas/,sumida river izakayas,0,12 Best Izakayas Near the Sumida River 2026,Sumida River Izakayas,bars/drinks,topic,0
suzhou-canal-restaurants,https://tabiji.ai/popular-picks/suzhou-canal-restaurants/,suzhou canal restaurants,0,Suzhou Canal-Side Restaurants (2026),Suzhou Canal Restaurants,restaurants/food,topic,0
swakopmund-seafood,https://tabiji.ai/popular-picks/swakopmund-seafood/,swakopmund seafood,0,Seafood in Swakopmund (2026),Swakopmund Seafood,restaurants/food,topic,0
sydney-food-markets,https://tabiji.ai/popular-picks/sydney-food-markets/,sydney food markets,0,Food Markets in Sydney (2026),Sydney Food Markets,shopping,topic,0
sydney-specialty-coffee,https://tabiji.ai/popular-picks/sydney-specialty-coffee/,sydney specialty coffee,0,Specialty Coffee Cafes in Sydney (2026),Sydney Specialty Coffee,coffee/cafes,topic,0
taipei-dim-sum,https://tabiji.ai/popular-picks/taipei-dim-sum/,taipei dim sum,0,15 Best Dim Sum in Taipei 2026,Taipei,restaurants/food,topic,0
taipei-tamsui-riverside-evening,https://tabiji.ai/popular-picks/taipei-tamsui-riverside-evening/,taipei tamsui riverside evening,0,Best Evening Activities Along Tamsui Riverside (2026),Taipei,restaurants/food,topic,0
tallinn-craft-beer,https://tabiji.ai/popular-picks/tallinn-craft-beer/,tallinn craft beer,0,Best Craft Beer in Tallinn (2026),Tallinn Craft Beer,bars/drinks,topic,0
tallinn-rooftop-bars,https://tabiji.ai/popular-picks/tallinn-rooftop-bars/,tallinn rooftop bars,0,10 Best Rooftop Bars in Tallinn (2026),Tallinn Rooftop Bars,rooftop bars,topic,0
tashkent-chorsu-bazaar-spices,https://tabiji.ai/popular-picks/tashkent-chorsu-bazaar-spices/,tashkent chorsu bazaar spices,0,Chorsu Bazaar Spices in Tashkent (2026),Tashkent Chorsu Bazaar Spices,restaurants/food,topic,0
tashkent-tandoor-non-bakery,https://tabiji.ai/popular-picks/tashkent-tandoor-non-bakery/,tashkent tandoor non bakery,0,Best Tandoor Non Bakeries in Tashkent (2026),Tashkent Tandoor Non Bakery,bakeries/desserts,topic,0
tayrona-beach-camping,https://tabiji.ai/popular-picks/tayrona-beach-camping/,tayrona beach camping,0,Beach Camping in Tayrona (2026),Tayrona,beach clubs,topic,0
tbilisi-khinkali,https://tabiji.ai/popular-picks/tbilisi-khinkali/,tbilisi khinkali,0,12 Best Khinkali in Tbilisi (2026),Tbilisi Khinkali,restaurants/food,topic,0
tbilisi-natural-wine-bars,https://tabiji.ai/popular-picks/tbilisi-natural-wine-bars/,tbilisi natural wine bars,0,Georgian Natural Wine Bars in Tbilisi (2026),Tbilisi Natural Wine Bars,wine bars,topic,0
tbilisi-rooftop-bars,https://tabiji.ai/popular-picks/tbilisi-rooftop-bars/,tbilisi rooftop bars,0,Rooftop Bars in Tbilisi (2026),Tbilisi Rooftop Bars,rooftop bars,topic,0
tbilisi-wine-bars,https://tabiji.ai/popular-picks/tbilisi-wine-bars/,tbilisi wine bars,0,11 Best Wine Bars in Tbilisi (2026),Tbilisi Wine Bars,wine bars,topic,0
tegallalang-rice-terrace-cafes,https://tabiji.ai/popular-picks/tegallalang-rice-terrace-cafes/,tegallalang rice terrace cafes,0,Rice Terrace Cafes in Tegallalang (2026),Bali,coffee/cafes,topic,0
tegucigalpa-baleadas,https://tabiji.ai/popular-picks/tegucigalpa-baleadas/,tegucigalpa baleadas,0,Honduras Baleadas in Tegucigalpa (2026),Tegucigalpa Baleadas,restaurants/food,topic,0
tehran-alborz-view-rooftop-cafes,https://tabiji.ai/popular-picks/tehran-alborz-view-rooftop-cafes/,tehran alborz view rooftop cafes,0,Alborz View Rooftop Cafes in Tehran (2026),Tehran Alborz View Rooftop Cafes,rooftop bars,topic,0
tehran-grand-bazaar-lunch,https://tabiji.ai/popular-picks/tehran-grand-bazaar-lunch/,tehran grand bazaar lunch,0,Best Lunch Spots in Tehran Grand Bazaar (2026),Tehran Grand Bazaar Lunch,restaurants/food,topic,0
tel-aviv-cheap-eats,https://tabiji.ai/popular-picks/tel-aviv-cheap-eats/,tel aviv cheap eats,0,11 Best Cheap Eats in Tel Aviv 2026,Tel Aviv,budget eats,topic,0
thessaloniki-coffee-culture,https://tabiji.ai/popular-picks/thessaloniki-coffee-culture/,thessaloniki coffee culture,0,Coffee Culture in Thessaloniki (2026),Thessaloniki Coffee Culture,coffee/cafes,topic,0
thessaloniki-wine-bars,https://tabiji.ai/popular-picks/thessaloniki-wine-bars/,thessaloniki wine bars,0,Wine Bars in Thessaloniki (2026),Thessaloniki Wine Bars,wine bars,topic,0
thimphu-ema-datshi-lunch,https://tabiji.ai/popular-picks/thimphu-ema-datshi-lunch/,thimphu ema datshi lunch,0,Eat Ema Datshi in Thimphu (2026),Thimphu Ema Datshi Lunch,restaurants/food,topic,0
tiong-bahru-kaya-toast,https://tabiji.ai/popular-picks/tiong-bahru-kaya-toast/,tiong bahru kaya toast,0,Kaya Toast in Tiong Bahru (2026),Singapore,restaurants/food,topic,0
tokyo-cheap-eats,https://tabiji.ai/popular-picks/tokyo-cheap-eats/,tokyo cheap eats,0,Cheap Eats in Tokyo (2026),Tokyo,budget eats,topic,0
tokyo-date-night-restaurants,https://tabiji.ai/popular-picks/tokyo-date-night-restaurants/,tokyo date night restaurants,0,Best Date Night Restaurants in Tokyo (2026),Tokyo,restaurants/food,topic,0
tokyo-dessert-cafes,https://tabiji.ai/popular-picks/tokyo-dessert-cafes/,tokyo dessert cafes,0,Best Dessert Cafes in Tokyo (2026),Tokyo,coffee/cafes,topic,0
tokyo-late-night-eats,https://tabiji.ai/popular-picks/tokyo-late-night-eats/,tokyo late night eats,0,Best Late Night Eats in Tokyo (2026),Tokyo,restaurants/food,topic,0
tokyo-morning-markets,https://tabiji.ai/popular-picks/tokyo-morning-markets/,tokyo morning markets,0,Morning Markets in Tokyo (2026),Tokyo,shopping,topic,0
tokyo-working-cafes,https://tabiji.ai/popular-picks/tokyo-working-cafes/,tokyo working cafes,0,Best Working Cafes in Tokyo (2026),Tokyo,coffee/cafes,topic,0
tongyeong-morning-fish-market,https://tabiji.ai/popular-picks/tongyeong-morning-fish-market/,tongyeong morning fish market,0,Morning Fish Market in Tongyeong (2026),Tongyeong Morning Fish Market,shopping,topic,0
trastevere-cheap-restaurants,https://tabiji.ai/popular-picks/trastevere-cheap-restaurants/,trastevere cheap restaurants,0,Cheap Restaurants in Trastevere (2026),Rome,budget eats,topic,0
tromso-arctic-cocktail-bars,https://tabiji.ai/popular-picks/tromso-arctic-cocktail-bars/,tromso arctic cocktail bars,0,Warm up with reindeer-infused cocktails and Arctic berries at Tromsos cozy winter bars. (2026),Tromso Arctic Cocktail Bars,bars/drinks,topic,0
trondheim-seafood,https://tabiji.ai/popular-picks/trondheim-seafood/,trondheim seafood,0,Seafood &amp; Norwegian Cuisine in Trondheim (2026),Trondheim Seafood,restaurants/food,topic,0
tsim-sha-tsui-rooftop-bars,https://tabiji.ai/popular-picks/tsim-sha-tsui-rooftop-bars/,tsim sha tsui rooftop bars,0,Rooftop Bars in Tsim Sha Tsui (2026),Hong Kong,rooftop bars,topic,0
turin-aperitivo-scene,https://tabiji.ai/popular-picks/turin-aperitivo-scene/,turin aperitivo scene,0,Best Aperitivo in Turin (2026),Turin Aperitivo Scene,bars/drinks,topic,0
ubud-coffee-shops,https://tabiji.ai/popular-picks/ubud-coffee-shops/,ubud coffee shops,0,Specialty Coffee &amp; Cafés in Ubud (2026),Bali,coffee/cafes,topic,0
ubud-warungs,https://tabiji.ai/popular-picks/ubud-warungs/,ubud warungs,0,Warungs in Ubud (2026),Bali,restaurants/food,topic,0
udaipur-kathputli-puppet-workshop,https://tabiji.ai/popular-picks/udaipur-kathputli-puppet-workshop/,udaipur kathputli puppet workshop,0,Kathputli Puppet Workshop in Udaipur (2026),Udaipur Kathputli Puppet Workshop,restaurants/food,topic,0
udaipur-lake-pichola-rooftop,https://tabiji.ai/popular-picks/udaipur-lake-pichola-rooftop/,udaipur lake pichola rooftop,0,Best Rooftop Restaurants at Lake Pichola (2026),Udaipur Lake Pichola Rooftop,rooftop bars,topic,0
uluwatu-cliff-bars,https://tabiji.ai/popular-picks/uluwatu-cliff-bars/,uluwatu cliff bars,0,12 Best Cliff Bars in Uluwatu 2026,Bali,restaurants/food,topic,0
uluwatu-surf-camps,https://tabiji.ai/popular-picks/uluwatu-surf-camps/,uluwatu surf camps,0,12 Best Surf Camps in Uluwatu 2026,Bali,outdoor/nature,topic,0
valletta-baroque-architecture-walk,https://tabiji.ai/popular-picks/valletta-baroque-architecture-walk/,valletta baroque architecture walk,0,Baroque Architecture Walk in Valletta (2026),Valletta Baroque Architecture Walk,restaurants/food,topic,0
vancouver-gyoza,https://tabiji.ai/popular-picks/vancouver-gyoza/,vancouver gyoza,0,Best Gyoza in Vancouver (2026),Vancouver Gyoza,restaurants/food,topic,0
vang-vieng-blue-lagoon-swim,https://tabiji.ai/popular-picks/vang-vieng-blue-lagoon-swim/,vang vieng blue lagoon swim,0,Blue Lagoon Swim in Vang Vieng (2026),Vang Vieng Blue Lagoon Swim,restaurants/food,topic,0
venice-bacaro-wine-bars,https://tabiji.ai/popular-picks/venice-bacaro-wine-bars/,venice bacaro wine bars,0,Best Bacaro Wine Bars in Venice (2026),Venice Bacaro Wine Bars,wine bars,topic,0
venice-gondola-making,https://tabiji.ai/popular-picks/venice-gondola-making/,venice gondola making,0,Traditional Gondola Boatyards in Venice (2026),Venice Gondola Making,restaurants/food,topic,0
vigan-calesa-cobblestone-ride,https://tabiji.ai/popular-picks/vigan-calesa-cobblestone-ride/,vigan calesa cobblestone ride,0,Calesa Cobblestone Ride in Vigan (2026),Vigan Calesa Cobblestone Ride,restaurants/food,topic,0
vilnius-uzupis-neighborhood,https://tabiji.ai/popular-picks/vilnius-uzupis-neighborhood/,vilnius uzupis neighborhood,0,Uzupis Neighborhood in Vilnius (2026),Vilnius Uzupis Neighborhood,restaurants/food,topic,0
volcanoes-np-gorilla-trekking-lodges,https://tabiji.ai/popular-picks/volcanoes-np-gorilla-trekking-lodges/,volcanoes np gorilla trekking lodges,0,Gorilla Trekking Lodges in Volcanoes Np (2026),Volcanoes Np Gorilla Trekking Lodges,restaurants/food,topic,0
wadi-rum-desert-camps,https://tabiji.ai/popular-picks/wadi-rum-desert-camps/,wadi rum desert camps,0,Desert Camps in Wadi Rum (2026),Wadi Rum,restaurants/food,topic,0
washington-dc-ethiopian-food,https://tabiji.ai/popular-picks/washington-dc-ethiopian-food/,washington dc ethiopian food,0,Washington DC's Ethiopian Restaurants (2026),Washington Dc Ethiopian Food,restaurants/food,topic,0
washington-dc-steak,https://tabiji.ai/popular-picks/washington-dc-steak/,washington dc steak,0,Best Steak in Washington DC (2026),Washington Dc Steak,restaurants/food,topic,0
woodstock-cape-town-craft-beer,https://tabiji.ai/popular-picks/woodstock-cape-town-craft-beer/,woodstock cape town craft beer,0,10 Best Craft Beer Spots in Woodstock &amp; Cape Town 2026,Cape Town,bars/drinks,topic,0
wroclaw-gnome-trail,https://tabiji.ai/popular-picks/wroclaw-gnome-trail/,wroclaw gnome trail,0,12 Best Pierogi in Wroclaw (2026),Wroclaw Gnome Trail,restaurants/food,topic,0
xiamen-gulangyu-cafes,https://tabiji.ai/popular-picks/xiamen-gulangyu-cafes/,xiamen gulangyu cafes,0,Cafes_Coffee Tokyo (2026),Xiamen Gulangyu Cafes,coffee/cafes,topic,0
xiamen-shacha-noodles,https://tabiji.ai/popular-picks/xiamen-shacha-noodles/,xiamen shacha noodles,0,Shacha Noodles in Xiamen (2026),Xiamen Shacha Noodles,noodles,topic,0
xian-biangbiang-noodles,https://tabiji.ai/popular-picks/xian-biangbiang-noodles/,xian biangbiang noodles,0,Biangbiang Noodles in Xi'an (2026),Xian Biangbiang Noodles,noodles,topic,0
xian-muslim-quarter-food,https://tabiji.ai/popular-picks/xian-muslim-quarter-food/,xian muslim quarter food,0,Xi'an Muslim Quarter Street Food (2026),Xian Muslim Quarter Food,restaurants/food,topic,0
yanaka-craft-shops,https://tabiji.ai/popular-picks/yanaka-craft-shops/,yanaka craft shops,0,10 Best Craft Shops in Yanaka (2026),Yanaka Craft Shops,restaurants/food,topic,0
yangon-tea-houses,https://tabiji.ai/popular-picks/yangon-tea-houses/,yangon tea houses,0,5 Best Tea Houses in Yangon 2026,Yangon,restaurants/food,topic,0
yeonnam-dong-coffee,https://tabiji.ai/popular-picks/yeonnam-dong-coffee/,yeonnam dong coffee,0,10 Best Coffee Shops in Yeonnam-dong 2026,Seoul,coffee/cafes,topic,0
yogyakarta-batik-making-class,https://tabiji.ai/popular-picks/yogyakarta-batik-making-class/,yogyakarta batik making class,0,Best Batik Making Classes in Yogyakarta (2026),Yogyakarta,restaurants/food,topic,0
yogyakarta-satay,https://tabiji.ai/popular-picks/yogyakarta-satay/,yogyakarta satay,0,13 Best Satay in Yogyakarta 2026,Yogyakarta,restaurants/food,topic,0
zagreb-craft-beer,https://tabiji.ai/popular-picks/zagreb-craft-beer/,zagreb craft beer,0,Best Craft Beer Bars in Zagreb (2026),Zagreb Craft Beer,bars/drinks,topic,0
zanzibar-spice-farm-tours,https://tabiji.ai/popular-picks/zanzibar-spice-farm-tours/,zanzibar spice farm tours,0,Spice Farm Tours in Zanzibar (2026),Zanzibar,restaurants/food,topic,0
zurich-brunch-spots,https://tabiji.ai/popular-picks/zurich-brunch-spots/,zurich brunch spots,0,Brunch Spots in Zurich (2026),Zurich Brunch Spots,restaurants/food,topic,0
